#pragma once

#define BGGAMESTATION_S_HEIGHT 135
#define BGGAMESTATION_S_WIDTH 240
#include <stdint.h>

static const uint16_t bggamestation_s[] = {
  0x20EA, 0x0007, 0x1068, 0x1068, 0x1068, 0x1068, 0x1068, 0x1068, 0x1068, 0x1868, 0x1068, 0x1068, 
  0x1068, 0x1069, 0x1069, 0x1068, 0x1068, 0x1068, 0x1068, 0x1869, 0x1069, 0x1068, 0x1068, 0x1068, 
  0x1869, 0x0867, 0x1068, 0x1869, 0x1069, 0x1869, 0x1068, 0x1069, 0x1069, 0x1069, 0x1069, 0x1869, 
  0x1068, 0x1069, 0x1069, 0x1068, 0x1069, 0x1069, 0x1869, 0x1868, 0x1869, 0x1067, 0x0866, 0x1869, 
  0x1869, 0x1869, 0x1069, 0x1069, 0x1069, 0x1069, 0x1869, 0x1869, 0x1869, 0x1068, 0x0867, 0x1869, 
  0x1069, 0x1869, 0x1069, 0x1869, 0x1067, 0x1068, 0x1869, 0x1869, 0x1869, 0x1069, 0x1869, 0x1068, 
  0x1068, 0x1869, 0x1869, 0x1069, 0x1068, 0x1869, 0x1869, 0x1869, 0x1869, 0x1869, 0x1869, 0x1068, 
  0x1068, 0x1068, 0x1869, 0x1869, 0x1848, 0x1069, 0x186A, 0x1068, 0x1067, 0x1869, 0x1869, 0x1869, 
  0x1069, 0x1069, 0x1069, 0x1069, 0x1869, 0x1869, 0x1067, 0x1068, 0x1869, 0x1869, 0x1869, 0x1869, 
  0x1868, 0x1069, 0x1869, 0x1869, 0x1869, 0x1869, 0x1869, 0x1869, 0x0867, 0x1068, 0x1869, 0x1869, 
  0x1869, 0x1069, 0x0867, 0x1068, 0x1869, 0x1869, 0x1869, 0x186A, 0x186A, 0x1068, 0x186A, 0x1068, 
  0x1069, 0x1869, 0x1869, 0x1068, 0x0866, 0x1869, 0x1869, 0x1869, 0x1069, 0x1068, 0x1869, 0x1869, 
  0x1068, 0x1067, 0x1869, 0x1869, 0x1869, 0x1069, 0x1869, 0x1869, 0x1869, 0x1869, 0x1869, 0x1068, 
  0x1068, 0x1068, 0x0867, 0x1869, 0x1067, 0x0867, 0x0866, 0x1068, 0x1069, 0x1868, 0x1068, 0x1868, 
  0x1869, 0x1869, 0x1868, 0x1069, 0x1869, 0x1869, 0x1069, 0x1869, 0x1869, 0x1869, 0x1869, 0x1869, 
  0x1869, 0x1889, 0x1869, 0x1868, 0x1869, 0x1869, 0x1869, 0x1068, 0x1869, 0x1869, 0x1067, 0x1067, 
  0x1869, 0x1869, 0x1069, 0x1069, 0x1869, 0x1869, 0x1068, 0x1068, 0x1869, 0x1869, 0x1869, 0x1869, 
  0x1869, 0x1048, 0x1048, 0x1869, 0x1869, 0x1868, 0x1869, 0x1069, 0x1869, 0x1869, 0x0867, 0x1067, 
  0x1869, 0x1869, 0x1069, 0x1869, 0x1068, 0x1069, 0x1068, 0x1068, 0x1068, 0x1068, 0x1868, 0x1869, 
  0x1868, 0x1068, 0x1068, 0x1068, 0x1869, 0x1868, 0x1069, 0x1069, 0x1869, 0x1069, 0x0006, 0x20C9, 
  0x1068, 0x0807, 0x0808, 0x0005, 0x0005, 0x0807, 0x0807, 0x0007, 0x0807, 0x0807, 0x0807, 0x0006, 
  0x0007, 0x0807, 0x0807, 0x0807, 0x0807, 0x1049, 0x0808, 0x0807, 0x0807, 0x0807, 0x0807, 0x0807, 
  0x0807, 0x1889, 0x1069, 0x0807, 0x0807, 0x0807, 0x0807, 0x0006, 0x0807, 0x0807, 0x0808, 0x0807, 
  0x0006, 0x0807, 0x0808, 0x0807, 0x0807, 0x0807, 0x0807, 0x0808, 0x0006, 0x386E, 0x4891, 0x0007, 
  0x0807, 0x0807, 0x0807, 0x0808, 0x0807, 0x0808, 0x0807, 0x0006, 0x0006, 0x200B, 0x302F, 0x0807, 
  0x0807, 0x0807, 0x0807, 0x0006, 0x616E, 0x48EC, 0x0006, 0x0807, 0x0807, 0x0807, 0x0006, 0x386B, 
  0x690F, 0x0007, 0x0807, 0x0808, 0x0828, 0x0807, 0x0807, 0x0807, 0x0808, 0x0807, 0x0807, 0x0807, 
  0x1808, 0x1007, 0x0807, 0x0807, 0x1049, 0x0828, 0x0807, 0x1008, 0x200D, 0x0808, 0x0807, 0x0807, 
  0x1027, 0x0807, 0x0807, 0x1008, 0x1007, 0x0006, 0x4A0D, 0x396B, 0x0006, 0x0807, 0x0808, 0x1008, 
  0x0007, 0x0007, 0x1008, 0x0808, 0x0808, 0x0808, 0x0007, 0x0807, 0x68F2, 0x388D, 0x0006, 0x1008, 
  0x0807, 0x1808, 0x688F, 0x302B, 0x0007, 0x0006, 0x0005, 0x080A, 0x202E, 0x202B, 0x0807, 0x102B, 
  0x0808, 0x0807, 0x0006, 0x284B, 0x58B1, 0x0807, 0x1007, 0x1807, 0x0807, 0x0807, 0x0807, 0x0807, 
  0x1829, 0x1829, 0x0807, 0x0808, 0x0006, 0x0807, 0x0808, 0x0808, 0x0007, 0x0007, 0x2008, 0x280C, 
  0x180B, 0x282C, 0x386F, 0x0004, 0x280E, 0x58B0, 0x91EF, 0x2829, 0x0006, 0x0806, 0x180B, 0x180A, 
  0x0807, 0x0807, 0x0808, 0x0007, 0x0007, 0x0808, 0x1008, 0x0807, 0x0007, 0x0007, 0x1007, 0x0807, 
  0x0006, 0x304F, 0x304F, 0x0005, 0x0807, 0x0807, 0x0807, 0x0807, 0x0807, 0x0006, 0x488F, 0x406E, 
  0x0006, 0x0808, 0x0807, 0x1008, 0x0807, 0x0807, 0x0006, 0x0008, 0x0808, 0x0807, 0x0807, 0x0807, 
  0x0807, 0x1849, 0x1828, 0x0007, 0x0808, 0x0807, 0x0808, 0x0807, 0x0807, 0x0005, 0x60AE, 0x70CF, 
  0x0006, 0x0807, 0x0807, 0x0807, 0x1808, 0x1008, 0x0007, 0x0807, 0x0807, 0x0807, 0x0807, 0x0807, 
  0x0808, 0x0807, 0x0807, 0x0807, 0x0808, 0x0006, 0x0006, 0x1008, 0x0806, 0x0005, 0x180D, 0x206C, 
  0x1068, 0x0807, 0x0006, 0x286B, 0x286B, 0x0006, 0x0807, 0x0807, 0x0807, 0x0807, 0x0807, 0x1868, 
  0x0828, 0x0007, 0x0807, 0x0006, 0x1049, 0x4AB8, 0x18AB, 0x0005, 0x0807, 0x0807, 0x0807, 0x0007, 
  0x0005, 0xDCD4, 0x9B90, 0x0004, 0x0807, 0x0807, 0x0807, 0x0808, 0x0807, 0x0807, 0x0807, 0x0005, 
  0x0006, 0x0006, 0x0808, 0x0807, 0x1808, 0x1008, 0x0807, 0x0807, 0x0005, 0x306D, 0x4891, 0x0006, 
  0x0807, 0x0808, 0x0006, 0x0806, 0x0807, 0x0807, 0x1008, 0x386C, 0x0806, 0x180A, 0x302E, 0x0007, 
  0x0807, 0x0807, 0x0807, 0x0006, 0x594D, 0x48EC, 0x0006, 0x0807, 0x0807, 0x0807, 0x0807, 0x284C, 
  0x306C, 0x0807, 0x0807, 0x0006, 0x5892, 0x304D, 0x0005, 0x0808, 0x0807, 0x0807, 0x0006, 0x2029, 
  0x8954, 0x202A, 0x0006, 0x0005, 0x4335, 0x31F0, 0x0004, 0x1009, 0x200D, 0x0808, 0x0007, 0x1026, 
  0x826A, 0x2087, 0x0007, 0x1008, 0x1008, 0x0807, 0x290A, 0x28AA, 0x0807, 0x1007, 0x1008, 0x0007, 
  0x510B, 0x30A9, 0x0006, 0x0807, 0x0807, 0x0807, 0x0807, 0x0807, 0x60D1, 0x306C, 0x0006, 0x1007, 
  0x0807, 0x1007, 0x7070, 0x302B, 0x0005, 0x212C, 0x18EA, 0x0005, 0x1809, 0x202B, 0x0005, 0x50B0, 
  0x408E, 0x0005, 0x0005, 0x284C, 0x58B2, 0x0807, 0x0806, 0x0807, 0x0807, 0x0807, 0x0807, 0x0004, 
  0x7953, 0x7132, 0x0004, 0x1008, 0x284D, 0x1009, 0x0007, 0x0007, 0x4108, 0x2887, 0x0006, 0x282C, 
  0x180A, 0x284C, 0x304F, 0x0005, 0x200C, 0x60F0, 0xD2D3, 0x282A, 0x0006, 0x0807, 0x100A, 0x180A, 
  0x0807, 0x0807, 0x0807, 0x0006, 0x0805, 0x0006, 0x0808, 0x0007, 0x512A, 0x38C9, 0x0007, 0x0807, 
  0x0807, 0x1829, 0x1809, 0x0807, 0x0807, 0x0006, 0x0006, 0x0807, 0x0807, 0x0006, 0x486F, 0x406D, 
  0x0005, 0x0807, 0x1008, 0x1008, 0x0808, 0x0003, 0x8B97, 0x7B16, 0x0004, 0x0807, 0x0807, 0x0807, 
  0x0005, 0x71D3, 0x6992, 0x0004, 0x0807, 0x0807, 0x0807, 0x0807, 0x0807, 0x0006, 0x58AE, 0x68CF, 
  0x0006, 0x0807, 0x0006, 0x0807, 0x0807, 0x0006, 0x0005, 0x0807, 0x0807, 0x0807, 0x0807, 0x0807, 
  0x0007, 0x0807, 0x0807, 0x0808, 0x0007, 0x2026, 0x1827, 0x0005, 0x18CB, 0x190C, 0x180C, 0x206C, 
  0x1068, 0x0007, 0x0004, 0x48D0, 0x40AF, 0x0004, 0x0807, 0x0807, 0x0007, 0x0007, 0x0006, 0x6B72, 
  0x292A, 0x0005, 0x0807, 0x0807, 0x0808, 0x106A, 0x0828, 0x0806, 0x0807, 0x0807, 0x0807, 0x0807, 
  0x0007, 0x50E8, 0x40A9, 0x0007, 0x0807, 0x0006, 0x200B, 0x5052, 0x0807, 0x0006, 0x0005, 0x8213, 
  0xFBDE, 0x48CD, 0x0005, 0x0807, 0x1008, 0x1008, 0x0007, 0x0807, 0x0808, 0x0006, 0x0004, 0x0808, 
  0x0807, 0x0005, 0x1888, 0x204A, 0x0007, 0x0006, 0x1829, 0x70B3, 0x1829, 0x0005, 0x0005, 0x0807, 
  0x0807, 0x0807, 0x0807, 0x0807, 0x0005, 0x0005, 0x0808, 0x0807, 0x0807, 0x0807, 0x0808, 0x080A, 
  0x0007, 0x0807, 0x0807, 0x0807, 0x1829, 0x1009, 0x0007, 0x0807, 0x0807, 0x0807, 0x0807, 0x0807, 
  0x1829, 0x0808, 0x0006, 0x0006, 0x08A9, 0x0848, 0x0006, 0x0006, 0x0005, 0x0006, 0x0007, 0x0806, 
  0x1867, 0x0806, 0x0006, 0x0006, 0x0007, 0x0007, 0x0006, 0x0006, 0x0007, 0x0007, 0x0807, 0x0006, 
  0x30C9, 0x1868, 0x0006, 0x0006, 0x0006, 0x0007, 0x0007, 0x0006, 0x0003, 0x0005, 0x0807, 0x0006, 
  0x0006, 0x0006, 0x0005, 0x0005, 0x0006, 0x196D, 0x190B, 0x0006, 0x0006, 0x0006, 0x0006, 0x386C, 
  0x386C, 0x0006, 0x0807, 0x0806, 0x0004, 0x0807, 0x0807, 0x0807, 0x0807, 0x0807, 0x0807, 0x0007, 
  0x1849, 0x1849, 0x0005, 0x0007, 0x50B4, 0x204B, 0x0006, 0x0007, 0x7A2B, 0x4928, 0x0007, 0x0006, 
  0x0007, 0x0006, 0x0005, 0x1008, 0x0006, 0x0006, 0x0007, 0x0006, 0x0807, 0x0807, 0x0006, 0x0806, 
  0x1007, 0x0807, 0x0005, 0x7BB2, 0xBDD9, 0x0007, 0x0006, 0x0007, 0x30C8, 0x2088, 0x0007, 0x0807, 
  0x0808, 0x0806, 0x0807, 0x0807, 0x0807, 0x202B, 0x282C, 0x0808, 0x0807, 0x0807, 0x0005, 0x0807, 
  0x180A, 0x0807, 0x1007, 0x0807, 0x0807, 0x0005, 0x5A51, 0x49EF, 0x0005, 0x0807, 0x1807, 0x0807, 
  0x0007, 0x1849, 0x1848, 0x0807, 0x0807, 0x0807, 0x0807, 0x0807, 0x0807, 0x0807, 0x0006, 0x0006, 
  0x0807, 0x1008, 0x180A, 0x0006, 0x1028, 0xBBDB, 0x8AB5, 0x0006, 0x0007, 0x0807, 0x0807, 0x0806, 
  0x0807, 0x0807, 0x0807, 0x0006, 0x4886, 0xFF79, 0xF575, 0x1802, 0x096E, 0x2A32, 0x0003, 0x1068, 
  0x1068, 0x0807, 0x0807, 0x0005, 0x0006, 0x0807, 0x0007, 0x0807, 0x0807, 0x0007, 0x0807, 0x1068, 
  0x0827, 0x0005, 0x0807, 0x0807, 0x0807, 0x0006, 0x0807, 0x0807, 0x0807, 0x0807, 0x0807, 0x0807, 
  0x0807, 0x0006, 0x0007, 0x0006, 0x0006, 0x0807, 0x1009, 0x182A, 0x0807, 0x0807, 0x0005, 0x69B1, 
  0xD31B, 0x38AC, 0x0005, 0x0807, 0x0807, 0x0007, 0x0807, 0x0807, 0x0807, 0x0807, 0x0807, 0x0807, 
  0x0005, 0x286A, 0xE4BC, 0x396D, 0x0004, 0x0007, 0x0007, 0x0006, 0x0007, 0x0007, 0x0007, 0x0007, 
  0x0007, 0x0007, 0x0007, 0x0007, 0x0007, 0x0007, 0x0007, 0x0007, 0x0007, 0x0007, 0x0007, 0x0006, 
  0x0007, 0x0007, 0x0007, 0x0007, 0x0006, 0x0007, 0x0007, 0x0007, 0x0007, 0x0007, 0x0007, 0x0007, 
  0x0006, 0x0007, 0x0006, 0x0006, 0x0004, 0x0004, 0x0005, 0x0006, 0x0005, 0x0005, 0x0005, 0x0005, 
  0x0005, 0x0005, 0x0006, 0x0005, 0x0006, 0x0005, 0x0005, 0x0005, 0x0005, 0x0005, 0x0006, 0x0006, 
  0x0004, 0x0005, 0x0005, 0x0005, 0x0005, 0x0005, 0x0005, 0x0005, 0x0005, 0x0005, 0x0006, 0x0006, 
  0x0005, 0x0006, 0x0006, 0x0005, 0x0006, 0x0005, 0x0006, 0x0007, 0x0007, 0x0007, 0x0007, 0x0005, 
  0x0005, 0x0007, 0x0007, 0x0007, 0x0807, 0x0807, 0x0807, 0x0807, 0x0807, 0x0006, 0x0807, 0x0808, 
  0x0006, 0x0006, 0x0006, 0x1807, 0x1807, 0x0806, 0x0008, 0x0007, 0x0007, 0x0007, 0x0006, 0x0006, 
  0x0007, 0x0006, 0x0807, 0x0807, 0x0807, 0x0808, 0x0007, 0x0807, 0x0807, 0x0807, 0x0807, 0x0807, 
  0x0807, 0x0807, 0x0005, 0x52B1, 0x8497, 0x0807, 0x0006, 0x0807, 0x0006, 0x0007, 0x0807, 0x0807, 
  0x0808, 0x0807, 0x0807, 0x0807, 0x0006, 0x6873, 0x4830, 0x0006, 0x0806, 0x0807, 0x0806, 0x180B, 
  0x200C, 0x0807, 0x0808, 0x0808, 0x0807, 0x0808, 0x0004, 0x0005, 0x0808, 0x0807, 0x0807, 0x0807, 
  0x0808, 0x0006, 0x0006, 0x0007, 0x0006, 0x0807, 0x282F, 0x100A, 0x0806, 0x0807, 0x0807, 0x0807, 
  0x0006, 0x100A, 0x304F, 0x0006, 0x1028, 0xE4FE, 0xA398, 0x0006, 0x0006, 0x0806, 0x0807, 0x3954, 
  0x186B, 0x0005, 0x0807, 0x0006, 0x6108, 0xFF36, 0xFD14, 0x3007, 0x0005, 0x0006, 0x0807, 0x1069, 
  0x1068, 0x0807, 0x0007, 0x0006, 0x0807, 0x0807, 0x0006, 0x0007, 0x0807, 0x0807, 0x0807, 0x0005, 
  0x0808, 0x280D, 0x0808, 0x0007, 0x0807, 0x0807, 0x0808, 0x0006, 0x0004, 0x0007, 0x0807, 0x0807, 
  0x0807, 0x0807, 0x0005, 0x31CD, 0x216C, 0x0006, 0x0007, 0x0006, 0x0807, 0x0807, 0x0807, 0x0005, 
  0x0004, 0x0006, 0x0808, 0x0808, 0x0807, 0x0005, 0x0807, 0x0807, 0x0807, 0x0807, 0x0807, 0x0807, 
  0x0006, 0x1809, 0xBB37, 0x312C, 0x0004, 0x0007, 0x0007, 0x0007, 0x0008, 0x0008, 0x0007, 0x0008, 
  0x0008, 0x0007, 0x0007, 0x0007, 0x0008, 0x0008, 0x0008, 0x0008, 0x0008, 0x0007, 0x0007, 0x0007, 
  0x0008, 0x0008, 0x0008, 0x0007, 0x0007, 0x0007, 0x0008, 0x0008, 0x0008, 0x0007, 0x0007, 0x0007, 
  0x0006, 0x002A, 0x0891, 0x004F, 0x000E, 0x000F, 0x000E, 0x002F, 0x0890, 0x0870, 0x000F, 0x000E, 
  0x000E, 0x000F, 0x0870, 0x0870, 0x0850, 0x000F, 0x000F, 0x000F, 0x000F, 0x000F, 0x000F, 0x000F, 
  0x000F, 0x000F, 0x000F, 0x000F, 0x000E, 0x0050, 0x086F, 0x0870, 0x0870, 0x0850, 0x000E, 0x000E, 
  0x000E, 0x000E, 0x002F, 0x1091, 0x086E, 0x0006, 0x0007, 0x0005, 0x0004, 0x0004, 0x0004, 0x0003, 
  0x0003, 0x0006, 0x0008, 0x0007, 0x0807, 0x1007, 0x0807, 0x0007, 0x0007, 0x200A, 0x1008, 0x0807, 
  0x0807, 0x0005, 0x5890, 0xB0D6, 0x480A, 0x0005, 0x0007, 0x0008, 0x0006, 0x0003, 0x0004, 0x0006, 
  0x0007, 0x0006, 0x0007, 0x0807, 0x0807, 0x0808, 0x0807, 0x0007, 0x0007, 0x0007, 0x0006, 0x0007, 
  0x0007, 0x0807, 0x0807, 0x0005, 0x0004, 0x1828, 0x1008, 0x0807, 0x0007, 0x0807, 0x1007, 0x0807, 
  0x0808, 0x0807, 0x0808, 0x0807, 0x0006, 0x1008, 0x1046, 0x516A, 0x1848, 0x0007, 0x0807, 0x0807, 
  0x0808, 0x0807, 0x0808, 0x0807, 0x0808, 0x0807, 0x0807, 0x0807, 0x1007, 0x0005, 0x0006, 0x0808, 
  0x0807, 0x0807, 0x0008, 0x2067, 0x69A6, 0x1827, 0x100B, 0x1008, 0x0807, 0x0807, 0x0807, 0x0807, 
  0x0808, 0x0807, 0x0807, 0x0808, 0x0005, 0x0806, 0x0806, 0x0007, 0x0807, 0x0807, 0x0807, 0x208D, 
  0x0829, 0x0806, 0x0807, 0x0807, 0x0007, 0x68C6, 0x4866, 0x0007, 0x0807, 0x0807, 0x0807, 0x1868, 
  0x1068, 0x0006, 0x0807, 0x0007, 0x0007, 0x0807, 0x0005, 0x0005, 0x0006, 0x180B, 0x180A, 0x0005, 
  0x0808, 0x282E, 0x1008, 0x0006, 0x0807, 0x0807, 0x0004, 0x2808, 0x580C, 0x0005, 0x0006, 0x0808, 
  0x0807, 0x0807, 0x0006, 0x214B, 0x192A, 0x0006, 0x0007, 0x0006, 0x0007, 0x0807, 0x0807, 0x0807, 
  0x0006, 0x0807, 0x0807, 0x0006, 0x1849, 0x9293, 0x2069, 0x0006, 0x0807, 0x0807, 0x0807, 0x0807, 
  0x0808, 0x0005, 0x1005, 0x0808, 0x0007, 0x0007, 0x0007, 0x1885, 0x3984, 0x3145, 0x3145, 0x3965, 
  0x0866, 0x0007, 0x0007, 0x1086, 0x3984, 0x3145, 0x3145, 0x3944, 0x2905, 0x0007, 0x0008, 0x0026, 
  0x3145, 0x3945, 0x3985, 0x1066, 0x0008, 0x0007, 0x20C6, 0x3965, 0x4185, 0x20E5, 0x0007, 0x0007, 
  0x0005, 0x0029, 0x0034, 0x2136, 0x4277, 0x3A17, 0x4A77, 0x2135, 0x0074, 0x0874, 0x31B6, 0x4A77, 
  0x4A77, 0x2976, 0x0054, 0x0875, 0x0013, 0x10B4, 0x4257, 0x4237, 0x3A17, 0x3A17, 0x3A37, 0x3A17, 
  0x4217, 0x3A38, 0x3A37, 0x4257, 0x4278, 0x0855, 0x0015, 0x10B5, 0x0895, 0x0013, 0x2976, 0x4256, 
  0x31F6, 0x52D7, 0x4256, 0x0077, 0x0872, 0x0005, 0x0006, 0x9C93, 0xC5D6, 0xACF5, 0xACF4, 0xA4B3, 
  0xACF4, 0x318B, 0x0005, 0x0007, 0x0807, 0x1007, 0x0807, 0x1007, 0x2827, 0x382A, 0x1008, 0x0007, 
  0x0807, 0x0005, 0x50D0, 0x58D0, 0x1005, 0x0807, 0x0007, 0x0005, 0x294A, 0xBD75, 0xB535, 0x20E9, 
  0x0005, 0x0007, 0x0006, 0x0807, 0x0807, 0x0807, 0x0808, 0x0005, 0x0002, 0x0004, 0x0007, 0x0006, 
  0x200A, 0x1009, 0x0007, 0x0006, 0x0807, 0x7091, 0x284A, 0x0006, 0x2007, 0x1008, 0x0007, 0x0807, 
  0x0807, 0x0807, 0x0807, 0x1008, 0x2009, 0x0004, 0x2888, 0xC330, 0x2089, 0x0007, 0x0808, 0x0807, 
  0x0006, 0x0004, 0x0007, 0x0808, 0x0807, 0x0808, 0x0808, 0x0807, 0x0006, 0x5B95, 0x31CE, 0x0005, 
  0x0807, 0x0807, 0x0008, 0x38A7, 0xCB27, 0x1867, 0x0006, 0x0807, 0x0808, 0x0807, 0x0004, 0x0004, 
  0x0006, 0x0807, 0x0807, 0x0807, 0x0807, 0x0006, 0x0007, 0x0807, 0x0807, 0x0006, 0x0807, 0x0006, 
  0x0807, 0x0807, 0x0005, 0x0806, 0x0807, 0x0006, 0x0006, 0x0807, 0x0807, 0x0807, 0x0807, 0x1068, 
  0x1068, 0x0007, 0x0006, 0x0807, 0x0006, 0x0006, 0x78AE, 0x588C, 0x0005, 0x0808, 0x0808, 0x0007, 
  0x0806, 0x0005, 0x0006, 0x0807, 0x0007, 0x0006, 0x1809, 0xC397, 0xFDBF, 0x5130, 0x0006, 0x0007, 
  0x0007, 0x0807, 0x0808, 0x0005, 0x0006, 0x0007, 0x58C7, 0xC228, 0x3867, 0x0008, 0x0807, 0x0808, 
  0x0807, 0x0005, 0x0006, 0x0007, 0x1828, 0x69D0, 0x1848, 0x0007, 0x0807, 0x0808, 0x0006, 0x0004, 
  0x0007, 0x1008, 0x0806, 0x0007, 0x0007, 0x0007, 0x0008, 0x83A3, 0xFFE0, 0xFEA0, 0xFEC0, 0xFFE0, 
  0x7323, 0x0009, 0x0008, 0x5A64, 0xFFA0, 0xFEA0, 0xFE80, 0xFEA0, 0xFEA0, 0xD540, 0x4185, 0x0007, 
  0xCD21, 0xFF60, 0xFFC0, 0x6AA4, 0x0008, 0x0008, 0xCD21, 0xFF80, 0xFFE0, 0x8BC3, 0x0008, 0x0007, 
  0x0005, 0x0007, 0x0011, 0xA559, 0xFFFE, 0xFFFC, 0xFFFE, 0x7396, 0x000F, 0x2953, 0xFFBD, 0xFFFD, 
  0xFFFE, 0xAD79, 0x0011, 0x0010, 0x4A35, 0xEF5C, 0xFFFD, 0xFFFC, 0xFFFB, 0xFFFC, 0xFFFC, 0xFFFC, 
  0xFFFC, 0xFFFC, 0xFFFC, 0xFFFC, 0xFFFE, 0x9CD9, 0x0010, 0x0031, 0x0010, 0x4A95, 0xFFFD, 0xFFFC, 
  0xFFFD, 0xFFFE, 0x5AF7, 0x0013, 0x0871, 0x0005, 0x0005, 0xDEFB, 0xFFFF, 0xFFFF, 0xFFFF, 0xFFFF, 
  0xFFFF, 0x62F0, 0x0003, 0x0007, 0x0007, 0x0007, 0x0007, 0x0807, 0x2808, 0x1006, 0x0007, 0x0007, 
  0x0007, 0x0007, 0x0005, 0x0005, 0x0007, 0x0007, 0x0007, 0x0004, 0x4A4D, 0xFFFF, 0xFFFF, 0x314B, 
  0x0003, 0x0007, 0x0007, 0x0007, 0x0007, 0x0007, 0x0006, 0x294A, 0x62CE, 0x294A, 0x0006, 0x0006, 
  0x0808, 0x0807, 0x0007, 0x0007, 0x0007, 0x0808, 0x0007, 0x0007, 0x1807, 0x0807, 0x0007, 0x0007, 
  0x0007, 0x0007, 0x0007, 0x0808, 0x2009, 0x0007, 0x0007, 0x0007, 0x0807, 0x0808, 0x0807, 0x0007, 
  0x286A, 0x7132, 0x284A, 0x0006, 0x0808, 0x0808, 0x0807, 0x0807, 0x0006, 0x3A90, 0x214B, 0x0006, 
  0x1008, 0x0807, 0x0808, 0x0007, 0x0007, 0x0807, 0x0807, 0x0807, 0x0806, 0x0004, 0x2132, 0x29B6, 
  0x0006, 0x0005, 0x0808, 0x0807, 0x0807, 0x0807, 0x0807, 0x0807, 0x1008, 0x282E, 0x1009, 0x0007, 
  0x0007, 0x1008, 0x9991, 0x286A, 0x0005, 0x0006, 0x0808, 0x0807, 0x0807, 0x0807, 0x0807, 0x1068, 
  0x1068, 0x0807, 0x0007, 0x0806, 0x0007, 0x0006, 0x586D, 0x486B, 0x0006, 0x0006, 0x0006, 0x0007, 
  0x0807, 0x0807, 0x0807, 0x0807, 0x0006, 0x0005, 0xBA35, 0xFFFF, 0xFFFF, 0xFD7F, 0x400B, 0x0005, 
  0x0807, 0x0807, 0x0807, 0x0807, 0x0807, 0x0007, 0x7908, 0xFAC8, 0x58A7, 0x0007, 0x0807, 0x0807, 
  0x0807, 0x386D, 0x182A, 0x0007, 0x0806, 0x0004, 0x0807, 0x0807, 0x0807, 0x0006, 0x306B, 0x60F1, 
  0x202A, 0x0006, 0x0807, 0x0007, 0x0007, 0x0007, 0x0007, 0xA461, 0xFFC0, 0xFE80, 0xFE60, 0xFFA0, 
  0x93E2, 0x0008, 0x0008, 0x5A65, 0xFF60, 0xFE60, 0xFEC0, 0xFFA0, 0xFEE0, 0xFF40, 0xFFC0, 0x2905, 
  0x7B62, 0xFFA0, 0xFF60, 0x8B82, 0x0008, 0x0007, 0xE600, 0xFF40, 0xFF20, 0x3984, 0x0008, 0x0006, 
  0x0006, 0x000E, 0x0012, 0xCE39, 0xFFFD, 0xFFDB, 0xFFFD, 0x9CD7, 0x000E, 0x39F3, 0xFFFD, 0xFFFC, 
  0xFFFD, 0xEF3B, 0x0012, 0x2973, 0xFFFD, 0xFFFD, 0xFFDC, 0xFFFC, 0xFFFD, 0xFFFC, 0xFFFC, 0xFFFD, 
  0xFFFC, 0xFFFD, 0xFFFC, 0xFFDB, 0xFFFC, 0xFFFE, 0x8417, 0x000D, 0x18D2, 0xF79D, 0xFFFD, 0xFFFC, 
  0xFFFE, 0x7BF8, 0x0011, 0x10B5, 0x0890, 0x0005, 0x0006, 0xDE99, 0xFFFE, 0xF75B, 0xD658, 0xDE78, 
  0xF75A, 0x4A2D, 0x0004, 0x0006, 0x0007, 0x0007, 0x0006, 0x0006, 0x0007, 0x0006, 0x0006, 0x0007, 
  0x0007, 0x0007, 0x0006, 0x0007, 0x0007, 0x0006, 0x0006, 0x0003, 0x4A2D, 0xFFFE, 0xFFDC, 0x294A, 
  0x0004, 0x0007, 0x0006, 0x0006, 0x0006, 0x0007, 0x0002, 0xA4F4, 0xFFFF, 0x9CF5, 0x0003, 0x0007, 
  0x0006, 0x0006, 0x0005, 0x0006, 0x0007, 0x0006, 0x0006, 0x0006, 0x0006, 0x0006, 0x0005, 0x0007, 
  0x0007, 0x0006, 0x0006, 0x0006, 0x0006, 0x0007, 0x0008, 0x0007, 0x0807, 0x0807, 0x0807, 0x0006, 
  0x9255, 0xFDDF, 0x8A34, 0x0005, 0x0807, 0x0006, 0x0807, 0x0808, 0x0808, 0x0004, 0x0005, 0x1809, 
  0x200A, 0x0807, 0x0807, 0x0807, 0x0008, 0x0807, 0x0807, 0x0807, 0x0006, 0x18D2, 0xD6DF, 0xFFFF, 
  0x6B9B, 0x000A, 0x0005, 0x0807, 0x0807, 0x0807, 0x0807, 0x0807, 0x0808, 0x200C, 0x0808, 0x0007, 
  0x0007, 0x1008, 0x792E, 0x2048, 0x0809, 0x200B, 0x0007, 0x0807, 0x0807, 0x0807, 0x0807, 0x1068, 
  0x1068, 0x0807, 0x0806, 0x0807, 0x0806, 0x0007, 0x0005, 0x0005, 0x0808, 0x0006, 0x0005, 0x0004, 
  0x0007, 0x0807, 0x0806, 0x0807, 0x0007, 0x0006, 0x2809, 0xE3F9, 0xFE1F, 0x6993, 0x0807, 0x0006, 
  0x0807, 0x0807, 0x0006, 0x0006, 0x0808, 0x0007, 0x0807, 0x1806, 0x0006, 0x0006, 0x0807, 0x0007, 
  0x0007, 0x70F4, 0x304C, 0x0005, 0x0807, 0x0808, 0x0807, 0x0807, 0x0807, 0x0004, 0x60F1, 0xF23F, 
  0x408D, 0x0005, 0x0807, 0x0008, 0x0007, 0x0008, 0x0866, 0xEE00, 0xFEC0, 0xFE80, 0xFE80, 0xFEE0, 
  0xDD80, 0x0007, 0x0009, 0x5A45, 0xFF40, 0xFEA0, 0xDD61, 0x8342, 0xDDE0, 0xFEC0, 0xFFA0, 0x9C62, 
  0x3985, 0xFEC0, 0xFF00, 0xCD21, 0x0008, 0x3165, 0xFEE0, 0xFF00, 0xEDC0, 0x1065, 0x0008, 0x0004, 
  0x002C, 0x0015, 0x2974, 0xF77B, 0xFFFB, 0xFF9C, 0xFFFD, 0xD69A, 0x000F, 0x6335, 0xFFFD, 0xFF9C, 
  0xFFFC, 0xFF9C, 0x0012, 0x7BF7, 0xFFFD, 0xFF9B, 0xFF9C, 0xDEBB, 0xD65A, 0xD67A, 0xD65A, 0xDE7A, 
  0xD67A, 0xCE3A, 0xDE9A, 0xFFFD, 0xFF9B, 0xFFDC, 0xFFFD, 0x5AD4, 0xA518, 0xFFFE, 0xFF7B, 0xFFFD, 
  0xC61A, 0x0012, 0x0053, 0x10D4, 0x0870, 0x0006, 0x0006, 0xDE98, 0xFFFF, 0xBDB7, 0x0005, 0x0006, 
  0x0007, 0x0007, 0x0007, 0x0006, 0x0005, 0x0004, 0x0007, 0x0005, 0x0003, 0x0005, 0x0007, 0x0005, 
  0x0006, 0x0006, 0x0006, 0x0006, 0x0007, 0x0006, 0x0006, 0x0003, 0x4A2D, 0xFFFF, 0xFFDC, 0x294A, 
  0x0002, 0x0004, 0x0007, 0x0007, 0x0004, 0x0005, 0x0003, 0xA4D3, 0xFFFF, 0x9CB3, 0x0002, 0x0006, 
  0x0004, 0x0006, 0x0007, 0x0006, 0x0004, 0x0007, 0x0007, 0x0006, 0x0004, 0x0005, 0x0007, 0x0006, 
  0x0004, 0x0006, 0x0007, 0x0006, 0x0004, 0x0006, 0x0007, 0x0007, 0x0807, 0x0808, 0x0808, 0x0007, 
  0x286B, 0x81B4, 0x286C, 0x0006, 0x0807, 0x2029, 0x1008, 0x0807, 0x0807, 0x0806, 0x0806, 0x0807, 
  0x0807, 0x0807, 0x0006, 0x0006, 0x0807, 0x0808, 0x0807, 0x0806, 0x0008, 0x3A1A, 0xFFBF, 0xFFFF, 
  0xA53F, 0x000E, 0x0004, 0x0807, 0x0807, 0x0807, 0x0007, 0x0807, 0x0807, 0x0006, 0x0807, 0x0007, 
  0x0007, 0x0807, 0x0005, 0x0005, 0x280D, 0x3830, 0x0006, 0x0807, 0x0006, 0x0006, 0x0807, 0x1068, 
  0x1068, 0x0807, 0x0807, 0x0005, 0x0005, 0x0807, 0x0807, 0x0807, 0x0006, 0x0804, 0xC9F0, 0x99AF, 
  0x0004, 0x0007, 0x0807, 0x0807, 0x0807, 0x0807, 0x0005, 0x380A, 0x600C, 0x0006, 0x0006, 0x0807, 
  0x0807, 0x0007, 0x282B, 0x202A, 0x0006, 0x0807, 0x0007, 0x0006, 0x1809, 0x202A, 0x0807, 0x0007, 
  0x0807, 0x0006, 0x0006, 0x0005, 0x180C, 0x200E, 0x0006, 0x0807, 0x0807, 0x0007, 0x0828, 0x306B, 
  0x0807, 0x0807, 0x0807, 0x0007, 0x0007, 0x0008, 0x18C6, 0xFE80, 0xFEC0, 0xF640, 0xF640, 0xFF00, 
  0xEE20, 0x0866, 0x0009, 0x5A45, 0xFF40, 0xFF40, 0xAC22, 0x000A, 0x3186, 0xFEC0, 0xFF00, 0xDD41, 
  0x41E5, 0xF640, 0xFEE0, 0xE5E1, 0x0007, 0x5264, 0xFF40, 0xFF40, 0xAC61, 0x0007, 0x0007, 0x0005, 
  0x084E, 0x0014, 0x52B6, 0xFFFD, 0xFF9B, 0xFF7B, 0xFFFC, 0xF77B, 0x0892, 0x9498, 0xFFFE, 0xFF9B, 
  0xFF9C, 0xFFFD, 0x4235, 0x6335, 0xFFFD, 0xFFFD, 0xC61A, 0x0012, 0x0011, 0x0011, 0x0010, 0x000F, 
  0x0011, 0x0011, 0x0010, 0xA559, 0xFFFD, 0xFF7B, 0xFFBB, 0xFFFD, 0xFFFC, 0xFF9B, 0xFFFC, 0xFFFD, 
  0x2954, 0x0011, 0x10D3, 0x10D4, 0x0890, 0x0006, 0x0006, 0xDE99, 0xFFFF, 0xB556, 0x0000, 0x0002, 
  0x0003, 0x0004, 0x6B50, 0xFFBC, 0xA4F4, 0xB556, 0xF73A, 0xCDF7, 0x6B50, 0xCE17, 0xFF7B, 0xB556, 
  0x0005, 0x8C12, 0xFFFD, 0x83B1, 0x0004, 0xAD15, 0xFFFD, 0x4A2D, 0x292A, 0xFFFF, 0xFFDC, 0x1067, 
  0x0826, 0xC5D8, 0xFFDC, 0xFF9B, 0xAD15, 0x0006, 0x7BB1, 0xFFFE, 0xFFBC, 0xFFFD, 0xBD96, 0x0005, 
  0x7370, 0xF71B, 0xFFFC, 0xF73A, 0x7B90, 0x0002, 0x5A8E, 0xFFBC, 0x8412, 0xACF5, 0xF73B, 0x18E9, 
  0x6B2F, 0xEF3B, 0xFFFC, 0xF71B, 0x7350, 0x0005, 0x0007, 0x0007, 0x0807, 0x1008, 0x0006, 0x0807, 
  0x0006, 0x0005, 0x0006, 0x0007, 0x2048, 0xF2D5, 0x712E, 0x0006, 0x0807, 0x180B, 0x100A, 0x0807, 
  0x0007, 0x0007, 0x608C, 0x606C, 0x0007, 0x0807, 0x0807, 0x0808, 0x0806, 0x0006, 0x5277, 0x7BDD, 
  0x000B, 0x0005, 0x0807, 0x0807, 0x0807, 0x0807, 0x0006, 0x0807, 0x0808, 0x0808, 0x0007, 0x0005, 
  0x0006, 0x0807, 0x0807, 0x0807, 0x0007, 0x0006, 0x0807, 0x0006, 0x1828, 0x1828, 0x0006, 0x1868, 
  0x1068, 0x0007, 0x0006, 0x304C, 0x384C, 0x0006, 0x0807, 0x0006, 0x5007, 0xFB94, 0xFFFF, 0xFFFF, 
  0xA94D, 0x0004, 0x0007, 0x0807, 0x0807, 0x0807, 0x0807, 0x0005, 0x0005, 0x0807, 0x0807, 0x0006, 
  0x0807, 0x0005, 0x58B1, 0x406E, 0x0005, 0x0807, 0x0007, 0x0006, 0x302C, 0x484F, 0x0006, 0x0807, 
  0x0807, 0x0006, 0x0007, 0x0007, 0x0808, 0x0809, 0x0807, 0x0807, 0x0807, 0x1007, 0x0006, 0x0005, 
  0x0807, 0x0807, 0x0807, 0x0007, 0x0008, 0x0008, 0x6AC5, 0xFF40, 0xFF00, 0xACA2, 0xB4C2, 0xFF20, 
  0xFEE0, 0x41C5, 0x0009, 0x5224, 0xFF40, 0xFF40, 0xB442, 0x0008, 0x0868, 0xF621, 0xFF20, 0xEE00, 
  0x20E6, 0xB4A2, 0xFF20, 0xFEC0, 0x1065, 0x5A03, 0xFF40, 0xFF20, 0x7B23, 0x0008, 0x0006, 0x0006, 
  0x0891, 0x0013, 0x9478, 0xFFFD, 0xFF9B, 0xFF9B, 0xFF9B, 0xFFFC, 0x94D9, 0xD63A, 0xFFFC, 0xFF9B, 
  0xFF7B, 0xFFFE, 0x6316, 0x5B15, 0xFFFE, 0xFFBB, 0xF71B, 0xAD38, 0xA4F8, 0xAD38, 0xB558, 0x6336, 
  0x0010, 0x0010, 0x0011, 0x0010, 0xCE9A, 0xFFFD, 0xFF7B, 0xFFBC, 0xFFBB, 0xFFBB, 0xFFFE, 0x6B57, 
  0x0012, 0x08B3, 0x0893, 0x10B4, 0x0870, 0x0005, 0x0006, 0xDE99, 0xFFFF, 0xD638, 0x41ED, 0x528E, 
  0x41CC, 0x0002, 0x8C33, 0xFFFF, 0xFFFE, 0xFFFD, 0xFFFD, 0xFFFF, 0xFFFF, 0xFFFD, 0xFFFE, 0xFFFF, 
  0x18C8, 0x9CD5, 0xFFFF, 0xA4F5, 0x0003, 0xD6BA, 0xFFFF, 0x6B50, 0x20C9, 0xFFFF, 0xFF5B, 0x18A8, 
  0xB597, 0xFFFF, 0xEF1B, 0xEF1A, 0xFFFF, 0x83D3, 0x62CF, 0xFFFD, 0xFFDC, 0xFFFD, 0x9C94, 0x4A4D, 
  0xFFFF, 0xFFFE, 0xCDF7, 0xF7BD, 0xFFFF, 0x316A, 0x528E, 0xFFFF, 0xFFFE, 0xFFFF, 0xE73D, 0x83F3, 
  0xFFFF, 0xFFDE, 0xD658, 0xFFFF, 0xFFFF, 0x4A6D, 0x0003, 0x0007, 0x0807, 0x0807, 0x282B, 0x182A, 
  0x0007, 0x0807, 0x0807, 0x0807, 0x1007, 0x50EB, 0x2869, 0x0007, 0x0807, 0x282F, 0x202C, 0x0006, 
  0x0007, 0x0007, 0xC992, 0xC953, 0x0007, 0x0007, 0x0807, 0x0808, 0x0007, 0x0003, 0x0007, 0x0009, 
  0x0005, 0x0808, 0x0807, 0x0807, 0x0806, 0x0808, 0x282E, 0x1009, 0x0807, 0x0006, 0x0005, 0xA8D1, 
  0x788D, 0x0004, 0x0007, 0x0807, 0x0807, 0x0807, 0x0006, 0x0807, 0xE238, 0xEA79, 0x0807, 0x0867, 
  0x1068, 0x0007, 0x0005, 0x506F, 0x506F, 0x0005, 0x0007, 0x0006, 0x5807, 0xFC17, 0xFFFF, 0xFFBF, 
  0xA92D, 0x0004, 0x0007, 0x0807, 0x0806, 0x0005, 0x0807, 0x0807, 0x0807, 0x0006, 0x0809, 0x180C, 
  0x0006, 0x0004, 0x0006, 0x0007, 0x0808, 0x0006, 0x0006, 0x0807, 0x0007, 0x0007, 0x0807, 0x0807, 
  0x0807, 0x0807, 0x0807, 0x0005, 0x0004, 0x0007, 0x0807, 0x0807, 0x1008, 0x0806, 0x0807, 0x0807, 
  0x0807, 0x0807, 0x0807, 0x0008, 0x0007, 0x0008, 0x8BC4, 0xFF80, 0xFF60, 0x6B03, 0x6AE4, 0xFF40, 
  0xFF60, 0x6AE4, 0x0009, 0x5A25, 0xFF20, 0xFF60, 0xAC42, 0x0008, 0x0867, 0xF641, 0xFF20, 0xFE40, 
  0x0008, 0x8B84, 0xFF60, 0xFF20, 0x8363, 0xAC22, 0xFEE0, 0xFEE0, 0x3185, 0x0008, 0x0006, 0x0007, 
  0x0872, 0x0013, 0xAD5A, 0xFFFD, 0xFF9B, 0xFF7B, 0xFF9B, 0xFF9B, 0xFFBB, 0xFFBB, 0xFF7B, 0xFF9B, 
  0xFF9B, 0xFFFC, 0xB599, 0x39D3, 0xFFDC, 0xFFFC, 0xFFBB, 0xFFFC, 0xFFFD, 0xFFFD, 0xFFFD, 0xFFFF, 
  0xB579, 0x0011, 0x0032, 0x0010, 0x1091, 0xE6BB, 0xFFFC, 0xFF9B, 0xFF9B, 0xFFFD, 0x9478, 0x0011, 
  0x0872, 0x08B3, 0x10B3, 0x10D4, 0x0890, 0x0006, 0x0006, 0xDE79, 0xFFFE, 0xFF9D, 0xFFFF, 0xFFFF, 
  0xD69B, 0x0001, 0x7B91, 0xFFFF, 0xD618, 0x0007, 0xC5B7, 0xFFFF, 0x8C13, 0x0028, 0xFF7D, 0xFFFF, 
  0x18A9, 0x9C73, 0xFFFF, 0x9C94, 0x0004, 0xD619, 0xFFFF, 0x62CF, 0x20E9, 0xFFFF, 0xFF1C, 0x292B, 
  0xCDF8, 0xFFFE, 0x20C7, 0x420C, 0xFFFF, 0xC5F8, 0x0000, 0x9C73, 0xFFFF, 0x9C94, 0x0000, 0x7391, 
  0xFFFF, 0xCDD8, 0x0003, 0xBD56, 0xFFFF, 0x630F, 0x4A0D, 0xFFFF, 0xFFFD, 0xA4F5, 0x0007, 0x6B51, 
  0xFFFF, 0xDE7A, 0x0002, 0x8C11, 0xFFFF, 0x5AEF, 0x0003, 0x0007, 0x0807, 0x0007, 0x302D, 0x282C, 
  0x0006, 0x0808, 0x0808, 0x0807, 0x0807, 0x0006, 0x0007, 0x0808, 0x0808, 0x0807, 0x0007, 0x0807, 
  0x0807, 0x0007, 0x2049, 0x2849, 0x0007, 0x0807, 0x0807, 0x0007, 0x1009, 0x282D, 0x0806, 0x0805, 
  0x0808, 0x0807, 0x0808, 0x0807, 0x0007, 0x0808, 0x200D, 0x0809, 0x0006, 0x3008, 0xCA32, 0xFF9F, 
  0xFEFE, 0x810D, 0x0006, 0x0007, 0x0807, 0x0005, 0x0006, 0x0006, 0x9993, 0xA9D4, 0x0007, 0x0868, 
  0x1068, 0x0807, 0x0807, 0x0006, 0x0006, 0x0807, 0x0807, 0x0807, 0x0006, 0x1007, 0xC1CF, 0x914C, 
  0x0005, 0x0007, 0x0807, 0x0807, 0x0807, 0x1809, 0x0807, 0x0807, 0x0807, 0x0806, 0x0808, 0x080A, 
  0x1829, 0x6092, 0x1008, 0x0006, 0x0006, 0x0807, 0x0807, 0x0006, 0x0807, 0x0806, 0x0807, 0x0807, 
  0x0807, 0x0007, 0x0006, 0x690F, 0x7931, 0x0806, 0x0006, 0x0807, 0x0006, 0x180C, 0x280D, 0x0006, 
  0x0808, 0x2009, 0x1008, 0x0007, 0x0007, 0x0006, 0xC501, 0xFF20, 0xFF20, 0x2927, 0x3147, 0xFF20, 
  0xFF20, 0xAC22, 0x0009, 0x4A05, 0xFF20, 0xFF60, 0xB443, 0x0009, 0x0867, 0xF620, 0xFF20, 0xFE60, 
  0x0007, 0x3985, 0xFF00, 0xFEE0, 0xB4E2, 0xCD41, 0xFF00, 0xEDA1, 0x0846, 0x0007, 0x0005, 0x002A, 
  0x0013, 0x1913, 0xEF3B, 0xFFFB, 0xFF7B, 0xFFDC, 0xFF9B, 0xFF7B, 0xFFDC, 0xFF9B, 0xFF7B, 0xFFDC, 
  0xFFBC, 0xFFFC, 0xEF1C, 0x0011, 0x4A54, 0xFFFC, 0xFFFE, 0xFFFE, 0xFFFD, 0xFFFE, 0xFFBC, 0xFFBB, 
  0xFFFE, 0x4A96, 0x0010, 0x0011, 0x0010, 0xD65A, 0xFFFC, 0xFF9B, 0xFF9B, 0xFFFD, 0x8418, 0x0010, 
  0x0873, 0x0893, 0x1093, 0x08B4, 0x0870, 0x0006, 0x0007, 0xD67A, 0xFFFF, 0xFF3C, 0xF75C, 0xFFFF, 
  0xCDF9, 0x0002, 0x7371, 0xFFFF, 0xC5D8, 0x0004, 0xBD97, 0xFFFF, 0x630F, 0x0004, 0xFF7E, 0xFFFF, 
  0x10A8, 0x9454, 0xFFFF, 0x9C94, 0x0004, 0xD619, 0xFFFF, 0x62CF, 0x20E9, 0xFFFF, 0xFFBD, 0x292B, 
  0x0003, 0x0004, 0x39CD, 0xDEBA, 0xFFFF, 0xBD77, 0x0002, 0x9474, 0xFFFF, 0x9CB4, 0x0000, 0x7331, 
  0xFFFF, 0xC5B9, 0x0005, 0xBD77, 0xFFFF, 0x528E, 0x420C, 0xFFFF, 0xD63A, 0x0004, 0x0000, 0x5ACF, 
  0xFFFF, 0xFFFF, 0x94B5, 0x0007, 0x0003, 0x0007, 0x0007, 0x0007, 0x0807, 0x0807, 0x0007, 0x0007, 
  0x0807, 0x0005, 0x0807, 0x0808, 0x0807, 0x0807, 0x0807, 0x0808, 0x0006, 0x0005, 0x0807, 0x0808, 
  0x0807, 0x0808, 0x0006, 0x0006, 0x0807, 0x0807, 0x0807, 0x0006, 0x1009, 0x300F, 0x0808, 0x0807, 
  0x0807, 0x0808, 0x0807, 0x0807, 0x0005, 0x0807, 0x0005, 0x0007, 0x0006, 0x700A, 0xFD3A, 0xFFFF, 
  0xFFFF, 0xDB36, 0x1005, 0x0006, 0x0006, 0x282C, 0x180A, 0x0006, 0x0005, 0x0005, 0x0807, 0x1869, 
  0x1068, 0x0807, 0x0807, 0x0807, 0x0807, 0x0006, 0x0006, 0x0807, 0x0807, 0x0007, 0x0004, 0x0005, 
  0x0007, 0x0807, 0x0807, 0x0005, 0x1009, 0x78D5, 0x182A, 0x0006, 0x0807, 0x0807, 0x0807, 0x0005, 
  0x1009, 0x5891, 0x1008, 0x0004, 0x2849, 0xFABA, 0xA1B3, 0x0005, 0x0006, 0x0807, 0x0807, 0x0807, 
  0x0806, 0x0006, 0x0006, 0xD219, 0xDA1A, 0x0807, 0x0006, 0x0807, 0x0005, 0x0808, 0x180B, 0x0006, 
  0x0807, 0x1809, 0x0808, 0x0006, 0x0008, 0x10A6, 0xF640, 0xFF00, 0xFE80, 0x3185, 0x5A65, 0xFEE0, 
  0xFEE0, 0xDDA1, 0x0008, 0x41E6, 0xFF40, 0xFF40, 0xAC62, 0x0009, 0x0868, 0xF621, 0xFF00, 0xFE80, 
  0x0027, 0x10A6, 0xFEE0, 0xFE60, 0xFE60, 0xFE20, 0xFF40, 0xAC82, 0x0008, 0x0007, 0x0005, 0x002B, 
  0x0013, 0x39F4, 0xFFFC, 0xFFDB, 0xFF7B, 0xD69A, 0xF79B, 0xFF9B, 0xFF9B, 0xFF9B, 0xFFDB, 0xDE9A, 
  0xF75B, 0xFFDB, 0xFFFD, 0x5254, 0x000E, 0x18F3, 0x73F6, 0x8417, 0x7396, 0x7BF6, 0xE6FB, 0xFFFC, 
  0xFFFE, 0x9498, 0x000F, 0x0010, 0xBDDA, 0xFFFD, 0xFF7B, 0xFFBB, 0xFFBB, 0xFFBC, 0xFFFD, 0x6316, 
  0x0011, 0x08B3, 0x08B3, 0x10B4, 0x0870, 0x0006, 0x0007, 0xC67A, 0xFFFF, 0xA598, 0x0008, 0x10A9, 
  0x108A, 0x0003, 0x73D2, 0xFFFF, 0xB5D9, 0x0005, 0xA577, 0xFFFF, 0x6331, 0x0006, 0xEF5D, 0xFFFF, 
  0x10C9, 0x8C54, 0xFFFF, 0x8C94, 0x0004, 0xBE19, 0xFFFF, 0x52AF, 0x20EA, 0xFFFF, 0xEF9E, 0x18A8, 
  0x0003, 0x94F6, 0xFFFF, 0xFFFF, 0xFFFF, 0xA577, 0x0001, 0x8474, 0xFFFF, 0x8CB5, 0x0000, 0x6331, 
  0xFFFF, 0xB5D9, 0x0005, 0xA577, 0xFFFF, 0x528E, 0x3A0D, 0xFFFF, 0xB5F9, 0x0006, 0x0006, 0x0005, 
  0x7C34, 0xFFFF, 0xFFFF, 0xD6FD, 0x318B, 0x0003, 0x0007, 0x0007, 0x0807, 0x0807, 0x0807, 0x0007, 
  0x1868, 0x82EF, 0x2088, 0x0007, 0x0807, 0x0808, 0x0807, 0x0006, 0x282C, 0x484F, 0x0007, 0x0807, 
  0x0807, 0x0807, 0x0807, 0x0807, 0x0807, 0x0807, 0x0007, 0x2827, 0x1007, 0x0006, 0x0807, 0x0006, 
  0x0007, 0x0808, 0x0006, 0x182A, 0x382E, 0x0808, 0x0807, 0x0807, 0x0807, 0x0007, 0x300A, 0xFCD9, 
  0xDB55, 0x0807, 0x0006, 0x0807, 0x0007, 0x200C, 0x100A, 0x0006, 0x0007, 0x1806, 0x1007, 0x1869, 
  0x1068, 0x0007, 0x0806, 0x0807, 0x0006, 0x59EB, 0x620C, 0x0006, 0x0807, 0x0807, 0x0006, 0x0007, 
  0x0007, 0x0807, 0x0807, 0x0007, 0x0807, 0x1829, 0x0807, 0x0807, 0x0807, 0x0807, 0x0005, 0x0005, 
  0x0006, 0x0004, 0x0007, 0x0006, 0x2849, 0xDA57, 0x8971, 0x0006, 0x0006, 0x0807, 0x0007, 0x0807, 
  0x0807, 0x0807, 0x0006, 0x1829, 0x1829, 0x0006, 0x0007, 0x0007, 0xA2AA, 0x6187, 0x0005, 0x0807, 
  0x0807, 0x0807, 0x0007, 0x0007, 0x0008, 0x41A5, 0xFEE0, 0xFE80, 0xFE40, 0xFEC0, 0xFEA0, 0xFE20, 
  0xFE80, 0xFE20, 0x0007, 0x39A6, 0xFF20, 0xFF40, 0xAC23, 0x000B, 0x3166, 0xFEA0, 0xFEE0, 0xFE80, 
  0x18A6, 0x0008, 0xDD61, 0xFEE0, 0xFE40, 0xFE40, 0xFF40, 0x7B23, 0x0008, 0x0007, 0x0005, 0x086E, 
  0x0013, 0x83F7, 0xFFFD, 0xFFBB, 0xFF7C, 0x7BB7, 0xE6DB, 0xFFDC, 0xFF9C, 0xFFBB, 0xFFFD, 0x73B6, 
  0xBDB9, 0xFFFC, 0xFFFD, 0x7BB6, 0x0010, 0x0011, 0x000F, 0x000F, 0x000F, 0x000E, 0xC5D9, 0xFFFD, 
  0xFFFE, 0x9CD8, 0x000D, 0x73F7, 0xFFFE, 0xFF9B, 0xFF9B, 0xFFFC, 0xFFDC, 0xFF9B, 0xFFFC, 0xFFFD, 
  0x2994, 0x0010, 0x10B3, 0x10B4, 0x0891, 0x0006, 0x0006, 0xA65A, 0xEFFF, 0x8516, 0x0001, 0x0002, 
  0x0003, 0x0003, 0x6BD4, 0xF7FF, 0x95B9, 0x0005, 0x8D78, 0xEFFF, 0x5331, 0x0006, 0xCF5D, 0xDFFF, 
  0x10A8, 0x7433, 0xFFFF, 0x7474, 0x0003, 0xA5F9, 0xFFFF, 0x4AAE, 0x18E9, 0xE7FF, 0xBEFC, 0x18EA, 
  0x9D98, 0xFFFF, 0x8CD6, 0x6372, 0xEFFF, 0x9558, 0x0001, 0x7454, 0xFFFF, 0x7495, 0x0000, 0x5311, 
  0xF7FF, 0x95B9, 0x0004, 0x8D37, 0xF7FF, 0x428E, 0x320C, 0xF7FF, 0x9DF9, 0x0006, 0x0007, 0x0005, 
  0x0002, 0x294B, 0xAE3A, 0xFFFF, 0xEFFF, 0x31CC, 0x0003, 0x0007, 0x0807, 0x0807, 0x0808, 0x0007, 
  0x1868, 0x9330, 0x208A, 0x0007, 0x0007, 0x0807, 0x0807, 0x0006, 0x302D, 0x486F, 0x0005, 0x0007, 
  0x0808, 0x0807, 0x0807, 0x0807, 0x0807, 0x0006, 0x3088, 0xFCD4, 0x820E, 0x0005, 0x0007, 0x282E, 
  0x180A, 0x0006, 0x0006, 0x180A, 0x4030, 0x0807, 0x0807, 0x0807, 0x0808, 0x0007, 0x0003, 0x4007, 
  0x3007, 0x0006, 0x0807, 0x0807, 0x0808, 0x0005, 0x0005, 0x0808, 0x0007, 0x2007, 0x1008, 0x1069, 
  0x1048, 0x0007, 0x0007, 0x0807, 0x0006, 0x20A7, 0x20E8, 0x0007, 0x0807, 0x0807, 0x0007, 0x0007, 
  0x0004, 0x0006, 0x0807, 0x0807, 0x0807, 0x0006, 0x0005, 0x0007, 0x0007, 0x0006, 0x58AE, 0x6090, 
  0x0007, 0x0007, 0x0807, 0x0807, 0x0006, 0x0005, 0x0005, 0x0807, 0x0007, 0x0007, 0x0808, 0x0006, 
  0x0005, 0x0808, 0x0807, 0x0006, 0x0005, 0x0807, 0x0007, 0x0007, 0xA2AA, 0x6188, 0x0006, 0x0808, 
  0x0808, 0x0807, 0x0007, 0x0007, 0x0008, 0x7B44, 0xFFA0, 0xFE20, 0xFEC0, 0xFF60, 0xFF40, 0xFE80, 
  0xFE20, 0xFF40, 0x2926, 0x2926, 0xFF20, 0xFEE0, 0xC4E2, 0x41C5, 0xD5A0, 0xFF00, 0xFF60, 0xCDA1, 
  0x0007, 0x0008, 0xB4E2, 0xFF60, 0xFE20, 0xFE40, 0xFF00, 0x39A4, 0x0008, 0x0006, 0x0007, 0x0892, 
  0x0013, 0xAD58, 0xFFFD, 0xFFFD, 0xCE5A, 0x0012, 0xBDDB, 0xFFFD, 0xFF7B, 0xFFFC, 0xF77B, 0x0032, 
  0x8C78, 0xFFFD, 0xFFBB, 0xF75B, 0xE6BA, 0xE6BA, 0xE6BA, 0xE6BA, 0xDE9A, 0xEEFA, 0xFF9C, 0xFF9B, 
  0xFFFE, 0x6336, 0x0031, 0xFFFD, 0xFFFC, 0xFFBB, 0xFFFD, 0x6336, 0xA539, 0xFFFE, 0xFF7B, 0xFFFE, 
  0xD6BB, 0x0011, 0x0012, 0x10B5, 0x0890, 0x0005, 0x0007, 0x8E3B, 0xCFFF, 0x8579, 0x0847, 0x10A9, 
  0x18EA, 0x0003, 0x5393, 0xCFFF, 0x7D99, 0x0005, 0x7D58, 0xD7FF, 0x4B31, 0x0005, 0xAF1D, 0xBFBF, 
  0x10C9, 0x6C34, 0xDFFF, 0x6433, 0x0001, 0x95FA, 0xDFFF, 0x42B0, 0x18E9, 0xC7FF, 0x969C, 0x3A8F, 
  0xAF3E, 0xAF5F, 0x0001, 0x29E9, 0xD7FF, 0x7D58, 0x0001, 0x6454, 0xDFFF, 0x6453, 0x0000, 0x4B52, 
  0xCFFF, 0x8559, 0x0000, 0x74D6, 0xD7FF, 0x42EF, 0x2A0D, 0xC7FF, 0x7DDA, 0x0006, 0x0003, 0x4B72, 
  0xB7BF, 0x5390, 0x0000, 0x859A, 0xE7FF, 0x5351, 0x0002, 0x0007, 0x0007, 0x0807, 0x0807, 0x1008, 
  0x0808, 0x0005, 0x0807, 0x0808, 0x20AA, 0x0808, 0x0808, 0x0808, 0x0005, 0x1827, 0x88F0, 0x1829, 
  0x0007, 0x0007, 0x0007, 0x0006, 0x0006, 0x0007, 0x1828, 0x7A2D, 0x38EA, 0x0006, 0x0006, 0x3810, 
  0x200B, 0x0006, 0x0007, 0x0005, 0x0005, 0x0808, 0x0807, 0x0807, 0x0007, 0x1008, 0x3030, 0x0008, 
  0x0006, 0x0808, 0x0807, 0x0808, 0x0007, 0x1849, 0x1028, 0x0008, 0x1009, 0x0006, 0x0006, 0x1869, 
  0x1068, 0x0007, 0x0007, 0x0007, 0x0005, 0x0005, 0x0005, 0x0807, 0x0807, 0x0807, 0x0006, 0x1008, 
  0x5091, 0x1829, 0x0005, 0x0807, 0x0007, 0x0007, 0x210A, 0x1069, 0x0005, 0x0006, 0xA956, 0xB957, 
  0x0807, 0x0006, 0x0807, 0x0807, 0x0807, 0x0007, 0x0007, 0x0007, 0x0006, 0x0006, 0x0005, 0x200C, 
  0x280E, 0x0006, 0x0807, 0x0807, 0x0807, 0x0808, 0x0004, 0x0006, 0x0007, 0x0004, 0x0004, 0x280F, 
  0x200D, 0x0006, 0x0007, 0x0007, 0x0008, 0xAC62, 0xFF60, 0xFF40, 0xB482, 0x2926, 0x3965, 0xC501, 
  0xFF00, 0xFF40, 0x5A24, 0x3166, 0xFF40, 0xFE40, 0xFE80, 0xFF80, 0xFEE0, 0xFEA0, 0xFFE0, 0x8384, 
  0x0008, 0x0008, 0x7B63, 0xFF60, 0xFE40, 0xFEC0, 0xFE40, 0x18C6, 0x0009, 0x0006, 0x0029, 0x0012, 
  0x08B3, 0xE71B, 0xFFFD, 0xFFFD, 0xB57A, 0x000E, 0x8437, 0xFFFD, 0xFFBB, 0xFFFD, 0xBDF9, 0x0010, 
  0x7BF7, 0xFFFD, 0xFFBB, 0xFFDC, 0xFFFC, 0xFFFC, 0xFFFC, 0xFFFC, 0xFFFC, 0xFFFC, 0xFFDB, 0xFFFD, 
  0xF77C, 0x18F1, 0xAD79, 0xFFFD, 0xFFDB, 0xFFFE, 0xA4DA, 0x000F, 0x10B2, 0xEF5C, 0xFFFD, 0xFFDB, 
  0xFFFE, 0x8C39, 0x0011, 0x08B4, 0x0891, 0x0005, 0x0006, 0x7E3B, 0x9FDF, 0x971E, 0x971E, 0x971E, 
  0xA7FF, 0x194B, 0x3A8F, 0xAFFF, 0x6579, 0x0005, 0x6538, 0xAFFF, 0x3B11, 0x0005, 0x971F, 0x97BF, 
  0x0889, 0x6496, 0xB7FF, 0x6D79, 0x5CB7, 0x9F3F, 0xAFFF, 0x3AD0, 0x10CA, 0x9FFF, 0x7E5D, 0x326E, 
  0x96FD, 0x8F3F, 0x3B73, 0x6D9A, 0xAFFF, 0x6539, 0x0000, 0x64B6, 0xAFFF, 0x7E5D, 0x19ED, 0x3AF1, 
  0xB7FF, 0x7E7C, 0x3B33, 0x761C, 0xB7FF, 0x322D, 0x21ED, 0xA7FF, 0x659A, 0x0006, 0x0002, 0x5C14, 
  0xDFFF, 0x96DD, 0x32B1, 0x75FB, 0xBFFF, 0x3AF0, 0x0002, 0x0007, 0x1827, 0x1007, 0x0006, 0x180B, 
  0x200E, 0x0007, 0x0006, 0x0807, 0x8B31, 0x28CA, 0x0007, 0x0807, 0x0006, 0x2029, 0x68CF, 0x1008, 
  0x0006, 0x0005, 0x0004, 0x180B, 0x300F, 0x0808, 0x0007, 0x0005, 0x0006, 0x0807, 0x0807, 0x0005, 
  0x0006, 0x0008, 0x2067, 0xB228, 0x8148, 0x0005, 0x200D, 0x200E, 0x0005, 0x1009, 0x302E, 0x1008, 
  0x0807, 0x0808, 0x0807, 0x0006, 0x0807, 0xDA9A, 0xA9D6, 0x0006, 0x0007, 0x100A, 0x180A, 0x1068, 
  0x1068, 0x0007, 0x0006, 0x0004, 0x0829, 0x43BF, 0x2A97, 0x0005, 0x0807, 0x0005, 0x0004, 0x0808, 
  0x4870, 0x1029, 0x0006, 0x0807, 0x0007, 0x0006, 0x6C14, 0x31CD, 0x0005, 0x0006, 0x0806, 0x1028, 
  0x0807, 0x0807, 0x0807, 0x0006, 0x0006, 0x0807, 0x0007, 0x0826, 0xBAC9, 0xC268, 0x0804, 0x080B, 
  0x200D, 0x0807, 0x0006, 0x0003, 0x0806, 0x0006, 0x19D1, 0x10EC, 0x0004, 0x384E, 0x384E, 0x0007, 
  0x1009, 0x0807, 0x0007, 0x0007, 0x10A5, 0xF740, 0xFFE0, 0xFFE0, 0x62A4, 0x000A, 0x0009, 0x7B63, 
  0xFFE0, 0xFFC0, 0xB4E1, 0x5265, 0xFFE0, 0xFF20, 0xFF00, 0xFF20, 0xFF60, 0xFF00, 0xAC43, 0x0008, 
  0x0007, 0x0007, 0x4A04, 0xFFE0, 0xFF60, 0xFFE0, 0xCDC1, 0x0008, 0x0008, 0x0005, 0x004D, 0x0013, 
  0x4234, 0xFFFE, 0xFFFD, 0xFFFE, 0x5AF7, 0x000F, 0x3193, 0xFFFE, 0xFFFE, 0xFFFF, 0x6336, 0x0010, 
  0x39D5, 0xFFFD, 0xFFFD, 0xFFFD, 0xFFFD, 0xFFFC, 0xFFFC, 0xFFFC, 0xFFFD, 0xFFFD, 0xFFFD, 0xF75C, 
  0x3193, 0x73B7, 0xFFFF, 0xFFFC, 0xFFFD, 0xC63A, 0x0013, 0x0013, 0x0011, 0x4214, 0xFFFD, 0xFFFD, 
  0xFFFC, 0xFFFE, 0x7397, 0x0013, 0x0870, 0x0005, 0x0006, 0x76BD, 0x97FF, 0x8FBF, 0x97FF, 0x8FFF, 
  0x9FFF, 0x198B, 0x32B0, 0x97FF, 0x5DFB, 0x0005, 0x5D9A, 0x9FFF, 0x3332, 0x0005, 0x7F9F, 0x87FF, 
  0x0889, 0x192B, 0x8F9F, 0x9FFF, 0x8F1E, 0x7EBD, 0xA7FF, 0x3311, 0x08EA, 0x8FFF, 0x777F, 0x10CA, 
  0x4BF5, 0x97FF, 0x9FFF, 0x6DDB, 0x7F7F, 0x7F1E, 0x0004, 0x216C, 0x7F7F, 0x97FF, 0x7E9B, 0x0007, 
  0x4C77, 0x8FFF, 0x9FFF, 0x97FF, 0x5D9A, 0x0003, 0x2AD0, 0x97FF, 0x5DFB, 0x0006, 0x0004, 0x0869, 
  0x75BB, 0x9FFF, 0xAFFF, 0x97FF, 0x659A, 0x0048, 0x0004, 0x0807, 0x78E9, 0x1807, 0x0007, 0x0808, 
  0x0809, 0x0807, 0x0808, 0x0808, 0x1848, 0x0806, 0x0807, 0x0807, 0x0808, 0x0807, 0x0003, 0x0007, 
  0x0006, 0x818E, 0xCAD3, 0x406D, 0x180C, 0x0007, 0x0807, 0x0807, 0x0807, 0x0808, 0x0807, 0x0807, 
  0x0007, 0x0007, 0x99E9, 0xFD4C, 0xF349, 0x2806, 0x000A, 0x100A, 0x0807, 0x0807, 0x0005, 0x0807, 
  0x0807, 0x0807, 0x0807, 0x0007, 0x0007, 0x7972, 0x58EE, 0x0004, 0x0004, 0x0808, 0x080A, 0x1068, 
  0x1067, 0x0007, 0x200C, 0x0807, 0x0829, 0x43FF, 0x2AB7, 0x0005, 0x0005, 0x280C, 0x200B, 0x0005, 
  0x0004, 0x0807, 0x0807, 0x0807, 0x0007, 0x0007, 0x0827, 0x0827, 0x0006, 0x0807, 0x0006, 0x0006, 
  0x0808, 0x0807, 0x0006, 0x482D, 0x402C, 0x0005, 0x0007, 0x1847, 0xEBEB, 0xFB88, 0x3006, 0x0006, 
  0x0005, 0x0006, 0x10AA, 0x43B5, 0x1089, 0x0004, 0x19B1, 0x10CC, 0x0004, 0x406F, 0x404F, 0x0005, 
  0x0807, 0x0808, 0x0007, 0x0007, 0x0027, 0x5224, 0x5A64, 0x5A44, 0x1066, 0x0007, 0x0008, 0x20E6, 
  0x6284, 0x5A44, 0x3985, 0x18C6, 0x5A64, 0x5224, 0x5204, 0x5244, 0x5A64, 0x2925, 0x0008, 0x0007, 
  0x0007, 0x0007, 0x0846, 0x5A64, 0x6264, 0x62A4, 0x3985, 0x0007, 0x0007, 0x0005, 0x004D, 0x0034, 
  0x31B4, 0x6336, 0x5296, 0x52B6, 0x18F3, 0x0032, 0x0073, 0x4A55, 0x6336, 0x52D6, 0x18F3, 0x0012, 
  0x18F3, 0x52D6, 0x5AD6, 0x52B6, 0x52B5, 0x52B6, 0x52D6, 0x52B6, 0x52B6, 0x5AD6, 0x5AD6, 0x0893, 
  0x0010, 0x52B6, 0x6316, 0x5295, 0x5AD5, 0x10B3, 0x0012, 0x10D3, 0x0893, 0x0012, 0x31B4, 0x52D6, 
  0x4255, 0x6316, 0x5AB6, 0x0074, 0x0870, 0x0006, 0x0007, 0x19ED, 0x2270, 0x222F, 0x222F, 0x222E, 
  0x224F, 0x0847, 0x08CA, 0x22D1, 0x19AD, 0x0006, 0x198C, 0x2AAF, 0x10EA, 0x0006, 0x21EE, 0x224F, 
  0x0848, 0x0004, 0x196B, 0x2A70, 0x0889, 0x114B, 0x2AB1, 0x10CA, 0x0048, 0x224F, 0x1A2F, 0x0027, 
  0x0005, 0x2A6F, 0x21EE, 0x0006, 0x19AD, 0x2A4F, 0x0868, 0x0003, 0x114B, 0x222F, 0x198D, 0x0004, 
  0x0005, 0x19CE, 0x2A2E, 0x220F, 0x0067, 0x0003, 0x08EB, 0x22B1, 0x19CD, 0x0006, 0x0007, 0x0005, 
  0x0046, 0x2A2F, 0x2A6F, 0x220F, 0x0047, 0x0004, 0x0007, 0x0007, 0x1027, 0x0807, 0x0808, 0x0007, 
  0x0807, 0x0006, 0x180B, 0x180B, 0x0808, 0x180C, 0x0808, 0x0807, 0x0806, 0x1009, 0x302E, 0x0807, 
  0x0005, 0xA252, 0xFC1A, 0x3889, 0x0004, 0x0808, 0x0808, 0x0808, 0x0808, 0x0807, 0x0807, 0x0807, 
  0x0007, 0x0007, 0x0007, 0xB1A6, 0x68E6, 0x0007, 0x0007, 0x0007, 0x0808, 0x0808, 0x0807, 0x0807, 
  0x0808, 0x0807, 0x0808, 0x0808, 0x0807, 0x0005, 0x0026, 0x6C75, 0x216A, 0x1008, 0x100A, 0x1068, 
  0x1067, 0x0006, 0x180A, 0x1009, 0x0005, 0x0004, 0x0005, 0x0807, 0x0005, 0x282B, 0x280D, 0x0005, 
  0x0006, 0x0007, 0x0807, 0x0006, 0x0807, 0x0808, 0x0005, 0x0006, 0x180C, 0x0807, 0x0006, 0x0807, 
  0x0807, 0x0006, 0x0006, 0x382B, 0x302A, 0x0005, 0x0807, 0x0005, 0x3066, 0x4088, 0x0006, 0x0006, 
  0x0007, 0x0005, 0x10EA, 0x4C17, 0x1069, 0x0005, 0x0003, 0x0006, 0x0808, 0x0004, 0x0006, 0x0808, 
  0x0006, 0x0808, 0x0007, 0x0007, 0x0007, 0x0008, 0x0008, 0x0008, 0x0007, 0x0007, 0x0007, 0x0008, 
  0x0008, 0x0008, 0x0008, 0x0007, 0x0008, 0x0008, 0x0008, 0x0008, 0x0008, 0x0008, 0x0007, 0x0007, 
  0x0007, 0x0007, 0x0007, 0x0008, 0x0008, 0x0008, 0x0008, 0x0007, 0x0007, 0x0005, 0x084D, 0x18F6, 
  0x0873, 0x0012, 0x0012, 0x0013, 0x0874, 0x10D4, 0x0894, 0x0012, 0x0013, 0x0013, 0x0874, 0x10F4, 
  0x0894, 0x0013, 0x0013, 0x0013, 0x0013, 0x0013, 0x0013, 0x0013, 0x0012, 0x0012, 0x0012, 0x0053, 
  0x10D4, 0x0032, 0x0012, 0x0013, 0x0013, 0x0074, 0x10D4, 0x08B4, 0x10B4, 0x10B4, 0x0013, 0x0013, 
  0x0013, 0x0013, 0x0033, 0x10D6, 0x0892, 0x0007, 0x0007, 0x0004, 0x0003, 0x0004, 0x0003, 0x0004, 
  0x0003, 0x0007, 0x0005, 0x0002, 0x0004, 0x0008, 0x0005, 0x0003, 0x0006, 0x0007, 0x0003, 0x0003, 
  0x0007, 0x0007, 0x0004, 0x0002, 0x0005, 0x0004, 0x0002, 0x0006, 0x0007, 0x0003, 0x0003, 0x0007, 
  0x0006, 0x0003, 0x0003, 0x0006, 0x0003, 0x0003, 0x0007, 0x0007, 0x0004, 0x0002, 0x0003, 0x0008, 
  0x0006, 0x0003, 0x0003, 0x0003, 0x0005, 0x0008, 0x0005, 0x0002, 0x0004, 0x0007, 0x0007, 0x0007, 
  0x0006, 0x0003, 0x0003, 0x0003, 0x0006, 0x0007, 0x0006, 0x0007, 0x0007, 0x0806, 0x1007, 0x0807, 
  0x0807, 0x0006, 0x1009, 0x0807, 0x0809, 0x180B, 0x0807, 0x0007, 0x0007, 0x100A, 0x280D, 0x0005, 
  0x0006, 0x1827, 0x2868, 0x0006, 0x0806, 0x0808, 0x0808, 0x0807, 0x0807, 0x0808, 0x0806, 0x0007, 
  0x0808, 0x0807, 0x0007, 0x0007, 0x0006, 0x0007, 0x0808, 0x0807, 0x0806, 0x0808, 0x0807, 0x0007, 
  0x0807, 0x0808, 0x0006, 0x0807, 0x0808, 0x0006, 0x0006, 0x4AB0, 0x10C7, 0x180A, 0x200B, 0x0866, 
  0x0867, 0x200B, 0x1009, 0x0004, 0x0006, 0x100A, 0x1008, 0x0004, 0x180A, 0x1009, 0x0003, 0x0807, 
  0x100A, 0x0006, 0x0006, 0x1009, 0x0807, 0x0005, 0x0809, 0x0808, 0x0807, 0x1009, 0x180B, 0x0005, 
  0x0807, 0x100A, 0x0806, 0x0004, 0x1009, 0x0808, 0x0004, 0x180A, 0x1009, 0x0005, 0x1008, 0x100A, 
  0x0006, 0x0808, 0x100A, 0x0004, 0x0004, 0x1009, 0x1009, 0x0005, 0x1009, 0x100A, 0x0005, 0x1008, 
  0x200D, 0x0006, 0x0006, 0x0008, 0x0006, 0x0006, 0x0007, 0x0005, 0x0006, 0x0007, 0x0007, 0x0006, 
  0x0007, 0x0006, 0x0007, 0x0007, 0x0007, 0x0007, 0x0007, 0x0007, 0x0006, 0x0006, 0x0006, 0x0006, 
  0x0007, 0x0006, 0x0007, 0x0007, 0x0005, 0x0006, 0x0007, 0x0006, 0x0007, 0x0006, 0x084C, 0x10B4, 
  0x1092, 0x08B2, 0x0892, 0x0891, 0x1092, 0x1092, 0x0891, 0x1092, 0x08B2, 0x0892, 0x1091, 0x0892, 
  0x0892, 0x0892, 0x08B2, 0x0892, 0x1092, 0x0892, 0x0892, 0x0892, 0x0892, 0x0891, 0x0892, 0x0891, 
  0x0891, 0x1092, 0x0891, 0x0892, 0x0892, 0x0871, 0x0892, 0x0892, 0x1092, 0x08B2, 0x0892, 0x0892, 
  0x1092, 0x0892, 0x0892, 0x0893, 0x0890, 0x0007, 0x0007, 0x0008, 0x0007, 0x0007, 0x0007, 0x0007, 
  0x0007, 0x0007, 0x0007, 0x0007, 0x0006, 0x0007, 0x0007, 0x0007, 0x0007, 0x0007, 0x0007, 0x0006, 
  0x0007, 0x0007, 0x0007, 0x0006, 0x0007, 0x0006, 0x0007, 0x0007, 0x0006, 0x0007, 0x0007, 0x0006, 
  0x0007, 0x0007, 0x0007, 0x0007, 0x0006, 0x0006, 0x0007, 0x0007, 0x0006, 0x0007, 0x0006, 0x0007, 
  0x0007, 0x0007, 0x0006, 0x0007, 0x0007, 0x0007, 0x0006, 0x0006, 0x0007, 0x0006, 0x0006, 0x0007, 
  0x0007, 0x0006, 0x0006, 0x0007, 0x0006, 0x0006, 0x100B, 0x0007, 0x0005, 0x180B, 0x1009, 0x0005, 
  0x0808, 0x100A, 0x0006, 0x0807, 0x100A, 0x0006, 0x0006, 0x180A, 0x1009, 0x0004, 0x114B, 0x2A51, 
  0x0006, 0x0809, 0x0007, 0x0006, 0x1009, 0x0808, 0x0005, 0x1009, 0x1009, 0x0005, 0x180A, 0x100A, 
  0x0006, 0x100B, 0x0807, 0x0006, 0x180B, 0x0808, 0x0005, 0x100A, 0x100A, 0x0005, 0x0807, 0x180A, 
  0x0807, 0x0007, 0x100B, 0x0808, 0x0005, 0x202C, 0x200C, 0x0001, 0x1008, 0x100B, 0x0004, 0x1869, 
  0x1869, 0x182A, 0x182A, 0x180B, 0x1009, 0x0808, 0x1009, 0x0809, 0x100A, 0x1009, 0x0808, 0x1009, 
  0x180A, 0x1009, 0x1009, 0x1009, 0x0808, 0x1009, 0x1009, 0x1008, 0x0807, 0x180B, 0x100A, 0x0807, 
  0x1008, 0x0807, 0x0809, 0x1009, 0x1008, 0x1008, 0x0808, 0x100A, 0x100A, 0x1008, 0x100A, 0x100A, 
  0x180A, 0x180C, 0x1008, 0x0808, 0x100B, 0x180B, 0x180A, 0x1008, 0x1009, 0x180A, 0x100A, 0x180B, 
  0x200B, 0x100A, 0x100A, 0x0807, 0x0809, 0x1009, 0x0006, 0x1009, 0x0808, 0x0007, 0x1009, 0x1009, 
  0x0006, 0x1008, 0x080A, 0x0808, 0x0809, 0x0809, 0x0808, 0x0006, 0x100A, 0x0809, 0x1008, 0x100A, 
  0x0809, 0x1009, 0x0809, 0x0006, 0x180B, 0x100A, 0x0007, 0x0808, 0x0008, 0x0007, 0x0007, 0x0008, 
  0x0008, 0x0006, 0x0007, 0x0007, 0x0006, 0x0007, 0x0007, 0x0007, 0x0007, 0x0007, 0x0008, 0x0007, 
  0x0007, 0x0008, 0x0007, 0x0007, 0x0007, 0x0007, 0x0007, 0x0007, 0x0007, 0x0007, 0x0007, 0x0008, 
  0x0007, 0x0007, 0x0008, 0x0007, 0x0007, 0x0007, 0x0008, 0x0007, 0x0007, 0x0008, 0x0007, 0x0007, 
  0x0008, 0x0007, 0x0007, 0x0007, 0x0007, 0x0007, 0x0007, 0x0007, 0x0808, 0x0808, 0x0808, 0x100A, 
  0x0808, 0x0808, 0x100A, 0x0809, 0x0809, 0x1009, 0x080A, 0x0809, 0x100A, 0x0809, 0x0007, 0x1009, 
  0x0809, 0x0809, 0x1009, 0x0808, 0x0809, 0x100A, 0x0807, 0x0808, 0x100A, 0x100A, 0x0807, 0x0808, 
  0x0808, 0x0808, 0x1008, 0x0808, 0x1009, 0x0809, 0x0808, 0x0808, 0x0809, 0x0807, 0x0808, 0x0809, 
  0x0809, 0x0808, 0x0808, 0x0808, 0x0808, 0x0005, 0x0808, 0x100A, 0x0807, 0x0808, 0x1009, 0x0808, 
  0x0807, 0x100B, 0x100A, 0x0004, 0x100A, 0x202B, 0x0808, 0x1009, 0x100A, 0x1008, 0x0807, 0x1008, 
  0x100A, 0x1009, 0x1009, 0x180A, 0x180B, 0x100A, 0x1009, 0x1009, 0x1008, 0x1008, 0x190D, 0x29D0, 
  0x1008, 0x180C, 0x180B, 0x0808, 0x180B, 0x1008, 0x1009, 0x180A, 0x0809, 0x1009, 0x180B, 0x1009, 
  0x1009, 0x1809, 0x100A, 0x1009, 0x202B, 0x180A, 0x1008, 0x1009, 0x0808, 0x1009, 0x1009, 0x0808, 
  0x1008, 0x0809, 0x0808, 0x1009, 0x1009, 0x1009, 0x180A, 0x100A, 0x1009, 0x1008, 0x180A, 0x186A, 
  0x206B, 0x0005, 0x0806, 0x300F, 0x200B, 0x0005, 0x0808, 0x180B, 0x0807, 0x0807, 0x0809, 0x1009, 
  0x0807, 0x1009, 0x1009, 0x0807, 0x0808, 0x100A, 0x1009, 0x1008, 0x100A, 0x100A, 0x0808, 0x100A, 
  0x0808, 0x0806, 0x180A, 0x180A, 0x0807, 0x0808, 0x100A, 0x0809, 0x1008, 0x100A, 0x1009, 0x0809, 
  0x100A, 0x180B, 0x1008, 0x180A, 0x180B, 0x1009, 0x180A, 0x180A, 0x1009, 0x180A, 0x180A, 0x200B, 
  0x100A, 0x0808, 0x180B, 0x1009, 0x0807, 0x180A, 0x180A, 0x1009, 0x1009, 0x180B, 0x1009, 0x1008, 
  0x180A, 0x180B, 0x0807, 0x180A, 0x180B, 0x0006, 0x100A, 0x100A, 0x1008, 0x180B, 0x280D, 0x1008, 
  0x0808, 0x0809, 0x0808, 0x1007, 0x180A, 0x180B, 0x1009, 0x180A, 0x0007, 0x0007, 0x0008, 0x0006, 
  0x0006, 0x0007, 0x0007, 0x0006, 0x0006, 0x0007, 0x0006, 0x0006, 0x0007, 0x0007, 0x0006, 0x0007, 
  0x0007, 0x0006, 0x0007, 0x0007, 0x0006, 0x0006, 0x0007, 0x0006, 0x0006, 0x0007, 0x0006, 0x0006, 
  0x0008, 0x0006, 0x0006, 0x0007, 0x0007, 0x0007, 0x0006, 0x0007, 0x0007, 0x0006, 0x0006, 0x0007, 
  0x0007, 0x0006, 0x0007, 0x0006, 0x0007, 0x0007, 0x0007, 0x0006, 0x1009, 0x1009, 0x0808, 0x0808, 
  0x0808, 0x180A, 0x0807, 0x0807, 0x1008, 0x1009, 0x1009, 0x100A, 0x1009, 0x0807, 0x180A, 0x100A, 
  0x1008, 0x1009, 0x1009, 0x0808, 0x180A, 0x180B, 0x0004, 0x0808, 0x180C, 0x0808, 0x0807, 0x180C, 
  0x0808, 0x0006, 0x0807, 0x1008, 0x1009, 0x100A, 0x0808, 0x1008, 0x100A, 0x0807, 0x1009, 0x1009, 
  0x0808, 0x1009, 0x100A, 0x1007, 0x1008, 0x0807, 0x180A, 0x100A, 0x1008, 0x1008, 0x1008, 0x180A, 
  0x1009, 0x1009, 0x0808, 0x1009, 0x200B, 0x180A, 0x0806, 0x180A, 0x1008, 0x0807, 0x182B, 0x1009, 
  0x0808, 0x100A, 0x1009, 0x1008, 0x180A, 0x100A, 0x180A, 0x102A, 0x180A, 0x180B, 0x1009, 0x1008, 
  0x180B, 0x200C, 0x200C, 0x1009, 0x180A, 0x100A, 0x180A, 0x180B, 0x180A, 0x180A, 0x1809, 0x1809, 
  0x1009, 0x1009, 0x100A, 0x1009, 0x280C, 0x282D, 0x180C, 0x1008, 0x0807, 0x180A, 0x1009, 0x0807, 
  0x1009, 0x100A, 0x0807, 0x1009, 0x180A, 0x0806, 0x0808, 0x180B, 0x0808, 0x0807, 0x180B, 0x1869, 
  0x0865, 0x200E, 0x280F, 0x0003, 0x0002, 0x180C, 0x2830, 0x0003, 0x0808, 0x200E, 0x0004, 0x0806, 
  0x200D, 0x0006, 0x0004, 0x200E, 0x1009, 0x0002, 0x282F, 0x282E, 0x0000, 0x180A, 0x3011, 0x0003, 
  0x0005, 0x3030, 0x1008, 0x0003, 0x280E, 0x180B, 0x0002, 0x200B, 0x200C, 0x0004, 0x1008, 0x180A, 
  0x0808, 0x1009, 0x200B, 0x180A, 0x1009, 0x180A, 0x180B, 0x1009, 0x280E, 0x180A, 0x180B, 0x200C, 
  0x1009, 0x1009, 0x180B, 0x200A, 0x0808, 0x1008, 0x2009, 0x0807, 0x180B, 0x180B, 0x1009, 0x1008, 
  0x180A, 0x180A, 0x1009, 0x1009, 0x100A, 0x102A, 0x1008, 0x1009, 0x200D, 0x100A, 0x0005, 0x282E, 
  0x180B, 0x0002, 0x180A, 0x3011, 0x0806, 0x0003, 0x3832, 0x200C, 0x0002, 0x100A, 0x2831, 0x0807, 
  0x0004, 0x2830, 0x200E, 0x0003, 0x180D, 0x2810, 0x0005, 0x0807, 0x200F, 0x1009, 0x0005, 0x180E, 
  0x180C, 0x0004, 0x200E, 0x200E, 0x0005, 0x100B, 0x200E, 0x0006, 0x0809, 0x180D, 0x0808, 0x0808, 
  0x100B, 0x200E, 0x180A, 0x0004, 0x180C, 0x280F, 0x0004, 0x1009, 0x280E, 0x0806, 0x1008, 0x280E, 
  0x0005, 0x100A, 0x3011, 0x0807, 0x1008, 0x3010, 0x180B, 0x0004, 0x300F, 0x200B, 0x0002, 0x200E, 
  0x182C, 0x0004, 0x200D, 0x180B, 0x0002, 0x200E, 0x200E, 0x1006, 0x200B, 0x180D, 0x0806, 0x180B, 
  0x280F, 0x0004, 0x0807, 0x3852, 0x0806, 0x0003, 0x3030, 0x180B, 0x0001, 0x200C, 0x202D, 0x0004, 
  0x180B, 0x200D, 0x0805, 0x1809, 0x3830, 0x0808, 0x0005, 0x3011, 0x1009, 0x0001, 0x380F, 0x300E, 
  0x0001, 0x180A, 0x3810, 0x0005, 0x0006, 0x3811, 0x1009, 0x0003, 0x3811, 0x180B, 0x0001, 0x282E, 
  0x200C, 0x0005, 0x200D, 0x180B, 0x1008, 0x1009, 0x1008, 0x0807, 0x202C, 0x280E, 0x282D, 0x100A, 
  0x180B, 0x100A, 0x1009, 0x1009, 0x100A, 0x180B, 0x282D, 0x180A, 0x1009, 0x180B, 0x180A, 0x1809, 
  0x200B, 0x180B, 0x100A, 0x180B, 0x200C, 0x182C, 0x202C, 0x300E, 0x180A, 0x1009, 0x280C, 0x0808, 
  0x0006, 0x3030, 0x1008, 0x0003, 0x300F, 0x200D, 0x0004, 0x280D, 0x3030, 0x0003, 0x0807, 0x280F, 
  0x0806, 0x0006, 0x280F, 0x1008, 0x0004, 0x200E, 0x200C, 0x0003, 0x180A, 0x280F, 0x0003, 0x206A, 
  0x308E, 0x100A, 0x1009, 0x200C, 0x1009, 0x1009, 0x0807, 0x200D, 0x200C, 0x0005, 0x200E, 0x180C, 
  0x0004, 0x280D, 0x280E, 0x0005, 0x180C, 0x2830, 0x1008, 0x1008, 0x3011, 0x180B, 0x0005, 0x200E, 
  0x200C, 0x0004, 0x180B, 0x3031, 0x0006, 0x0807, 0x3011, 0x100A, 0x0005, 0x280E, 0x180B, 0x0807, 
  0x200C, 0x100A, 0x1009, 0x100A, 0x200C, 0x200C, 0x1009, 0x180B, 0x200C, 0x180A, 0x180C, 0x180B, 
  0x0007, 0x280D, 0x200D, 0x0808, 0x280D, 0x180C, 0x0807, 0x200C, 0x180C, 0x1008, 0x200D, 0x200C, 
  0x0808, 0x180C, 0x282E, 0x182A, 0x180A, 0x282E, 0x282C, 0x1009, 0x200C, 0x200C, 0x202B, 0x200C, 
  0x200D, 0x3030, 0x1009, 0x0006, 0x200D, 0x280F, 0x0807, 0x0806, 0x3010, 0x280E, 0x0006, 0x200C, 
  0x3010, 0x1008, 0x282B, 0x3832, 0x180B, 0x0006, 0x282E, 0x3010, 0x0807, 0x180B, 0x2810, 0x1009, 
  0x1009, 0x3010, 0x1009, 0x1008, 0x280F, 0x180B, 0x0806, 0x280F, 0x200D, 0x0807, 0x280D, 0x200D, 
  0x180A, 0x100A, 0x180C, 0x282E, 0x1007, 0x0807, 0x3030, 0x302F, 0x1007, 0x282F, 0x282F, 0x0806, 
  0x280E, 0x200C, 0x0005, 0x280D, 0x300E, 0x0806, 0x200C, 0x200E, 0x0807, 0x180B, 0x282E, 0x100A, 
  0x180C, 0x202D, 0x200C, 0x182C, 0x202C, 0x180A, 0x100A, 0x384E, 0x282C, 0x100A, 0x1009, 0x180B, 
  0x180A, 0x202C, 0x202B, 0x182A, 0x200B, 0x200C, 0x202C, 0x200C, 0x200B, 0x182B, 0x100A, 0x180A, 
  0x180A, 0x1009, 0x200D, 0x280E, 0x180B, 0x282D, 0x202E, 0x1008, 0x180B, 0x280D, 0x1009, 0x1008, 
  0x280F, 0x180C, 0x0806, 0x280F, 0x200D, 0x0005, 0x200C, 0x3030, 0x0807, 0x202D, 0x3831, 0x1008, 
  0x180A, 0x202D, 0x280E, 0x1009, 0x180A, 0x100A, 0x1009, 0x200D, 0x3010, 0x180B, 0x1009, 0x280E, 
  0x280F, 0x1009, 0x200D, 0x200D, 0x0808, 0x180C, 0x200D, 0x1009, 0x180A, 0x180C, 0x180A, 0x180A, 
  0x180B, 0x100A, 0x100A, 0x180C, 0x180B, 0x180A, 0x200D, 0x282E, 0x202B, 0x180B, 0x180B, 0x200B, 
  0x1009, 0x0005, 0x200D, 0x200F, 0x0005, 0x0807, 0x280F, 0x1009, 0x0805, 0x280F, 0x200D, 0x0004, 
  0x200C, 0x280F, 0x0005, 0x100A, 0x280F, 0x0006, 0x0807, 0x280E, 0x0808, 0x0806, 0x280F, 0x286C, 
  0x2069, 0x200D, 0x200D, 0x1028, 0x200C, 0x200D, 0x0807, 0x180B, 0x200C, 0x200C, 0x0808, 0x1809, 
  0x280E, 0x100A, 0x0807, 0x180B, 0x180B, 0x0807, 0x180C, 0x180C, 0x1009, 0x180A, 0x180A, 0x180A, 
  0x1009, 0x1008, 0x180B, 0x1009, 0x1009, 0x100A, 0x0808, 0x182C, 0x280E, 0x0806, 0x0808, 0x3030, 
  0x180C, 0x100A, 0x3832, 0x282E, 0x0808, 0x180A, 0x202D, 0x1009, 0x200B, 0x282F, 0x0807, 0x200D, 
  0x4011, 0x0006, 0x1009, 0x300F, 0x0807, 0x1009, 0x2810, 0x100A, 0x0807, 0x2830, 0x100A, 0x0005, 
  0x282E, 0x180C, 0x0006, 0x282E, 0x282E, 0x0006, 0x302F, 0x282D, 0x0004, 0x202C, 0x4051, 0x0807, 
  0x180A, 0x282F, 0x1009, 0x0006, 0x0808, 0x1009, 0x0808, 0x1009, 0x1009, 0x0809, 0x180B, 0x180B, 
  0x080A, 0x1007, 0x2807, 0x282B, 0x2028, 0x180A, 0x200D, 0x0007, 0x2807, 0x3009, 0x0809, 0x180B, 
  0x180B, 0x1009, 0x180C, 0x180C, 0x1009, 0x180C, 0x202D, 0x0808, 0x180A, 0x200E, 0x180A, 0x1008, 
  0x280D, 0x1007, 0x0809, 0x100A, 0x0807, 0x180B, 0x202D, 0x200D, 0x200A, 0x100A, 0x180B, 0x182B, 
  0x200D, 0x100B, 0x1009, 0x180A, 0x180B, 0x100A, 0x180B, 0x180B, 0x1009, 0x180B, 0x200D, 0x100A, 
  0x202C, 0x282F, 0x0807, 0x100A, 0x280E, 0x1008, 0x0808, 0x282F, 0x180B, 0x1007, 0x200C, 0x180B, 
  0x0807, 0x280F, 0x200C, 0x0007, 0x280D, 0x282D, 0x0006, 0x180B, 0x282E, 0x0808, 0x1009, 0x280E, 
  0x1009, 0x0807, 0x180D, 0x180B, 0x0808, 0x202D, 0x282D, 0x0806, 0x180B, 0x300F, 0x1009, 0x1008, 
  0x200D, 0x180A, 0x1009, 0x180C, 0x1009, 0x1009, 0x200B, 0x180B, 0x1009, 0x200D, 0x3010, 0x1009, 
  0x200E, 0x180B, 0x0004, 0x200D, 0x180A, 0x0005, 0x302F, 0x302F, 0x0007, 0x180A, 0x280E, 0x1008, 
  0x1009, 0x284E, 0x1009, 0x0807, 0x280F, 0x180B, 0x0006, 0x280E, 0x280E, 0x0808, 0x282E, 0x282E, 
  0x0808, 0x282F, 0x200E, 0x0806, 0x180C, 0x180C, 0x0007, 0x200C, 0x282E, 0x0807, 0x200C, 0x300F, 
  0x0808, 0x180B, 0x180B, 0x0807, 0x180C, 0x180B, 0x0007, 0x080A, 0x100B, 0x1009, 0x180A, 0x180B, 
  0x1008, 0x1007, 0x280E, 0x180B, 0x0005, 0x280E, 0x280D, 0x0003, 0x180B, 0x282F, 0x0005, 0x286C, 
  0x20AC, 0x280E, 0x200D, 0x200D, 0x100B, 0x0807, 0x280F, 0x1009, 0x1009, 0x1810, 0x0004, 0x1008, 
  0x3010, 0x180A, 0x1008, 0x302F, 0x180D, 0x0008, 0x280D, 0x202D, 0x0001, 0x100D, 0x3814, 0x0005, 
  0x0807, 0x4034, 0x200D, 0x0003, 0x3031, 0x3010, 0x0003, 0x280F, 0x3852, 0x1009, 0x1008, 0x0005, 
  0x100A, 0x4034, 0x182A, 0x0808, 0x3030, 0x200C, 0x0806, 0x3811, 0x200D, 0x0006, 0x3831, 0x304E, 
  0x1008, 0x282F, 0x202B, 0x0003, 0x200E, 0x200E, 0x0003, 0x280F, 0x3010, 0x0004, 0x280D, 0x3030, 
  0x0005, 0x180B, 0x3853, 0x0808, 0x180A, 0x3812, 0x1008, 0x0807, 0x3812, 0x180C, 0x0004, 0x3832, 
  0x202E, 0x0002, 0x3032, 0x282F, 0x0005, 0x180A, 0x3832, 0x200D, 0x0806, 0x202A, 0x300F, 0x0807, 
  0x200A, 0x280E, 0x0006, 0x182A, 0x202B, 0x0809, 0x282E, 0x1008, 0x0808, 0x0807, 0x0806, 0x280E, 
  0x3012, 0x1009, 0x200D, 0x3010, 0x0006, 0x180D, 0x4033, 0x0007, 0x0007, 0x180B, 0x3031, 0x180A, 
  0x0005, 0x200F, 0x280F, 0x0805, 0x200D, 0x3852, 0x0808, 0x1009, 0x3011, 0x1008, 0x1809, 0x282F, 
  0x180A, 0x080C, 0x2812, 0x1007, 0x0807, 0x4032, 0x200C, 0x0005, 0x3011, 0x200D, 0x0002, 0x2831, 
  0x180C, 0x0004, 0x3831, 0x280F, 0x0004, 0x280F, 0x282E, 0x0003, 0x280F, 0x3811, 0x0004, 0x200D, 
  0x3832, 0x0807, 0x0809, 0x3012, 0x100A, 0x0807, 0x3010, 0x180B, 0x0004, 0x3011, 0x2810, 0x0004, 
  0x200C, 0x3832, 0x0808, 0x180B, 0x4034, 0x1809, 0x0807, 0x3833, 0x202D, 0x0004, 0x3812, 0x3832, 
  0x0004, 0x200C, 0x4834, 0x1009, 0x0807, 0x4034, 0x282D, 0x0005, 0x3813, 0x202D, 0x1007, 0x3032, 
  0x0828, 0x3030, 0x3832, 0x0005, 0x200D, 0x4835, 0x1008, 0x180A, 0x5057, 0x182C, 0x0806, 0x3812, 
  0x3030, 0x0006, 0x282E, 0x3832, 0x0807, 0x202C, 0x4033, 0x102A, 0x180A, 0x3812, 0x102A, 0x1009, 
  0x3832, 0x200C, 0x182B, 0x4033, 0x200C, 0x0808, 0x3031, 0x180C, 0x0806, 0x3831, 0x280D, 0x0005, 
  0x280F, 0x3832, 0x0808, 0x0806, 0x3011, 0x280F, 0x1806, 0x5850, 0x4033, 0x0005, 0x1009, 0x3833, 
  0x1008, 0x0005, 0x100B, 0x100B, 0x1809, 0x280E, 0x200C, 0x1009, 0x180C, 0x180C, 0x100A, 0x286D, 
  0x4092, 0x282E, 0x282E, 0x3832, 0x5031, 0x384F, 0x282F, 0x2810, 0x2830, 0x6171, 0x48B1, 0x180E, 
  0x182C, 0x3031, 0x4054, 0x2012, 0x7914, 0xB156, 0x3012, 0x2831, 0x5058, 0x6873, 0x402F, 0x3014, 
  0x3833, 0x4054, 0x3834, 0x4034, 0x3834, 0x3834, 0x4034, 0x3832, 0x3830, 0x4035, 0x3833, 0x6051, 
  0x5053, 0x2831, 0x4052, 0x5054, 0x3011, 0x4034, 0x4053, 0x3031, 0x5055, 0x5855, 0x3052, 0x4053, 
  0x6876, 0x4054, 0x4034, 0x5854, 0x4034, 0x3011, 0x4831, 0x3832, 0x3832, 0x4051, 0x4052, 0x3813, 
  0x4833, 0x4832, 0x4013, 0x4052, 0x4053, 0x4034, 0x4033, 0x4033, 0x4034, 0x4033, 0x4033, 0x3832, 
  0x4012, 0x4012, 0x4852, 0x4052, 0x4033, 0x4013, 0x4033, 0x3831, 0x4034, 0x5055, 0x4033, 0x4034, 
  0x4013, 0x4813, 0x6013, 0x4013, 0x3815, 0x200F, 0x5033, 0x5835, 0x1811, 0x5034, 0x6035, 0x2832, 
  0x3834, 0x3833, 0x282F, 0x200E, 0x604F, 0x6872, 0x1810, 0x60F0, 0x9210, 0x280D, 0x280E, 0x3030, 
  0x3831, 0x100D, 0x180E, 0x4032, 0x3851, 0x204E, 0x302F, 0x282E, 0x400D, 0x602F, 0x2830, 0x180D, 
  0x304E, 0x9A0F, 0x50EF, 0x1010, 0x4831, 0x5830, 0x2830, 0x2810, 0x1810, 0x60D1, 0xF336, 0x60CE, 
  0x100C, 0x304F, 0x3831, 0x5070, 0x60CF, 0x300F, 0x280E, 0x4830, 0x5810, 0x282F, 0x302F, 0x4852, 
  0x4853, 0x3051, 0x6072, 0x302F, 0x4051, 0x4052, 0x280F, 0x3010, 0x4011, 0x3830, 0x3830, 0x3811, 
  0x3011, 0x3831, 0x4032, 0x3832, 0x3831, 0x3831, 0x3832, 0x3851, 0x3852, 0x3832, 0x3831, 0x3031, 
  0x3832, 0x3831, 0x3831, 0x3832, 0x3831, 0x3831, 0x3832, 0x3832, 0x3030, 0x3031, 0x3832, 0x3051, 
  0x3051, 0x3832, 0x4032, 0x3832, 0x4032, 0x4033, 0x3832, 0x3832, 0x3852, 0x3852, 0x3831, 0x3832, 
  0x3852, 0x3852, 0x3832, 0x3852, 0x3852, 0x4052, 0x4052, 0x4052, 0x4052, 0x382F, 0x3831, 0x4033, 
  0x3830, 0x3831, 0x4032, 0x4053, 0x4053, 0x4052, 0x4053, 0x4051, 0x4051, 0x3831, 0x3852, 0x3832, 
  0x3831, 0x282F, 0x3831, 0x4053, 0x304F, 0x2831, 0x4876, 0x98F4, 0x5051, 0x2812, 0x3030, 0x282E, 
  0x2830, 0x2010, 0x7254, 0x5972, 0x3012, 0x282E, 0x3050, 0x5035, 0x282F, 0x202D, 0x3032, 0x3891, 
  0x30AF, 0x282F, 0x200F, 0x384E, 0x98CF, 0x4850, 0x2030, 0x200F, 0x304F, 0xF557, 0xA2D4, 0x080E, 
  0x202F, 0x282E, 0x3832, 0x180F, 0x2083, 0x48A2, 0x0005, 0x0006, 0x0808, 0x2804, 0x0803, 0x0007, 
  0x0006, 0x0007, 0x0006, 0x0007, 0x0007, 0x0007, 0x0007, 0x0007, 0x0007, 0x0006, 0x0007, 0x1008, 
  0x1007, 0x0006, 0x0007, 0x0008, 0x0006, 0x0007, 0x0006, 0x0005, 0x0007, 0x0807, 0x0006, 0x0006, 
  0x0808, 0x0007, 0x0008, 0x1009, 0x0007, 0x0006, 0x0008, 0x0006, 0x0005, 0x0007, 0x0006, 0x0006, 
  0x0008, 0x0007, 0x0007, 0x0007, 0x0006, 0x0006, 0x0006, 0x0006, 0x0006, 0x0006, 0x0007, 0x0006, 
  0x0006, 0x0008, 0x0007, 0x0007, 0x0007, 0x0006, 0x0006, 0x0005, 0x0006, 0x0005, 0x0006, 0x0007, 
  0x0004, 0x0006, 0x1005, 0x0005, 0x0007, 0x0005, 0x0807, 0x0808, 0x0005, 0x0807, 0x0807, 0x0003, 
  0x0004, 0x302F, 0x2830, 0x180C, 0x68B0, 0x6158, 0x1810, 0x694E, 0xBB70, 0x300E, 0x280E, 0x282F, 
  0x100E, 0x890E, 0x910E, 0x200F, 0x282F, 0x180E, 0x302E, 0x282E, 0x4830, 0x404F, 0x202E, 0x200E, 
  0x304E, 0xE3CE, 0x71AD, 0x100E, 0x384F, 0x282D, 0x180C, 0x3030, 0x3835, 0x488F, 0xA212, 0x48AE, 
  0x180D, 0x382E, 0x280F, 0x610F, 0xAA30, 0x302F, 0x204E, 0x402F, 0x482E, 0x2850, 0x3831, 0x0808, 
  0x0004, 0x0004, 0x1006, 0x0005, 0x0005, 0x0004, 0x0004, 0x0005, 0x0005, 0x0005, 0x0005, 0x0005, 
  0x0005, 0x0005, 0x0005, 0x0005, 0x0004, 0x0005, 0x0005, 0x0004, 0x0005, 0x0005, 0x0004, 0x0004, 
  0x0005, 0x0004, 0x0004, 0x0005, 0x0005, 0x0005, 0x0005, 0x0005, 0x0005, 0x0005, 0x0005, 0x0004, 
  0x0005, 0x0005, 0x0004, 0x0005, 0x0005, 0x0004, 0x0005, 0x0005, 0x0005, 0x0005, 0x0005, 0x0004, 
  0x0004, 0x0005, 0x0004, 0x0004, 0x0005, 0x0004, 0x0004, 0x0004, 0x0005, 0x0004, 0x0005, 0x0004, 
  0x0004, 0x0004, 0x0004, 0x0004, 0x0004, 0x0004, 0x0004, 0x0005, 0x0005, 0x0005, 0x0004, 0x0005, 
  0x0005, 0x0006, 0x0005, 0x0005, 0x0006, 0x0005, 0x0005, 0x0004, 0x0806, 0x3031, 0x3832, 0x3030, 
  0x2810, 0x2810, 0x92F7, 0x6192, 0x100D, 0x3030, 0x3031, 0x3030, 0x284F, 0x3030, 0x302F, 0x4091, 
  0x308F, 0x282F, 0x282F, 0x282F, 0x280F, 0x200F, 0x282F, 0x2830, 0x2010, 0x48CF, 0x388F, 0x200F, 
  0x282E, 0x284F, 0x200E, 0x0824, 0x20E6, 0x2968, 0x39C7, 0x41A7, 0x39A6, 0x2988, 0x3188, 0x3987, 
  0x4188, 0x41A8, 0x39C7, 0x41A8, 0x41A8, 0x41A8, 0x3987, 0x39A7, 0x49E7, 0x49E7, 0x49C7, 0x39C7, 
  0x39A7, 0x49C8, 0x41E7, 0x39C7, 0x41E7, 0x41E7, 0x49E7, 0x49E7, 0x41E7, 0x41E8, 0x4A08, 0x4A08, 
  0x4A08, 0x4A28, 0x4A28, 0x4A48, 0x5269, 0x5249, 0x4A49, 0x5229, 0x5249, 0x5269, 0x528A, 0x5249, 
  0x4A29, 0x4A49, 0x526A, 0x5269, 0x526A, 0x4A69, 0x528A, 0x528A, 0x5269, 0x528A, 0x528A, 0x52AA, 
  0x52AB, 0x5289, 0x5AAA, 0x5ACA, 0x52AA, 0x5AAA, 0x52AA, 0x528A, 0x52AA, 0x52AA, 0x52A9, 0x4A89, 
  0x52A9, 0x5288, 0x4268, 0x5289, 0x52A9, 0x5AA9, 0x4A89, 0x4A69, 0x5269, 0x4A68, 0x4A48, 0x62A8, 
  0x39C4, 0x0005, 0x280F, 0x384F, 0x184F, 0x1092, 0x386F, 0x282F, 0x180E, 0x282E, 0x302E, 0x284D, 
  0x180D, 0x78ED, 0x70EE, 0x100C, 0x5191, 0x7B54, 0x200D, 0x202D, 0x3051, 0x3050, 0x180D, 0x180D, 
  0x280E, 0x200F, 0x2830, 0x304D, 0x204C, 0x184C, 0x202C, 0x282F, 0x304F, 0x202D, 0x000A, 0x100A, 
  0x28D4, 0x48F7, 0x402E, 0x202E, 0x200D, 0x284E, 0x284E, 0x304E, 0x284F, 0x3031, 0x0809, 0x10A5, 
  0x4A2B, 0x49EC, 0x41CC, 0x49CC, 0x49CC, 0x49CC, 0x41CB, 0x49AC, 0x49CC, 0x49CC, 0x49CC, 0x41AC, 
  0x41AB, 0x49AC, 0x49AC, 0x49CB, 0x41AB, 0x41AC, 0x49AC, 0x49CC, 0x49AB, 0x49CB, 0x41CC, 0x49CB, 
  0x49CB, 0x49AC, 0x49CC, 0x49AB, 0x49AC, 0x49CB, 0x49CB, 0x49CB, 0x49AB, 0x41CB, 0x49AB, 0x49AC, 
  0x49CB, 0x49AB, 0x49CB, 0x49AC, 0x49AB, 0x49AC, 0x49CB, 0x49AC, 0x49CB, 0x49AC, 0x49CB, 0x418B, 
  0x418B, 0x416B, 0x416C, 0x418C, 0x418B, 0x414B, 0x394B, 0x312B, 0x290A, 0x310B, 0x290A, 0x290A, 
  0x290A, 0x292B, 0x312A, 0x312A, 0x312A, 0x290B, 0x290A, 0x290A, 0x290B, 0x290A, 0x290B, 0x290A, 
  0x290B, 0x290B, 0x310B, 0x310B, 0x28EA, 0x290A, 0x290A, 0x292A, 0x1887, 0x0806, 0x3810, 0x3833, 
  0x282F, 0x302F, 0x100D, 0x280E, 0x300F, 0x180E, 0x282E, 0x284F, 0x282F, 0x304F, 0x382F, 0x38B0, 
  0x308F, 0x280F, 0x282F, 0x280F, 0x282F, 0x282F, 0x280F, 0x202E, 0x200D, 0x180E, 0x200F, 0x2810, 
  0x3032, 0x2831, 0x0002, 0x1064, 0x9338, 0xABD9, 0xAC1A, 0xB3FA, 0xAC1A, 0xAC1A, 0xAC1A, 0xAC19, 
  0xAC19, 0xB439, 0xB43A, 0xB43A, 0xB43A, 0xB439, 0xB419, 0xB439, 0xBC59, 0xB45A, 0xB439, 0xB419, 
  0xB43A, 0xC47A, 0xC49A, 0xBC7A, 0xBC9A, 0xC4BB, 0xC4BB, 0xC4BA, 0xC49A, 0xC49A, 0xCCDB, 0xCD1B, 
  0xCCDB, 0xC4BA, 0xCCBB, 0xE53C, 0xED9C, 0xED9C, 0xED9C, 0xEDBC, 0xEDDD, 0xF5FC, 0xF5DC, 0xFE7C, 
  0xFE9C, 0xFE5C, 0xFE7D, 0xFE9D, 0xFE9D, 0xFEBD, 0xFEBD, 0xFEDD, 0xFEDD, 0xFEDD, 0xFEDD, 0xFEDD, 
  0xFEBC, 0xFE7C, 0xFE9B, 0xFEFD, 0xFEFD, 0xFEDD, 0xFEFE, 0xFEFD, 0xFEFD, 0xFF1D, 0xFF1D, 0xFF1D, 
  0xFEFD, 0xFEDD, 0xFEDD, 0xFEDD, 0xFEFD, 0xFEDD, 0xFEDD, 0xFEBC, 0xFE9D, 0xFE9C, 0xFE9D, 0xFEBC, 
  0xCC56, 0x0043, 0x0006, 0x4050, 0x282E, 0x180C, 0x182D, 0x3050, 0x282F, 0x280D, 0x200C, 0x282D, 
  0x302D, 0x080D, 0x100D, 0x200D, 0x49D0, 0x7BB4, 0x202D, 0x282D, 0x204C, 0x180D, 0x382D, 0x404D, 
  0x102E, 0x3011, 0x3030, 0x284D, 0x100B, 0x7B11, 0x8372, 0x080B, 0x3070, 0x3090, 0x200C, 0x280B, 
  0x3091, 0x30B4, 0x284F, 0x284E, 0x2890, 0x282E, 0x282E, 0x284E, 0x282F, 0x0809, 0x0002, 0x8314, 
  0xED7C, 0xED9C, 0xED7B, 0xED5B, 0xED7B, 0xED5B, 0xED5B, 0xE53B, 0xE53B, 0xE53B, 0xED5B, 0xE53B, 
  0xE53B, 0xED3B, 0xED5C, 0xED3B, 0xED5B, 0xED3B, 0xED5B, 0xED7C, 0xED7B, 0xED5B, 0xED5B, 0xED5B, 
  0xF57B, 0xED9B, 0xED7B, 0xED7C, 0xED7C, 0xED5B, 0xED3B, 0xED5B, 0xED5C, 0xED5B, 0xED5B, 0xED7B, 
  0xED7B, 0xF59B, 0xED9B, 0xF57B, 0xF57B, 0xF57B, 0xED7B, 0xED7B, 0xED5B, 0xF53B, 0xE4BB, 0xCC5B, 
  0xD49B, 0xCC5B, 0xC45B, 0xD47B, 0xC45B, 0xA3DA, 0x9B9A, 0x939A, 0x935A, 0x8B7A, 0x9379, 0x935A, 
  0x937A, 0x939A, 0x939A, 0x937A, 0x939A, 0x937B, 0x937A, 0x9379, 0x937A, 0x937A, 0x937A, 0x935A, 
  0x935A, 0x935A, 0x937A, 0x8B5A, 0x8B3A, 0x933A, 0x935A, 0x933B, 0x6A33, 0x0000, 0x0805, 0x3051, 
  0x3050, 0x282F, 0x302F, 0x3010, 0x4091, 0x5953, 0x304F, 0x202E, 0x282F, 0x282F, 0x282F, 0x30AF, 
  0x308F, 0x282F, 0x200E, 0x100D, 0xB496, 0xAC16, 0x100E, 0x180C, 0x0807, 0x100A, 0x080C, 0x180C, 
  0x2810, 0x200F, 0x0000, 0x18C8, 0x939A, 0x49D1, 0x0827, 0x1889, 0x18AA, 0x18AA, 0x18AA, 0x20A9, 
  0x18A9, 0x18AA, 0x18AA, 0x18A9, 0x18AA, 0x18C9, 0x18C9, 0x20CA, 0x188A, 0x18A9, 0x18A9, 0x10AA, 
  0x18CA, 0x18AA, 0x20CA, 0x20CA, 0x18A9, 0x20CA, 0x20CA, 0x18CA, 0x20A9, 0x18CA, 0x20CA, 0x20AA, 
  0x18AA, 0x1889, 0x188A, 0x2089, 0x28AA, 0x28C9, 0x28CA, 0x28EA, 0x28EA, 0x28E9, 0x28CA, 0x392A, 
  0x394A, 0x312A, 0x3929, 0x392A, 0x3929, 0x312A, 0x3929, 0x394A, 0x3929, 0x392A, 0x392A, 0x392A, 
  0x3909, 0x3109, 0x30E9, 0x30E9, 0x30E9, 0x3109, 0x3129, 0x3929, 0x3929, 0x392A, 0x3929, 0x3949, 
  0x394A, 0x3929, 0x394A, 0x3929, 0x312A, 0x3929, 0x3929, 0x3949, 0x3929, 0x392A, 0x3128, 0x496D, 
  0x9AFA, 0x392B, 0x0000, 0x2830, 0x4032, 0x48CD, 0x388E, 0x200D, 0x280C, 0x28B1, 0x3196, 0x280E, 
  0x282D, 0x282E, 0x284E, 0x284E, 0x202D, 0x100C, 0x284E, 0x4032, 0x180E, 0x48AD, 0xFDB3, 0xFCF3, 
  0x800B, 0x102D, 0x284C, 0x304F, 0x3011, 0x38EE, 0x410F, 0x280F, 0x284E, 0x282C, 0x30F2, 0x30D3, 
  0x300B, 0x180D, 0x180D, 0x2890, 0x29B7, 0x286F, 0x282D, 0x282E, 0x284F, 0x0005, 0x0024, 0x9398, 
  0x9337, 0x3128, 0x2887, 0x2887, 0x2888, 0x28A7, 0x28A7, 0x2887, 0x2887, 0x2888, 0x28A7, 0x30A7, 
  0x30A7, 0x28A8, 0x28A7, 0x28A8, 0x30A7, 0x28A7, 0x30A7, 0x28A7, 0x28A7, 0x2887, 0x28A7, 0x30A7, 
  0x28A7, 0x30A7, 0x30C7, 0x28A7, 0x28A7, 0x28A7, 0x28A8, 0x30A8, 0x28A7, 0x30A7, 0x30A7, 0x28A7, 
  0x2087, 0x28A7, 0x30A7, 0x30A8, 0x28A8, 0x30A7, 0x30A8, 0x30A8, 0x28C8, 0x30A8, 0x2049, 0x2869, 
  0x2888, 0x2067, 0x2068, 0x2867, 0x1847, 0x1027, 0x1027, 0x1026, 0x1027, 0x1847, 0x1847, 0x1847, 
  0x1026, 0x1846, 0x1846, 0x1846, 0x1026, 0x1026, 0x1026, 0x1806, 0x1026, 0x1026, 0x1026, 0x1026, 
  0x1006, 0x1826, 0x1826, 0x1847, 0x1026, 0x2047, 0x1845, 0x6232, 0x82F7, 0x0023, 0x0001, 0x100A, 
  0x2811, 0x282F, 0x180B, 0x080B, 0x30ED, 0xABD6, 0x38B0, 0x200E, 0x202F, 0x282F, 0x382E, 0x4891, 
  0x30AF, 0x282F, 0x282E, 0x380D, 0x61B1, 0x4971, 0x200F, 0x182D, 0x0808, 0x0007, 0x1808, 0xDB8E, 
  0xD3B1, 0x280D, 0x0002, 0x18A7, 0xAC1C, 0x49EE, 0x0000, 0x0000, 0x0000, 0x0000, 0x0000, 0x0000, 
  0x0000, 0x0000, 0x0000, 0x0000, 0x0000, 0x0000, 0x0000, 0x0000, 0x0000, 0x0000, 0x0000, 0x0000, 
  0x0000, 0x0000, 0x0000, 0x0000, 0x0000, 0x0000, 0x0000, 0x0000, 0x0000, 0x0000, 0x0000, 0x0000, 
  0x0000, 0x0000, 0x0000, 0x0000, 0x0000, 0x0000, 0x0000, 0x0000, 0x0000, 0x0000, 0x0000, 0x0000, 
  0x0000, 0x0000, 0x0000, 0x0000, 0x0000, 0x0000, 0x0000, 0x0000, 0x0000, 0x0000, 0x0000, 0x0000, 
  0x0000, 0x0000, 0x0000, 0x0000, 0x0000, 0x0000, 0x0000, 0x0000, 0x0000, 0x0000, 0x0000, 0x0000, 
  0x0000, 0x0000, 0x0000, 0x0000, 0x0000, 0x0000, 0x0000, 0x0000, 0x0000, 0x0000, 0x0000, 0x20C9, 
  0x933B, 0x20E9, 0x0000, 0x100F, 0x3812, 0xD472, 0xA310, 0x080C, 0x280D, 0x288F, 0x2932, 0x284E, 
  0x202D, 0x282E, 0x282E, 0x284E, 0x284D, 0x204D, 0x284D, 0x304F, 0x180E, 0x284C, 0xD430, 0xFBEF, 
  0x600B, 0x182D, 0x204D, 0x284E, 0x284F, 0x200C, 0x200D, 0x284F, 0x284D, 0x282C, 0x28B0, 0x20B0, 
  0x200D, 0x40ED, 0x50EE, 0x280E, 0x204F, 0x284E, 0x284E, 0x284E, 0x282F, 0x0006, 0x0004, 0x9357, 
  0x7A94, 0x0000, 0x0260, 0x02C2, 0x0262, 0x0222, 0x0242, 0x0201, 0x0221, 0x0242, 0x0241, 0x0220, 
  0x01C0, 0x0201, 0x01E2, 0x01C1, 0x01E1, 0x01E1, 0x01A1, 0x0221, 0x0242, 0x0242, 0x0221, 0x0200, 
  0x0A42, 0x0221, 0x0201, 0x01E1, 0x01E1, 0x01E2, 0x0202, 0x0220, 0x0A61, 0x09E0, 0x0180, 0x01E2, 
  0x0A22, 0x01E1, 0x0201, 0x0201, 0x0201, 0x01C1, 0x01E1, 0x0242, 0x0A02, 0x0203, 0x0222, 0x0222, 
  0x0241, 0x0241, 0x0200, 0x0200, 0x0201, 0x0A42, 0x0A62, 0x0A81, 0x0AA1, 0x0220, 0x0201, 0x0A21, 
  0x1241, 0x0A21, 0x0221, 0x0241, 0x1A82, 0x1262, 0x1261, 0x1261, 0x1261, 0x1282, 0x1262, 0x0A61, 
  0x1261, 0x0241, 0x0A81, 0x12A2, 0x12C1, 0x02A1, 0x0000, 0x61F0, 0x9379, 0x0002, 0x0001, 0x510E, 
  0x6932, 0x280F, 0x180B, 0x0807, 0x0808, 0x182C, 0x282E, 0x302F, 0x404F, 0x282F, 0x382F, 0x4891, 
  0x30AF, 0x282E, 0x282F, 0x402E, 0x180D, 0x100D, 0x282F, 0x282F, 0x200D, 0x0007, 0x5046, 0xFD4E, 
  0xFD4E, 0x402B, 0x0002, 0x18C8, 0xAC1C, 0x49EF, 0x0000, 0x0000, 0x0000, 0x0000, 0x0000, 0x0001, 
  0x0001, 0x0000, 0x0001, 0x0001, 0x0001, 0x0001, 0x0001, 0x0000, 0x0000, 0x0001, 0x0000, 0x0000, 
  0x0000, 0x0001, 0x0001, 0x0001, 0x0001, 0x0001, 0x0001, 0x0000, 0x0001, 0x0001, 0x0001, 0x0000, 
  0x0000, 0x0001, 0x0000, 0x0000, 0x0800, 0x1000, 0x0000, 0x0000, 0x0001, 0x0001, 0x0001, 0x0001, 
  0x0000, 0x0000, 0x0001, 0x0000, 0x0001, 0x0001, 0x0000, 0x0001, 0x0001, 0x0001, 0x0001, 0x0001, 
  0x0001, 0x0001, 0x0001, 0x0000, 0x0000, 0x0001, 0x0001, 0x0001, 0x0001, 0x0000, 0x0000, 0x0000, 
  0x0000, 0x0001, 0x0001, 0x0001, 0x0000, 0x0001, 0x0001, 0x0000, 0x2840, 0x2820, 0x0000, 0x290B, 
  0x9B9B, 0x20EA, 0x0000, 0x300C, 0x280E, 0x490F, 0x58EE, 0x200D, 0x304D, 0x382C, 0x200B, 0x302C, 
  0x304C, 0x302D, 0x302D, 0x302D, 0x282E, 0x382D, 0x284D, 0x284C, 0x304C, 0x182C, 0x480B, 0x502D, 
  0x280C, 0x482C, 0x302D, 0x282D, 0x382D, 0x304D, 0x204D, 0x384D, 0x304D, 0x204E, 0x380B, 0x300B, 
  0x100C, 0xBCF2, 0xF5D2, 0x280D, 0x280C, 0x304D, 0x204E, 0x302E, 0x382E, 0x0006, 0x0004, 0x8B37, 
  0x8274, 0x0022, 0x1D03, 0x3E24, 0x2D84, 0x3DC4, 0x3D84, 0x2D63, 0x2D44, 0x2D64, 0x3DA4, 0x1CA3, 
  0x14C3, 0x45E4, 0x3524, 0x24E3, 0x2D03, 0x3543, 0x2D44, 0x2D44, 0x3DA5, 0x4DC5, 0x2CC4, 0x1483, 
  0x45C5, 0x3D84, 0x2D03, 0x2D24, 0x3544, 0x34C4, 0x2CE3, 0x1502, 0x3D84, 0x2D03, 0x0C42, 0x2CE4, 
  0x4DA4, 0x3D64, 0x3524, 0x1CC3, 0x3D63, 0x3D64, 0x3524, 0x24E4, 0x3D84, 0x3523, 0x2CE3, 0x14C2, 
  0x2523, 0x3D43, 0x1442, 0x2483, 0x3D43, 0x3D64, 0x2504, 0x3DA4, 0x45C4, 0x1D23, 0x0C63, 0x3584, 
  0x45E3, 0x2D23, 0x24C3, 0x24C3, 0x5D86, 0x44E5, 0x3D64, 0x3563, 0x3DA3, 0x45A4, 0x3545, 0x2D44, 
  0x55E4, 0x3544, 0x1CA3, 0x3504, 0x4DE4, 0x25C4, 0x00C0, 0x5970, 0x8B38, 0x0003, 0x0001, 0x9270, 
  0xAAB4, 0x180E, 0x284F, 0x182C, 0x202D, 0x280F, 0x202F, 0x302E, 0x504F, 0x282F, 0x202E, 0x30B0, 
  0x30AF, 0x280D, 0x200C, 0x202E, 0x202E, 0x280E, 0x282E, 0x280E, 0x280F, 0x202E, 0x080A, 0x4888, 
  0x404B, 0x080D, 0x0002, 0x18C7, 0xAC3C, 0x49EF, 0x0000, 0x0000, 0x0003, 0x0003, 0x0003, 0x0003, 
  0x0003, 0x0003, 0x0003, 0x0003, 0x0003, 0x0003, 0x0001, 0x0001, 0x0003, 0x0003, 0x0003, 0x0003, 
  0x0003, 0x0003, 0x0002, 0x0002, 0x0003, 0x0003, 0x0003, 0x0003, 0x0003, 0x0002, 0x0001, 0x0003, 
  0x0003, 0x0002, 0x0006, 0x50A9, 0xF52B, 0xFD2D, 0x6027, 0x0003, 0x0002, 0x0003, 0x0003, 0x0002, 
  0x0003, 0x0005, 0x0002, 0x0003, 0x0002, 0x0064, 0x1967, 0x0003, 0x0002, 0x0003, 0x0003, 0x0003, 
  0x0003, 0x0003, 0x0802, 0xA429, 0x5247, 0x0002, 0x0002, 0x0003, 0x0003, 0x0003, 0x0868, 0x0024, 
  0x0002, 0x0002, 0x0002, 0x0804, 0x0804, 0x0002, 0x0003, 0x0003, 0x1022, 0x2020, 0x0000, 0x290B, 
  0x9BBB, 0x210A, 0x0000, 0x502B, 0x386F, 0x300D, 0x500E, 0x204D, 0x402C, 0x484B, 0x204D, 0x404C, 
  0x404C, 0x402C, 0x402B, 0x382C, 0x304D, 0x482C, 0x304D, 0x304C, 0x402B, 0x404D, 0x402D, 0x100E, 
  0x482D, 0x482D, 0x484C, 0x384C, 0x482C, 0x404D, 0x284D, 0x502B, 0x404C, 0x204E, 0x402C, 0x482B, 
  0x202C, 0x512D, 0x516D, 0x180D, 0x402C, 0x402C, 0x204D, 0x304D, 0x404D, 0x0006, 0x0003, 0x8B37, 
  0x8275, 0x0042, 0x0440, 0x04E0, 0x04E0, 0x04C0, 0x0460, 0x0500, 0x0540, 0x0461, 0x2522, 0x1561, 
  0x1600, 0x0CC0, 0x0440, 0x0520, 0x0500, 0x0480, 0x14E0, 0x0480, 0x03C0, 0x0440, 0x0480, 0x0480, 
  0x0480, 0x0420, 0x0420, 0x0CC0, 0x0420, 0x0C60, 0x1D20, 0x0421, 0x03A1, 0x14C1, 0x1D01, 0x14C0, 
  0x0440, 0x1500, 0x14A0, 0x0C60, 0x1D41, 0x1522, 0x35A1, 0x14A1, 0x0480, 0x0CC0, 0x1D40, 0x0C21, 
  0x03E1, 0x14E1, 0x2D41, 0x0C80, 0x0460, 0x2DC0, 0x1500, 0x0C61, 0x0440, 0x2560, 0x0DA0, 0x1580, 
  0x1D00, 0x14E0, 0x0CC0, 0x14A1, 0x0C81, 0x1CE1, 0x1500, 0x0CE0, 0x0CC0, 0x0CC0, 0x1D41, 0x1C81, 
  0x0401, 0x2581, 0x1CA0, 0x03E0, 0x1D41, 0x2DC3, 0x00C0, 0x5970, 0x8B38, 0x0003, 0x0001, 0x180B, 
  0x2830, 0x284E, 0x284E, 0x304F, 0x304F, 0x282E, 0x282F, 0x284E, 0x202E, 0x282E, 0x282F, 0x3890, 
  0x306E, 0x28B1, 0x3193, 0x200E, 0x200E, 0x202E, 0x202E, 0x282E, 0x280E, 0x282F, 0x282F, 0x000E, 
  0x080E, 0x180A, 0x0002, 0x18C7, 0xAC3C, 0x49F0, 0x0000, 0x0000, 0x0002, 0x0002, 0x0003, 0x0001, 
  0x0000, 0x0000, 0x0002, 0x0003, 0x0002, 0x0000, 0x536D, 0x3A4A, 0x0000, 0x0002, 0x0002, 0x0003, 
  0x2001, 0x80E1, 0x81E3, 0x89E3, 0x70E1, 0x1800, 0x0003, 0x0003, 0x0002, 0x0004, 0x0047, 0x0002, 
  0x0002, 0x0001, 0x0007, 0x892C, 0xFE6A, 0xFDA8, 0x9847, 0x0004, 0x0002, 0x0002, 0x0003, 0x0001, 
  0x0004, 0x0029, 0x0002, 0x0002, 0x0001, 0x1126, 0x43CE, 0x0002, 0x0002, 0x0002, 0x0002, 0x0002, 
  0x0002, 0x0003, 0x2001, 0xFF27, 0x9C26, 0x0001, 0x0003, 0x0002, 0x0002, 0x0003, 0x0848, 0x0001, 
  0x0000, 0x0000, 0x0000, 0x0000, 0x0000, 0x0000, 0x0002, 0x0003, 0x0003, 0x0000, 0x0000, 0x290B, 
  0x939A, 0x20E9, 0x0001, 0x084B, 0x504F, 0x384C, 0x086D, 0x584C, 0x404C, 0x106D, 0x584C, 0x304C, 
  0x184D, 0x484B, 0x102B, 0x302B, 0x504C, 0x084C, 0x484C, 0x402B, 0x202C, 0x482D, 0x102C, 0x582D, 
  0x886E, 0x682D, 0x182C, 0x486C, 0x304D, 0x284D, 0x682C, 0x202C, 0x204C, 0x502C, 0x104D, 0x304B, 
  0x582C, 0x000C, 0x180B, 0x602C, 0x184D, 0x284D, 0x584C, 0x204D, 0x204D, 0x0005, 0x0004, 0x8B36, 
  0x7A54, 0x0022, 0x55E6, 0x76AA, 0x7668, 0x6E47, 0x6E08, 0x65E8, 0x96EA, 0x4D66, 0x0421, 0x15A0, 
  0x2D62, 0x6DEA, 0x65CA, 0x764B, 0x762B, 0x658A, 0x5D4B, 0x6DAB, 0x762B, 0x766C, 0x7E6C, 0x7E6B, 
  0x6E2B, 0x5549, 0x6DEA, 0x2503, 0x14C1, 0x0441, 0x0C81, 0x1D42, 0x1C62, 0x03C1, 0x14C2, 0x35C2, 
  0x2501, 0x03C2, 0x1CC2, 0x2D42, 0x3E02, 0x1462, 0x1442, 0x1CE2, 0x1D03, 0x1D02, 0x14C2, 0x2522, 
  0x0C02, 0x03A2, 0x1CC2, 0x1D02, 0x0CA2, 0x14E2, 0x24E2, 0x1CE2, 0x0C61, 0x0361, 0x2420, 0x1CE1, 
  0x3D63, 0x0421, 0x1D03, 0x2DA3, 0x0C82, 0x14A2, 0x0CA2, 0x2521, 0x14C2, 0x0421, 0x0C81, 0x1502, 
  0x1CC1, 0x0422, 0x2DA2, 0x0CA1, 0x0401, 0x04C3, 0x00E0, 0x5970, 0x8B38, 0x0003, 0x0001, 0x180B, 
  0x3030, 0x282F, 0x282F, 0x282E, 0x282F, 0x282F, 0x282F, 0x282F, 0x2830, 0x3051, 0x282F, 0x388F, 
  0x306D, 0x2912, 0x3A57, 0x280E, 0x200D, 0x180D, 0x280E, 0x202E, 0x280E, 0x202E, 0x202F, 0x280F, 
  0x3030, 0x186D, 0x0002, 0x18C7, 0xAC3C, 0x49F0, 0x0000, 0x0000, 0x0002, 0x0003, 0x0000, 0x0003, 
  0x3A15, 0x31CF, 0x0000, 0x0001, 0x0003, 0x0001, 0x29C8, 0x1926, 0x0001, 0x0002, 0x0002, 0x2001, 
  0xF3E2, 0xFF8E, 0xFFF4, 0xFFF3, 0xFFAE, 0xFC41, 0x3001, 0x0002, 0x0002, 0x0025, 0x006A, 0x0003, 
  0x0002, 0x0003, 0x0001, 0x0001, 0x50A5, 0x58E4, 0x0001, 0x0002, 0x0003, 0x0002, 0x0002, 0x0003, 
  0x0002, 0x0002, 0x0002, 0x0002, 0x0003, 0x0002, 0x0002, 0x0002, 0x0002, 0x0002, 0x0002, 0x0002, 
  0x0003, 0x0003, 0x0003, 0x4920, 0x30C1, 0x0003, 0x0003, 0x0002, 0x0002, 0x0001, 0x0000, 0x0005, 
  0x0006, 0x000A, 0x000E, 0x000B, 0x0007, 0x0006, 0x0001, 0x0001, 0x0003, 0x0001, 0x0000, 0x290B, 
  0x9B7B, 0x20EA, 0x0000, 0x502A, 0x286F, 0x286E, 0x682C, 0x186D, 0x286D, 0x584B, 0x106D, 0x384D, 
  0x584C, 0x004D, 0x482C, 0x584C, 0x004C, 0x502C, 0x284C, 0x104C, 0x602C, 0x182C, 0x300C, 0x784D, 
  0x708E, 0x704E, 0x704D, 0x084C, 0x408D, 0x808D, 0x084E, 0x504C, 0x604C, 0x004D, 0x584D, 0x484D, 
  0x084E, 0x704C, 0x404D, 0x086E, 0x784C, 0x486D, 0x086E, 0x482C, 0x300C, 0x0006, 0x0004, 0x8B37, 
  0x6A53, 0x0002, 0xD6D3, 0xFFF6, 0xE7D6, 0xEFB6, 0xCF53, 0xC752, 0xFFFF, 0x9EB2, 0x0580, 0x2B42, 
  0xA8CA, 0x752A, 0x6F49, 0x76EA, 0x7ECB, 0x6E49, 0x7669, 0x870A, 0x76C9, 0x76CA, 0x76AA, 0x6E8A, 
  0x76A9, 0x6E4A, 0xCF57, 0x3DA4, 0x1D80, 0x2DA1, 0x2581, 0x2E01, 0x35E1, 0x1D21, 0x2582, 0x3E61, 
  0x3641, 0x1D41, 0x2541, 0x25C2, 0x2DE2, 0x1521, 0x2582, 0x25A2, 0x4622, 0x2DA2, 0x1D61, 0x3642, 
  0x3621, 0x35A2, 0x1D21, 0x25A1, 0x3642, 0x2582, 0x1D81, 0x3642, 0x3681, 0x0442, 0xA003, 0x8243, 
  0x1EC3, 0x2DA1, 0x2582, 0x3E62, 0x4EA2, 0x1541, 0x2582, 0x25C2, 0x2E41, 0x1D81, 0x1D61, 0x3641, 
  0x3E22, 0x1D62, 0x2DC3, 0x3642, 0x3EA2, 0x1582, 0x00A0, 0x596F, 0x8B38, 0x0004, 0x0002, 0x282B, 
  0x3810, 0x280E, 0x282F, 0x302F, 0x180E, 0x100E, 0x302F, 0x282F, 0x3050, 0x3071, 0x282E, 0x3890, 
  0x308E, 0x200D, 0x200C, 0x202E, 0x384F, 0x4851, 0x200E, 0x202E, 0x200E, 0x100E, 0x280E, 0x282E, 
  0x280F, 0x2933, 0x0003, 0x18A6, 0xA43C, 0x49EF, 0x0000, 0x0000, 0x0003, 0x0000, 0x1045, 0x1BDC, 
  0xBFFF, 0xDFFF, 0x22D6, 0x0001, 0x0001, 0x0003, 0x0000, 0x0001, 0x0003, 0x0003, 0x0002, 0xDB02, 
  0xEB82, 0xC4EA, 0xE687, 0xFE86, 0xD5C8, 0xDD22, 0xE200, 0x1802, 0x0003, 0x0002, 0x0000, 0x0002, 
  0x0003, 0x0003, 0x0002, 0x0002, 0x0023, 0x0064, 0x0002, 0x0002, 0x0002, 0x0003, 0x0003, 0x0002, 
  0x0003, 0x0002, 0x0002, 0x0003, 0x0003, 0x0003, 0x0002, 0x0003, 0x0002, 0x0002, 0x0003, 0x0003, 
  0x0003, 0x0003, 0x0003, 0x0002, 0x0001, 0x0004, 0x0004, 0x0002, 0x0002, 0x0000, 0x0009, 0x0014, 
  0x0013, 0x1998, 0x2A5B, 0x1958, 0x0015, 0x1017, 0x082C, 0x0000, 0x0002, 0x0000, 0x0000, 0x290B, 
  0x93BB, 0x20EA, 0x0000, 0x1829, 0x584E, 0x504D, 0x086C, 0x604C, 0x502C, 0x084D, 0x806C, 0x504B, 
  0x084C, 0x704C, 0x482C, 0x384D, 0x704B, 0x180B, 0x302C, 0x802C, 0x100B, 0x684D, 0x906D, 0x400D, 
  0x706E, 0x582D, 0x404E, 0x706D, 0x602C, 0x284C, 0x702B, 0x402C, 0x304C, 0x802C, 0x284C, 0x384D, 
  0x784D, 0x282C, 0x384C, 0x784D, 0x206C, 0x484C, 0x582B, 0x084C, 0x582E, 0x1806, 0x0004, 0x8B16, 
  0x6A32, 0x0003, 0xB6B2, 0xAFEC, 0x7ECD, 0x3E04, 0x36A1, 0x3DA6, 0xFFBF, 0xA730, 0x0620, 0x9C0C, 
  0xFAB5, 0x4BC3, 0x0540, 0x0500, 0x0D60, 0x1520, 0x0D00, 0x0D20, 0x0420, 0x2560, 0x25C0, 0x04E0, 
  0x0480, 0x8E70, 0xF7FA, 0x3600, 0x0500, 0x35C2, 0x4623, 0x1D41, 0x2561, 0x2DA2, 0x2DA1, 0x2581, 
  0x2DC1, 0x3E42, 0x25A1, 0x1560, 0x3601, 0x2DE2, 0x3E21, 0x2D61, 0x0C81, 0x2DA2, 0x4E83, 0x2DC2, 
  0x2562, 0x2D42, 0x2582, 0x2DC1, 0x1D01, 0x3602, 0x35C1, 0x1D60, 0x35E0, 0x1E01, 0xAD97, 0xAE98, 
  0x0D22, 0x2DE1, 0x2D81, 0x1D21, 0x25E2, 0x1D42, 0x4663, 0x3E23, 0x1501, 0x35E2, 0x35C1, 0x1D81, 
  0x25C2, 0x3E22, 0x2D62, 0x2582, 0x46C1, 0x2DC3, 0x0060, 0x596F, 0x8B38, 0x0003, 0x0002, 0x300B, 
  0x3114, 0x3134, 0x280D, 0x180E, 0x6970, 0x9212, 0x180E, 0x282E, 0x282F, 0x302E, 0x282E, 0x38B1, 
  0x4090, 0x400F, 0x202E, 0x180D, 0x4850, 0x6072, 0x202E, 0x100D, 0x280E, 0x8850, 0x380F, 0x202E, 
  0x202E, 0x202C, 0x0002, 0x18A7, 0xA41C, 0x49EF, 0x0000, 0x0000, 0x0002, 0x0001, 0x0885, 0x72EE, 
  0xA43C, 0xD4DF, 0x62B1, 0x0002, 0x0001, 0x0002, 0x0002, 0x0002, 0x0002, 0x0002, 0x0020, 0xD282, 
  0xD285, 0xD529, 0xFDE0, 0xFE00, 0xDCC3, 0xAB24, 0xF980, 0x2800, 0x0003, 0x0002, 0x0002, 0x0002, 
  0x0002, 0x0002, 0x0003, 0x0002, 0x0002, 0x0002, 0x0002, 0x0003, 0x0002, 0x0002, 0x2802, 0x0802, 
  0x0002, 0x0002, 0x2002, 0x0002, 0x0003, 0x0002, 0x0001, 0x0003, 0x0003, 0x0002, 0x0002, 0x0002, 
  0x0002, 0x0003, 0x0003, 0x0003, 0x0002, 0x0004, 0x0805, 0x0002, 0x0000, 0x0009, 0x08FA, 0x2B7A, 
  0x35BA, 0x5FDE, 0x7FFE, 0x677C, 0x565B, 0x2CBB, 0x093A, 0x080A, 0x0001, 0x0000, 0x0000, 0x290B, 
  0x9BBB, 0x20EA, 0x0000, 0x602B, 0x584E, 0x404D, 0x684D, 0x382C, 0x504C, 0x804C, 0x504C, 0x584C, 
  0x704B, 0x484C, 0x586D, 0x684C, 0x500C, 0x604B, 0x684B, 0x400A, 0x606C, 0x808E, 0x706E, 0x804D, 
  0x502D, 0x584D, 0x90AD, 0x504D, 0x704D, 0x708C, 0x380C, 0x706E, 0x686D, 0x380C, 0x604C, 0x704C, 
  0x404D, 0x788D, 0x686C, 0x404D, 0x704D, 0x504C, 0x382C, 0x704E, 0x604F, 0x0007, 0x0003, 0x8B16, 
  0x7233, 0x0803, 0xA690, 0x97EB, 0x2D04, 0x04A0, 0x0580, 0x5E08, 0xFFFC, 0xAF51, 0x0520, 0x3302, 
  0x6284, 0x1460, 0x0500, 0x0CA0, 0x0480, 0x0480, 0x1500, 0x0CE0, 0x2D22, 0x2D23, 0x1D03, 0x1441, 
  0x0B40, 0xBEB6, 0x9DF2, 0x858E, 0x7E0D, 0x04A0, 0x14E1, 0x2503, 0x14E2, 0x2542, 0x2D63, 0x14E2, 
  0x14C2, 0x2542, 0x2D62, 0x1D02, 0x2562, 0x1D03, 0x1D22, 0x14C1, 0x14C1, 0x14C1, 0x1D02, 0x2522, 
  0x1484, 0x1442, 0x2543, 0x2543, 0x0C62, 0x2D43, 0x2522, 0x1D62, 0x0542, 0x5B00, 0x5A55, 0x2437, 
  0x2D43, 0x1D03, 0x14A3, 0x14C2, 0x0CC1, 0x2D43, 0x3544, 0x1462, 0x03E1, 0x2D22, 0x1D02, 0x2542, 
  0x1D02, 0x2522, 0x2D23, 0x1CE3, 0x14C1, 0x2523, 0x00A0, 0x5970, 0x8B38, 0x0002, 0x0002, 0x200C, 
  0x30B3, 0x30D2, 0x300E, 0x180D, 0x6991, 0x8A32, 0x180E, 0x282E, 0x282E, 0x284F, 0x282F, 0x4891, 
  0x388F, 0x302E, 0x200E, 0x282E, 0x180D, 0x182D, 0x200D, 0x388F, 0x58D0, 0x582F, 0x280E, 0x282F, 
  0x5011, 0x302E, 0x0002, 0x18C7, 0xA43C, 0x49F0, 0x0000, 0x0000, 0x0002, 0x0003, 0x0001, 0x1800, 
  0x9011, 0x700C, 0x0000, 0x0001, 0x0003, 0x0002, 0x0002, 0x0002, 0x0002, 0x0000, 0x426A, 0x722A, 
  0x9840, 0xC9E0, 0xC241, 0xBA01, 0xA981, 0xA040, 0xCA67, 0x734B, 0x0001, 0x0003, 0x51E3, 0xBCA0, 
  0x9BA1, 0x0823, 0x0002, 0x0002, 0x0002, 0x0001, 0x0002, 0x0003, 0x0002, 0x20C3, 0x80C3, 0x8821, 
  0x40E2, 0x4047, 0xF8AE, 0x8065, 0x0000, 0x0046, 0x00AC, 0x0002, 0x0002, 0x2022, 0x7002, 0x9003, 
  0x8043, 0x1002, 0x0002, 0x0003, 0x0003, 0x0002, 0x0003, 0x0002, 0x0000, 0x0010, 0x151F, 0x47FF, 
  0x3FFE, 0x37FD, 0x37FC, 0x3FFD, 0x57FD, 0x27FF, 0x047E, 0x0811, 0x0002, 0x0000, 0x0000, 0x290B, 
  0x9BBB, 0x20EA, 0x0001, 0x482A, 0x684E, 0x604D, 0x504C, 0x604D, 0x704D, 0x604B, 0x588C, 0x686C, 
  0x704A, 0x588C, 0x684C, 0x584C, 0x68AD, 0x786B, 0x406A, 0x506B, 0x804D, 0x804E, 0x682D, 0x384D, 
  0x500C, 0x800B, 0x582B, 0x582C, 0x782D, 0x904E, 0x606D, 0x706D, 0x708C, 0x688D, 0x986C, 0x682B, 
  0x606C, 0x806B, 0x684C, 0x584D, 0x702C, 0x684D, 0x586E, 0x582D, 0x682F, 0x0806, 0x0003, 0x8B16, 
  0x6A53, 0x0803, 0xB6AF, 0x7F2C, 0x75CD, 0x7DEE, 0x7DEE, 0x5EA7, 0xF7F9, 0xAF12, 0x0500, 0x3DC8, 
  0x1D87, 0x4548, 0x4D28, 0x65CA, 0x5569, 0x4528, 0x5529, 0x4547, 0x3581, 0x14C1, 0x0C62, 0x0380, 
  0x85AE, 0xBF35, 0x0320, 0x0B23, 0x85CF, 0xA6B3, 0x1CC4, 0x04A0, 0x2523, 0x14A2, 0x0CA2, 0x2D82, 
  0x2D61, 0x0420, 0x1CA2, 0x1CE2, 0x2DC2, 0x0CC1, 0x0C81, 0x1D02, 0x2D42, 0x1CA1, 0x03E0, 0x1D22, 
  0x2542, 0x0C62, 0x1CA2, 0x1D02, 0x2582, 0x0C81, 0x0461, 0x1D61, 0x1E01, 0x3983, 0x1805, 0x00A3, 
  0x3DC3, 0x1482, 0x03E2, 0x2501, 0x1521, 0x1483, 0x0C03, 0x1C83, 0x1501, 0x0441, 0x0401, 0x2D42, 
  0x2DA2, 0x0421, 0x1D02, 0x1D02, 0x0C82, 0x04E3, 0x00C0, 0x5970, 0x8B38, 0x0003, 0x1001, 0x504B, 
  0x3030, 0x280D, 0x284F, 0x304F, 0x180E, 0x080D, 0x282E, 0x3851, 0x3050, 0x282E, 0x282F, 0x4090, 
  0x308F, 0x200F, 0x282E, 0x200E, 0x202E, 0x200E, 0x080C, 0x9B14, 0xDC58, 0x080D, 0x180D, 0x282E, 
  0x4852, 0x282E, 0x0001, 0x18C7, 0xAC3C, 0x49EF, 0x0000, 0x0000, 0x0002, 0x0003, 0x0002, 0x0002, 
  0x0001, 0x0001, 0x0003, 0x0002, 0x0003, 0x0002, 0x0002, 0x0002, 0x0000, 0x6267, 0xFFFB, 0x3A0A, 
  0x2909, 0x730F, 0x0000, 0x0000, 0x526A, 0x3128, 0x1925, 0xFFF8, 0x72C8, 0x0002, 0xA429, 0xFB42, 
  0xFAC2, 0xB902, 0x0002, 0x0001, 0x0025, 0x006C, 0x0003, 0x0002, 0x0002, 0x38C1, 0x8B6D, 0xC376, 
  0xD229, 0x6885, 0xC88F, 0x5866, 0x0000, 0x0004, 0x0048, 0x0001, 0x0002, 0xA206, 0xFBA4, 0xFD02, 
  0xFCE4, 0x82C5, 0x0002, 0x0002, 0x0003, 0x0003, 0x0002, 0x0002, 0x0000, 0x0811, 0x0C3E, 0x07FE, 
  0x073E, 0x06FE, 0x06FE, 0x06DE, 0x071E, 0x07BF, 0x033D, 0x0811, 0x0001, 0x0000, 0x0000, 0x290B, 
  0x9BBB, 0x20EA, 0x0001, 0x1829, 0x882D, 0x804C, 0x206B, 0xA02C, 0x804B, 0x186C, 0xA8AB, 0x706B, 
  0x184B, 0xA08B, 0x606D, 0x306D, 0x98CD, 0x580C, 0x680B, 0xF80C, 0x700A, 0xD02B, 0xD82A, 0x380A, 
  0xD80A, 0xD808, 0x300A, 0xF009, 0xC00A, 0x782C, 0xF88B, 0x600C, 0x400C, 0xC8CC, 0x688C, 0x504C, 
  0xB88C, 0x304C, 0x604C, 0xB02C, 0x306B, 0x786D, 0x986E, 0x282D, 0x780D, 0x2805, 0x0003, 0x8B16, 
  0x7234, 0x0822, 0x6645, 0x9FCE, 0x9F50, 0x8EEE, 0xB753, 0x4E67, 0xF7D9, 0x8E8E, 0x4E48, 0xD7B6, 
  0x76C8, 0x8EAA, 0x768A, 0x86AB, 0x7E8A, 0x8EEA, 0x55E8, 0xA691, 0x4E66, 0x1E00, 0x25A1, 0x0D00, 
  0xF7BB, 0x86AD, 0x1600, 0x1D80, 0x04A0, 0x6E2B, 0xB693, 0x2562, 0x1600, 0x1D80, 0x1D61, 0x3601, 
  0x3E21, 0x2E22, 0x25A1, 0x2D81, 0x46A2, 0x25C2, 0x35E2, 0x35A2, 0x2581, 0x3621, 0x3602, 0x25C1, 
  0x25C1, 0x25A1, 0x3DE2, 0x4602, 0x2DE1, 0x35C1, 0x2DA1, 0x3602, 0x4641, 0x1D41, 0x1D81, 0x1D60, 
  0x2DA0, 0x2DA1, 0x2581, 0x2DA2, 0x3642, 0x1520, 0x3DC2, 0x3E22, 0x46A2, 0x1DC0, 0x2581, 0x2DE1, 
  0x3621, 0x2D61, 0x35E1, 0x25C0, 0x3EC1, 0x2E63, 0x0080, 0x5150, 0x8B38, 0x0001, 0x0802, 0x302D, 
  0x3051, 0x280D, 0x280D, 0x282F, 0x282F, 0x282F, 0x282E, 0x4052, 0x3850, 0x282E, 0x282E, 0x308F, 
  0x30AF, 0x280E, 0x280F, 0x3030, 0x202E, 0x200E, 0x180E, 0x38AF, 0x4930, 0x100D, 0x100D, 0x282F, 
  0x182E, 0x3890, 0x0004, 0x10C6, 0xAC3C, 0x51F0, 0x0000, 0x0000, 0x0002, 0x0002, 0x0002, 0x0002, 
  0x0001, 0x0002, 0x0003, 0x0002, 0x0001, 0x0026, 0x004A, 0x0001, 0x0001, 0x3965, 0x39A5, 0x0000, 
  0xC5B6, 0x7BD0, 0x0000, 0x0000, 0x6B0C, 0xA4B0, 0x0000, 0x2104, 0x2945, 0x0883, 0xDB89, 0xF824, 
  0xF802, 0xD861, 0x0023, 0x0002, 0x0004, 0x0047, 0x0003, 0x0001, 0x4823, 0xD12B, 0x90CA, 0xB8EB, 
  0x6804, 0x5104, 0x3083, 0x0002, 0x0003, 0x0002, 0x0000, 0x0002, 0x0003, 0xD4EF, 0xE62B, 0xCE69, 
  0xEECC, 0xCCEB, 0x0001, 0x0002, 0x0001, 0x0048, 0x0089, 0x0001, 0x0000, 0x0849, 0x08BA, 0x019A, 
  0x01F8, 0x01D7, 0x01D7, 0x01D8, 0x01F7, 0x0999, 0x0878, 0x0007, 0x0000, 0x0000, 0x0000, 0x290B, 
  0x9BBB, 0x210A, 0x0001, 0xA84A, 0x604D, 0x488C, 0xF8AC, 0x384C, 0x506B, 0xE88A, 0x308C, 0x58AC, 
  0xC04C, 0x380E, 0x980C, 0xE00B, 0x800A, 0xE886, 0xF884, 0xFA23, 0xFC42, 0xFBE3, 0xFC03, 0xFC03, 
  0xFC03, 0xFC04, 0xFC23, 0xFBE4, 0xFBE4, 0xFC23, 0xFB02, 0xF866, 0xF006, 0x700A, 0xC00E, 0xC00E, 
  0x380D, 0xC08E, 0xA06D, 0x386C, 0xE0AC, 0x888E, 0x386E, 0xF06D, 0x702D, 0x0005, 0x0003, 0x8316, 
  0x7A54, 0x0000, 0x4DC6, 0x7F8A, 0x0E20, 0x2620, 0xC754, 0x76EB, 0xE798, 0xA6D2, 0x874E, 0x3DE5, 
  0x0460, 0x1560, 0x0D00, 0x0460, 0x1520, 0x0500, 0x0D00, 0x9EEE, 0x2DC3, 0x1DC0, 0x1560, 0x4589, 
  0xDF79, 0x1CE1, 0x1D61, 0x2DC2, 0x1D01, 0x04E0, 0x65E8, 0x962F, 0x0D00, 0x1D81, 0x35E1, 0x2561, 
  0x0462, 0x46A1, 0x3601, 0x1D42, 0x2DA2, 0x2543, 0x35A2, 0x2501, 0x0CC1, 0x2DC2, 0x4EA2, 0x2561, 
  0x0C81, 0x2D62, 0x35A3, 0x2502, 0x14A1, 0x2DA1, 0x2D43, 0x2523, 0x2521, 0x2DE1, 0x3E82, 0x2E41, 
  0x1D41, 0x2DE1, 0x1D41, 0x1D22, 0x1501, 0x1D22, 0x3D82, 0x2541, 0x1D02, 0x2DC2, 0x2DC2, 0x2DA1, 
  0x1501, 0x35C3, 0x35A3, 0x1522, 0x4603, 0x4E85, 0x0080, 0x5950, 0x8B18, 0x0002, 0x1003, 0x282E, 
  0x300F, 0x39F4, 0x39B3, 0x280D, 0x280E, 0x280D, 0x282F, 0x282E, 0x202E, 0x4051, 0x3831, 0x308F, 
  0x308F, 0x200E, 0x282F, 0x282F, 0x202E, 0x200E, 0x280E, 0x180D, 0x080C, 0x59B2, 0x51B2, 0x180D, 
  0x280F, 0x3050, 0x0004, 0x18A7, 0xA41C, 0x49F0, 0x0000, 0x0000, 0x0003, 0x0002, 0x0002, 0x0822, 
  0x4021, 0x0002, 0x0002, 0x0002, 0x0002, 0x0004, 0x0024, 0x0002, 0x0003, 0x0001, 0x0000, 0x0002, 
  0x0042, 0x0001, 0x0003, 0x0003, 0x0001, 0x0000, 0x0003, 0x0001, 0x0001, 0x0023, 0xA0A1, 0xF840, 
  0xE0C3, 0x28C4, 0x0002, 0x0003, 0x0002, 0x0001, 0x0003, 0x0002, 0x4002, 0xB906, 0xE8C5, 0x7800, 
  0x9862, 0xFACA, 0xF223, 0x2001, 0x0002, 0x0003, 0x0002, 0x0003, 0x6882, 0xB8E3, 0xCA81, 0xBB00, 
  0xCB81, 0x8102, 0x7002, 0x3823, 0x0002, 0x0024, 0x0025, 0x0002, 0x0002, 0x0000, 0x0008, 0x0013, 
  0x0816, 0x0815, 0x0814, 0x0814, 0x1015, 0x0815, 0x0869, 0x0041, 0x0002, 0x0000, 0x0000, 0x290B, 
  0x93BB, 0x20EA, 0x0001, 0x0048, 0xB06D, 0xB84C, 0x004B, 0x984D, 0x982C, 0x300C, 0xC00E, 0xD00E, 
  0xD82B, 0xE824, 0xF124, 0xFB65, 0xFB66, 0xFDC8, 0xFE46, 0xFEEA, 0xFFF0, 0xFFAF, 0xFFAF, 0xFFB0, 
  0xFFD0, 0xFFD0, 0xFFB0, 0xFFB0, 0xFFB1, 0xFF8F, 0xFE87, 0xFDC7, 0xFDA8, 0xFB86, 0xFA86, 0xF924, 
  0xF884, 0xC00C, 0xB80E, 0xD02F, 0x386C, 0xA84C, 0xB82C, 0x206C, 0xB82C, 0x5005, 0x0003, 0x8316, 
  0x7254, 0x0003, 0x7DEF, 0x5688, 0x4E45, 0x8F0C, 0xAF32, 0x5EA8, 0xD798, 0xFF9F, 0x766D, 0x04E0, 
  0x0C62, 0x0562, 0x1E42, 0x1D42, 0x2D82, 0x0400, 0x9E71, 0xB752, 0x04A0, 0x14A0, 0x0440, 0xBE75, 
  0x9EB0, 0x03E0, 0x0CA2, 0x0C81, 0x1462, 0x2501, 0x04A0, 0x7DCD, 0x6D8C, 0x04C0, 0x1D01, 0x1461, 
  0x0C41, 0x2502, 0x2D01, 0x14C2, 0x24E2, 0x1442, 0x1CE2, 0x14C1, 0x1482, 0x0C62, 0x24E3, 0x1481, 
  0x0441, 0x1CC2, 0x2542, 0x2502, 0x0C61, 0x1502, 0x1462, 0x1422, 0x0C82, 0x0CE1, 0x0CC1, 0x1CC2, 
  0x1461, 0x1520, 0x14A1, 0x14A1, 0x14A2, 0x1482, 0x0CA2, 0x0C82, 0x0C81, 0x14C1, 0x0C61, 0x2502, 
  0x2542, 0x14C2, 0x0CE3, 0x0CC2, 0x14A2, 0x1D23, 0x00C0, 0x594F, 0x8318, 0x0002, 0x0002, 0x282D, 
  0x300F, 0x4296, 0x3A75, 0x200C, 0x2890, 0x3133, 0x282F, 0x282E, 0x202D, 0x3030, 0x3030, 0x30AF, 
  0x388F, 0x282F, 0x202E, 0x202E, 0x200E, 0x200E, 0x202E, 0x182D, 0x080C, 0x8BB6, 0x8BD7, 0x080B, 
  0x280E, 0x282D, 0x0002, 0x18C7, 0xA41C, 0x49F0, 0x0000, 0x0000, 0x0003, 0x0002, 0x0002, 0x1822, 
  0x8861, 0x0802, 0x0002, 0x0002, 0x0003, 0x0002, 0x0001, 0x0003, 0x0002, 0x0002, 0x0002, 0x0003, 
  0x0003, 0x0002, 0x0003, 0x0003, 0x0002, 0x0066, 0x0024, 0x0002, 0x0003, 0x0003, 0x0002, 0x0801, 
  0x11A6, 0x0BEB, 0x0001, 0x0002, 0x0002, 0x0002, 0x0002, 0x0002, 0x0002, 0x1000, 0x5841, 0x1022, 
  0x6823, 0xF802, 0xF9A0, 0x8900, 0x0002, 0x0002, 0x0002, 0x1802, 0xD244, 0x5124, 0xA369, 0xCD2E, 
  0x946E, 0x4064, 0xF144, 0x3083, 0x0002, 0x0002, 0x0002, 0x0002, 0x0003, 0x0002, 0x0000, 0x0002, 
  0x0007, 0x0006, 0x0006, 0x0026, 0x0027, 0x0003, 0x00C4, 0x0928, 0x0000, 0x0000, 0x0000, 0x290B, 
  0x939B, 0x20EA, 0x0000, 0x6848, 0x804C, 0x586C, 0x804D, 0xA80F, 0xC00D, 0xC009, 0xFA09, 0xFA26, 
  0xFC08, 0xFE68, 0xFE89, 0xFFF1, 0xFFF2, 0xFFF6, 0xFFF7, 0xFFF6, 0xFFB5, 0xFFB5, 0xFFB5, 0xFFB5, 
  0xFFB6, 0xFFB5, 0xFFB5, 0xFFB5, 0xFFB5, 0xFFD6, 0xFFF7, 0xFFF6, 0xFFF6, 0xFFF2, 0xFFF0, 0xFF2A, 
  0xFDC7, 0xFB65, 0xFAA5, 0xF849, 0xC80B, 0x680C, 0x482B, 0xC0AB, 0x904D, 0x0805, 0x0004, 0x8316, 
  0x7253, 0x0042, 0x9E8F, 0xB772, 0x75ED, 0xA6F3, 0x9F31, 0x6689, 0x96CE, 0xFFFE, 0x3D86, 0x04C0, 
  0x25E0, 0x2480, 0x2400, 0x15A2, 0x0D21, 0x0D40, 0xBF55, 0x55CA, 0x0500, 0x0480, 0x3CE7, 0xDF78, 
  0x1DC1, 0x0520, 0x14C0, 0x0CA1, 0x1CE2, 0x0CE1, 0x04C0, 0x45C6, 0xBF53, 0x14E1, 0x0480, 0x2562, 
  0x35E2, 0x0CC1, 0x0CE2, 0x14C2, 0x2D62, 0x1D42, 0x1522, 0x14E2, 0x1D01, 0x24C1, 0x1481, 0x14E2, 
  0x1D42, 0x1501, 0x1501, 0x14C1, 0x1D41, 0x1501, 0x0CE1, 0x2D42, 0x2562, 0x1541, 0x04A1, 0x1501, 
  0x2DA1, 0x0D01, 0x0D01, 0x2501, 0x2542, 0x1D01, 0x1D02, 0x2501, 0x2521, 0x0D01, 0x0CE2, 0x1D01, 
  0x2542, 0x14E2, 0x14E2, 0x1502, 0x1561, 0x0D62, 0x00C0, 0x5970, 0x8B18, 0x0002, 0x0002, 0x280D, 
  0x5054, 0x300E, 0x200C, 0x280D, 0x28F1, 0x3258, 0x284F, 0x200E, 0x202E, 0x282D, 0x282F, 0x3890, 
  0x38B0, 0x282E, 0x202E, 0x200E, 0x202E, 0x202E, 0x200D, 0x3830, 0x302F, 0x180C, 0x180D, 0x286E, 
  0x2870, 0x3070, 0x0003, 0x10A7, 0xAC3C, 0x49EF, 0x0000, 0x0000, 0x0003, 0x0002, 0x0002, 0x0002, 
  0x0003, 0x0002, 0x0002, 0x0003, 0x0002, 0x0002, 0x0003, 0x0002, 0x0002, 0x0002, 0x0001, 0x2006, 
  0x3809, 0x0002, 0x0002, 0x0002, 0x0002, 0x016C, 0x0065, 0x0001, 0x0003, 0x0002, 0x0002, 0x0002, 
  0x0002, 0x0063, 0x0023, 0x0003, 0x0002, 0x0003, 0x0003, 0x0003, 0x0002, 0xC840, 0x7021, 0x0003, 
  0x0003, 0x4803, 0x9822, 0x2801, 0x0003, 0x0002, 0x0003, 0x0002, 0x0863, 0x28E3, 0xE306, 0xFC08, 
  0xA349, 0x5905, 0xC8A5, 0x1003, 0x0003, 0x0003, 0x0003, 0x0002, 0x0002, 0x0003, 0x0002, 0x0001, 
  0x0000, 0x0000, 0x0000, 0x0000, 0x0000, 0x0000, 0x0001, 0x0082, 0x0944, 0x0000, 0x0000, 0x290B, 
  0x93BA, 0x20EA, 0x0000, 0x9069, 0x804D, 0x700D, 0xF80B, 0xF10A, 0xF3E7, 0xFDA4, 0xFF8D, 0xFFEF, 
  0xFFD2, 0xFFF7, 0xFFF7, 0xFFB6, 0xFFB5, 0xFF94, 0xFF74, 0xFF94, 0xFF74, 0xFF74, 0xFF74, 0xFF74, 
  0xFF74, 0xFF74, 0xFF74, 0xFF74, 0xFF94, 0xFF94, 0xFF94, 0xFF75, 0xFF94, 0xFFB5, 0xFFD6, 0xFFF7, 
  0xFFF6, 0xFFF0, 0xFF8C, 0xFD84, 0xFBE6, 0xE086, 0xA009, 0x780C, 0x904E, 0x2006, 0x0003, 0x82F6, 
  0x7254, 0x0001, 0x3661, 0x7F88, 0x3DC5, 0x86AD, 0xBF74, 0x3DE6, 0x3DE5, 0xAF51, 0x2640, 0x2EA1, 
  0x3DC0, 0xE46E, 0xFCF6, 0x65E5, 0x0620, 0x6ECA, 0xBF34, 0x1DC0, 0x2E01, 0x1E00, 0xAF31, 0xA750, 
  0x1E20, 0x2DC1, 0x3601, 0x46A0, 0x3E21, 0x2DA1, 0x25E0, 0x3E22, 0x9F30, 0x4642, 0x2E00, 0x3641, 
  0x3621, 0x3E41, 0x3E01, 0x2DE1, 0x46A1, 0x35E2, 0x3E23, 0x3E62, 0x3E21, 0x5662, 0x4623, 0x4643, 
  0x3EA1, 0x2DA1, 0x35E2, 0x4E63, 0x35A1, 0x35E1, 0x3661, 0x4F02, 0x5701, 0x3E42, 0x3E42, 0x2E62, 
  0x4F01, 0x2660, 0x2DE1, 0x4661, 0x1F40, 0x36A2, 0x5E83, 0x3E81, 0x4641, 0x2DC1, 0x2DE1, 0x3661, 
  0x4682, 0x3DC2, 0x4661, 0x3661, 0x3E80, 0x0D42, 0x00A0, 0x594F, 0x8B18, 0x0002, 0x0002, 0x200C, 
  0x4032, 0x304F, 0x302F, 0x284E, 0x282E, 0x280D, 0x182D, 0x5092, 0x90D9, 0x3830, 0x202E, 0x308F, 
  0x308F, 0x200E, 0x282E, 0x380E, 0x3153, 0x2133, 0x200C, 0x3831, 0x302F, 0x200D, 0x200D, 0x39F5, 
  0x3AB8, 0x4010, 0x0003, 0x10C6, 0xAC3D, 0x5210, 0x0000, 0x0000, 0x0002, 0x0002, 0x0002, 0x0002, 
  0x0002, 0x0002, 0x0002, 0x0002, 0x0024, 0x0004, 0x0002, 0x0002, 0x0002, 0x0001, 0x0002, 0x0003, 
  0x0002, 0x0003, 0x0002, 0x0002, 0x0002, 0x0002, 0x0002, 0x0002, 0x0002, 0x0002, 0x0001, 0x0002, 
  0x0002, 0x0002, 0x0002, 0x0002, 0x0002, 0x0003, 0x0001, 0x0000, 0x00E5, 0x38A4, 0x1800, 0x0001, 
  0x0000, 0x2001, 0x2000, 0x0001, 0x0003, 0x0002, 0x0003, 0x0003, 0x0802, 0x9822, 0x1000, 0x0861, 
  0x6121, 0x8802, 0x7004, 0x0002, 0x0002, 0x0003, 0x0002, 0x0003, 0x0003, 0x0003, 0x0000, 0x00A7, 
  0x00CA, 0x0001, 0x0002, 0x0002, 0x1821, 0x59E3, 0x6204, 0xCBC3, 0xFC62, 0x0000, 0x0000, 0x290B, 
  0x939A, 0x20EA, 0x0001, 0x400A, 0xE02E, 0xF9CE, 0xFC8C, 0xFF90, 0xFFF5, 0xFFF7, 0xFFF9, 0xFFF9, 
  0xFFF8, 0xFFF7, 0xFFF7, 0xFFF8, 0xFFF7, 0xFFF7, 0xFFF8, 0xFFF7, 0xFFF7, 0xFFF8, 0xFFF8, 0xFFF7, 
  0xFFF7, 0xFFF8, 0xFFF7, 0xFFF8, 0xFFF7, 0xFFF7, 0xFFF8, 0xFFF8, 0xFFF8, 0xFFF8, 0xFFF8, 0xFFF8, 
  0xFFF8, 0xFFFA, 0xFFF9, 0xFFF8, 0xFFF6, 0xFEAF, 0xF44A, 0x910C, 0xC80E, 0x3005, 0x0004, 0x8316, 
  0x7233, 0x0023, 0x3D85, 0x9F8F, 0x768B, 0x5E49, 0xBF92, 0x3E05, 0x8ECD, 0x5F09, 0x1700, 0x3622, 
  0x0003, 0xA2D7, 0xFDFD, 0x44C2, 0x05C0, 0x968F, 0x6E69, 0x1DA0, 0x25E0, 0x5646, 0xEFB7, 0x3563, 
  0x0580, 0x1E62, 0x3E43, 0x4642, 0x2581, 0x2542, 0x2DA1, 0x1D21, 0x7EAB, 0x3E83, 0x3601, 0x2560, 
  0x0CE1, 0x3E02, 0x35E1, 0x1541, 0x2DE2, 0x1CE1, 0x2D82, 0x3602, 0x2DC2, 0x2D82, 0x35E2, 0x2541, 
  0x0CC1, 0x2D43, 0x25A2, 0x3DE2, 0x2D61, 0x2DA1, 0x25C1, 0x3622, 0x25A2, 0x1D62, 0x3602, 0x3F01, 
  0x25A2, 0x1803, 0x11A2, 0x05C0, 0x6280, 0x3B61, 0x2E82, 0x35E2, 0x1D21, 0x2D61, 0x35C1, 0x35E1, 
  0x2581, 0x1D83, 0x3E21, 0x1D80, 0x2541, 0x2542, 0x00A0, 0x596F, 0x8B38, 0x0002, 0x0003, 0x182C, 
  0x202E, 0x302F, 0x4852, 0x384F, 0x302F, 0x282E, 0x282D, 0x4891, 0x70B6, 0x384F, 0x202E, 0x4891, 
  0x308E, 0x200E, 0x202E, 0x4030, 0x304F, 0x204E, 0x200D, 0x200D, 0x200D, 0x202E, 0x3811, 0x3872, 
  0x2090, 0x4850, 0x0002, 0x10C7, 0xAC3C, 0x520F, 0x0000, 0x0000, 0x0003, 0x0002, 0x0002, 0x0002, 
  0x0002, 0x0002, 0x0002, 0x0001, 0x0048, 0x0048, 0x0001, 0x0002, 0x0004, 0x0006, 0x0002, 0x0002, 
  0x0003, 0x0001, 0x0000, 0x0000, 0x0002, 0x0002, 0x0002, 0x0003, 0x0002, 0x0005, 0x0049, 0x0003, 
  0x0002, 0x0003, 0x3802, 0x6803, 0x0003, 0x0001, 0x0006, 0x21C9, 0x86F5, 0x3D77, 0x00EA, 0x0ACC, 
  0x0BED, 0x042E, 0x5C0D, 0x4123, 0x0000, 0x0003, 0x0002, 0x0002, 0x1803, 0x9022, 0x0002, 0x2144, 
  0xD346, 0x6001, 0x0002, 0x0003, 0x0003, 0x0002, 0x0002, 0x0003, 0x0002, 0x0002, 0x0002, 0x0004, 
  0x0023, 0x0002, 0x0002, 0x4983, 0xEB82, 0xFA41, 0xFA82, 0xF921, 0xD001, 0x0000, 0x0000, 0x290B, 
  0x939B, 0x20EA, 0x0001, 0xB80A, 0xFA27, 0xFEC3, 0xFF2B, 0xFEAD, 0xFE4C, 0xFE4B, 0xFE4A, 0xFE4B, 
  0xFE2A, 0xFE2B, 0xFE4B, 0xFE2B, 0xFE4B, 0xFE2A, 0xFE4A, 0xFE2A, 0xFE4A, 0xFE2A, 0xFE2A, 0xFE2B, 
  0xFE2A, 0xFE2B, 0xFE2A, 0xFE4A, 0xFE2A, 0xFE2A, 0xFE4B, 0xFE2B, 0xFE2B, 0xFE2A, 0xFE4B, 0xFE4B, 
  0xFE4B, 0xFE2A, 0xFE4B, 0xFE2B, 0xFE6C, 0xFEED, 0xFF28, 0xFDE3, 0xF907, 0x2806, 0x0006, 0x82F5, 
  0x6A33, 0x0003, 0xAE11, 0x9F2F, 0x664B, 0x86AC, 0x8EEC, 0x66AB, 0xAF31, 0x4D02, 0x34E1, 0x1DC1, 
  0x0186, 0x0005, 0x0083, 0x0560, 0x7F29, 0xBED2, 0x0480, 0x1D01, 0x04C0, 0xB6F1, 0xBED5, 0x0440, 
  0x3BA2, 0x4C00, 0x2562, 0x0CE2, 0x1D22, 0x0CE1, 0x14E1, 0x14E2, 0x6DEB, 0x3DA4, 0x1D03, 0x1D01, 
  0x14C1, 0x0442, 0x1CE2, 0x14E2, 0x2D83, 0x0C82, 0x14A2, 0x1D42, 0x1D23, 0x0C62, 0x0441, 0x1CE2, 
  0x1462, 0x0C41, 0x1482, 0x1CA2, 0x14A1, 0x0CA1, 0x0CC2, 0x14E3, 0x14A2, 0x0482, 0x1D22, 0x2621, 
  0x0501, 0x300D, 0x3A2E, 0x3546, 0xFA90, 0x5B87, 0x0540, 0x2502, 0x1501, 0x0C81, 0x14C2, 0x14E2, 
  0x1D21, 0x0482, 0x0C61, 0x0C81, 0x0C61, 0x0CC3, 0x00A0, 0x5970, 0x8B38, 0x0002, 0x0002, 0x180C, 
  0x3831, 0x3830, 0x204D, 0x302E, 0x302E, 0x204E, 0x304F, 0x282E, 0x182D, 0x204D, 0x4050, 0x48B1, 
  0x288E, 0x3831, 0x304F, 0x184D, 0x302F, 0x380F, 0x280E, 0x304F, 0x4AD4, 0x30B0, 0x300F, 0x282E, 
  0x302F, 0x202E, 0x0002, 0x18A7, 0xA41B, 0x51F0, 0x0000, 0x0000, 0x0003, 0x0001, 0x0002, 0x0002, 
  0x0002, 0x0002, 0x0002, 0x0002, 0x0002, 0x0002, 0x0002, 0x0000, 0x0004, 0x0006, 0x0002, 0x0003, 
  0x1001, 0x8B46, 0x950E, 0xAD2D, 0x5A05, 0x0001, 0x0003, 0x0002, 0x0002, 0x0004, 0x0027, 0x0003, 
  0x0002, 0x5001, 0xFD2C, 0xFF4F, 0x88A3, 0x0001, 0x0048, 0x2A8F, 0xB40B, 0xEC2A, 0xC3A7, 0xCCE7, 
  0xC4E8, 0xC3CD, 0xDEFC, 0x54D9, 0x0068, 0x0000, 0x0002, 0x0003, 0x0002, 0x0003, 0x0003, 0x0002, 
  0x0001, 0x0003, 0x0002, 0x0002, 0x0002, 0x0002, 0x0003, 0x0003, 0x0002, 0x0000, 0x1000, 0x0003, 
  0x0002, 0x0002, 0x0002, 0xCA22, 0x79A3, 0x4001, 0xA060, 0x4022, 0x0003, 0x0001, 0x0000, 0x290A, 
  0x939A, 0x20EA, 0x0002, 0xBA62, 0xFD20, 0xFC80, 0xFC00, 0xFC00, 0xFC00, 0xFC00, 0xFC20, 0xFC00, 
  0xFC20, 0xFC20, 0xFC20, 0xFC20, 0xFC20, 0xFC20, 0xFC20, 0xFC20, 0xFC20, 0xFC20, 0xFC00, 0xFC20, 
  0xFC20, 0xFC20, 0xFC20, 0xFC20, 0xFC20, 0xFC00, 0xFC00, 0xFC00, 0xFC00, 0xFC00, 0xFC00, 0xFC00, 
  0xFC00, 0xFC00, 0xFC20, 0xFC20, 0xFC20, 0xFC20, 0xFC20, 0xFD00, 0xFCA0, 0x4064, 0x0006, 0x82F6, 
  0x7233, 0x0000, 0xCEF3, 0xC7B3, 0x4608, 0xBF73, 0x6E4A, 0x6E2D, 0x49EE, 0x600A, 0x5809, 0x0380, 
  0x15C2, 0x11E2, 0x0B01, 0x05A0, 0xC794, 0xA6F0, 0x0460, 0x0460, 0x0CA1, 0xE798, 0x5E69, 0x05A0, 
  0x6385, 0xAA09, 0x1CA4, 0x1561, 0x1D41, 0x1D61, 0x04E0, 0x5668, 0xBF13, 0x0CC0, 0x14E1, 0x2542, 
  0x2543, 0x14C2, 0x14E2, 0x2562, 0x2DA2, 0x1D41, 0x14E1, 0x0CC1, 0x2522, 0x1D02, 0x0C81, 0x1D22, 
  0x2D62, 0x0CA1, 0x1481, 0x1C82, 0x1D01, 0x1CE2, 0x1582, 0x0E41, 0x25A2, 0x1D21, 0x1D21, 0x1521, 
  0x0540, 0x5D77, 0x8D7D, 0x53AA, 0xCDF9, 0x34C9, 0x0440, 0x1502, 0x2542, 0x1D21, 0x04C1, 0x25A1, 
  0x25A1, 0x04C1, 0x1CE2, 0x1CE1, 0x1D21, 0x04E2, 0x00A0, 0x5950, 0x8B18, 0x0002, 0x0002, 0x282D, 
  0x4051, 0x3050, 0x302F, 0x284E, 0x288D, 0x304F, 0x304F, 0x284E, 0x284F, 0x384F, 0x284E, 0x38AF, 
  0x4891, 0x282F, 0x284F, 0x4852, 0x282F, 0x282F, 0x4852, 0x3850, 0x3A32, 0x4091, 0x4031, 0x284E, 
  0x4853, 0x4853, 0x0002, 0x10A7, 0xAC1C, 0x49F0, 0x0000, 0x0000, 0x0001, 0xB4ED, 0x7329, 0x0000, 
  0x0003, 0x0001, 0x0001, 0x0002, 0x0002, 0x0001, 0x6181, 0x9366, 0x0002, 0x0001, 0x0003, 0x0002, 
  0xBA21, 0xFEC6, 0xFE69, 0xFDEA, 0xFB44, 0x2800, 0x0001, 0x0000, 0x0002, 0x0002, 0x0001, 0x0003, 
  0x0003, 0x4001, 0xFC69, 0xFDAA, 0x6061, 0x0004, 0x0001, 0x0000, 0x0001, 0x6820, 0x9900, 0x8900, 
  0x8080, 0x7000, 0x1805, 0x008D, 0x0086, 0x0002, 0x0002, 0x0002, 0x0025, 0x0004, 0x0002, 0x0003, 
  0x0003, 0x0003, 0x0003, 0x0002, 0x0002, 0x4022, 0x0802, 0x0002, 0x0000, 0x69AB, 0xA12F, 0x2000, 
  0x0000, 0x0000, 0x2000, 0x5002, 0x0003, 0x0003, 0x0003, 0x0002, 0x0003, 0x0000, 0x0000, 0x28EB, 
  0x9BBB, 0x20CA, 0x0001, 0xBBC1, 0xFDA0, 0xFCA0, 0xFC80, 0xFCA0, 0xFC80, 0xFCA0, 0xFC80, 0xFCA0, 
  0xFCA0, 0xFC80, 0xFCA0, 0xFCA0, 0xFCA0, 0xFCA0, 0xFCA0, 0xFCA0, 0xFCA0, 0xFCA0, 0xFCA0, 0xFCA0, 
  0xFCA0, 0xFCA0, 0xFCA0, 0xFCA0, 0xFCA0, 0xFCA0, 0xFC80, 0xFCA0, 0xFC80, 0xFC80, 0xFC80, 0xFC80, 
  0xFC80, 0xFC80, 0xFC80, 0xFCA0, 0xFCA0, 0xFCA0, 0xFCA0, 0xFCC0, 0xFD80, 0x4143, 0x0006, 0x8316, 
  0x7A54, 0x0000, 0x866D, 0xFFFA, 0x4E08, 0xB756, 0xFFFF, 0xA653, 0x0886, 0x0006, 0x0006, 0x33E4, 
  0x4FA0, 0x2EA0, 0x2E60, 0x3603, 0xC775, 0x5644, 0x25C0, 0x0DC0, 0x970D, 0xDFB7, 0x2660, 0x65A0, 
  0x65B2, 0x56DF, 0x4668, 0x46C0, 0x3E82, 0x3641, 0x1E40, 0xB753, 0x972E, 0x1E20, 0x4EA3, 0x3E22, 
  0x2DC2, 0x4EC3, 0x4642, 0x2E01, 0x3641, 0x3622, 0x4E62, 0x3602, 0x3602, 0x3E42, 0x3602, 0x2E02, 
  0x25E2, 0x2DE2, 0x3642, 0x4662, 0x4E83, 0x4703, 0x2CA2, 0x83A4, 0x35C1, 0x3EE2, 0x4EA2, 0x3641, 
  0x2EC0, 0xCD4D, 0xCC72, 0x846C, 0xD557, 0x3D47, 0x2600, 0x3EA2, 0x2E22, 0x3622, 0x3642, 0x3662, 
  0x2E21, 0x3642, 0x5EE3, 0x25E1, 0x2E20, 0x3642, 0x0080, 0x5930, 0x8AF8, 0x0002, 0x0003, 0x302E, 
  0x3870, 0x284E, 0x304F, 0x3851, 0x60F7, 0x4073, 0x3830, 0x3050, 0x3050, 0x3850, 0x4051, 0x40B1, 
  0x4090, 0x3050, 0x4051, 0x282F, 0x4030, 0x5012, 0x202E, 0x282F, 0x4011, 0x302F, 0x284F, 0x4853, 
  0x4052, 0x3090, 0x0002, 0x10A7, 0xAC3C, 0x49EF, 0x0000, 0x0000, 0x0002, 0x8389, 0x4A07, 0x0001, 
  0x0002, 0x1004, 0x1005, 0x0002, 0x0001, 0xA300, 0xFFF3, 0xFFF5, 0x48E1, 0x0001, 0x0001, 0x0001, 
  0xA8C2, 0xB1C6, 0xA9A3, 0xD365, 0xCC08, 0x9C26, 0x73A5, 0x8C6B, 0x3A05, 0x0001, 0x0002, 0x0003, 
  0x0003, 0x0003, 0x1801, 0x3000, 0x0002, 0x0003, 0x0003, 0x0003, 0x0003, 0x0003, 0x0003, 0x0003, 
  0x0003, 0x0001, 0x0024, 0x0047, 0x0000, 0x0002, 0x0002, 0x0001, 0x0027, 0x0005, 0x0001, 0x0003, 
  0x0002, 0x0003, 0x0002, 0x0002, 0x0003, 0x1001, 0x0001, 0x0000, 0x38E5, 0x749D, 0x1156, 0x1800, 
  0x0068, 0x00C9, 0x78C6, 0x3002, 0x0003, 0x0001, 0x1146, 0x21C8, 0x0001, 0x0000, 0x0000, 0x290B, 
  0x9BBB, 0x20EA, 0x0001, 0xB381, 0xFDC0, 0xFCE0, 0xFD00, 0xFCE0, 0xFCE0, 0xFD00, 0xFD00, 0xFD00, 
  0xFD00, 0xFCE0, 0xFCE0, 0xFCE0, 0xFD00, 0xFD00, 0xFCE0, 0xFCE0, 0xFD00, 0xFD00, 0xFD00, 0xFCE0, 
  0xFCE0, 0xFD00, 0xFD00, 0xFD00, 0xFD00, 0xFD00, 0xFD00, 0xFCE0, 0xFD00, 0xFCE0, 0xFCE0, 0xFCE0, 
  0xFCE0, 0xFCE0, 0xFCE0, 0xFCE0, 0xFCE0, 0xFD00, 0xFD00, 0xFD20, 0xFD60, 0x38E2, 0x0006, 0x8316, 
  0x7254, 0x0000, 0x9EB1, 0xEFF9, 0x96CE, 0x8ECD, 0xD795, 0x9F50, 0x0CA0, 0x08E3, 0x12E4, 0x3602, 
  0x1CC1, 0x1CC2, 0x04C0, 0x8E8F, 0xA6F3, 0x0420, 0x14C0, 0x25C0, 0xB6F4, 0x660A, 0x05C0, 0x4BC2, 
  0x882A, 0x1952, 0x0CC6, 0x3661, 0x2583, 0x0480, 0x762C, 0xA671, 0x0500, 0x1561, 0x2523, 0x1CE2, 
  0x0C60, 0x2D82, 0x2D42, 0x0CC1, 0x0520, 0x0441, 0x2562, 0x35A2, 0x14A2, 0x0482, 0x2522, 0x14E2, 
  0x0481, 0x1482, 0x2582, 0x25A2, 0x14E2, 0x2682, 0x4AC6, 0x7008, 0x0441, 0x1EA1, 0x1D03, 0x1522, 
  0x2DC2, 0x9403, 0x5BE3, 0x7D6A, 0xA4AE, 0x8DAB, 0x1D40, 0x1661, 0x1E02, 0x1CC3, 0x1D22, 0x1D02, 
  0x1CA2, 0x2D62, 0x2562, 0x0D02, 0x25C1, 0x2623, 0x00C0, 0x5930, 0x8B18, 0x0002, 0x0004, 0x202D, 
  0x4051, 0x3850, 0x204D, 0x3851, 0x4854, 0x284E, 0x282F, 0x4071, 0x4051, 0x3030, 0x3851, 0x48B2, 
  0x40B1, 0x3831, 0x384F, 0x302F, 0x4892, 0x5216, 0x3871, 0x3830, 0x3050, 0x4051, 0x4833, 0x3050, 
  0x3871, 0x3870, 0x0002, 0x18C7, 0xAC3D, 0x49F0, 0x0000, 0x0000, 0x0003, 0x0000, 0x0000, 0x0003, 
  0x0001, 0x1005, 0x1806, 0x0001, 0x1862, 0xEE21, 0xFFF2, 0xFD69, 0x4800, 0x0001, 0x6BA7, 0xC5A7, 
  0xC3CA, 0xCD12, 0xE60A, 0xFEE4, 0xFE26, 0xE3A4, 0xFE63, 0xFFA8, 0xFBA5, 0xFE09, 0xB3E3, 0x0000, 
  0x0002, 0x0863, 0x0082, 0x0043, 0x0002, 0x0001, 0x0001, 0x0027, 0x0028, 0x0001, 0x0001, 0x0002, 
  0x0003, 0x0002, 0x0001, 0x0003, 0x0002, 0x0002, 0x0002, 0x0002, 0x0001, 0x0002, 0x0003, 0x0801, 
  0x3000, 0x2000, 0x0002, 0x0003, 0x0002, 0x0023, 0x0003, 0x0002, 0xA4B3, 0x4A8B, 0x0000, 0x122F, 
  0x8E9F, 0x85BA, 0x9D97, 0x18A9, 0x0001, 0x0002, 0x0884, 0x08A4, 0x0002, 0x0000, 0x0000, 0x290B, 
  0x9BBB, 0x20EA, 0x0001, 0xB0E8, 0xF96A, 0xF94A, 0xF96A, 0xF149, 0xF129, 0xF929, 0xF129, 0xF129, 
  0xF929, 0xF929, 0xF149, 0xF149, 0xF94A, 0xF929, 0xF129, 0xF129, 0xF949, 0xF949, 0xF949, 0xF94A, 
  0xF949, 0xF94A, 0xF969, 0xF949, 0xF929, 0xF149, 0xF149, 0xF949, 0xF149, 0xF149, 0xF949, 0xF949, 
  0xF129, 0xF949, 0xF949, 0xF949, 0xF949, 0xF149, 0xF949, 0xF949, 0xF94A, 0x3826, 0x0005, 0x8316, 
  0x7234, 0x0000, 0x8E8D, 0xAFD0, 0x9F10, 0x45A6, 0x9ECE, 0x4E44, 0x1E80, 0x3642, 0x56E3, 0x4EA2, 
  0x3DA2, 0x45C2, 0x35A2, 0xCFB3, 0x5E66, 0x2DC0, 0x2DC0, 0x6EA7, 0xB770, 0x1E00, 0x3682, 0x2522, 
  0x3201, 0x0A20, 0x35C2, 0x3681, 0x1DE0, 0x7ECB, 0xBF91, 0x3641, 0x2E00, 0x4642, 0x3603, 0x35E2, 
  0x4622, 0x1D82, 0x4E22, 0x3E62, 0x46C3, 0x4E63, 0x3E02, 0x2DE2, 0x4E82, 0x35C1, 0x25A1, 0x3E62, 
  0x3E42, 0x4643, 0x2DA1, 0x3E42, 0x46C2, 0x2600, 0x3D29, 0x961F, 0x7571, 0x3581, 0x1E01, 0x4602, 
  0x4E63, 0x0E02, 0x05E1, 0x2E01, 0x3DC0, 0x3D42, 0x3DA3, 0x6D05, 0x65C4, 0x2E42, 0x2DE2, 0x3622, 
  0x3581, 0x2D82, 0x35E2, 0x4643, 0x6763, 0x15E3, 0x00A0, 0x5950, 0x8B18, 0x0002, 0x0004, 0x3830, 
  0x304F, 0x284E, 0x4872, 0x3050, 0x202E, 0x4051, 0x4072, 0x304F, 0x4852, 0x4872, 0x182E, 0x50D3, 
  0x58B2, 0x302F, 0x304F, 0x5873, 0x3070, 0x20AE, 0x4052, 0x3830, 0x282E, 0x4031, 0x5053, 0x284F, 
  0x3050, 0x5895, 0x0004, 0x10A6, 0xA41C, 0x51EF, 0x0000, 0x0000, 0x0003, 0x0003, 0x0003, 0x0002, 
  0x0002, 0x0002, 0x0001, 0x0002, 0xAD2A, 0xFF03, 0xFB80, 0xD102, 0x52F0, 0xDF6E, 0xFCE6, 0xFC84, 
  0xFDC1, 0xFC20, 0xF423, 0xCC66, 0xC448, 0x8B29, 0x428A, 0x6267, 0x8046, 0xB226, 0x930A, 0x006D, 
  0x1065, 0xAB80, 0x8201, 0xA305, 0xBC68, 0x6225, 0x0002, 0x0003, 0x0002, 0x0002, 0x10C7, 0xA3C2, 
  0xD460, 0x6985, 0x0006, 0x0001, 0x0003, 0x0002, 0x0002, 0x0003, 0x0002, 0x0003, 0x0001, 0x9AE6, 
  0xFFAA, 0xFE05, 0x5061, 0x0002, 0x0000, 0x00CB, 0x00AB, 0x0000, 0x524A, 0x9881, 0x2841, 0x54B7, 
  0xE7BB, 0xDED6, 0x84D4, 0x63F3, 0x0802, 0x0002, 0x0002, 0x0002, 0x0003, 0x0001, 0x0000, 0x290B, 
  0x9B9A, 0x20EA, 0x0001, 0xB1A6, 0xFAA7, 0xFA67, 0xFA47, 0xF266, 0xFA47, 0xFA47, 0xFA47, 0xFA47, 
  0xFA47, 0xFA47, 0xFA67, 0xFA66, 0xFA67, 0xFA47, 0xFA47, 0xFA67, 0xFA67, 0xFA47, 0xFA47, 0xFA67, 
  0xFA67, 0xFA47, 0xFA47, 0xFA67, 0xFA47, 0xFA47, 0xFA67, 0xFA67, 0xFA47, 0xFA47, 0xFA47, 0xFA47, 
  0xFA47, 0xFA47, 0xFA47, 0xFA27, 0xFA27, 0xFA27, 0xFA07, 0xFA26, 0xFA48, 0x4065, 0x0005, 0x82F6, 
  0x6A53, 0x0001, 0xAEB1, 0xFFFB, 0x6DAC, 0x656A, 0x9F0F, 0x05A0, 0x3660, 0x15C0, 0x1580, 0x1D80, 
  0x1520, 0x0D40, 0x6628, 0x864E, 0x15A0, 0x3601, 0x25A0, 0xE7B6, 0x870C, 0x1620, 0x2D62, 0x1522, 
  0x26E2, 0x1E40, 0x0500, 0x1D01, 0x9F4D, 0xAF4F, 0x2D83, 0x1540, 0x4623, 0x2D81, 0x2562, 0x3641, 
  0x3E22, 0x2E62, 0x2582, 0x4A85, 0x7A85, 0x3DC5, 0x4663, 0x0D01, 0x2DC1, 0x3E42, 0x2DA2, 0x14E2, 
  0x2DA2, 0x2D42, 0x2522, 0x2DA2, 0x3542, 0x1D80, 0x354A, 0xA75B, 0x652E, 0x1B42, 0x1581, 0x4663, 
  0x3DE3, 0x2582, 0x1D21, 0x1541, 0x3600, 0x0D80, 0x24C2, 0x9109, 0x4B43, 0x2741, 0x1CE2, 0x2542, 
  0x2582, 0x2562, 0x2562, 0x2D82, 0x4642, 0x1D83, 0x00A0, 0x594F, 0x8B18, 0x0003, 0x0003, 0x180D, 
  0x4873, 0x4872, 0x284F, 0x3871, 0x4852, 0x304F, 0x3850, 0x4873, 0x3030, 0x282E, 0x5094, 0x48D2, 
  0x308F, 0x5073, 0x5073, 0x284E, 0x4071, 0x5032, 0x202D, 0x3050, 0x6895, 0x4051, 0x282E, 0x5053, 
  0x4052, 0x3070, 0x0003, 0x10C6, 0xAC1C, 0x49F0, 0x0000, 0x0000, 0x0003, 0x0002, 0x0002, 0x6821, 
  0x6821, 0x0003, 0x0002, 0x0002, 0x8C27, 0xFE21, 0xF800, 0x4194, 0x9FFB, 0xFE49, 0x9007, 0x7A2A, 
  0xAE48, 0xBEA9, 0x3AEE, 0x33D1, 0x9631, 0x7C8F, 0x318A, 0xC583, 0xCB40, 0xA805, 0x0018, 0x0032, 
  0x1863, 0x71C1, 0x5983, 0xCAA3, 0xFBC5, 0xFFCC, 0xF667, 0x30A0, 0x0002, 0x0003, 0x1889, 0xFA22, 
  0xFA40, 0xA0C5, 0x0007, 0x0002, 0x0002, 0x0002, 0x0002, 0x0002, 0x0002, 0x0001, 0x3122, 0xE60F, 
  0x9B49, 0xBB85, 0xDB64, 0x0002, 0x0002, 0x0003, 0x0003, 0x0002, 0x0000, 0x6163, 0xB2EA, 0x8B8F, 
  0x2C76, 0x34D8, 0x73AF, 0xC227, 0x4803, 0x0001, 0x0002, 0x0002, 0x0003, 0x0000, 0x0000, 0x290B, 
  0x9BBA, 0x20EA, 0x0001, 0xB3A2, 0xFDE0, 0xFD00, 0xFD00, 0xFD00, 0xFD20, 0xFD20, 0xFD20, 0xFD20, 
  0xFD20, 0xFD20, 0xFD20, 0xFD20, 0xFD20, 0xFD20, 0xFD20, 0xFD20, 0xFD20, 0xFD20, 0xFD20, 0xFD00, 
  0xFD00, 0xFD20, 0xFD20, 0xFD20, 0xFD20, 0xFD20, 0xFD20, 0xFD20, 0xFD00, 0xFD00, 0xFD00, 0xFD00, 
  0xFD00, 0xFCE0, 0xFCE0, 0xFCE0, 0xFCC0, 0xFCC0, 0xFCC0, 0xFCE0, 0xFD40, 0x3903, 0x0005, 0x82F6, 
  0x7253, 0x0001, 0x65CA, 0x9FCE, 0x2CA3, 0xBE77, 0x8F2F, 0x4627, 0x5E0A, 0x45A8, 0x6E6B, 0x664A, 
  0x55E9, 0x4DE8, 0xB755, 0x4DA9, 0x04C0, 0x04A0, 0x4D67, 0xF79C, 0x3CC5, 0x1521, 0x1D42, 0x0460, 
  0x03E0, 0x3504, 0x6DED, 0xA691, 0x868E, 0x04A0, 0x0CA1, 0x1CA3, 0x1503, 0x1D01, 0x3D63, 0x2DA2, 
  0x05C0, 0x26A2, 0x0D22, 0x48EB, 0x7889, 0x0462, 0x2DC3, 0x2562, 0x0CA1, 0x1D23, 0x35A4, 0x24E3, 
  0x0C62, 0x0C23, 0x1D02, 0x2522, 0x0C42, 0x05A0, 0x2BE6, 0x320A, 0x0389, 0x0D62, 0x1D41, 0x2523, 
  0x2524, 0x14C1, 0x0C61, 0x1CE2, 0x1D62, 0x15A1, 0x1C22, 0xA207, 0x6B85, 0x0581, 0x14C3, 0x14A2, 
  0x0D02, 0x2562, 0x2D63, 0x0462, 0x0CA1, 0x1543, 0x00C0, 0x5950, 0x8B18, 0x0002, 0x0005, 0x5033, 
  0x4872, 0x304F, 0x5093, 0x3850, 0x284E, 0x60B5, 0x5894, 0x282F, 0x4852, 0x5073, 0x202F, 0x48B2, 
  0x60F4, 0x3030, 0x280E, 0x7875, 0x4871, 0x182D, 0x6874, 0x5853, 0x3070, 0x5073, 0x6074, 0x202D, 
  0x3851, 0x7095, 0x0004, 0x10A6, 0xA41B, 0x49F0, 0x0000, 0x0000, 0x0003, 0x0002, 0x0002, 0x1802, 
  0x1822, 0x0002, 0x0002, 0x0003, 0x0022, 0x5961, 0xC020, 0x28AF, 0x5C0F, 0x8188, 0x7A2B, 0x4A8A, 
  0xB486, 0xF5A3, 0xA1A1, 0xB1E0, 0xFEC0, 0xFD80, 0xA8E2, 0xD340, 0xCB22, 0x5806, 0x9283, 0x40E0, 
  0x0002, 0x0003, 0x0023, 0x61C3, 0xD301, 0xFC63, 0xFDA3, 0x4961, 0x0003, 0x0002, 0x0001, 0x0002, 
  0x0002, 0x0000, 0x0002, 0x0003, 0x0001, 0x0125, 0x23AC, 0x0002, 0x0002, 0x0002, 0x2943, 0xF4A5, 
  0x9861, 0xA020, 0xA1C3, 0x0003, 0x0003, 0x0002, 0x0002, 0x0000, 0x62A8, 0xFFFF, 0x198F, 0x9000, 
  0xD881, 0xA021, 0xB0A0, 0xD242, 0xCB49, 0x3924, 0x0000, 0x0002, 0x0003, 0x0000, 0x0000, 0x290B, 
  0x9BBB, 0x20CA, 0x0001, 0xBB62, 0xFD40, 0xFC81, 0xFC81, 0xFC81, 0xFC81, 0xFCA1, 0xFC81, 0xFCA1, 
  0xFCA1, 0xFCA1, 0xFCA1, 0xFC81, 0xFCA1, 0xFCA1, 0xFCA1, 0xFCA1, 0xFCA1, 0xFCA1, 0xFCA1, 0xFCA1, 
  0xFCA1, 0xFCA1, 0xFCA1, 0xFCA0, 0xFCA0, 0xFCA1, 0xFCA1, 0xFCA0, 0xFC81, 0xFCA1, 0xFC81, 0xFC81, 
  0xFC81, 0xFC81, 0xFC81, 0xFC61, 0xFC61, 0xFC61, 0xFC61, 0xFC61, 0xFCA1, 0x38E3, 0x0006, 0x8316, 
  0x7274, 0x0002, 0x03C0, 0x0520, 0x45C7, 0xB6B6, 0x4D0B, 0x652D, 0x654C, 0x656C, 0x85EE, 0x8DEF, 
  0x85EF, 0x9631, 0x6D8C, 0x0420, 0x14C2, 0x03C0, 0x9611, 0x9E71, 0x0440, 0x04A0, 0x0D00, 0x3D45, 
  0x5D6B, 0x9611, 0x9EF2, 0x35A5, 0x0480, 0x0440, 0x04A2, 0x1CE3, 0x04A2, 0x0CA1, 0x1D83, 0x0CC3, 
  0x4AA2, 0x3320, 0x0D02, 0x7CF9, 0x6C95, 0x0440, 0x0CE2, 0x2D63, 0x0CE1, 0x0482, 0x04A1, 0x3583, 
  0x0C83, 0x0462, 0x0461, 0x14A1, 0x1D01, 0x0501, 0x0341, 0x1225, 0x1B07, 0x1501, 0x1521, 0x0421, 
  0x1CC2, 0x0481, 0x0480, 0x1D02, 0x0D02, 0x0520, 0x2C42, 0xFB10, 0xF9F0, 0x3302, 0x0541, 0x1D42, 
  0x1D41, 0x0421, 0x1522, 0x14C2, 0x0421, 0x0D02, 0x00E0, 0x5950, 0x8B19, 0x0003, 0x0005, 0x4832, 
  0x4873, 0x3851, 0x4872, 0x4892, 0x4871, 0x3870, 0x4872, 0x5894, 0x3850, 0x3850, 0x5894, 0x58D3, 
  0x58B2, 0x4051, 0x6072, 0x58D3, 0x4051, 0x4833, 0x6094, 0x5051, 0x4032, 0x4831, 0x384F, 0x6072, 
  0x5054, 0x4853, 0x0003, 0x10A7, 0xA41C, 0x49F0, 0x0000, 0x0000, 0x0003, 0x0002, 0x0002, 0x0002, 
  0x0003, 0x0003, 0x0001, 0x0001, 0x0002, 0x0002, 0xC4E9, 0xFB04, 0x81A1, 0xE301, 0xF220, 0x9241, 
  0xD1A0, 0xFC80, 0xFB60, 0x7029, 0x89EB, 0xB36C, 0x918A, 0x7168, 0x8BAE, 0xCD24, 0xFDC0, 0x6101, 
  0x0003, 0x0002, 0x0003, 0x0002, 0x0822, 0x0801, 0x0002, 0x0002, 0x0001, 0x0003, 0x0002, 0x0001, 
  0x0004, 0x0007, 0x0003, 0x0002, 0x0002, 0x0063, 0x0925, 0x0002, 0x0002, 0x0002, 0x0002, 0x5000, 
  0xE080, 0x89E5, 0x020A, 0x0002, 0x0002, 0x0003, 0x0001, 0x0003, 0x54FC, 0x4CDF, 0x0008, 0x8000, 
  0xF000, 0x9000, 0x3126, 0xC7DC, 0xEFFB, 0xE7FB, 0x5456, 0x0004, 0x0002, 0x0000, 0x0000, 0x290B, 
  0x939B, 0x20CA, 0x0002, 0xB3A2, 0xFD81, 0xFCC1, 0xFCE1, 0xFCC1, 0xFCC1, 0xFCE0, 0xFCC2, 0xFD00, 
  0xFCC1, 0xFCC1, 0xFCE1, 0xFCC1, 0xFCC1, 0xFCC1, 0xFCC2, 0xFCC1, 0xFCE0, 0xFCA1, 0xFCA2, 0xFCE0, 
  0xFCC1, 0xFCC1, 0xFCC1, 0xFCE1, 0xFCE1, 0xFCC1, 0xFCC0, 0xFCE0, 0xFCC1, 0xFCC1, 0xFCA1, 0xFCC1, 
  0xFCA1, 0xFCC1, 0xFCA1, 0xFCA1, 0xFC62, 0xFCA1, 0xFC61, 0xFC61, 0xFCA0, 0x38C3, 0x0006, 0x7AF6, 
  0x7234, 0x0001, 0x3560, 0x2660, 0xB773, 0x768A, 0x0480, 0x04A0, 0x0520, 0x0D80, 0x0D40, 0x04A0, 
  0x0520, 0x25C0, 0x1520, 0x1502, 0x2580, 0x3DC2, 0xB6D6, 0x5647, 0x4E64, 0x7EAB, 0xA6CF, 0xAF8F, 
  0xAFCE, 0x4E05, 0x1540, 0x25C0, 0x3E22, 0x35E1, 0x2581, 0x2581, 0x35C1, 0x1541, 0x2621, 0x3DA3, 
  0xA907, 0x51C2, 0x0482, 0xAC74, 0x8D50, 0x15E0, 0x35A1, 0x1D81, 0x2E02, 0x35E2, 0x1DA1, 0x25A2, 
  0x3622, 0x2E00, 0x35A1, 0x2DC2, 0x2E02, 0x35C2, 0x2E01, 0x26A1, 0x3680, 0x2D81, 0x2DA2, 0x2DC2, 
  0x3600, 0x25C1, 0x2D82, 0x2DA1, 0x3E41, 0x1641, 0x5D64, 0x798B, 0x60A9, 0x5C25, 0x1EA0, 0x3622, 
  0x35E1, 0x1D62, 0x2DA1, 0x2581, 0x3E62, 0x15C2, 0x00A0, 0x5950, 0x8B18, 0x0003, 0x0004, 0x280D, 
  0x6055, 0x6075, 0x280E, 0x5093, 0x68D6, 0x282E, 0x4050, 0x5895, 0x4051, 0x4051, 0x70B7, 0x58D4, 
  0x50D3, 0x5851, 0x68B3, 0x3954, 0x4031, 0x5033, 0x4072, 0x4052, 0x5073, 0x4051, 0x4070, 0x5051, 
  0x3831, 0x5893, 0x0004, 0x10A7, 0xA41C, 0x49F0, 0x0000, 0x0000, 0x0002, 0x0003, 0x0002, 0x0002, 
  0x0002, 0x0002, 0x0004, 0x0005, 0x0002, 0x0000, 0xC6CF, 0xFF28, 0x5020, 0xCB40, 0xFA80, 0x7924, 
  0x40EC, 0x6292, 0xAC2C, 0xA46A, 0xBBEA, 0xB38A, 0xCB66, 0xFBC0, 0xC321, 0xB380, 0x4921, 0x0003, 
  0x0003, 0x0003, 0x0001, 0x0002, 0x0003, 0x0003, 0x0002, 0x0025, 0x0046, 0x0002, 0x0003, 0x0002, 
  0x0003, 0x0006, 0x0002, 0x0002, 0x0002, 0x0002, 0x0001, 0x0002, 0x0002, 0x0003, 0x0003, 0x0003, 
  0x0002, 0x11E7, 0x2B89, 0x0001, 0x0003, 0x0002, 0x0002, 0x0004, 0x027A, 0x00CC, 0x0000, 0x40AB, 
  0x30CF, 0x0002, 0x1844, 0x1A13, 0x01F1, 0x1A90, 0x1A93, 0x0026, 0x0001, 0x0000, 0x0000, 0x290B, 
  0x939A, 0x20EA, 0x0001, 0xA8CA, 0xFA28, 0xE1C8, 0xE129, 0xE9E7, 0xE9C8, 0xE10B, 0xEA26, 0xE1A8, 
  0xD9C9, 0xE9A7, 0xE988, 0xE1A8, 0xE1A8, 0xE149, 0xE14A, 0xF1C7, 0xD94A, 0xD988, 0xE9A6, 0xD10B, 
  0xD9A8, 0xE9A8, 0xE9C8, 0xE1A8, 0xE189, 0xE169, 0xE9E6, 0xD10C, 0xEA06, 0xE969, 0xE16A, 0xD9A8, 
  0xE1A7, 0xE169, 0xE9A7, 0xE969, 0xE9C7, 0xE169, 0xD988, 0xF1C6, 0xF94A, 0x3805, 0x0005, 0x7AF6, 
  0x7254, 0x0002, 0x1500, 0x97CB, 0xCFB3, 0x1DE0, 0x3E42, 0x35C1, 0x3661, 0x15A0, 0x3E22, 0x3E62, 
  0x3622, 0x35E3, 0x3662, 0x4623, 0x1540, 0x8EAD, 0xEFDA, 0x8EEC, 0x9EAF, 0x8EAD, 0x7689, 0x2DE1, 
  0x15A0, 0x3E42, 0x4E64, 0x3E42, 0x35C2, 0x3E23, 0x3E22, 0x2581, 0x2DE2, 0x2DE1, 0x4662, 0x46A2, 
  0xA2C6, 0x8B05, 0x23E2, 0x816C, 0x716A, 0x4C84, 0x36A2, 0x3E42, 0x3DC4, 0x3DE4, 0x3E43, 0x35E3, 
  0x35E1, 0x3DE2, 0x3622, 0x3E02, 0x2DE2, 0x35C1, 0x2D60, 0x2DA1, 0x2DC1, 0x35E1, 0x3E02, 0x2E01, 
  0x2541, 0x35E1, 0x35A2, 0x35A2, 0x2DC1, 0x3EC1, 0x44C4, 0x1982, 0x00C0, 0x0AC1, 0x4F01, 0x3E42, 
  0x1540, 0x35E1, 0x4E82, 0x2DC1, 0x4EA2, 0x3E62, 0x0060, 0x5950, 0x8B18, 0x0003, 0x0004, 0x6052, 
  0x4872, 0x384F, 0x6894, 0x4050, 0x202D, 0x68B6, 0x5894, 0x302D, 0x6094, 0x5894, 0x302E, 0x68D3, 
  0x6915, 0x382F, 0x280E, 0x6875, 0x5873, 0x284E, 0x5073, 0x5874, 0x304F, 0x5073, 0x6095, 0x304F, 
  0x3851, 0x78D6, 0x0805, 0x08A6, 0xA3FC, 0x51F0, 0x0000, 0x0000, 0x0003, 0x0002, 0x0003, 0x0002, 
  0x0002, 0x0001, 0x0026, 0x0028, 0x0001, 0x0002, 0x7B44, 0x6A84, 0x0002, 0x4962, 0xFC40, 0xF402, 
  0xFC25, 0xE9E6, 0x9983, 0xC400, 0xD3A0, 0x9A40, 0x2041, 0x2082, 0x0822, 0x0003, 0x0003, 0x0002, 
  0x0003, 0x0001, 0x0069, 0x0046, 0x0001, 0x0002, 0x0000, 0x00A9, 0x010C, 0x0000, 0x0002, 0x0002, 
  0x0001, 0x0860, 0x08A2, 0x0003, 0x0003, 0x0003, 0x0002, 0x0003, 0x0002, 0x0002, 0x0003, 0x0003, 
  0x0003, 0x0001, 0x0003, 0x0025, 0x0002, 0x0002, 0x0003, 0x0003, 0x0800, 0xB180, 0xE1E0, 0xEC70, 
  0x4291, 0x0001, 0x6841, 0x6840, 0x0000, 0x0000, 0x0000, 0x0002, 0x0003, 0x0001, 0x0000, 0x290B, 
  0x939A, 0x20EA, 0x0000, 0xA00B, 0xF8AB, 0xD86B, 0xE00C, 0xE06B, 0xD86B, 0xD00D, 0xD8A9, 0xD00D, 
  0xD88B, 0xD86B, 0xD82C, 0xD84B, 0xD86B, 0xD84C, 0xD82C, 0xE06A, 0xD80E, 0xD86B, 0xE06A, 0xC80E, 
  0xD04B, 0xD84A, 0xD88A, 0xD84B, 0xD84B, 0xD04C, 0xE08A, 0xC80E, 0xE08A, 0xE02C, 0xD84C, 0xD86C, 
  0xE04B, 0xD80C, 0xE04A, 0xE04C, 0xE88A, 0xD82B, 0xD06C, 0xE88A, 0xF82E, 0x3007, 0x0004, 0x7AF6, 
  0x7274, 0x0001, 0x0440, 0xD7F7, 0x766C, 0x04C0, 0x2521, 0x14C2, 0x2521, 0x0441, 0x1CE3, 0x4E44, 
  0x3583, 0x14E1, 0x1501, 0x2581, 0x1C82, 0x9E34, 0x6608, 0x2D61, 0x0480, 0x04A0, 0x0D40, 0x2541, 
  0x2D62, 0x0D22, 0x35C3, 0x1D01, 0x1CC3, 0x1D22, 0x2522, 0x1CC1, 0x2582, 0x2522, 0x1DA1, 0x0521, 
  0xBC48, 0xFCCE, 0x63E3, 0x0280, 0x4283, 0x33A3, 0x2E23, 0x3DC3, 0x2D63, 0x0CA2, 0x14E1, 0x1501, 
  0x2502, 0x14C2, 0x2DC3, 0x2561, 0x0CE1, 0x2D61, 0x1C81, 0x24E2, 0x1D22, 0x14E1, 0x1500, 0x2522, 
  0x1482, 0x14A1, 0x24E2, 0x2D43, 0x1D22, 0x24E2, 0x1D81, 0x25A0, 0x24E1, 0x0C41, 0x1481, 0x1CC1, 
  0x1D02, 0x1D02, 0x2522, 0x2521, 0x2D61, 0x2564, 0x00A0, 0x5930, 0x8AF8, 0x0003, 0x0004, 0x4852, 
  0x4893, 0x386F, 0x5894, 0x4871, 0x280E, 0x5055, 0x5894, 0x4070, 0x5894, 0x5873, 0x386F, 0x60F3, 
  0x68D3, 0x58F4, 0x4914, 0x5853, 0x5893, 0x58D5, 0x5874, 0x5873, 0x6094, 0x5894, 0x5893, 0x6095, 
  0x6876, 0x6034, 0x0003, 0x10C6, 0x9BFC, 0x49EF, 0x0000, 0x0000, 0x0003, 0x0002, 0x9343, 0x9BA3, 
  0x0002, 0x0002, 0x0002, 0x0002, 0x0002, 0x0002, 0x0001, 0x0002, 0x0003, 0x0003, 0x49E2, 0x8AA0, 
  0x7A60, 0x59A0, 0x0002, 0x0002, 0x0003, 0x0003, 0x0003, 0x0003, 0x0003, 0x0003, 0x0002, 0x0003, 
  0x0003, 0x0001, 0x008A, 0x0046, 0x0002, 0x0002, 0x0003, 0x0003, 0x0002, 0x0002, 0x0002, 0x10A2, 
  0x13C3, 0x0463, 0x00A2, 0x0002, 0x0003, 0x0003, 0x0003, 0x0002, 0x0822, 0x0843, 0x0002, 0x0003, 
  0x0003, 0x0001, 0x0069, 0x0047, 0x0001, 0x0003, 0x0003, 0x0003, 0x2001, 0x8901, 0x7963, 0x7A61, 
  0x00A1, 0x0003, 0x0003, 0x2802, 0x1803, 0x0002, 0x0002, 0x0003, 0x0003, 0x0000, 0x0000, 0x290B, 
  0x939B, 0x20EA, 0x0001, 0xB205, 0xFB06, 0xFAC6, 0xFAE6, 0xFAC6, 0xFAA6, 0xFAE5, 0xFA86, 0xFAC6, 
  0xFAA6, 0xFAA6, 0xFAC6, 0xFAA6, 0xFAA7, 0xFAC6, 0xFAC6, 0xFAA6, 0xFAE5, 0xFAA6, 0xFA86, 0xFAE5, 
  0xFAA5, 0xFAA6, 0xFA86, 0xFAA6, 0xFAA6, 0xFAC6, 0xFAA7, 0xFAE5, 0xFAA6, 0xFAC5, 0xFAA6, 0xFAA6, 
  0xFAA6, 0xFAC5, 0xFAA6, 0xFAC5, 0xFA86, 0xFAA6, 0xFAA6, 0xFAA7, 0xFB26, 0x38C5, 0x0005, 0x82F6, 
  0x7274, 0x0000, 0x44E8, 0xCFF5, 0x1541, 0x1D21, 0x1D21, 0x1501, 0x14E1, 0x2522, 0x1CC2, 0x1CA3, 
  0x2D63, 0x35A1, 0x14C0, 0x04A0, 0x760C, 0xBF33, 0x04E0, 0x0CC2, 0x2562, 0x1D41, 0x1D01, 0x2D62, 
  0x3D82, 0x1D22, 0x1D22, 0x2521, 0x2D61, 0x1501, 0x0CC1, 0x2541, 0x3582, 0x1CE2, 0x1521, 0x0461, 
  0x61C7, 0x912A, 0x4CA4, 0x0680, 0x2E61, 0x15A1, 0x2522, 0x2522, 0x2582, 0x1D02, 0x0CA1, 0x1D01, 
  0x2562, 0x1501, 0x2502, 0x2561, 0x1D41, 0x1D22, 0x1D02, 0x2D42, 0x3582, 0x1D01, 0x0C81, 0x1D02, 
  0x2D61, 0x0461, 0x14A1, 0x2D62, 0x2D42, 0x1461, 0x0CA1, 0x2582, 0x2DE1, 0x1500, 0x0C61, 0x1CE1, 
  0x3561, 0x1D02, 0x1CC2, 0x2501, 0x1D41, 0x04E3, 0x00C0, 0x5930, 0x8318, 0x0003, 0x0006, 0x4851, 
  0x6095, 0x4834, 0x4852, 0x4032, 0x9193, 0xA9D4, 0x4854, 0x60B5, 0x5893, 0x58B4, 0x60B5, 0x68F5, 
  0x60B3, 0x48F4, 0x4113, 0x5832, 0x4832, 0x58B3, 0x50F5, 0x5894, 0x5873, 0x4012, 0x9A53, 0xA233, 
  0x5014, 0x5998, 0x0025, 0x1086, 0xA3FB, 0x49F0, 0x0000, 0x0000, 0x0002, 0x0002, 0xA3C3, 0xBC43, 
  0x0002, 0x0002, 0x0002, 0x0002, 0x0002, 0x0002, 0x0002, 0x0002, 0x0002, 0x0002, 0x0003, 0x0002, 
  0x0001, 0x0002, 0x0001, 0x0025, 0x0005, 0x0002, 0x0003, 0x0003, 0x0003, 0x0001, 0x0000, 0x0000, 
  0x0002, 0x0003, 0x0001, 0x0001, 0x0003, 0x0003, 0x1882, 0x1021, 0x0863, 0x43C5, 0x6E05, 0x3E07, 
  0x2506, 0x63E4, 0x4203, 0x0022, 0x0002, 0x0002, 0x0002, 0x0001, 0x9367, 0xAC07, 0x0001, 0x0003, 
  0x0002, 0x0003, 0x0001, 0x0002, 0x0003, 0x0003, 0x0002, 0x0002, 0x0003, 0x0002, 0x0002, 0x0002, 
  0x0002, 0x0003, 0x0003, 0x4002, 0x2003, 0x0003, 0x0001, 0x0001, 0x0003, 0x0000, 0x0000, 0x210B, 
  0x937A, 0x18EA, 0x0001, 0xB264, 0xFBE4, 0xFB44, 0xFB44, 0xFB44, 0xFB44, 0xFB64, 0xFB44, 0xFB45, 
  0xFB44, 0xFB44, 0xFB44, 0xFB44, 0xFB44, 0xFB44, 0xFB44, 0xFB45, 0xFB44, 0xFB44, 0xFB44, 0xFB44, 
  0xFB44, 0xFB44, 0xFB44, 0xFB44, 0xFB24, 0xFB44, 0xFB64, 0xFB44, 0xFB44, 0xFB44, 0xFB44, 0xFB44, 
  0xFB44, 0xFB45, 0xFB44, 0xFB44, 0xFB44, 0xFB44, 0xFB44, 0xFB64, 0xFBA5, 0x38C4, 0x0005, 0x7AD6, 
  0x7254, 0x0000, 0xA673, 0x976F, 0x0540, 0x3E21, 0x3E42, 0x25A1, 0x3E42, 0x35E1, 0x2582, 0x4603, 
  0x4622, 0x3DC1, 0x2542, 0x0DA0, 0xD7B5, 0x86CC, 0x0560, 0x2DE2, 0x35C1, 0x35A1, 0x35A2, 0x35E2, 
  0x3E02, 0x2542, 0x35A2, 0x3E41, 0x3601, 0x2581, 0x2DA1, 0x2DC1, 0x3E21, 0x1D21, 0x3641, 0x2542, 
  0x0002, 0x0002, 0x01A2, 0x1642, 0x3661, 0x2DA1, 0x35C2, 0x35C2, 0x35C2, 0x4E63, 0x35A2, 0x2562, 
  0x35E2, 0x2562, 0x35C2, 0x5643, 0x25C2, 0x3DE2, 0x2DA2, 0x3602, 0x4622, 0x1520, 0x35E1, 0x3622, 
  0x3E01, 0x2560, 0x1D40, 0x25C1, 0x3E01, 0x1D02, 0x2DA1, 0x2DC2, 0x35A2, 0x35A2, 0x1D41, 0x1DA1, 
  0x4E82, 0x35A1, 0x3DE2, 0x35A2, 0x3E00, 0x0D01, 0x00A0, 0x5970, 0x8AF8, 0x0002, 0x0005, 0x4831, 
  0x5874, 0x8172, 0x60D2, 0x4032, 0x7113, 0x8153, 0x5073, 0x5893, 0x6073, 0x4915, 0x50F5, 0x68F5, 
  0x58F3, 0x5053, 0x4813, 0x70F2, 0xB9F2, 0x6072, 0x50D3, 0x5074, 0x4012, 0x4812, 0x7114, 0x7114, 
  0x7032, 0x59B5, 0x0025, 0x1886, 0xA41C, 0x51F0, 0x0000, 0x0000, 0x0003, 0x0002, 0x0002, 0x0002, 
  0x0002, 0x0002, 0x0002, 0x0002, 0x0002, 0x0002, 0x0003, 0x0003, 0x0002, 0x0003, 0x0002, 0x0003, 
  0x0005, 0x0003, 0x0001, 0x0049, 0x0028, 0x0001, 0x0003, 0x0002, 0x1841, 0xD5A9, 0xF791, 0xE5AE, 
  0x48C2, 0x0002, 0x0003, 0x0003, 0x0002, 0x3942, 0x6A61, 0x71A1, 0x5B24, 0x35E6, 0x3566, 0x04E7, 
  0x59E5, 0xA1C2, 0x23A2, 0x0485, 0x1385, 0x0002, 0x0002, 0x0002, 0x2924, 0x3104, 0x0002, 0x0002, 
  0x0002, 0x0002, 0x0002, 0x0002, 0x0003, 0x0003, 0x1005, 0x0003, 0x0003, 0x0003, 0x0003, 0x0003, 
  0x0003, 0x0002, 0x0003, 0x0002, 0x0002, 0x0002, 0x4A47, 0x3185, 0x0002, 0x0000, 0x0000, 0x290B, 
  0x939A, 0x20EA, 0x0001, 0xAA45, 0xFB85, 0xFB04, 0xFB05, 0xFB25, 0xFB05, 0xFB25, 0xFB05, 0xFB05, 
  0xFB05, 0xFB05, 0xFB05, 0xFB05, 0xFB05, 0xFB05, 0xFB05, 0xFB05, 0xFB05, 0xFB05, 0xFB05, 0xFB05, 
  0xFB05, 0xFB05, 0xFB05, 0xFB05, 0xFB05, 0xFB25, 0xFB05, 0xFB05, 0xFB05, 0xFB05, 0xFB06, 0xFB05, 
  0xFB05, 0xFB05, 0xFB06, 0xFB05, 0xFB05, 0xFB05, 0xFB25, 0xFB25, 0xFB46, 0x38A5, 0x0005, 0x7AF6, 
  0x6233, 0x1866, 0xA672, 0x46E3, 0x2560, 0x1D61, 0x1D62, 0x3E03, 0x3DE3, 0x1D42, 0x3E23, 0x2DE2, 
  0x2D82, 0x1CC2, 0x04A0, 0x55EA, 0xDFB7, 0x2561, 0x2582, 0x2DA1, 0x2522, 0x2522, 0x2562, 0x14E1, 
  0x1D42, 0x2523, 0x2D23, 0x2522, 0x1D22, 0x35A4, 0x35C3, 0x1500, 0x1501, 0x2543, 0x4643, 0x3581, 
  0x0420, 0x34E1, 0x13A3, 0x1D63, 0x2D82, 0x14E2, 0x35C2, 0x2562, 0x0CC1, 0x35A2, 0x35E2, 0x1D02, 
  0x1D42, 0x2D23, 0x2543, 0x2542, 0x1D42, 0x35A2, 0x2D42, 0x2D63, 0x1502, 0x1D42, 0x2D41, 0x1D21, 
  0x2543, 0x3E04, 0x1D41, 0x2522, 0x2D83, 0x2584, 0x35C3, 0x1D22, 0x1CC3, 0x2522, 0x1CE2, 0x0CE1, 
  0x2DC2, 0x4623, 0x3DE3, 0x0CE1, 0x45A2, 0x35C3, 0x0080, 0x5950, 0x8B18, 0x0003, 0x0004, 0x4851, 
  0x5874, 0xAAB3, 0x7972, 0x4832, 0x4873, 0x4094, 0x5893, 0x5894, 0x60B3, 0x7891, 0x60B4, 0x60F5, 
  0x58F3, 0x5073, 0x4873, 0x60D2, 0x8972, 0x5892, 0x5032, 0x6092, 0xCB33, 0x8993, 0x4813, 0x5074, 
  0x8092, 0x7051, 0x0004, 0x10A7, 0xA3FC, 0x49F0, 0x0000, 0x0000, 0x0003, 0x0002, 0x0002, 0x0003, 
  0x0002, 0x0003, 0x2002, 0x4002, 0x0002, 0x0002, 0x0002, 0x0002, 0x0002, 0x0003, 0x0002, 0x0004, 
  0x0028, 0x0002, 0x0002, 0x0002, 0x0002, 0x0002, 0x0023, 0x0043, 0xB380, 0xFE06, 0xD6B5, 0xFFF1, 
  0xE462, 0x0001, 0x0003, 0x0002, 0x0003, 0x9340, 0x5A85, 0x9347, 0xA2C0, 0x0043, 0x0B43, 0x5402, 
  0xB2A2, 0x99C1, 0x89A2, 0x4BE3, 0x01C3, 0x0003, 0x0803, 0x0003, 0x0001, 0x0002, 0x2B04, 0x7EA4, 
  0x2B44, 0x0AA5, 0x76A6, 0x3B44, 0x0001, 0x0002, 0x2007, 0x0004, 0x0002, 0x0002, 0x0002, 0x0003, 
  0x0002, 0x0002, 0x0003, 0x0804, 0x0803, 0x0001, 0x5AE8, 0x39E5, 0x0002, 0x0000, 0x0000, 0x290B, 
  0x939A, 0x20CA, 0x0001, 0xAA64, 0xFC03, 0xFB64, 0xFB84, 0xFB84, 0xFB84, 0xFB84, 0xFBA4, 0xFB84, 
  0xFB64, 0xFB64, 0xFB64, 0xFB64, 0xFB64, 0xFB64, 0xFB84, 0xFB64, 0xFB65, 0xFB64, 0xFB64, 0xFB64, 
  0xFB64, 0xFB84, 0xFB64, 0xFB84, 0xFB84, 0xFB84, 0xFB84, 0xFB84, 0xFB84, 0xFB84, 0xFB84, 0xFB64, 
  0xFB64, 0xFB64, 0xFB64, 0xFB64, 0xFB64, 0xFB64, 0xFB64, 0xFB84, 0xFBC4, 0x40A4, 0x0006, 0x7AF5, 
  0x6A53, 0x1865, 0x34E6, 0x0DC0, 0x1D20, 0x04A0, 0x0CA1, 0x0CA1, 0x2D62, 0x1D01, 0x0CE1, 0x1D41, 
  0x04C1, 0x0CE0, 0x0460, 0xAEB3, 0x9E90, 0x03E0, 0x1482, 0x14E1, 0x14E2, 0x0CC1, 0x0C81, 0x1CA2, 
  0x14C2, 0x0441, 0x14A2, 0x14A2, 0x1CC2, 0x0CC3, 0x0C62, 0x1462, 0x14C2, 0x1483, 0x1CC3, 0x2D62, 
  0x2561, 0x1D41, 0x25C2, 0x1D02, 0x0C81, 0x0441, 0x14E2, 0x1D02, 0x0CC2, 0x0CC2, 0x04E2, 0x1502, 
  0x0C62, 0x0C42, 0x1482, 0x0CA2, 0x0461, 0x0C21, 0x1CA2, 0x1463, 0x0442, 0x14C2, 0x0C82, 0x0441, 
  0x0442, 0x0C82, 0x1D02, 0x1481, 0x0421, 0x14E3, 0x14A2, 0x0442, 0x0421, 0x0C62, 0x0C82, 0x14E2, 
  0x1522, 0x1523, 0x1D22, 0x0461, 0x1482, 0x2584, 0x00A0, 0x5971, 0x8B38, 0x0003, 0x0003, 0x584F, 
  0x80B4, 0x4053, 0x4873, 0x5893, 0x5093, 0x4114, 0x5893, 0x50B3, 0x6892, 0x906F, 0x6093, 0x60F5, 
  0x60D3, 0x5073, 0x5893, 0x4873, 0x4052, 0x5892, 0x4832, 0x60F2, 0xF4D4, 0x9A14, 0x4813, 0x5893, 
  0x60B4, 0x4895, 0x0004, 0x18A6, 0xA3FC, 0x49F0, 0x0000, 0x0000, 0x0001, 0x0049, 0x0047, 0x0001, 
  0x0002, 0x0003, 0x2802, 0x4001, 0x0002, 0x0002, 0x0002, 0x0003, 0x0001, 0x0001, 0x0003, 0x0002, 
  0x0001, 0x0003, 0x0002, 0x0002, 0x0002, 0x0002, 0x50A3, 0xE223, 0x9A25, 0xD081, 0xF360, 0xFE00, 
  0xE300, 0x0002, 0x0003, 0x0003, 0x0002, 0x1062, 0x7223, 0xC1E1, 0x30A1, 0x45E3, 0x3F45, 0x1326, 
  0x61C3, 0xAC42, 0x9B02, 0x2042, 0x0002, 0x0804, 0x1004, 0x0001, 0x11E3, 0x3526, 0x0B82, 0x64E4, 
  0x8C87, 0x2BC6, 0x1D64, 0x4C44, 0x4245, 0x10E3, 0x0001, 0x0002, 0x4103, 0x8AC4, 0x1002, 0x9B40, 
  0x9C23, 0x0003, 0x0001, 0x2807, 0x1806, 0x0002, 0x0001, 0x0001, 0x0003, 0x0000, 0x0000, 0x290B, 
  0x939A, 0x18EA, 0x0001, 0xC148, 0xF9CA, 0xF1A9, 0xF9A9, 0xF9A9, 0xF9A9, 0xF9A9, 0xF1A9, 0xF1A8, 
  0xF989, 0xF188, 0xF189, 0xF989, 0xF989, 0xF989, 0xF189, 0xF989, 0xF9A9, 0xF9A9, 0xF189, 0xF9A9, 
  0xF989, 0xF189, 0xF989, 0xF9A9, 0xF9A9, 0xF989, 0xF9A9, 0xF9A8, 0xF1A9, 0xF9A9, 0xF989, 0xF989, 
  0xF989, 0xF989, 0xF1A9, 0xF989, 0xF989, 0xF989, 0xF9A9, 0xF9A9, 0xF9CA, 0x3045, 0x0004, 0x7AD6, 
  0x7274, 0x0002, 0x1D02, 0x46E3, 0x3E24, 0x3E24, 0x4643, 0x2583, 0x4643, 0x5685, 0x2DA3, 0x3DC4, 
  0x4624, 0x4E84, 0x662A, 0xD737, 0x2581, 0x1520, 0x1521, 0x1541, 0x2562, 0x3DE2, 0x2562, 0x2DA2, 
  0x3E01, 0x1561, 0x2561, 0x2581, 0x25C1, 0x1D81, 0x1D41, 0x1D42, 0x35C1, 0x1D02, 0x0CE2, 0x25C0, 
  0x2600, 0x1D41, 0x1D41, 0x1D62, 0x2E02, 0x25A1, 0x2D81, 0x1D61, 0x2DA2, 0x2DC2, 0x1DA1, 0x1D42, 
  0x2D62, 0x2562, 0x2522, 0x2561, 0x2DA2, 0x2D42, 0x1481, 0x1CE1, 0x3582, 0x2582, 0x1D41, 0x1521, 
  0x2561, 0x1D40, 0x1D41, 0x2DA2, 0x2D81, 0x14E1, 0x1D21, 0x1D61, 0x2DC1, 0x2581, 0x1D42, 0x2581, 
  0x2DC1, 0x25A1, 0x1541, 0x1D61, 0x2DC1, 0x0522, 0x00C0, 0x5951, 0x8338, 0x0003, 0x0003, 0x484F, 
  0x6894, 0x5073, 0x50B4, 0x50B4, 0x5873, 0x5893, 0x50B3, 0x48B4, 0x3914, 0x5094, 0x5894, 0x68F4, 
  0x5934, 0x5873, 0x5811, 0x5853, 0x50B3, 0x48F4, 0x5872, 0x5072, 0x4833, 0x5033, 0x5893, 0x5893, 
  0x5875, 0x80B1, 0x0801, 0x08A8, 0xA3FC, 0x49F0, 0x0000, 0x0000, 0x0002, 0x0025, 0x0024, 0x0002, 
  0x0002, 0x0002, 0x0002, 0x0003, 0x0002, 0x0002, 0x0002, 0x28E1, 0xB3E4, 0x6A64, 0x0002, 0x0002, 
  0x0003, 0x0003, 0x0000, 0x0002, 0x0003, 0x0003, 0x1002, 0x4001, 0x6BAB, 0x6187, 0xB800, 0xE880, 
  0x5022, 0x0003, 0x0003, 0x0002, 0x0002, 0x0003, 0x2882, 0x2882, 0x0344, 0x2644, 0x1525, 0x0185, 
  0x0122, 0x1722, 0x1582, 0x0022, 0x0003, 0x0003, 0x0002, 0x2143, 0x6D05, 0x1A45, 0x1244, 0x45A9, 
  0x8DCE, 0xF648, 0x8444, 0x6D86, 0xA767, 0x5CA5, 0x3263, 0x0021, 0x2002, 0xC1E4, 0xC484, 0xFFEF, 
  0xFFF2, 0xA360, 0x0001, 0x0003, 0x0003, 0x0003, 0x0001, 0x0001, 0x0004, 0x0001, 0x0000, 0x292C, 
  0x939B, 0x18EA, 0x0001, 0xC00D, 0xF811, 0xF00F, 0xF00E, 0xF00E, 0xF00E, 0xF00F, 0xF00E, 0xF00E, 
  0xF00E, 0xE80E, 0xE80F, 0xE80E, 0xE80E, 0xF00E, 0xF00F, 0xF00E, 0xF00E, 0xF00E, 0xF00F, 0xF00E, 
  0xF00E, 0xF00F, 0xF00F, 0xF00E, 0xF00E, 0xF00E, 0xF00E, 0xF00E, 0xF00E, 0xF00E, 0xF00E, 0xF00E, 
  0xF00E, 0xF00E, 0xF00E, 0xF00E, 0xF00E, 0xF00E, 0xF00E, 0xF80E, 0xF810, 0x3007, 0x0003, 0x7AD5, 
  0x6A33, 0x0023, 0x762A, 0x9FCD, 0x96CD, 0x8ECD, 0x970C, 0x9F0E, 0x96EF, 0x8EEE, 0xAF6E, 0x8EEC, 
  0xA72E, 0x96EE, 0xB733, 0x86CC, 0x1E40, 0x3642, 0x3642, 0x3641, 0x3622, 0x5683, 0x3DE2, 0x35A1, 
  0x3641, 0x2622, 0x4642, 0x3E61, 0x2E01, 0x3642, 0x3E22, 0x2DC1, 0x3602, 0x2DC3, 0x4EA2, 0x4EE2, 
  0x1DE1, 0x4EA3, 0x4E82, 0x3E42, 0x3682, 0x3622, 0x4642, 0x3622, 0x4642, 0x4661, 0x3661, 0x2DE1, 
  0x2E22, 0x3602, 0x2DE1, 0x3601, 0x35E2, 0x3E23, 0x3DE1, 0x4621, 0x3E41, 0x3E42, 0x3E61, 0x3661, 
  0x4643, 0x3622, 0x2DE0, 0x3E22, 0x4682, 0x2DE2, 0x4662, 0x3681, 0x3642, 0x3E42, 0x3DE2, 0x3E21, 
  0x2DC1, 0x3E62, 0x4E81, 0x2E01, 0x4EC3, 0x2602, 0x00A0, 0x5951, 0x8B38, 0x0003, 0x0003, 0x4070, 
  0x5894, 0x5892, 0x5853, 0x4874, 0x5893, 0x58B3, 0x5873, 0x4853, 0x4872, 0x5073, 0x58B4, 0x68F5, 
  0x6175, 0x5955, 0x4995, 0x5052, 0x5093, 0x50B3, 0x5893, 0x4852, 0x4812, 0x50D4, 0x4134, 0x5873, 
  0x5055, 0x88F0, 0x1800, 0x0888, 0xA3FC, 0x49F0, 0x0000, 0x0000, 0x0003, 0x0002, 0x0002, 0x0003, 
  0x0002, 0x0024, 0x0002, 0x0002, 0x0002, 0x0002, 0x1001, 0xEC41, 0xFFEB, 0xFFA8, 0x6940, 0x0002, 
  0x0003, 0x0002, 0x1A49, 0x08E5, 0x0002, 0x0002, 0x0003, 0x0843, 0x2963, 0x0002, 0x0003, 0x0003, 
  0x0003, 0x0003, 0x0002, 0x0003, 0x1004, 0x0003, 0x1983, 0x3F47, 0x0BA4, 0x0003, 0x0002, 0x0822, 
  0x23A4, 0x3F63, 0x5F24, 0x1A64, 0x0003, 0x0004, 0x0003, 0x18A3, 0x5AA6, 0x5D47, 0x4D87, 0x0185, 
  0x34A7, 0xE7C6, 0x5A64, 0x0164, 0x4606, 0x77E7, 0x5E67, 0x23A3, 0x0001, 0x1802, 0xF566, 0xFFF1, 
  0xFFCC, 0xB320, 0x0002, 0x0002, 0x0002, 0x0001, 0x11E9, 0x0927, 0x0002, 0x0000, 0x0000, 0x290B, 
  0x939B, 0x18C9, 0x0001, 0xC0EA, 0xF94B, 0xF14A, 0xF14A, 0xF14A, 0xF14A, 0xF14A, 0xF14A, 0xF14A, 
  0xF14A, 0xF14A, 0xF12A, 0xF12A, 0xF12A, 0xF12A, 0xF12A, 0xF12A, 0xF94A, 0xF94A, 0xF92A, 0xF92A, 
  0xF14A, 0xF14A, 0xF14A, 0xF94A, 0xF94A, 0xF14A, 0xF94A, 0xF92A, 0xF12A, 0xF14A, 0xF94A, 0xF14A, 
  0xF14A, 0xF94A, 0xF94A, 0xF94A, 0xF94A, 0xF929, 0xF94A, 0xF94A, 0xF96B, 0x3825, 0x0005, 0x7B16, 
  0x7275, 0x0022, 0x04A0, 0x1DE0, 0x1541, 0x14C1, 0x1D22, 0x35C2, 0x3584, 0x0CA2, 0x2DA3, 0x2562, 
  0x2561, 0x14E1, 0x1D42, 0x1D60, 0x3622, 0x1D62, 0x2563, 0x3603, 0x3D83, 0x1D21, 0x1D21, 0x1D01, 
  0x0CA1, 0x0CE2, 0x2DA1, 0x2562, 0x14C3, 0x2562, 0x35E2, 0x1D41, 0x1D42, 0x2DA3, 0x3E02, 0x3582, 
  0x0422, 0x2D83, 0x2DE2, 0x2D62, 0x2D82, 0x1D22, 0x2DA2, 0x2582, 0x2D62, 0x2562, 0x1D41, 0x1D02, 
  0x1521, 0x2D82, 0x3DE3, 0x1D41, 0x0CC1, 0x2D82, 0x2D22, 0x2D41, 0x1501, 0x1D61, 0x25A0, 0x3582, 
  0x24C4, 0x1522, 0x1D22, 0x1CE1, 0x0CE1, 0x2562, 0x2580, 0x2542, 0x1521, 0x25A1, 0x2560, 0x2542, 
  0x0CC1, 0x1521, 0x2D61, 0x1D22, 0x25E1, 0x3663, 0x00A0, 0x5970, 0x8B38, 0x0003, 0x0003, 0x404F, 
  0x6074, 0x5093, 0x5914, 0x70B2, 0x5893, 0x5874, 0x5032, 0xBAF5, 0xE3F6, 0x6851, 0x48B4, 0x5956, 
  0x60B3, 0x5935, 0x4A37, 0x5052, 0x5872, 0x5893, 0x4033, 0x7031, 0x8052, 0x4854, 0x60D3, 0x5873, 
  0x5034, 0x4873, 0x0004, 0x18C7, 0xA3FC, 0x49F0, 0x0000, 0x0000, 0x0003, 0x0002, 0x0002, 0x0001, 
  0x0004, 0x00EB, 0x0024, 0x0002, 0x0002, 0x0003, 0x0001, 0x78A2, 0xF9E1, 0xD941, 0x1802, 0x0003, 
  0x0002, 0x0002, 0x230C, 0x1126, 0x0001, 0x0002, 0x0003, 0x0002, 0x0001, 0x0003, 0x0003, 0x0003, 
  0x0002, 0x0003, 0x0002, 0x0805, 0x1006, 0x0002, 0x0002, 0x01C5, 0x00E4, 0x0002, 0x0002, 0x0884, 
  0x1304, 0x0A84, 0x12A4, 0x0A04, 0x0002, 0x0804, 0x0804, 0x0001, 0x00A3, 0x1C46, 0x08E3, 0x0001, 
  0x22C4, 0x1A63, 0x0002, 0x0002, 0x0084, 0x02E6, 0x0AA3, 0x12C3, 0x0002, 0x0003, 0x78E1, 0xDA40, 
  0xA180, 0x1002, 0x0002, 0x0002, 0x0002, 0x0000, 0x1AEC, 0x09C8, 0x0001, 0x0000, 0x0000, 0x290B, 
  0x939A, 0x18CA, 0x0001, 0xCAC4, 0xFBA4, 0xFB44, 0xFB65, 0xFB64, 0xFB64, 0xFB64, 0xFB64, 0xFB64, 
  0xFB64, 0xFB64, 0xFB64, 0xFB64, 0xFB64, 0xFB64, 0xFB64, 0xFB64, 0xFB64, 0xFB64, 0xFB64, 0xFB64, 
  0xFB85, 0xFB85, 0xFB85, 0xFB85, 0xFB85, 0xFB64, 0xFB64, 0xFB64, 0xFB64, 0xFB64, 0xFB64, 0xFB64, 
  0xFB64, 0xFB64, 0xFB64, 0xFB64, 0xFB64, 0xFB64, 0xFB65, 0xFB65, 0xFBA4, 0x40A4, 0x0005, 0x7AF6, 
  0x7255, 0x0043, 0x0480, 0x0560, 0x0D20, 0x0D21, 0x0CC1, 0x0CE1, 0x2561, 0x1D82, 0x0441, 0x04C1, 
  0x1501, 0x1541, 0x0D01, 0x1501, 0x1522, 0x0CE1, 0x0482, 0x0CE2, 0x2523, 0x0CA1, 0x04A1, 0x1522, 
  0x1D21, 0x0481, 0x14C1, 0x14E1, 0x1D22, 0x0480, 0x04A0, 0x1501, 0x14E1, 0x04C2, 0x0CC2, 0x14A1, 
  0x1D02, 0x0441, 0x0421, 0x1482, 0x3DE2, 0x1501, 0x04A1, 0x0CC1, 0x1CE2, 0x0C82, 0x0401, 0x1D22, 
  0x3583, 0x0481, 0x14C1, 0x1501, 0x1521, 0x0CE1, 0x14C1, 0x1D02, 0x1522, 0x04A1, 0x0C81, 0x14A2, 
  0x2503, 0x0461, 0x0CC1, 0x1D42, 0x14C1, 0x03C2, 0x0CA1, 0x1D41, 0x14E1, 0x0441, 0x0C60, 0x1501, 
  0x1D21, 0x0421, 0x0C61, 0x14A2, 0x0481, 0x04A3, 0x00E0, 0x6170, 0x8B58, 0x0003, 0x0004, 0x484F, 
  0x6074, 0x4873, 0x68F2, 0xB930, 0x60B3, 0x4854, 0x7011, 0xF515, 0xFEF8, 0x9112, 0x4832, 0x68F3, 
  0x60F4, 0x5853, 0x5833, 0x6832, 0x6032, 0x4013, 0x88F2, 0xFD94, 0xFCD2, 0x8030, 0x4812, 0x78F3, 
  0xB1F4, 0x5892, 0x0003, 0x10A7, 0xA3FC, 0x49EF, 0x0000, 0x0000, 0x1063, 0x0863, 0x0863, 0x0863, 
  0x0863, 0x0883, 0x0863, 0x0843, 0x0863, 0x0863, 0x0083, 0x0003, 0x3003, 0x1004, 0x0043, 0x0863, 
  0x0844, 0x0863, 0x0001, 0x0042, 0x0863, 0x0863, 0x0863, 0x0843, 0x0863, 0x0843, 0x0863, 0x0863, 
  0x0843, 0x0843, 0x0843, 0x0862, 0x0842, 0x1062, 0x0842, 0x0802, 0x0823, 0x0863, 0x1063, 0x0843, 
  0x0002, 0x0002, 0x0002, 0x0002, 0x1063, 0x0863, 0x0863, 0x1063, 0x0843, 0x0002, 0x0823, 0x1063, 
  0x0002, 0x0002, 0x0862, 0x1083, 0x0822, 0x0803, 0x0003, 0x0002, 0x1063, 0x0883, 0x0023, 0x0003, 
  0x0003, 0x0023, 0x1063, 0x0883, 0x0863, 0x1063, 0x0000, 0x0821, 0x1084, 0x0841, 0x0000, 0x28EB, 
  0x937A, 0x18CA, 0x0002, 0xCAA4, 0xFB84, 0xFB24, 0xFB25, 0xFB25, 0xFB25, 0xFB25, 0xFB25, 0xFB25, 
  0xFB25, 0xFB25, 0xFB25, 0xFB25, 0xFB25, 0xFB25, 0xFB25, 0xFB25, 0xFB25, 0xFB25, 0xFB25, 0xFB25, 
  0xFB25, 0xFB25, 0xFB25, 0xFB25, 0xFB25, 0xFB25, 0xFB25, 0xFB25, 0xFB25, 0xFB25, 0xFB25, 0xFB25, 
  0xFB25, 0xFB25, 0xFB25, 0xFB25, 0xFB05, 0xFB05, 0xFB25, 0xFB25, 0xFB85, 0x38A4, 0x0005, 0x7AF6, 
  0x7275, 0x0003, 0x1D21, 0x4F41, 0x3622, 0x4682, 0x4682, 0x3622, 0x46C1, 0x3661, 0x4EA2, 0x5702, 
  0x3E82, 0x46E1, 0x36A1, 0x3E81, 0x4681, 0x3EA1, 0x3EA1, 0x3E81, 0x2E41, 0x4EC2, 0x4682, 0x2DE1, 
  0x4EE1, 0x56E2, 0x5682, 0x46A1, 0x4EC0, 0x5702, 0x4682, 0x3E42, 0x5F02, 0x4E82, 0x3641, 0x46A1, 
  0x3641, 0x3EA1, 0x3641, 0x2E21, 0x46E0, 0x2E20, 0x3E61, 0x3E81, 0x3EA1, 0x3641, 0x4681, 0x46E1, 
  0x3700, 0x3660, 0x3621, 0x4EE1, 0x46C1, 0x5701, 0x3660, 0x3E61, 0x3EC1, 0x3642, 0x46A1, 0x46C0, 
  0x4EE1, 0x4EE1, 0x4661, 0x3641, 0x3EC1, 0x3621, 0x56C1, 0x46C1, 0x3EA2, 0x46C1, 0x3642, 0x46A0, 
  0x46C0, 0x3E61, 0x4661, 0x3661, 0x5721, 0x2663, 0x0080, 0x5950, 0x8B38, 0x0003, 0x0003, 0x3810, 
  0xA174, 0xA1D2, 0x4812, 0x6092, 0x58B3, 0x5853, 0x4813, 0x8912, 0x9972, 0x4853, 0x50B3, 0x60F4, 
  0x60F4, 0x5894, 0x6053, 0x4197, 0x48F4, 0x5811, 0x80F2, 0xFC52, 0xFBD0, 0x7850, 0x4034, 0x6914, 
  0xB215, 0x6072, 0x0003, 0x10C8, 0xA3FB, 0x49CF, 0x0000, 0x0000, 0x0021, 0x0021, 0x0000, 0x0020, 
  0x0000, 0x0000, 0x0021, 0x0021, 0x0020, 0x0021, 0x0021, 0x0001, 0x0021, 0x0000, 0x0000, 0x0021, 
  0x0040, 0x0020, 0x0000, 0x0000, 0x0000, 0x0001, 0x0000, 0x0000, 0x0000, 0x0000, 0x0000, 0x0000, 
  0x0001, 0x0000, 0x0000, 0x0020, 0x0820, 0x0000, 0x0000, 0x0000, 0x0000, 0x0820, 0x0020, 0x0000, 
  0x0000, 0x0800, 0x0000, 0x0800, 0x0840, 0x0000, 0x0800, 0x0800, 0x0000, 0x0000, 0x0000, 0x0820, 
  0x0840, 0x0820, 0x0800, 0x0820, 0x0820, 0x0000, 0x0000, 0x0000, 0x0000, 0x0840, 0x0820, 0x0000, 
  0x0000, 0x0820, 0x0820, 0x0800, 0x0000, 0x0820, 0x0000, 0x0800, 0x1040, 0x0820, 0x0000, 0x28EB, 
  0x937A, 0x18CA, 0x0001, 0xCAA5, 0xFB85, 0xFB25, 0xFB25, 0xFB25, 0xFB25, 0xFB25, 0xFB25, 0xFB25, 
  0xFB25, 0xFB25, 0xFB25, 0xFB25, 0xFB25, 0xFB25, 0xFB25, 0xFB25, 0xFB25, 0xFB25, 0xFB25, 0xFB05, 
  0xFB25, 0xFB25, 0xFB25, 0xFB25, 0xFB25, 0xFB25, 0xFB25, 0xFB05, 0xFB25, 0xFB05, 0xFB05, 0xFB05, 
  0xFB05, 0xFB05, 0xFB05, 0xFB05, 0xFB25, 0xFB05, 0xFB25, 0xFB25, 0xFB66, 0x38A4, 0x0005, 0x7AD6, 
  0x7255, 0x0003, 0x2CC2, 0x5E24, 0x5565, 0x5564, 0x4583, 0x4583, 0x4D83, 0x3D23, 0x55A5, 0x5E05, 
  0x4DC5, 0x4DA3, 0x3D23, 0x4543, 0x4582, 0x3D82, 0x4DA4, 0x5DA3, 0x3D63, 0x4D83, 0x4DA4, 0x4D84, 
  0x4DC3, 0x55C4, 0x6625, 0x4DE3, 0x45C4, 0x4DE4, 0x55E4, 0x55C4, 0x55E4, 0x55C4, 0x55C4, 0x4583, 
  0x3D43, 0x3D83, 0x4DA4, 0x4584, 0x4583, 0x3D43, 0x4583, 0x45C3, 0x3DA3, 0x3D83, 0x4563, 0x45C4, 
  0x3DC3, 0x4583, 0x4DA4, 0x55E4, 0x3DA5, 0x4DE5, 0x4DC4, 0x4DA3, 0x45A2, 0x2D43, 0x55C2, 0x4DC2, 
  0x45A3, 0x3D42, 0x4D23, 0x4542, 0x3D82, 0x3DA2, 0x4E03, 0x45A3, 0x4DC3, 0x45C3, 0x45A3, 0x4DE3, 
  0x45C2, 0x45C4, 0x4E23, 0x3DC2, 0x5642, 0x2DE4, 0x00A0, 0x5971, 0x8B58, 0x0003, 0x0004, 0x5010, 
  0x7996, 0x6995, 0x5032, 0x5073, 0x5872, 0x4955, 0x50F4, 0x4034, 0x4015, 0x6052, 0x48D4, 0x58F4, 
  0x6915, 0x6073, 0x6053, 0x31B6, 0x48F5, 0x6033, 0x4053, 0x6010, 0x7810, 0x4854, 0x58B4, 0x5874, 
  0x5856, 0x4957, 0x0003, 0x10A7, 0xA3FB, 0x49D0, 0x0000, 0x30C0, 0xAA83, 0x9244, 0x89A2, 0x8161, 
  0x89E3, 0x8A03, 0x8961, 0x81C3, 0x8961, 0x8981, 0x9263, 0x9AC4, 0x9264, 0x89E2, 0x81A3, 0x81C3, 
  0x89A3, 0x8162, 0x8A04, 0x8A44, 0x9263, 0xA305, 0x6A03, 0x6A43, 0xA2E5, 0x92A6, 0x9244, 0x8A84, 
  0x8A43, 0x9263, 0xAA61, 0x3124, 0x0171, 0x2230, 0x3ACF, 0x2A2E, 0x092C, 0x012C, 0x010C, 0x19AD, 
  0x220E, 0x11EF, 0x1A30, 0x096D, 0x00AB, 0x11AD, 0x11CE, 0x09AD, 0x228F, 0x224F, 0x2A6E, 0x19EE, 
  0x118F, 0x09AF, 0x0A50, 0x094C, 0x00AB, 0x1A0E, 0x224E, 0x016D, 0x016D, 0x016D, 0x016D, 0x1250, 
  0x096D, 0x01EF, 0x11EE, 0x11CE, 0x09AC, 0x116D, 0x220E, 0x012D, 0x01D0, 0x0969, 0x0000, 0x290B, 
  0x939A, 0x18CA, 0x0001, 0xCAE4, 0xFC04, 0xFB64, 0xFB84, 0xFB84, 0xFB64, 0xFB64, 0xFB84, 0xFB84, 
  0xFB64, 0xFB64, 0xFB64, 0xFB64, 0xFB64, 0xFB65, 0xFB65, 0xFB65, 0xFB64, 0xFB64, 0xFB64, 0xFB64, 
  0xFB44, 0xFB44, 0xFB44, 0xFB44, 0xFB44, 0xFB44, 0xFB44, 0xFB64, 0xFB64, 0xFB64, 0xFB64, 0xFB64, 
  0xFB64, 0xFB64, 0xFB64, 0xFB64, 0xFB64, 0xFB65, 0xFB65, 0xFB84, 0xFBC4, 0x40C4, 0x0005, 0x7AD5, 
  0x72B4, 0x0002, 0x0001, 0x0005, 0x0003, 0x0003, 0x0003, 0x0003, 0x0004, 0x0003, 0x0004, 0x0004, 
  0x0005, 0x0006, 0x0003, 0x0003, 0x0003, 0x0002, 0x0003, 0x0003, 0x0003, 0x0003, 0x0004, 0x0003, 
  0x0004, 0x0003, 0x0003, 0x0004, 0x0004, 0x0004, 0x0004, 0x0004, 0x0003, 0x0005, 0x0004, 0x0003, 
  0x0004, 0x0004, 0x0005, 0x0005, 0x0005, 0x0003, 0x0004, 0x0003, 0x0004, 0x0003, 0x0004, 0x0004, 
  0x0003, 0x0005, 0x0005, 0x0006, 0x0005, 0x0004, 0x0006, 0x0006, 0x0003, 0x0002, 0x0003, 0x0003, 
  0x0003, 0x0005, 0x0004, 0x0004, 0x0025, 0x0046, 0x0003, 0x0004, 0x0004, 0x0004, 0x0004, 0x0004, 
  0x0003, 0x0003, 0x0004, 0x0003, 0x0005, 0x0042, 0x0000, 0x5A12, 0x8B58, 0x0003, 0x0004, 0x5830, 
  0x50D6, 0x38D4, 0x5872, 0x5893, 0x5853, 0x4196, 0x48F4, 0x5852, 0x4137, 0x50D4, 0x5093, 0x60F4, 
  0x60F4, 0x5874, 0x50B4, 0x5831, 0x5073, 0x48D4, 0x5872, 0x4053, 0x38B5, 0x50D5, 0x6052, 0x58B5, 
  0x51D9, 0x4955, 0x0003, 0x18A7, 0xA3FB, 0x49D0, 0x0000, 0x58A0, 0xFA01, 0xF980, 0xFB69, 0xFC6E, 
  0xFB49, 0xFBAA, 0xFB69, 0xF9E4, 0xFD72, 0xFCAC, 0xF9A0, 0xFB46, 0xF960, 0xFBEA, 0xFD92, 0xFAA7, 
  0xFAA7, 0xFD32, 0xFD31, 0xFBCA, 0xFB06, 0xF9A0, 0xC181, 0xC183, 0xFC2A, 0xFC4D, 0xFB48, 0xFB89, 
  0xFA43, 0xF9A0, 0xF9A0, 0x58E7, 0x00FA, 0x6C3C, 0x9D5B, 0x63B9, 0xA57C, 0xA5DE, 0x8CFB, 0xC65D, 
  0x63FB, 0x0158, 0x11F9, 0x6C5B, 0x84BB, 0x849B, 0x5379, 0x3B16, 0x74BC, 0x4B99, 0x9D5B, 0x4AD9, 
  0x00B6, 0x0136, 0x333B, 0x8D3B, 0x84BA, 0x6C5B, 0x643B, 0x957E, 0x641B, 0x6C3B, 0x8D9F, 0x0198, 
  0x0114, 0x1A38, 0x643A, 0x32F8, 0x8CDB, 0x6C39, 0x6C1A, 0x951D, 0x64BF, 0x012F, 0x0000, 0x290A, 
  0x939A, 0x20CA, 0x0001, 0xB126, 0xF988, 0xF947, 0xF167, 0xF167, 0xF968, 0xF167, 0xF167, 0xF167, 
  0xF167, 0xF947, 0xF967, 0xF947, 0xF967, 0xF967, 0xF967, 0xF967, 0xF967, 0xF967, 0xF967, 0xF967, 
  0xF947, 0xF947, 0xF947, 0xF947, 0xF947, 0xF947, 0xF947, 0xF967, 0xF147, 0xF947, 0xF967, 0xF967, 
  0xF967, 0xF967, 0xF967, 0xF947, 0xF167, 0xF987, 0xF967, 0xF967, 0xF987, 0x3824, 0x0005, 0x72D5, 
  0x6A95, 0x0000, 0x0007, 0x2073, 0x6256, 0x5A76, 0x5A35, 0x5234, 0x49B4, 0x4193, 0x000F, 0x38F1, 
  0x3132, 0x000E, 0x7AF6, 0xAC98, 0x5A34, 0x6AD6, 0x3974, 0x6275, 0x7B14, 0x4192, 0x100E, 0x080C, 
  0x0010, 0x3133, 0x3153, 0x0010, 0x1011, 0x0810, 0x000F, 0x0810, 0x1811, 0x0010, 0x3953, 0x4994, 
  0x0811, 0x1010, 0x1873, 0x1012, 0x2870, 0x49F4, 0x28B2, 0x4153, 0x28F3, 0x49D5, 0x3933, 0x20D3, 
  0x41B4, 0x0852, 0x0032, 0x3007, 0xC88B, 0xD0CB, 0x4006, 0x0010, 0x4155, 0x7B16, 0x5214, 0x6295, 
  0x6297, 0x6296, 0x5A35, 0x7317, 0x2092, 0x0011, 0x49D4, 0x28F2, 0x3974, 0x49B4, 0x2092, 0x1052, 
  0x51D4, 0x4173, 0x5A15, 0x4995, 0x1013, 0x0806, 0x0000, 0x5A32, 0x8B57, 0x0002, 0x0004, 0x4051, 
  0x7053, 0x7052, 0x5093, 0x5093, 0x5894, 0x5852, 0x5072, 0x50B4, 0x48F5, 0x48B4, 0x5872, 0x60F4, 
  0x68D3, 0x5894, 0x5094, 0x5073, 0x48B3, 0x48D3, 0x5852, 0x5872, 0x48D4, 0x48D5, 0x6052, 0x5894, 
  0x6936, 0x5071, 0x0002, 0x10C7, 0xA3FB, 0x41D0, 0x0000, 0x5000, 0xF800, 0xE800, 0xFA06, 0xFA88, 
  0xFA05, 0xFAA8, 0xFA66, 0xFAC7, 0xFB0A, 0xFAC8, 0xD020, 0xD924, 0xFA05, 0xFAA8, 0xFC6E, 0xF942, 
  0xF983, 0xFB6C, 0xFBCC, 0xF9E6, 0xFAC8, 0xE000, 0x9000, 0xA800, 0xF9E6, 0xFB8A, 0xE943, 0xF246, 
  0xE8E2, 0xE800, 0xF800, 0x4003, 0x0011, 0x39F5, 0x39F2, 0x4212, 0xAD59, 0x5B15, 0x7BD6, 0xB558, 
  0x4A72, 0x000D, 0x000E, 0x1931, 0x7C17, 0x9476, 0x5B14, 0x4252, 0x1970, 0x1930, 0x9CD7, 0x212F, 
  0x000C, 0x000C, 0x0090, 0x4253, 0x7BD5, 0x7C16, 0x3A53, 0x73D6, 0x9497, 0x5B14, 0xA57A, 0x004F, 
  0x000B, 0x08D0, 0x5AF3, 0x73B6, 0x94D8, 0x52F4, 0x6BD7, 0x9476, 0x73DA, 0x008C, 0x0000, 0x290B, 
  0x937A, 0x20EA, 0x0000, 0x9809, 0xF80C, 0xF00A, 0xF00A, 0xF00B, 0xF00A, 0xF00A, 0xF00A, 0xF00A, 
  0xF00A, 0xF00A, 0xF00A, 0xF00A, 0xF00A, 0xF00A, 0xF80A, 0xF00A, 0xF00A, 0xF00A, 0xF00A, 0xF00A, 
  0xF00A, 0xF00A, 0xF00A, 0xF00A, 0xF00A, 0xF00A, 0xF00A, 0xF00A, 0xF00A, 0xF00A, 0xF00A, 0xF00A, 
  0xF00A, 0xF00A, 0xF00A, 0xF00A, 0xF00A, 0xF00A, 0xF009, 0xF80A, 0xF80B, 0x3805, 0x0024, 0x72D5, 
  0x6A94, 0x0000, 0x0007, 0x2936, 0xAD3A, 0xB57A, 0xB59A, 0x9499, 0x7BD6, 0x94B9, 0x3194, 0x5293, 
  0x947A, 0x0830, 0x9CB7, 0xCE3A, 0x9CF9, 0x8437, 0x8C78, 0xA53A, 0xA537, 0x8C36, 0x080D, 0x004D, 
  0x0012, 0x94BA, 0xAD3B, 0x0012, 0x0053, 0x2995, 0x6317, 0x1914, 0x0013, 0x0893, 0xD69C, 0xAD3A, 
  0x0032, 0x0893, 0x1137, 0x08D5, 0x0010, 0x9CD8, 0x9CB9, 0xD69D, 0x9D3A, 0xCE7D, 0xA519, 0x8C77, 
  0xBDDA, 0x08F5, 0x0093, 0x5807, 0xFAB0, 0xFB31, 0x6003, 0x000F, 0x4A56, 0xA519, 0x62D5, 0xE6DB, 
  0x8C57, 0x7376, 0xD6BC, 0xEF3E, 0x3994, 0x000E, 0x8C79, 0x6317, 0x6295, 0xC61B, 0x5AD5, 0x5B17, 
  0xA51A, 0x73B8, 0xAD3A, 0xDEDE, 0x20D4, 0x0007, 0x0000, 0x6233, 0x8B37, 0x0002, 0x0004, 0x4031, 
  0x7074, 0x7852, 0x5073, 0x5072, 0x5094, 0x5094, 0x5872, 0x48D4, 0x4893, 0x5852, 0x5093, 0x60F4, 
  0xB891, 0xA02F, 0x5052, 0x8852, 0xA850, 0x5072, 0x7072, 0xB030, 0x6831, 0x5052, 0xA050, 0x9030, 
  0x6033, 0xA82F, 0x0802, 0x08A7, 0x9BDB, 0x49CF, 0x0000, 0x4082, 0xD9A9, 0xC1A9, 0xC189, 0xB927, 
  0xB9CA, 0xC1EA, 0xC168, 0xC24B, 0xB8E6, 0xB927, 0xB9AA, 0xB1EB, 0xBB0F, 0xC1EA, 0xBA0B, 0xB9EC, 
  0xB1AA, 0xB189, 0xBA2C, 0xBA0C, 0xBA8D, 0xD24B, 0x89CB, 0x91EC, 0xCA6D, 0xBAEF, 0xC22C, 0xB2EE, 
  0xB24B, 0xC1C9, 0xD9E8, 0x496C, 0x029B, 0x12BA, 0x12BA, 0x233A, 0x1AFA, 0x0A58, 0x0A78, 0x1AF9, 
  0x1B1A, 0x0AB9, 0x12B9, 0x0218, 0x0238, 0x1AF9, 0x1AF9, 0x12B9, 0x1278, 0x1278, 0x335A, 0x1AFA, 
  0x1278, 0x1A78, 0x1A7A, 0x01F8, 0x01D7, 0x2AF9, 0x22F9, 0x1257, 0x1AB8, 0x0A99, 0x12DA, 0x233A, 
  0x1236, 0x229A, 0x2B1A, 0x2B19, 0x2B3A, 0x22F9, 0x2B3A, 0x0A58, 0x133E, 0x1211, 0x0000, 0x28EA, 
  0x9359, 0x20EA, 0x0001, 0xA0E6, 0xF987, 0xF946, 0xF966, 0xF966, 0xF966, 0xF966, 0xF966, 0xF967, 
  0xF967, 0xF946, 0xF946, 0xF946, 0xF966, 0xF966, 0xF967, 0xF966, 0xF966, 0xF966, 0xF966, 0xF966, 
  0xF966, 0xF967, 0xF967, 0xF967, 0xF946, 0xF966, 0xF946, 0xF946, 0xF966, 0xF966, 0xF966, 0xF966, 
  0xF966, 0xF966, 0xF966, 0xF966, 0xF966, 0xF966, 0xF966, 0xF986, 0xF9A7, 0x3824, 0x0004, 0x72D6, 
  0x6A94, 0x0000, 0x0027, 0x1976, 0x2131, 0x2950, 0x29B3, 0x52D6, 0x2131, 0x4233, 0x4A94, 0x10AE, 
  0x6B53, 0x2970, 0x20CF, 0x108B, 0x4211, 0x108C, 0x296E, 0x52B4, 0x73D6, 0x3190, 0x0009, 0x082B, 
  0x0012, 0x8C79, 0xAD5B, 0x0012, 0x0853, 0x2154, 0x4236, 0x18F4, 0x0013, 0x18F3, 0xBDDA, 0xAD5A, 
  0x10D4, 0x0873, 0x1136, 0x0094, 0x10F2, 0xA518, 0x7BD7, 0xD67B, 0x9D19, 0xC61B, 0xA538, 0x8416, 
  0x8C97, 0x10F5, 0x00D4, 0x5807, 0xF9CD, 0xFA6F, 0x6803, 0x006F, 0x08D2, 0x2111, 0x18F1, 0x6355, 
  0x10D0, 0x082F, 0x5252, 0x5B14, 0x1911, 0x000F, 0x3A34, 0x4212, 0x000D, 0x2972, 0x31B1, 0x10AF, 
  0x4A53, 0x2972, 0x1952, 0x52B4, 0x0050, 0x0006, 0x0000, 0x5A32, 0x8B37, 0x0003, 0x0003, 0xA84D, 
  0x7093, 0x3893, 0xB02F, 0x9050, 0x4072, 0x9070, 0x904F, 0x4032, 0x8050, 0xB06F, 0x5073, 0x90D2, 
  0x7893, 0x8031, 0xC82F, 0x8850, 0x5071, 0xC84F, 0xB050, 0x5052, 0xB850, 0xB84F, 0x4031, 0x984F, 
  0xF04F, 0x8071, 0x0004, 0x10A6, 0x9BDC, 0x49EE, 0x0000, 0x0002, 0x0069, 0x0069, 0x0049, 0x0068, 
  0x0069, 0x0048, 0x0069, 0x0049, 0x006A, 0x006A, 0x008A, 0x0069, 0x0029, 0x006A, 0x004A, 0x008B, 
  0x008A, 0x008A, 0x006A, 0x008A, 0x008A, 0x00AB, 0x008B, 0x008B, 0x008A, 0x004A, 0x008B, 0x004A, 
  0x008B, 0x00AB, 0x008B, 0x004A, 0x008A, 0x006A, 0x008A, 0x006A, 0x0029, 0x008A, 0x008A, 0x002A, 
  0x0049, 0x006A, 0x006A, 0x006A, 0x006A, 0x002A, 0x0029, 0x0049, 0x004A, 0x0049, 0x0009, 0x0049, 
  0x006A, 0x006A, 0x006A, 0x004A, 0x004B, 0x002A, 0x004A, 0x0049, 0x004A, 0x0069, 0x0049, 0x006A, 
  0x006A, 0x004A, 0x0029, 0x0029, 0x0009, 0x002A, 0x0029, 0x004A, 0x006C, 0x0028, 0x0000, 0x2909, 
  0x937A, 0x20C9, 0x0002, 0xAA23, 0xFBC2, 0xFB01, 0xFB22, 0xFB22, 0xFB23, 0xFB22, 0xFB22, 0xFB23, 
  0xFB23, 0xFB22, 0xFB22, 0xFB02, 0xFB22, 0xFB22, 0xFB22, 0xFB22, 0xFB22, 0xFB22, 0xFB22, 0xFB22, 
  0xFB22, 0xFB22, 0xFB22, 0xFB22, 0xFB22, 0xFB22, 0xFB22, 0xFB22, 0xFB22, 0xFB23, 0xFB22, 0xFB22, 
  0xFB22, 0xFB22, 0xFB22, 0xFB22, 0xFB22, 0xFB02, 0xFB23, 0xFB42, 0xFB83, 0x40A3, 0x0005, 0x7AD5, 
  0x6A93, 0x0000, 0x0111, 0x019D, 0x5B98, 0x7C37, 0x0092, 0x5B76, 0x3212, 0x42B4, 0x31F3, 0x19B1, 
  0x1233, 0x00F3, 0x3AB7, 0x210F, 0x52D3, 0x4254, 0x5AF3, 0x29B0, 0x00F5, 0x025B, 0x0238, 0x004C, 
  0x0051, 0x2995, 0x2995, 0x0893, 0x0893, 0x0852, 0x0011, 0x0072, 0x0892, 0x0872, 0x2994, 0x2974, 
  0x0892, 0x0893, 0x0915, 0x00B3, 0x1953, 0x4276, 0x08D3, 0x29B5, 0x1995, 0x2195, 0x1953, 0x1974, 
  0x29D6, 0x0915, 0x00F5, 0x282A, 0x8809, 0x8809, 0x2807, 0x0177, 0x127A, 0x1A17, 0x02BA, 0x0278, 
  0x0136, 0x0377, 0x0154, 0x01F6, 0x0337, 0x01D7, 0x0277, 0x0218, 0x1B9A, 0x23D9, 0x01B7, 0x2AB6, 
  0x01F7, 0x0359, 0x01F6, 0x00F5, 0x02FD, 0x00E9, 0x0000, 0x5A33, 0x8B37, 0x0003, 0x0003, 0x480E, 
  0xB890, 0xD0AF, 0x5831, 0x7831, 0xD08E, 0x804F, 0x5851, 0xC8CF, 0x986F, 0x6050, 0xE0B0, 0xA0D1, 
  0x9891, 0x9831, 0xA810, 0x8830, 0x7850, 0xA82F, 0x9850, 0x7831, 0x9850, 0x984F, 0x6810, 0x8030, 
  0xC850, 0x9871, 0x0002, 0x10C7, 0x939B, 0x4190, 0x1086, 0x2905, 0x20C4, 0x20C5, 0x28E5, 0x28E5, 
  0x28E5, 0x28E5, 0x20E5, 0x28E5, 0x20E5, 0x28E5, 0x28E5, 0x28E5, 0x28C5, 0x28E5, 0x28E4, 0x30E5, 
  0x3104, 0x3105, 0x3105, 0x3105, 0x3105, 0x2906, 0x3105, 0x3105, 0x30E5, 0x3105, 0x3125, 0x3105, 
  0x3106, 0x3105, 0x3125, 0x3925, 0x4105, 0x3905, 0x4104, 0x3925, 0x4125, 0x3925, 0x3925, 0x3925, 
  0x3924, 0x4124, 0x4125, 0x4145, 0x4145, 0x4125, 0x4145, 0x4145, 0x4145, 0x4165, 0x4125, 0x3925, 
  0x4125, 0x4125, 0x4125, 0x4145, 0x4145, 0x4145, 0x4146, 0x4146, 0x4146, 0x4145, 0x4125, 0x3925, 
  0x3924, 0x4125, 0x4125, 0x4145, 0x4126, 0x4145, 0x4146, 0x4145, 0x4125, 0x4147, 0x3968, 0x59ED, 
  0x8B59, 0x20EB, 0x0001, 0xA203, 0xFB62, 0xFAC3, 0xFAC2, 0xFAC2, 0xFAC3, 0xFAC3, 0xFAE3, 0xFAE3, 
  0xFAC3, 0xFAC3, 0xFAC3, 0xFAC3, 0xFAC3, 0xFAE3, 0xFAE3, 0xFAE3, 0xFAE3, 0xFAE3, 0xFAC3, 0xFAC3, 
  0xFAE3, 0xFAE3, 0xFAE3, 0xFAE3, 0xFAC3, 0xFAC3, 0xFAC2, 0xFAC3, 0xFAC3, 0xFAC3, 0xFAE3, 0xFAE3, 
  0xFAE3, 0xFAE3, 0xFAE3, 0xFAE3, 0xFAE3, 0xFAC2, 0xFAC3, 0xFAE3, 0xFB03, 0x3883, 0x0004, 0x72D6, 
  0x6A94, 0x0000, 0x0003, 0x0007, 0x2966, 0x2945, 0x0043, 0x2143, 0x2103, 0x18E2, 0x10C2, 0x10A3, 
  0x00A4, 0x0064, 0x10C3, 0x10A3, 0x2104, 0x2145, 0x18E4, 0x0861, 0x0064, 0x0086, 0x0086, 0x0000, 
  0x0000, 0x0000, 0x0000, 0x0001, 0x0000, 0x0000, 0x0001, 0x0001, 0x0001, 0x0002, 0x0000, 0x0000, 
  0x0001, 0x0002, 0x0001, 0x0001, 0x0001, 0x0000, 0x0002, 0x0001, 0x0001, 0x0001, 0x0001, 0x0001, 
  0x0001, 0x0001, 0x0001, 0x0001, 0x0000, 0x0000, 0x0001, 0x0004, 0x08A4, 0x10C4, 0x00A5, 0x00C5, 
  0x0022, 0x00E3, 0x00A3, 0x0083, 0x00A3, 0x0003, 0x00C4, 0x00A6, 0x0106, 0x0986, 0x0065, 0x08E4, 
  0x0084, 0x00E4, 0x0083, 0x0023, 0x00A5, 0x0021, 0x0000, 0x5A53, 0x8B59, 0x0003, 0x0003, 0x904E, 
  0xC090, 0x7050, 0x7051, 0xB090, 0xB02F, 0x9050, 0x9070, 0x884F, 0xA88F, 0xB08F, 0xA02F, 0xA0B0, 
  0xE0B0, 0xC80F, 0x9051, 0xB04F, 0xC02E, 0x8030, 0x8030, 0xC80F, 0x800E, 0x702E, 0xD02E, 0xA850, 
  0x8072, 0xD071, 0x2002, 0x0064, 0x5A15, 0x5196, 0x7298, 0x9379, 0x9BB9, 0x93B9, 0x93B9, 0x93D9, 
  0x9BDA, 0x9BDA, 0x9BDA, 0x9BD9, 0x9BBA, 0x93B9, 0x9BD9, 0x9BDA, 0x9BDA, 0x9BD9, 0x9BD9, 0xA3FA, 
  0xA3FA, 0xA41A, 0xA3FA, 0xA3F9, 0xA3F9, 0xA3D9, 0xA3FA, 0xA3F9, 0xA419, 0xAC1A, 0xABFA, 0xAC1A, 
  0xAC3A, 0xAC19, 0xAC19, 0xAC39, 0xAC39, 0xAC3A, 0xB43A, 0xB41A, 0xB439, 0xBC5A, 0xBC7A, 0xBC59, 
  0xB45A, 0xBC59, 0xBC7A, 0xBC7A, 0xBC9A, 0xC49B, 0xC49A, 0xC49A, 0xC4BB, 0xCCBB, 0xC49A, 0xC49A, 
  0xC4BA, 0xC47A, 0xC49A, 0xC499, 0xC4BA, 0xC4BB, 0xCCBA, 0xCCBB, 0xCCBB, 0xCCBA, 0xC4BA, 0xC49A, 
  0xC49A, 0xC49A, 0xC49A, 0xC49A, 0xC4BA, 0xC4BA, 0xCCBA, 0xCCBA, 0xCCDA, 0xCCDA, 0xD4FA, 0x8B38, 
  0x5A36, 0x0068, 0x0001, 0xCA43, 0xFB22, 0xFAC2, 0xFAC3, 0xFAC3, 0xFAC2, 0xFAC3, 0xFAC3, 0xFAC2, 
  0xFAC3, 0xFAC3, 0xFAC3, 0xFAC3, 0xFAC3, 0xFAE3, 0xFAE3, 0xFAE3, 0xFAE3, 0xFAE3, 0xFAE3, 0xFAE3, 
  0xFAC2, 0xFAC3, 0xFAC3, 0xFAC2, 0xFAC3, 0xFAC2, 0xFAC2, 0xFAC3, 0xFAC3, 0xFAC3, 0xFAE3, 0xFAE3, 
  0xFAE3, 0xFAE3, 0xFAE3, 0xFAE3, 0xFAC2, 0xFAC3, 0xFAE3, 0xFAE3, 0xFB03, 0x3883, 0x0005, 0x72B7, 
  0x7256, 0x6A10, 0x8ACE, 0x8AAE, 0x722F, 0x722F, 0x82AF, 0x7A2F, 0x7A4F, 0x5A0E, 0x59EE, 0x622E, 
  0x6A0D, 0x724E, 0x622D, 0x624F, 0x5A0E, 0x5A0E, 0x620F, 0x6A50, 0x726E, 0x7A4E, 0x7A6F, 0x7AD0, 
  0x7AD0, 0x7AEF, 0x7AF0, 0x7AEF, 0x7AF0, 0x7AEF, 0x7AEF, 0x82EF, 0x82EF, 0x82CF, 0x82EF, 0x8310, 
  0x8310, 0x8310, 0x8310, 0x82F0, 0x82EF, 0x82EF, 0x82EF, 0x82EF, 0x7AEF, 0x82F0, 0x82EF, 0x82EF, 
  0x82EF, 0x82EF, 0x82EF, 0x7AF0, 0x72D0, 0x72AF, 0x7290, 0x728E, 0x6A4E, 0x6A4E, 0x726E, 0x724E, 
  0x728F, 0x6A2E, 0x724E, 0x724E, 0x724E, 0x726E, 0x722E, 0x724D, 0x722E, 0x720E, 0x726F, 0x726F, 
  0x7A8F, 0x7A6F, 0x7A8F, 0x7AAF, 0x7A6E, 0x7AB0, 0x7291, 0x7A76, 0x6A76, 0x0003, 0x0001, 0xD08D, 
  0xD8D1, 0x706F, 0xD0AF, 0xD08F, 0xA051, 0xC090, 0xD0CE, 0x8070, 0xA8AF, 0xC8CE, 0x9071, 0xB8F0, 
  0xD110, 0xA88F, 0xF0EF, 0xD0D0, 0x788F, 0xE070, 0xC86F, 0x680E, 0xE991, 0xE0EF, 0x884F, 0xD0D1, 
  0xF0B1, 0xB8D3, 0x788B, 0x0000, 0x0005, 0x0069, 0x0048, 0x0069, 0x08A9, 0x08A8, 0x00A8, 0x1088, 
  0x10A8, 0x08CA, 0x00C9, 0x00C9, 0x00C9, 0x00A9, 0x00A9, 0x00CA, 0x00A9, 0x00A9, 0x00C9, 0x08C9, 
  0x00A9, 0x00A9, 0x00CA, 0x00A9, 0x0089, 0x00A8, 0x00A9, 0x00A9, 0x00C9, 0x00C9, 0x00A9, 0x00A9, 
  0x00A9, 0x00A9, 0x00C9, 0x00A9, 0x00C9, 0x00C9, 0x00C9, 0x00C9, 0x00C9, 0x00CA, 0x08EA, 0x08C9, 
  0x08C9, 0x00C9, 0x08C9, 0x00C9, 0x08EA, 0x08E9, 0x08C9, 0x08C9, 0x08EA, 0x10E9, 0x1109, 0x08C9, 
  0x00E9, 0x08E9, 0x10C9, 0x08EA, 0x08CA, 0x08CA, 0x10E9, 0x08EA, 0x10E9, 0x08AA, 0x08EB, 0x0909, 
  0x08EA, 0x08EB, 0x08CA, 0x08EA, 0x08EA, 0x08EA, 0x08EA, 0x08EA, 0x090A, 0x092B, 0x00EA, 0x008A, 
  0x0028, 0x0002, 0xB241, 0xFBA1, 0xFB22, 0xFB22, 0xFB02, 0xFB42, 0xFB22, 0xFB22, 0xFB22, 0xFB22, 
  0xFB22, 0xFB22, 0xFB22, 0xFB22, 0xFB22, 0xFB22, 0xFB42, 0xFB42, 0xFB42, 0xFB42, 0xFB42, 0xFB42, 
  0xFB42, 0xFB22, 0xFB22, 0xFB22, 0xFB22, 0xFB22, 0xFB22, 0xFB22, 0xFB22, 0xFB22, 0xFB42, 0xFB22, 
  0xFB22, 0xFB22, 0xFB22, 0xFB22, 0xFB22, 0xFB22, 0xFB22, 0xFB21, 0xFB62, 0x91C2, 0x0003, 0x10EE, 
  0x3172, 0x5A54, 0x7B15, 0x7315, 0x72F5, 0x72F5, 0x82F6, 0x8B16, 0x72D5, 0x41F3, 0x49F3, 0x5A34, 
  0x5A34, 0x6274, 0x6274, 0x6274, 0x6275, 0x6295, 0x6294, 0x6295, 0x6AB5, 0x6AB5, 0x6AB5, 0x6AB5, 
  0x72B5, 0x6AB5, 0x6AD5, 0x6AB5, 0x6AB5, 0x6AB5, 0x6AB5, 0x6AB5, 0x6AB5, 0x6AB4, 0x6A95, 0x6AB5, 
  0x6AB5, 0x6AD5, 0x6AB5, 0x6AB4, 0x6A94, 0x6A95, 0x6AB5, 0x6AB5, 0x6AB4, 0x6AB5, 0x6A95, 0x6A95, 
  0x6AB5, 0x6AB5, 0x6AB5, 0x6A95, 0x6294, 0x6295, 0x6295, 0x6295, 0x6275, 0x6295, 0x6AB5, 0x62B5, 
  0x6294, 0x6AB5, 0x6A95, 0x6AB5, 0x6AD5, 0x6AB5, 0x6AB6, 0x6AB5, 0x6AB5, 0x6AB5, 0x6AD6, 0x6AD6, 
  0x72D6, 0x72D6, 0x72F6, 0x72D6, 0x72D5, 0x7AF6, 0x7254, 0x4112, 0x18AC, 0x0001, 0x5043, 0xF12E, 
  0xE950, 0xF10D, 0xE10E, 0xA08F, 0xE930, 0xC870, 0xB090, 0xF9AF, 0xB8EF, 0xA090, 0xF951, 0xD951, 
  0xC150, 0xD130, 0xD111, 0xD930, 0xE10F, 0xC0D0, 0xD02F, 0xE9AD, 0xFFF7, 0xFD52, 0xE04E, 0xC8B1, 
  0xC10F, 0xE8F0, 0xE911, 0x888B, 0x2024, 0x2024, 0x2044, 0x2844, 0x1002, 0x2824, 0x3004, 0x0025, 
  0x0824, 0x2802, 0x2802, 0x2003, 0x2004, 0x2003, 0x2802, 0x2003, 0x2005, 0x2805, 0x1004, 0x1004, 
  0x2004, 0x2003, 0x2803, 0x2003, 0x2004, 0x2003, 0x2803, 0x2003, 0x1803, 0x2003, 0x2004, 0x2003, 
  0x2004, 0x1804, 0x2003, 0x2003, 0x2003, 0x2003, 0x2004, 0x2804, 0x1804, 0x2003, 0x1804, 0x1803, 
  0x2003, 0x1803, 0x2003, 0x2003, 0x2003, 0x1802, 0x1803, 0x1802, 0x1802, 0x1003, 0x0003, 0x2002, 
  0x2802, 0x1803, 0x1002, 0x1000, 0x1000, 0x2000, 0x0003, 0x2001, 0x1003, 0x1821, 0x2000, 0x1802, 
  0x2001, 0x1801, 0x1801, 0x1802, 0x1803, 0x1803, 0x2004, 0x2004, 0x1804, 0x2003, 0x2003, 0x2003, 
  0x1003, 0x98A5, 0xF9C7, 0xF966, 0xF965, 0xF986, 0xF965, 0xF965, 0xF965, 0xF985, 0xF984, 0xF984, 
  0xF964, 0xF984, 0xF984, 0xF964, 0xF984, 0xF984, 0xF984, 0xF984, 0xF984, 0xF984, 0xF984, 0xF984, 
  0xF984, 0xF984, 0xF984, 0xF984, 0xF984, 0xF984, 0xF984, 0xF984, 0xF984, 0xF984, 0xF984, 0xF984, 
  0xF984, 0xF984, 0xF984, 0xF984, 0xF984, 0xF984, 0xF984, 0xF963, 0xF964, 0xF9C3, 0x9083, 0x0003, 
  0x1804, 0x1804, 0x1804, 0x1804, 0x1804, 0x1804, 0x0803, 0x0004, 0x0003, 0x0003, 0x0002, 0x0001, 
  0x0002, 0x0002, 0x0002, 0x0002, 0x0002, 0x0002, 0x0002, 0x0002, 0x0002, 0x0002, 0x0002, 0x0002, 
  0x0002, 0x0002, 0x0002, 0x0002, 0x0002, 0x0002, 0x0001, 0x0002, 0x0002, 0x0002, 0x0002, 0x0002, 
  0x0002, 0x0001, 0x0001, 0x0002, 0x0001, 0x0002, 0x0002, 0x0002, 0x0002, 0x0001, 0x0001, 0x0002, 
  0x0002, 0x0002, 0x0001, 0x0001, 0x0002, 0x0002, 0x0002, 0x0002, 0x0001, 0x0002, 0x0002, 0x0002, 
  0x0002, 0x0002, 0x0002, 0x0002, 0x0002, 0x0002, 0x0001, 0x0001, 0x0002, 0x0001, 0x0002, 0x0002, 
  0x0002, 0x0002, 0x0002, 0x0003, 0x0002, 0x0002, 0x0002, 0x0002, 0x0001, 0x4045, 0xF0ED, 0xE150, 
  0xC92F, 0xC12F, 0xD12F, 0xE92E, 0xC02E, 0xC952, 0xF931, 0xC06F, 0xD930, 0xD94F, 0xB0CE, 0xD190, 
  0xC991, 0xC8EF, 0xD90F, 0xC96F, 0xE12F, 0xE0CE, 0xD0CF, 0xE18E, 0xFDD2, 0xEC51, 0xE08E, 0xD8CF, 
  0xD14F, 0xC930, 0xC131, 0xF910, 0xE931, 0xF1F2, 0xFA52, 0xFAB2, 0xF230, 0xA133, 0xDA18, 0xC2DC, 
  0x9A79, 0xD195, 0xE153, 0xF92E, 0xF0ED, 0xC9D4, 0xD9F3, 0xF1D0, 0xF191, 0xF972, 0xD90F, 0xD130, 
  0xF930, 0xE950, 0xE150, 0xF90E, 0xF8EE, 0xF8CE, 0xD131, 0xD111, 0xF8AE, 0xC0D1, 0xF910, 0xD910, 
  0xD0F0, 0xF90F, 0xC8F0, 0xF0EF, 0xD0F1, 0xD8EF, 0xF0CF, 0xC891, 0xF090, 0xC8D0, 0xD88F, 0xD86F, 
  0xC8B0, 0xF88E, 0xC890, 0xD88E, 0xE86E, 0xD88F, 0xD06E, 0xC050, 0xE82F, 0xB010, 0xC82F, 0xF94B, 
  0xF18E, 0xF9F5, 0xF1B4, 0xD8ED, 0xC04A, 0xD0A9, 0xE049, 0xD04C, 0xE0EA, 0xF927, 0xF889, 0xF02C, 
  0xF8E7, 0xF06A, 0xF08A, 0xF8C8, 0xF868, 0xF869, 0xF869, 0xF849, 0xF868, 0xF849, 0xF848, 0xF848, 
  0xF849, 0xF849, 0xF809, 0xF809, 0xF808, 0xF808, 0xF808, 0xF808, 0xF807, 0xF806, 0xF806, 0xF806, 
  0xF806, 0xF806, 0xF806, 0xF806, 0xF806, 0xF806, 0xF806, 0xF806, 0xF806, 0xF806, 0xF806, 0xF806, 
  0xF806, 0xF806, 0xF806, 0xF806, 0xF806, 0xF806, 0xF806, 0xF807, 0xF806, 0xF806, 0xF806, 0xF806, 
  0xF806, 0xF807, 0xF806, 0xF806, 0xF807, 0xF806, 0xF806, 0xF806, 0xF807, 0xF806, 0xF845, 0xF824, 
  0xF003, 0xE803, 0xF004, 0xF004, 0xF802, 0xF822, 0xA005, 0x9805, 0x9804, 0xA002, 0x7005, 0x3003, 
  0x3002, 0x2804, 0x3803, 0x3003, 0x3805, 0x4004, 0x3805, 0x3805, 0x5004, 0x3805, 0x4805, 0x4005, 
  0x4005, 0x4005, 0x3805, 0x4804, 0x4804, 0x4805, 0x5005, 0x4805, 0x4805, 0x5005, 0x4005, 0x4805, 
  0x4805, 0x5825, 0x5003, 0x3003, 0x3805, 0x3805, 0x3805, 0x3005, 0x3005, 0x4005, 0x4805, 0x4805, 
  0x4805, 0x5005, 0x4805, 0x4805, 0x4805, 0x5005, 0x4805, 0x4005, 0x4005, 0x4005, 0x3003, 0x3804, 
  0x3004, 0x3005, 0x3805, 0x3805, 0x5004, 0x4004, 0x4005, 0x3804, 0x2804, 0x5003, 0x3804, 0x3804, 
  0x4804, 0x3005, 0x4804, 0x3804, 0x4005, 0x3004, 0x3006, 0x4025, 0x6007, 0xC86E, 0xC910, 0xD14F, 
  0xC12F, 0xC12F, 0xD950, 0xE06E, 0xFA2C, 0xFFF7, 0xF4F1, 0xC86D, 0xD910, 0xC12F, 0xA90F, 0xD9F0, 
  0xD98F, 0xD0EF, 0xC90E, 0xD10E, 0xB1B0, 0xC170, 0xC96F, 0xB14F, 0xD88E, 0xD8AF, 0xC90F, 0xC96F, 
  0xD90E, 0xC14F, 0xC92F, 0xD92E, 0xF1D0, 0xFA30, 0xFA32, 0xFB6D, 0xFB92, 0xB970, 0x702A, 0xB9B4, 
  0xD25B, 0xB25B, 0x9A1A, 0xA9D7, 0xD131, 0xE90F, 0xE14F, 0xE12F, 0xE92E, 0xE12D, 0xE12D, 0xF8CE, 
  0xD96F, 0xC191, 0xE10F, 0xD190, 0xD170, 0xE90E, 0xD8F0, 0xD8F0, 0xE8CE, 0xC8CF, 0xE0EF, 0xD0EF, 
  0xD10F, 0xE90F, 0xC90F, 0xE10F, 0xC8F0, 0xD830, 0xE06F, 0xC150, 0xD8EF, 0xD890, 0xB8B1, 0xC0B0, 
  0xD8B0, 0xC88F, 0xD84D, 0xA84E, 0xB08E, 0xE88D, 0xC0AF, 0xE8EF, 0xE930, 0xF250, 0xE9AE, 0x8050, 
  0xCAEF, 0xFBB3, 0xF278, 0xEAB6, 0xD1B3, 0xB8F0, 0xC048, 0xD887, 0xE8C9, 0xF0E9, 0xF08B, 0xF927, 
  0xF928, 0xF927, 0xF926, 0xF867, 0xF902, 0xF960, 0xF922, 0xF922, 0xF921, 0xF922, 0xF901, 0xF922, 
  0xF922, 0xF902, 0xF942, 0xF922, 0xF903, 0xF943, 0xF943, 0xF943, 0xF943, 0xF943, 0xF943, 0xF944, 
  0xF924, 0xF924, 0xF924, 0xF924, 0xF944, 0xF944, 0xF924, 0xF924, 0xF944, 0xF944, 0xF944, 0xF944, 
  0xF924, 0xF924, 0xF944, 0xF944, 0xF944, 0xF944, 0xF924, 0xF924, 0xF924, 0xF924, 0xF924, 0xF924, 
  0xF924, 0xF924, 0xF924, 0xF924, 0xF944, 0xF924, 0xF924, 0xF924, 0xF943, 0xF964, 0xF923, 0xF902, 
  0xF903, 0xF922, 0xF962, 0xF981, 0xF942, 0xF887, 0xF944, 0xF04A, 0xF8E7, 0xF0C8, 0xF0EA, 0xF945, 
  0xD02D, 0xD888, 0xC80B, 0xA82E, 0xD82D, 0xD86E, 0xC890, 0xC06F, 0xB8B0, 0xC8AF, 0xE0CF, 0xC910, 
  0xE10F, 0xE0EF, 0xB8AF, 0xF90E, 0xE92F, 0xD90F, 0xF92F, 0xD92F, 0xE92F, 0xD8EF, 0xD0EF, 0xF12E, 
  0xD92F, 0xF990, 0xD92E, 0xC00F, 0xD831, 0xD08A, 0xF0AC, 0xD06E, 0xC8CF, 0xE0EF, 0xD8EF, 0xF10F, 
  0xD0EF, 0xE10F, 0xE90F, 0xE10F, 0xF94F, 0xE10E, 0xE90F, 0xF0EF, 0xD08E, 0xE86D, 0xC06D, 0xB88E, 
  0xE0AE, 0xC08D, 0xC8AD, 0xD8CE, 0xD8CE, 0xE8EE, 0xD110, 0xC8EF, 0xE10E, 0xD8EE, 0xD90F, 0xD0EE, 
  0xD0CE, 0xD0EF, 0xC8EF, 0xD0EE, 0xC110, 0xC0CF, 0xD110, 0xE1B1, 0xE8EE, 0xD08F, 0xC90F, 0xD12F, 
  0xD94F, 0xD92F, 0xD12F, 0xD8AE, 0xEA8E, 0xFF31, 0xFD6F, 0xD90E, 0xC8EF, 0xD94F, 0xE16F, 0xD9D0, 
  0xD190, 0xC90F, 0xC90E, 0xD0AF, 0xC0B1, 0xB910, 0xD0EE, 0xC94F, 0xD0EF, 0xD0EE, 0xC96F, 0xC14F, 
  0xD12F, 0xC90E, 0xD94E, 0xFA11, 0xFA50, 0xFA30, 0xFA30, 0xFACF, 0xFB10, 0xFC2F, 0xFA81, 0xB005, 
  0x70D5, 0xAA19, 0xBA19, 0x91F9, 0x89F8, 0xA995, 0xE110, 0xF0EC, 0xE8ED, 0xD92E, 0xD16E, 0xE0ED, 
  0xD92E, 0xE12E, 0xE92D, 0xD8EE, 0xC12E, 0xB94E, 0xE0AC, 0xC92D, 0xC18F, 0xE8ED, 0xD10E, 0xD90E, 
  0xE10E, 0xD90E, 0xE10E, 0xD0AF, 0xE030, 0xF1AC, 0xFB88, 0xFBEA, 0xF2AE, 0xF970, 0xF1EF, 0xF1EF, 
  0xFA0E, 0xF20F, 0xFA0D, 0xF22F, 0xEA50, 0xFAAF, 0xFAF1, 0xB9D1, 0x99B2, 0xB271, 0x78B2, 0x5012, 
  0xE3CE, 0xFCCF, 0xEA75, 0xEA56, 0xFAF5, 0xFAF4, 0xB9D3, 0xD189, 0xF143, 0xE906, 0xFA63, 0xE9C7, 
  0xF204, 0xF9E4, 0xF1C2, 0xE947, 0xE94B, 0xFA82, 0xFAE0, 0xFAA2, 0xFAA2, 0xFAC2, 0xFAC2, 0xFAA1, 
  0xFAA1, 0xFAC1, 0xFAC1, 0xFAA1, 0xFA81, 0xFAA1, 0xFAC1, 0xFAE1, 0xFAC1, 0xFAC1, 0xFAC1, 0xFAE1, 
  0xFAE1, 0xFAE1, 0xFAE1, 0xFAE1, 0xFAE1, 0xFAE1, 0xFAE1, 0xFAE1, 0xFAE1, 0xFAE1, 0xFAE1, 0xFAE1, 
  0xFAC1, 0xFAC1, 0xFAE1, 0xFAE1, 0xFAE1, 0xFAE1, 0xFAC1, 0xFAC1, 0xFAE1, 0xFAE1, 0xFAE1, 0xFAE1, 
  0xFAE1, 0xFAE1, 0xFAE1, 0xFAE1, 0xFAC1, 0xFAC1, 0xFAC1, 0xFAC1, 0xFAC1, 0xFAC1, 0xFAC1, 0xF2E1, 
  0xFB01, 0xF321, 0xFB80, 0xFB41, 0xE209, 0xF1C6, 0xF9A8, 0xFA24, 0xF929, 0xF129, 0xF986, 0xE90B, 
  0xF1A6, 0xD0CC, 0xE0CF, 0xE970, 0xF9B0, 0xE294, 0xE1F3, 0xF8B0, 0xE0F2, 0xF911, 0xF0F1, 0xF131, 
  0xF170, 0xF170, 0xF16F, 0xF14F, 0xE90F, 0xE90F, 0xE130, 0xE0EF, 0xE0EE, 0xE12F, 0xE950, 0xE970, 
  0xE971, 0xE911, 0xF110, 0xFA2E, 0xFB0B, 0xFBA8, 0xFBA7, 0xF1EB, 0xE0B0, 0xE0D0, 0xE12F, 0xE94F, 
  0xE14F, 0xE94F, 0xE94F, 0xE94F, 0xE94F, 0xE92F, 0xF90D, 0xF96E, 0xF9CF, 0xF9F0, 0xF9F1, 0xFA92, 
  0xFA72, 0xFA31, 0xE94E, 0xE0CE, 0xD92F, 0xE14F, 0xE12F, 0xE14F, 0xF14E, 0xD94F, 0xE94F, 0xE150, 
  0xD150, 0xE150, 0xD150, 0xD950, 0xC910, 0xD930, 0xF9D1, 0xF2B1, 0xFAD1, 0xE9D0, 0xE12E, 0xD92F, 
  0xD12F, 0xD92F, 0xD94F, 0xD96F, 0xD0AF, 0xD8ED, 0xD8EE, 0xD8AF, 0xD92F, 0xD14F, 0xD94F, 0xD9B0, 
  0xD18F, 0xD10E, 0xC8CF, 0xD9AD, 0xFAC7, 0xF24A, 0xD10E, 0xD0EF, 0xD10E, 0xD12E, 0xD8EE, 0xD10E, 
  0xC0CD, 0xD14E, 0xFA31, 0xFA71, 0xFA30, 0xFA90, 0xFA51, 0xA94F, 0x80EE, 0xCACE, 0xBB0C, 0x400B, 
  0x100E, 0x3050, 0x8956, 0xB9D8, 0xA1B8, 0x89D8, 0x91B8, 0xB974, 0xE10E, 0xF8CB, 0xF0CD, 0xE10E, 
  0xE10E, 0xD92E, 0xE10D, 0xF1ED, 0xF1AE, 0xE94E, 0xE98E, 0xE16E, 0xD8CD, 0xD8AD, 0xD92E, 0xD90E, 
  0xE0ED, 0xE8AD, 0xF8CD, 0xF96C, 0xFAEA, 0xFC67, 0xFC07, 0xFA4A, 0xFA4C, 0xFA4D, 0xFA2E, 0xFA2E, 
  0xFA0E, 0xFA2E, 0xFA4F, 0xFA2F, 0xFA8E, 0xFB10, 0xC193, 0x5013, 0x5032, 0x5033, 0x6013, 0x8011, 
  0xD22E, 0xFBCB, 0xFB51, 0xFA55, 0xF253, 0xFA74, 0xFA95, 0xEA56, 0xEA0E, 0xF168, 0xF105, 0xE943, 
  0xE8E6, 0xE966, 0xF0E7, 0xF144, 0xF185, 0xE92B, 0xF1E5, 0xFAE0, 0xFAC3, 0xFA82, 0xFAA2, 0xFAA2, 
  0xFAC2, 0xFAC2, 0xFAA2, 0xFAA2, 0xFAA2, 0xFAA2, 0xFA81, 0xFA82, 0xFAA1, 0xFA81, 0xFAA1, 0xFAA1, 
  0xFAA2, 0xFAA2, 0xFAA1, 0xFAA1, 0xFAA1, 0xFAA1, 0xFAA1, 0xFAA1, 0xFAA1, 0xFA81, 0xFA81, 0xFA81, 
  0xFA81, 0xFAA1, 0xFA81, 0xFAA1, 0xFAA1, 0xFAA1, 0xFAA1, 0xFAA1, 0xFAA1, 0xFAA2, 0xFA81, 0xFA81, 
  0xFAA1, 0xFAA1, 0xFAA1, 0xFAA1, 0xFAA1, 0xFA82, 0xFA81, 0xFAA2, 0xFAE1, 0xFAC1, 0xFAE1, 0xFB21, 
  0xFB61, 0xFBC0, 0xFAA4, 0xF18A, 0xF9C3, 0xF967, 0xF965, 0xF967, 0xF92A, 0xF9C7, 0xF1CF, 0xFA4F, 
  0xFAEC, 0xFAB3, 0xFAB2, 0xFA90, 0xFA6E, 0xFA8C, 0xFAAB, 0xFB09, 0xFB29, 0xFAEA, 0xFA4B, 0xF9CC, 
  0xF90D, 0xF8EE, 0xF94E, 0xF92D, 0xF94D, 0xFA51, 0xFAD3, 0xFA52, 0xF96F, 0xF10E, 0xF10F, 0xF0F0, 
  0xF96E, 0xFA8B, 0xFB88, 0xFC26, 0xFC66, 0xFC26, 0xFC45, 0xFC05, 0xFB08, 0xF9EC, 0xF10F, 0xE8F0, 
  0xF14F, 0xF14F, 0xF14F, 0xF14F, 0xF92C, 0xF9CB, 0xFA4D, 0xFAB0, 0xFB33, 0xFB33, 0xFB53, 0xFB33, 
  0xFAF2, 0xFB33, 0xFAD3, 0xF9AF, 0xE0CD, 0xE10E, 0xE92F, 0xE92E, 0xE92E, 0xF14E, 0xE8EE, 0xD8EE, 
  0xE10C, 0xD8CC, 0xD92E, 0xD14F, 0xE9CF, 0xFA30, 0xFA90, 0xFA90, 0xFA90, 0xFB10, 0xE1D0, 0xD0EE, 
  0xE10E, 0xD12F, 0xD92F, 0xD92F, 0xD92F, 0xD8CF, 0xD8CF, 0xC20D, 0xC98E, 0xD90F, 0xD12F, 0xD9B0, 
  0xD190, 0xD0F0, 0xD0F0, 0xFB07, 0xFC23, 0xFBE4, 0xE1CC, 0xC8B0, 0xD10F, 0xD10F, 0xC1AE, 0xC8EE, 
  0xD94F, 0xFA50, 0xFA71, 0xFA30, 0xFA91, 0xFA91, 0x9931, 0x506F, 0x586D, 0x90D0, 0x90D1, 0x100F, 
  0x080E, 0x200F, 0x3011, 0x7917, 0xB9DA, 0xC1FA, 0xB9FA, 0xAA1C, 0xB9FA, 0xE994, 0xF90E, 0xF8ED, 
  0xF18F, 0xE1D1, 0xF910, 0xFA11, 0xFAF2, 0xFB93, 0xFB73, 0xFB53, 0xFAD2, 0xF9AF, 0xF8EC, 0xF90D, 
  0xF92D, 0xF96D, 0xC8AD, 0xA20E, 0xD34B, 0xFBAB, 0xFB6C, 0xFB8D, 0xFBAD, 0xFBAD, 0xFBCE, 0xFB6E, 
  0xFB2F, 0xFAEE, 0xFAEE, 0xFB4D, 0xFAEE, 0xC954, 0x8076, 0x88D5, 0x80B5, 0x80B7, 0x7076, 0x7037, 
  0x9014, 0xC0EC, 0xE1EC, 0xFA73, 0xFAF7, 0xFAF6, 0xFAF6, 0xFAF7, 0xFB1A, 0xFB59, 0xFAF3, 0xFA2E, 
  0xF9C7, 0xF9A8, 0xF9A6, 0xF9A7, 0xF986, 0xF9C7, 0xF8EC, 0xFA45, 0xFBA0, 0xFB61, 0xFB61, 0xFB81, 
  0xFBA2, 0xFB62, 0xFB61, 0xFB61, 0xFB21, 0xFB00, 0xF321, 0xFB01, 0xFB22, 0xEB42, 0xFB21, 0xFB01, 
  0xFB01, 0xFB01, 0xFB01, 0xFB01, 0xFB01, 0xFB01, 0xFAE1, 0xFAE1, 0xFAE1, 0xFAE1, 0xFAE1, 0xFAE1, 
  0xFB01, 0xFB01, 0xFB01, 0xFB01, 0xFB01, 0xFB01, 0xFB01, 0xFB01, 0xFB01, 0xFB01, 0xFAE1, 0xFAE1, 
  0xFAE1, 0xFAE1, 0xFAE1, 0xFAE1, 0xFAE1, 0xFB21, 0xF341, 0xFB20, 0xE2C1, 0xFAA1, 0xF2A1, 0xDAC1, 
  0xEB21, 0xE284, 0xE0AC, 0xE1C6, 0xE924, 0xE084, 0xE1E8, 0xF291, 0xF30C, 0xF349, 0xF2EC, 0xFB0D, 
  0xFA0E, 0xF9ED, 0xFA4C, 0xFB2B, 0xF3CA, 0xFB69, 0xFBA7, 0xFC26, 0xFC06, 0xFC06, 0xFC05, 0xFBC5, 
  0xFB26, 0xFA07, 0xF8E8, 0xF909, 0xF28E, 0xFB32, 0xFAF2, 0xFAF2, 0xFB13, 0xF18E, 0xF10A, 0xF268, 
  0xFAE6, 0xFB64, 0xFB65, 0xFB26, 0xFA87, 0xF1C8, 0xF287, 0xFBA6, 0xFBE5, 0xFBC6, 0xF2E8, 0xE9EB, 
  0xE10D, 0xD8ED, 0xE0EC, 0xF10A, 0xE1CB, 0xC1F3, 0xB9B5, 0xB912, 0xB0B0, 0xB8CE, 0xD16E, 0xFA72, 
  0xFAD3, 0xFAD2, 0xFAF3, 0xFAF3, 0xF250, 0xE92A, 0xE0E8, 0xE8E9, 0xE8E9, 0xF0C8, 0xF9C8, 0xF9A6, 
  0xF946, 0xF1EB, 0xFA30, 0xFA50, 0xFA70, 0xFA70, 0xFA50, 0xFA90, 0xFAEF, 0xD211, 0x60B3, 0x68B3, 
  0xC910, 0xF12E, 0xD930, 0xD94E, 0xE12D, 0xD8B0, 0xD88F, 0xC14F, 0xC94F, 0xD110, 0xD0F1, 0xE131, 
  0xE12E, 0xE88C, 0xE0AD, 0xF90A, 0xF929, 0xF0C9, 0xE06C, 0xD88E, 0xD8AE, 0xE0AE, 0xE0EC, 0xE96E, 
  0xFA71, 0xFA71, 0xFA30, 0xFA51, 0xFA91, 0x9130, 0x5090, 0x78F0, 0xC1B2, 0xB971, 0xA950, 0x8930, 
  0x304E, 0x2831, 0x202E, 0x0008, 0x180A, 0x402C, 0x382B, 0x302B, 0x284C, 0x206D, 0x5006, 0x6804, 
  0x5805, 0x5806, 0x5007, 0x3807, 0x5048, 0x70C8, 0x60C8, 0x68E9, 0x6929, 0x68A7, 0x6804, 0x5803, 
  0x6064, 0x3087, 0x0008, 0x0008, 0x0007, 0x2808, 0x5066, 0x60E6, 0x60E6, 0x58E5, 0x6105, 0x6124, 
  0x6145, 0x6104, 0x60E4, 0x6963, 0x3886, 0x0809, 0x200A, 0x2009, 0x100A, 0x100B, 0x100B, 0x080D, 
  0x180C, 0x2807, 0x2005, 0x2827, 0x68AB, 0x68AB, 0x60AB, 0x608A, 0x60AA, 0x58CC, 0x592E, 0x610B, 
  0x5007, 0x6840, 0x5823, 0x6063, 0x6004, 0x6860, 0x6044, 0x5005, 0x5100, 0x48E0, 0x50C0, 0x50E0, 
  0x4900, 0x48C0, 0x38C0, 0x9181, 0xFA03, 0xE9E2, 0xDA01, 0xF1E0, 0xF1E0, 0xE1E1, 0xF1C0, 0xF9A0, 
  0xF9A0, 0xF9A0, 0xF9A0, 0xF9A0, 0xF9A0, 0xF980, 0xF980, 0xF980, 0xF980, 0xF9A0, 0xF9A0, 0xF9A0, 
  0xF9A0, 0xF9A0, 0xF9A0, 0xF9A0, 0xF9A0, 0xF9C0, 0xF9C0, 0xF9A0, 0xF9A0, 0xF9A0, 0xF9A0, 0xF9A0, 
  0xF9A0, 0xF9C0, 0xF9C0, 0xF9A0, 0xF9C0, 0xF240, 0xE2A0, 0x5102, 0x0001, 0x0001, 0x0001, 0x0001, 
  0x0001, 0x0003, 0x0003, 0x0001, 0x0003, 0x0001, 0x0005, 0x0005, 0x0004, 0x0004, 0x0003, 0x0003, 
  0x0002, 0x0001, 0x0001, 0x0002, 0x0023, 0x0023, 0x0003, 0x0002, 0x0003, 0x0003, 0x0003, 0x0002, 
  0x0022, 0x0041, 0x0001, 0x0002, 0x0004, 0x0004, 0x0003, 0x0004, 0x0004, 0x0004, 0x0001, 0x0001, 
  0x0001, 0x0002, 0x0803, 0x1003, 0x0803, 0x0003, 0x0003, 0x0003, 0x0802, 0x0802, 0x0862, 0x0862, 
  0x0002, 0x0002, 0x0001, 0x0000, 0x0004, 0x0006, 0x0004, 0x0003, 0x0003, 0x0002, 0x0002, 0x0003, 
  0x1005, 0x1004, 0x1004, 0x1004, 0x1044, 0x0800, 0x0800, 0x0800, 0x0800, 0x0000, 0x4941, 0xFBA3, 
  0xFB67, 0xFB0E, 0xFAD1, 0xFAB0, 0xFA50, 0xFA50, 0xFAB0, 0xFAB1, 0xB992, 0x4073, 0x4894, 0x50B4, 
  0x50D4, 0xB0D1, 0xF92F, 0xE92D, 0xD8EE, 0xEA2C, 0xF2A9, 0xE9CB, 0xE0CF, 0xE10E, 0xE98B, 0xF26B, 
  0xFA69, 0xFA27, 0xF9C6, 0xFA48, 0xFAE9, 0xFB28, 0xFAC7, 0xF968, 0xF9A8, 0xFA07, 0xF1AB, 0xFA52, 
  0xFA51, 0xF230, 0xFA91, 0xFAB2, 0x9930, 0x6090, 0x80F1, 0x68CF, 0xC1CF, 0x996D, 0x792D, 0xA18F, 
  0x68F1, 0x080C, 0x0003, 0x2106, 0x31A9, 0x2127, 0x2147, 0x2147, 0x2147, 0x2127, 0x1968, 0x1969, 
  0x2169, 0x2189, 0x2189, 0x29A9, 0x2169, 0x1949, 0x1949, 0x1949, 0x1929, 0x1969, 0x19A9, 0x19C9, 
  0x198A, 0x2149, 0x3189, 0x41AA, 0x3189, 0x216A, 0x216A, 0x194A, 0x2149, 0x216A, 0x216A, 0x218A, 
  0x216A, 0x216A, 0x216A, 0x194A, 0x218A, 0x31CA, 0x31C9, 0x31CA, 0x39CA, 0x39CA, 0x39CA, 0x39CA, 
  0x31AA, 0x296B, 0x296A, 0x214A, 0x1109, 0x1129, 0x1929, 0x1929, 0x1929, 0x1929, 0x1909, 0x1929, 
  0x216A, 0x194C, 0x198B, 0x194B, 0x198A, 0x196B, 0x196B, 0x196A, 0x190C, 0x190C, 0x192B, 0x214B, 
  0x212B, 0x212B, 0x29AD, 0x00A8, 0x4005, 0xC80B, 0xE02B, 0xF02B, 0xE82A, 0xF009, 0xE80A, 0xE82A, 
  0xE82A, 0xE82A, 0xE82A, 0xE82A, 0xE82A, 0xE80A, 0xE80A, 0xE82A, 0xE82A, 0xE82A, 0xE82A, 0xE82A, 
  0xE82A, 0xE82A, 0xF02A, 0xE82A, 0xF02A, 0xF04A, 0xF04A, 0xE84A, 0xE82B, 0xE82A, 0xE82A, 0xE84A, 
  0xE84A, 0xE86A, 0xE86B, 0xE84B, 0xF04B, 0xD049, 0x4804, 0x0005, 0x294E, 0x5A93, 0x72F4, 0x6B14, 
  0x6AD3, 0x6AF3, 0x6B13, 0x6AF4, 0x6B33, 0x6B33, 0x6AF2, 0x6AD2, 0x6AF3, 0x6AF3, 0x6B13, 0x6AF2, 
  0x6B33, 0x6B32, 0x6B13, 0x6B13, 0x6AF2, 0x6B13, 0x7313, 0x6AF3, 0x72F3, 0x6B13, 0x6AD3, 0x6AF3, 
  0x6AF3, 0x7314, 0x6B53, 0x6B33, 0x7312, 0x7312, 0x7312, 0x6B12, 0x6AF1, 0x6B11, 0x6B12, 0x6AD2, 
  0x6AF2, 0x6B13, 0x6B13, 0x62D2, 0x62F2, 0x6B32, 0x62B1, 0x51F0, 0x5211, 0x5231, 0x5A51, 0x5230, 
  0x4A0F, 0x522F, 0x4A0E, 0x39CF, 0x398E, 0x39AD, 0x39CE, 0x41CE, 0x41EF, 0x41EF, 0x39CF, 0x398F, 
  0x31AF, 0x318E, 0x296E, 0x316E, 0x296E, 0x298F, 0x31AF, 0x31AF, 0x31EF, 0x212D, 0x0006, 0x3884, 
  0xD208, 0xDA10, 0xD1F1, 0xEA10, 0xFAB0, 0xFAD0, 0xFA72, 0x9114, 0x4855, 0x5893, 0x60D4, 0x60D4, 
  0x48F4, 0x4895, 0x98D2, 0xFA8A, 0xFB86, 0xFC84, 0xFC83, 0xFC43, 0xFAC7, 0xFA88, 0xFB65, 0xFC64, 
  0xFBE9, 0xFBA6, 0xFC05, 0x8A2C, 0x40B1, 0x8A0F, 0xFD08, 0xFCC7, 0xFB87, 0xD26A, 0x7951, 0x8131, 
  0x810F, 0x78EF, 0xC1D0, 0xC9D2, 0x68B1, 0x88D2, 0x484E, 0x080C, 0x202A, 0x710B, 0x916C, 0x9950, 
  0x50AE, 0x0002, 0x1888, 0x8B58, 0xAC19, 0xB439, 0xAC39, 0xAC19, 0xA3F8, 0xA3F8, 0xA419, 0xA3F9, 
  0xAC1A, 0xAC3A, 0xB45A, 0xB479, 0xB459, 0xB459, 0xB459, 0xB459, 0xB439, 0xB459, 0xBC9A, 0xBC9A, 
  0xBC9A, 0xBC99, 0xBC9A, 0xBCB9, 0xBC9A, 0xC4B9, 0xCCDA, 0xCCDA, 0xCCDA, 0xD51A, 0xE57B, 0xEDDC, 
  0xEDBB, 0xE59B, 0xEDBB, 0xEDBB, 0xEDFB, 0xEDFB, 0xEDDB, 0xF5DB, 0xF5DC, 0xEDFB, 0xF5DB, 0xF5BB, 
  0xEDDB, 0xEDBB, 0xE59B, 0xE57B, 0xE57B, 0xE57B, 0xED9B, 0xED9B, 0xEDDC, 0xF5DC, 0xEDDC, 0xF5DC, 
  0xF5DD, 0xE59C, 0xE59C, 0xE59C, 0xE57C, 0xE57C, 0xE57B, 0xE55B, 0xE53B, 0xE55B, 0xE59C, 0xE59B, 
  0xE59B, 0xF5BC, 0xD4FB, 0x6292, 0x0004, 0x5807, 0xF8AE, 0xE8CF, 0xE0CF, 0xE0EF, 0xE8CF, 0xE8CF, 
  0xE0EF, 0xE0EF, 0xE8CF, 0xE8CF, 0xE8EF, 0xE8EF, 0xE8CF, 0xE8EF, 0xE8EF, 0xE8EF, 0xE8CF, 0xE8EF, 
  0xE8EF, 0xE8EF, 0xE8EF, 0xE8EF, 0xE8EF, 0xE8EF, 0xE8EF, 0xE8EF, 0xE0EF, 0xE0CF, 0xE0EF, 0xE0EF, 
  0xE0EF, 0xE10F, 0xE110, 0xE8F0, 0xF0F0, 0xC08E, 0x0004, 0x20E9, 0xED1E, 0xCC5C, 0xA39A, 0xA3BA, 
  0xA3BA, 0xA3BA, 0xA3BA, 0xA3DA, 0xA3BA, 0xA3BA, 0x9B99, 0x9B99, 0xA3DA, 0xA3DA, 0xABFA, 0xA3FA, 
  0xA3FA, 0xAC1A, 0xABFB, 0xABDA, 0xA3BA, 0xA3BA, 0xA3DA, 0xABDA, 0xABDA, 0xA3DA, 0xA3D9, 0xA3DA, 
  0xABFA, 0xABFA, 0xABFA, 0xA3DA, 0xA3FA, 0xABFA, 0xABDA, 0xA3DA, 0xA399, 0xA3BA, 0xA3BA, 0xA3BA, 
  0xA3BA, 0xA3BA, 0xA399, 0x9B99, 0xA39A, 0xA3BA, 0x8B58, 0x7276, 0x7296, 0x7AD7, 0x82B7, 0x7AB6, 
  0x72B6, 0x7AB6, 0x72B6, 0x72B7, 0x7276, 0x6A96, 0x6A96, 0x72B7, 0x72D7, 0x72B7, 0x72B7, 0x72B7, 
  0x72B7, 0x6AB6, 0x6A96, 0x6A97, 0x6AB6, 0x6A97, 0x72B8, 0x72D7, 0x7AB7, 0x8B19, 0x392E, 0x0001, 
  0x2049, 0x8153, 0x7112, 0x8931, 0xFA90, 0xC9EF, 0x3030, 0x3812, 0x50B3, 0x70D5, 0x68D5, 0x60B4, 
  0x60B3, 0x60B4, 0x5095, 0x6953, 0xD2EA, 0xFB27, 0xFAE9, 0xFAA9, 0xD1AC, 0x48AE, 0xA1AC, 0xFB2A, 
  0xE2EC, 0x998C, 0x714D, 0x204D, 0x3010, 0x4814, 0x7911, 0xFC4C, 0xDB4D, 0x6090, 0x60B0, 0x68EF, 
  0x70D0, 0x70AF, 0x688F, 0x70B0, 0x78B1, 0x282E, 0x000C, 0x100D, 0x000C, 0x180C, 0x70CF, 0x78F4, 
  0x284B, 0x0000, 0x290B, 0x937A, 0x49AF, 0x18A7, 0x2049, 0x1849, 0x1869, 0x2069, 0x1849, 0x1849, 
  0x2069, 0x182A, 0x1849, 0x1869, 0x2049, 0x1849, 0x1869, 0x1849, 0x2029, 0x1849, 0x1869, 0x2088, 
  0x1849, 0x1888, 0x2088, 0x2848, 0x2068, 0x2089, 0x2068, 0x2068, 0x2088, 0x2889, 0x2889, 0x28A8, 
  0x30A9, 0x3088, 0x30C9, 0x3909, 0x38E9, 0x38E9, 0x38E9, 0x38C9, 0x30E9, 0x3909, 0x3929, 0x3909, 
  0x310A, 0x38E9, 0x38CA, 0x390A, 0x3909, 0x3909, 0x390A, 0x390A, 0x38EA, 0x390A, 0x3929, 0x414A, 
  0x410B, 0x390A, 0x390A, 0x38CA, 0x30EA, 0x390A, 0x38EA, 0x30C9, 0x38EA, 0x38E9, 0x38C9, 0x30C9, 
  0x38E9, 0x3928, 0x51F0, 0x8B78, 0x0027, 0x40C5, 0xFAA9, 0xFA06, 0xFA07, 0xF9E7, 0xFA07, 0xFA07, 
  0xF9E7, 0xF9E6, 0xFA06, 0xFA06, 0xF9E7, 0xF9E7, 0xF9E7, 0xF9E7, 0xF9E7, 0xF9E7, 0xF9E7, 0xF9E7, 
  0xF9E7, 0xFA07, 0xFA06, 0xF9E7, 0xFA06, 0xFA07, 0xFA07, 0xFA07, 0xFA07, 0xFA07, 0xF9E7, 0xF9E6, 
  0xF9E7, 0xF9E7, 0xF9E7, 0xFA06, 0xFA08, 0xF9C6, 0x0801, 0x18EA, 0xFDDE, 0xA3B4, 0x0001, 0x0001, 
  0x0002, 0x0002, 0x0000, 0x0000, 0x0001, 0x0001, 0x0000, 0x0000, 0x0000, 0x0001, 0x0001, 0x0000, 
  0x0001, 0x0001, 0x0001, 0x0001, 0x0001, 0x0001, 0x0001, 0x0001, 0x0000, 0x0001, 0x0000, 0x0001, 
  0x0001, 0x0002, 0x0002, 0x0002, 0x0001, 0x0001, 0x0001, 0x0001, 0x0001, 0x0001, 0x0002, 0x0001, 
  0x0001, 0x0001, 0x0000, 0x0001, 0x0001, 0x0001, 0x0001, 0x0001, 0x0000, 0x0001, 0x0001, 0x0001, 
  0x0001, 0x0001, 0x0001, 0x0001, 0x0001, 0x0001, 0x0000, 0x0001, 0x0001, 0x0001, 0x0001, 0x0001, 
  0x0001, 0x0001, 0x0001, 0x0001, 0x0001, 0x0001, 0x0003, 0x0002, 0x108A, 0x937A, 0x51CF, 0x0000, 
  0x1849, 0x8974, 0x8932, 0x9152, 0x9132, 0x5073, 0x180E, 0x000B, 0x180D, 0x3850, 0x5092, 0x68B4, 
  0x70B5, 0x68B3, 0x60B3, 0x5095, 0x4876, 0x90F3, 0xE151, 0xD0B0, 0x580E, 0x60EF, 0xB152, 0xC1F3, 
  0x3891, 0x0812, 0x0010, 0x000C, 0x200D, 0x60B1, 0x3812, 0x6890, 0xEACF, 0xEAB0, 0xF2D0, 0xA170, 
  0x80B1, 0x5913, 0x68D1, 0x90D1, 0x404F, 0x000C, 0x180D, 0x100B, 0x180C, 0x3051, 0x4874, 0x68B6, 
  0x286C, 0x0000, 0x20C9, 0xA3FB, 0x396A, 0x0000, 0x0004, 0x0003, 0x0003, 0x0003, 0x0023, 0x0023, 
  0x0004, 0x0023, 0x0804, 0x0003, 0x0023, 0x0005, 0x0004, 0x0063, 0x0044, 0x0043, 0x0004, 0x0004, 
  0x0003, 0x0003, 0x0003, 0x0003, 0x0004, 0x0004, 0x0024, 0x0003, 0x0004, 0x0005, 0x0004, 0x0004, 
  0x0003, 0x0003, 0x0003, 0x0004, 0x0004, 0x0004, 0x0024, 0x0004, 0x0004, 0x0004, 0x0006, 0x0005, 
  0x0005, 0x0004, 0x0004, 0x0004, 0x0005, 0x0005, 0x0005, 0x0024, 0x0004, 0x0005, 0x0005, 0x0005, 
  0x0004, 0x0004, 0x0004, 0x0004, 0x0005, 0x0005, 0x0024, 0x0004, 0x0005, 0x0024, 0x0024, 0x0003, 
  0x0005, 0x0001, 0x418E, 0x93B9, 0x0007, 0x48C5, 0xFAC9, 0xF268, 0xFA26, 0xFA26, 0xFA06, 0xFA06, 
  0xFA06, 0xFA06, 0xFA06, 0xFA06, 0xFA06, 0xFA06, 0xFA06, 0xFA06, 0xFA06, 0xFA06, 0xFA06, 0xFA06, 
  0xFA26, 0xFA06, 0xFA26, 0xFA06, 0xFA26, 0xFA26, 0xFA26, 0xFA26, 0xFA26, 0xFA26, 0xFA06, 0xFA06, 
  0xF9E6, 0xF9E6, 0xFA05, 0xFA07, 0xFA28, 0xFA45, 0x0802, 0x18EA, 0xED5C, 0x9373, 0x0000, 0x0000, 
  0x0001, 0x0864, 0x1106, 0x08E6, 0x08C5, 0x08C5, 0x10C5, 0x10A6, 0x10A6, 0x10C6, 0x10C7, 0x10C6, 
  0x18C7, 0x10C6, 0x08E5, 0x10A6, 0x1086, 0x10E6, 0x10A6, 0x08A5, 0x08C6, 0x10A6, 0x10C5, 0x10A5, 
  0x08A6, 0x10A6, 0x10C5, 0x1084, 0x0084, 0x00C5, 0x0885, 0x08C4, 0x08A5, 0x08A6, 0x08E5, 0x08A5, 
  0x08C5, 0x08C5, 0x0065, 0x08C4, 0x08A5, 0x0085, 0x00C4, 0x0864, 0x0064, 0x00A4, 0x0044, 0x0084, 
  0x00A4, 0x0064, 0x08C4, 0x08A5, 0x00C5, 0x08A5, 0x0084, 0x08E4, 0x08A4, 0x0884, 0x08C4, 0x0864, 
  0x10A5, 0x20C5, 0x08A6, 0x18E5, 0x2146, 0x0022, 0x0001, 0x0000, 0x20CA, 0xA3FC, 0x49AE, 0x0000, 
  0x3067, 0xC152, 0xA932, 0x7912, 0x4854, 0x5896, 0x70B7, 0x5093, 0x182D, 0x080C, 0x180D, 0x302F, 
  0x5092, 0x68B4, 0x70B4, 0x68B4, 0x58B5, 0x3096, 0x5093, 0x708F, 0x99B0, 0xF291, 0xDA31, 0xCA11, 
  0x3872, 0x200F, 0x100D, 0x180C, 0x000D, 0x100B, 0xA14D, 0xFAD2, 0xFB32, 0xFBD1, 0xD26F, 0x508E, 
  0x4870, 0x6913, 0x88F4, 0x5870, 0x100C, 0x100C, 0x080B, 0x200E, 0x4892, 0x60B4, 0x60B4, 0x6094, 
  0x202B, 0x0000, 0x20CA, 0xA3BA, 0x390D, 0x0004, 0x0546, 0x1F26, 0x2DC7, 0x04C7, 0x1DA4, 0x2544, 
  0x03E7, 0x1626, 0x3628, 0x3607, 0x0446, 0x1E25, 0x1D87, 0x04C7, 0x15A6, 0x2507, 0x2EE6, 0x03C7, 
  0x2547, 0x1D25, 0x03A6, 0x05A6, 0x2E28, 0x1D06, 0x0507, 0x3EE7, 0x1CE6, 0x0C49, 0x3708, 0x1D26, 
  0x04A5, 0x0DE6, 0x2EA7, 0x1C48, 0x03C6, 0x1DA6, 0x0365, 0x0DC6, 0x26E8, 0x2DA8, 0x03A9, 0x1CC6, 
  0x1D05, 0x0486, 0x0547, 0x2DA7, 0x1D27, 0x03A7, 0x1EC5, 0x0404, 0x0D65, 0x26A9, 0x2628, 0x0488, 
  0x1D08, 0x2626, 0x0467, 0x1DC8, 0x25C8, 0x2627, 0x03A5, 0x2607, 0x2EA7, 0x0425, 0x15A6, 0x1DA6, 
  0x1506, 0x0006, 0x414E, 0x8357, 0x0007, 0x5843, 0xF9E5, 0xFA29, 0xF24A, 0xF266, 0xFA23, 0xFA25, 
  0xFA46, 0xFA25, 0xFA25, 0xFA26, 0xFA26, 0xFA26, 0xFA06, 0xFA26, 0xFA06, 0xFA26, 0xFA26, 0xFA26, 
  0xFA25, 0xFA26, 0xFA45, 0xFA26, 0xFA45, 0xFA26, 0xFA45, 0xFA25, 0xFA46, 0xFA26, 0xFA26, 0xFA26, 
  0xF9E4, 0xF9C5, 0xF9E8, 0xF1E8, 0xFA09, 0xF9E7, 0x1802, 0x08CA, 0xDCDB, 0x9373, 0x0001, 0x0002, 
  0x0002, 0x294A, 0xEE76, 0xFC95, 0xF393, 0xFD55, 0xFAB5, 0xEC11, 0xFCB5, 0xF254, 0xF3F1, 0xFB76, 
  0xFA95, 0xFD73, 0xFB75, 0xEAB3, 0xF5F4, 0xFAB5, 0xEBB4, 0xFCD4, 0xF9D5, 0xF4F3, 0xFC34, 0xFA55, 
  0xF4F2, 0xFED0, 0xAACA, 0x6B0F, 0xFC55, 0xFA51, 0xFCF0, 0xFAD3, 0xFB53, 0xFCB3, 0xFA14, 0xFC72, 
  0xFC52, 0xFA73, 0xFC93, 0xFB34, 0xFB74, 0xFC12, 0xF9D3, 0xF3D2, 0xFBF3, 0xFA53, 0xF4B1, 0xFB71, 
  0xFA92, 0xFD14, 0xFB94, 0xFC71, 0xFB31, 0xF2D3, 0xF491, 0xFA12, 0xF392, 0xFCF2, 0xE272, 0x5A30, 
  0x5209, 0x722C, 0x410C, 0x41AA, 0x83ED, 0x6A4E, 0x0005, 0x0000, 0x20CA, 0xA3DC, 0x41AE, 0x0000, 
  0x48E4, 0xFC2D, 0xFB52, 0x9955, 0x3031, 0x200F, 0x4873, 0x8118, 0x60B5, 0x100C, 0x182D, 0x100C, 
  0x100C, 0x302F, 0x4852, 0x6093, 0x60D0, 0x8131, 0xC9F1, 0xF272, 0xFAD2, 0xF291, 0xB98F, 0x70F1, 
  0x3891, 0x180D, 0x100C, 0x180D, 0x000D, 0x100A, 0xA96B, 0xDA4F, 0xC9EE, 0xB9AD, 0x486C, 0x000C, 
  0x000C, 0x180D, 0x282F, 0x000C, 0x000C, 0x100C, 0x282F, 0x4054, 0x4875, 0x4873, 0x4892, 0x3031, 
  0x0809, 0x0001, 0x20CA, 0x9BBA, 0x38ED, 0x0003, 0x0C47, 0x02C5, 0x0445, 0x0DE7, 0x0304, 0x0465, 
  0x0607, 0x0507, 0x0204, 0x0CC6, 0x0E08, 0x0344, 0x04A5, 0x0667, 0x0587, 0x0166, 0x0C65, 0x0C85, 
  0x0285, 0x05E6, 0x06E7, 0x0D28, 0x0245, 0x0527, 0x1568, 0x0386, 0x0545, 0x0587, 0x0325, 0x0505, 
  0x0EE7, 0x0427, 0x0344, 0x0DC7, 0x0BA6, 0x04A5, 0x1688, 0x1508, 0x0265, 0x0425, 0x0E26, 0x0365, 
  0x0565, 0x06A6, 0x0427, 0x01E4, 0x0565, 0x03E7, 0x03A3, 0x0626, 0x0E29, 0x0B27, 0x0324, 0x0667, 
  0x0326, 0x03E4, 0x0726, 0x0528, 0x0224, 0x0404, 0x0DC7, 0x0345, 0x0504, 0x06A5, 0x0506, 0x02E6, 
  0x03E4, 0x0083, 0x492E, 0x8B79, 0x0026, 0x5847, 0xF98C, 0xE16D, 0xF1CD, 0xD94C, 0xE12B, 0xF968, 
  0xF927, 0xF948, 0xF947, 0xF967, 0xF9A7, 0xF928, 0xF987, 0xF928, 0xF9C6, 0xF9A8, 0xF948, 0xF967, 
  0xF967, 0xF987, 0xF908, 0xF9E6, 0xF947, 0xF987, 0xF927, 0xF9A6, 0xF947, 0xF987, 0xF9C7, 0xF908, 
  0xD9EA, 0xE9CB, 0xE0ED, 0xF14D, 0xF98E, 0xE8AA, 0x1002, 0x10E9, 0xDCFB, 0x9374, 0x0000, 0x0002, 
  0x0001, 0x294A, 0xDB53, 0xEA30, 0xA20C, 0x91EB, 0x90AC, 0x9A4A, 0xDACF, 0xB94F, 0xB1AA, 0xD1F0, 
  0xB1AD, 0xC28D, 0xD9F1, 0xA9CD, 0xCB6F, 0xC9B1, 0xB20D, 0xCA6F, 0xC12F, 0xB26D, 0xCA0E, 0xC9B0, 
  0xC2EC, 0xF3AD, 0x81A8, 0x4209, 0xEAD0, 0xC14C, 0xC2AD, 0xC990, 0xC20E, 0xD2AE, 0xC14F, 0xC24D, 
  0xD24F, 0xB96E, 0xC26E, 0xD1F0, 0xC1EE, 0xCA6D, 0xC92F, 0xC22D, 0xDA90, 0xC98F, 0xD28E, 0xE24F, 
  0xC9CF, 0xB22C, 0xA96C, 0xBA0C, 0xC9CF, 0xB9AE, 0xBA2D, 0xB8AE, 0xB9CD, 0xEB10, 0xB970, 0x49AE, 
  0x722B, 0x9AAD, 0x38C8, 0x48A7, 0xAA49, 0x516C, 0x0005, 0x0000, 0x20CA, 0xA3DC, 0x418E, 0x0000, 
  0x2843, 0xDA4C, 0xD255, 0xB176, 0xA155, 0x6090, 0x080B, 0x202E, 0x4051, 0x180D, 0x182D, 0x202D, 
  0x180D, 0x080D, 0x000C, 0x282E, 0x814B, 0xC22D, 0xCA2E, 0xB1CF, 0xC9EE, 0xB18D, 0x404F, 0x2873, 
  0x286E, 0x102D, 0x100C, 0x000C, 0x486B, 0x80EC, 0x78AE, 0x604C, 0x382B, 0x180A, 0x100C, 0x200D, 
  0x180C, 0x384D, 0x384D, 0x484B, 0x404A, 0x386F, 0x68D5, 0x80F4, 0x88F2, 0x504F, 0x100D, 0x200F, 
  0x1009, 0x0001, 0x20C9, 0x9B9A, 0x38CD, 0x0083, 0x0B66, 0x0123, 0x01E3, 0x0323, 0x0042, 0x0243, 
  0x04E5, 0x01E5, 0x0184, 0x0304, 0x03A5, 0x0925, 0x0204, 0x04A4, 0x0264, 0x0164, 0x0164, 0x01A4, 
  0x0064, 0x03A4, 0x0403, 0x0184, 0x02A6, 0x02E5, 0x0346, 0x0184, 0x0364, 0x0324, 0x0023, 0x02E4, 
  0x0444, 0x0185, 0x0144, 0x0244, 0x0AC5, 0x0225, 0x04C7, 0x0A86, 0x0124, 0x0325, 0x0405, 0x0104, 
  0x02E4, 0x0445, 0x0103, 0x01E4, 0x0326, 0x0285, 0x00C4, 0x03C5, 0x02C4, 0x0964, 0x0265, 0x03A5, 
  0x0104, 0x0163, 0x04C4, 0x02E4, 0x01A4, 0x0205, 0x02E3, 0x0102, 0x01A5, 0x0486, 0x0244, 0x01C4, 
  0x01E4, 0x0002, 0x498F, 0x8B79, 0x0046, 0x4806, 0xF930, 0xE9AE, 0xD86B, 0xB8D1, 0xB891, 0xF16B, 
  0xF14C, 0xF9CB, 0xF989, 0xF94A, 0xF9C9, 0xF98C, 0xFA8A, 0xF90B, 0xFA08, 0xF9AB, 0xF9EC, 0xF9EC, 
  0xF96C, 0xF9EB, 0xF94C, 0xFA29, 0xF92B, 0xF9EA, 0xF98B, 0xFA0A, 0xFA4B, 0xFA0B, 0xFA2C, 0xF0EE, 
  0xD9CF, 0xB8D0, 0xD8AE, 0xD10F, 0xE0EF, 0xE8CD, 0x0803, 0x1108, 0xDD1B, 0x9393, 0x0000, 0x0002, 
  0x0002, 0x294A, 0xD452, 0xD22E, 0x7826, 0x79E8, 0xB24A, 0x5005, 0x0002, 0x0002, 0x0003, 0x0003, 
  0x0001, 0x0003, 0x0004, 0x0003, 0x0003, 0x0003, 0x0003, 0x0004, 0x0002, 0x0002, 0x0003, 0x0001, 
  0x0002, 0x0004, 0x0003, 0x0002, 0x0002, 0x0002, 0x0003, 0x0003, 0x0002, 0x0003, 0x0002, 0x0002, 
  0x0003, 0x0001, 0x0003, 0x0002, 0x0002, 0x0002, 0x0002, 0x0002, 0x0003, 0x0003, 0x0003, 0x0002, 
  0x1024, 0xB2CF, 0xB1EE, 0x1003, 0x0003, 0x0003, 0x0022, 0x1965, 0x08A4, 0x0002, 0x0807, 0x0007, 
  0x0825, 0x4088, 0x1004, 0x1024, 0x592B, 0x0846, 0x0003, 0x0000, 0x20CA, 0xA3BB, 0x418E, 0x0000, 
  0x0006, 0x2811, 0x5856, 0x9915, 0xB976, 0xB997, 0x9114, 0x202D, 0x000A, 0x182D, 0x180D, 0x180D, 
  0x180D, 0x180C, 0x408D, 0x70D0, 0x8111, 0x78EF, 0x792D, 0x890B, 0x68AD, 0x3810, 0x2813, 0x4092, 
  0x186C, 0x100C, 0x180C, 0x484D, 0x98D1, 0x90F2, 0x6090, 0x302D, 0x080D, 0x080D, 0x200D, 0x180D, 
  0x180C, 0x98EF, 0xB92E, 0xC9AF, 0xD234, 0x68B5, 0x78F3, 0xE210, 0xE9F0, 0x584E, 0x100E, 0x282F, 
  0x1009, 0x0001, 0x20C9, 0x9B9A, 0x392D, 0x0002, 0x0042, 0x0963, 0x00C2, 0x0001, 0x00C4, 0x10A4, 
  0x0003, 0x0844, 0x11A5, 0x00C4, 0x0003, 0x19A5, 0x08A4, 0x0002, 0x0063, 0x1185, 0x0043, 0x0024, 
  0x08E7, 0x0004, 0x0804, 0x0884, 0x0A26, 0x0803, 0x0084, 0x0165, 0x0803, 0x0001, 0x19A6, 0x0884, 
  0x0002, 0x0084, 0x1165, 0x0003, 0x08E5, 0x08C4, 0x0003, 0x0023, 0x0A06, 0x0105, 0x0002, 0x08E4, 
  0x0864, 0x0003, 0x0865, 0x1186, 0x0002, 0x00A4, 0x0926, 0x0002, 0x0803, 0x0987, 0x01A6, 0x0001, 
  0x08A4, 0x08C4, 0x0004, 0x0825, 0x1A06, 0x00C4, 0x0002, 0x0924, 0x0125, 0x0803, 0x0002, 0x0964, 
  0x00C1, 0x0002, 0x49CF, 0x8B78, 0x0046, 0x3006, 0xC82F, 0xC86F, 0x980F, 0xA84E, 0xA84F, 0x9830, 
  0xA08F, 0xA8EC, 0xB0EB, 0xB8EB, 0x986C, 0xC14B, 0xB8AB, 0xB06B, 0xA86C, 0xA8AC, 0xB8AC, 0xB0ED, 
  0xC10D, 0xA04D, 0xD96C, 0xA8AD, 0xB88B, 0xB06C, 0xC04B, 0xA04C, 0xB8AC, 0xA88D, 0x986F, 0xB050, 
  0xB810, 0xA80F, 0xB02F, 0xB00F, 0xB02F, 0xC82D, 0x0003, 0x1908, 0xDD1B, 0x9393, 0x0000, 0x0002, 
  0x0001, 0x298A, 0xFB94, 0xFA12, 0xB0AB, 0xFB4F, 0xFB91, 0x4805, 0x0007, 0x0827, 0x0003, 0x1849, 
  0x0827, 0x0826, 0x1028, 0x0827, 0x0828, 0x1029, 0x0005, 0x0027, 0x1869, 0x0003, 0x0805, 0x3087, 
  0x1005, 0x0007, 0x0005, 0x0002, 0x1026, 0x3047, 0x0006, 0x202A, 0x0804, 0x0024, 0x1069, 0x0806, 
  0x0807, 0x0005, 0x0005, 0x1809, 0x0005, 0x0806, 0x1028, 0x0004, 0x0002, 0x0004, 0x0004, 0x0002, 
  0x2066, 0xFB13, 0xFA12, 0x1806, 0x0085, 0x2905, 0x3984, 0x51E7, 0x4106, 0x0002, 0x0006, 0x1846, 
  0x0844, 0x0004, 0x0003, 0x0025, 0x31AF, 0x0846, 0x0002, 0x0000, 0x20CB, 0x9BBB, 0x418E, 0x0000, 
  0x0006, 0x3852, 0x4834, 0x5876, 0x9116, 0xB156, 0xB998, 0xA118, 0x3030, 0x080C, 0x182D, 0x100C, 
  0x280D, 0x70EF, 0x9951, 0x9932, 0x88F2, 0x88B3, 0x70CF, 0x408A, 0x080C, 0x080F, 0x2810, 0x3891, 
  0x38AF, 0x4052, 0x5872, 0x70B3, 0x4072, 0x2830, 0x180E, 0x100D, 0x200D, 0x180D, 0x100D, 0x182C, 
  0x080C, 0x202C, 0x60AE, 0x8132, 0x8937, 0x6075, 0x7091, 0x88EC, 0x408E, 0x100E, 0x200D, 0x3010, 
  0x180A, 0x0000, 0x20C9, 0x9B9A, 0x394D, 0x0001, 0x0003, 0x2004, 0x2046, 0x1888, 0x186C, 0x2068, 
  0x1049, 0x188A, 0x1848, 0x1847, 0x28CA, 0x2069, 0x0807, 0x28C6, 0x2069, 0x2048, 0x2088, 0x186A, 
  0x186B, 0x1868, 0x20CA, 0x288C, 0x1008, 0x28A6, 0x20AB, 0x0808, 0x1825, 0x28A9, 0x20A9, 0x1068, 
  0x1048, 0x182B, 0x1828, 0x1888, 0x28AC, 0x1025, 0x0867, 0x20AA, 0x2029, 0x2069, 0x1888, 0x206A, 
  0x1849, 0x18A7, 0x20CB, 0x186A, 0x1846, 0x206B, 0x206B, 0x10A8, 0x314A, 0x200A, 0x1806, 0x1086, 
  0x206B, 0x1868, 0x1068, 0x18AC, 0x184A, 0x1845, 0x188B, 0x184B, 0x1006, 0x28C6, 0x2088, 0x1808, 
  0x0805, 0x0003, 0x49CE, 0x8B58, 0x0027, 0x4005, 0xF06A, 0xD84A, 0xD8AA, 0xD06A, 0xD86A, 0xD04A, 
  0xC849, 0xC009, 0xB809, 0xC00A, 0xC809, 0xB80C, 0x98AE, 0xC169, 0xC988, 0xC969, 0xC168, 0xC168, 
  0xD188, 0xD169, 0xD168, 0xC968, 0xC969, 0xC969, 0xC969, 0xC188, 0xC149, 0xC189, 0xC14A, 0xD8CA, 
  0xD8EA, 0xD909, 0xD8E9, 0xE109, 0xE908, 0xD905, 0x0802, 0x18E9, 0xDCFB, 0x9373, 0x0001, 0x0001, 
  0x0002, 0x292A, 0xE4B3, 0xFCF1, 0x4947, 0x3006, 0x482B, 0x106B, 0x50B0, 0x4890, 0x0026, 0x2049, 
  0x508C, 0x0007, 0x0007, 0x184A, 0x50ED, 0x384C, 0x184B, 0x30AA, 0x684E, 0x40C7, 0x9BE9, 0x6129, 
  0x30E6, 0xACAD, 0xC54F, 0x83CB, 0x0004, 0xA206, 0x9246, 0x000C, 0x1027, 0x2807, 0x488F, 0x102B, 
  0x1008, 0x400E, 0x284B, 0x2049, 0x1847, 0x0828, 0x204B, 0x1027, 0x0806, 0x0005, 0x0004, 0x0002, 
  0x20A7, 0xDB70, 0xCA2E, 0x0004, 0x6964, 0xBAC5, 0x8A46, 0x3804, 0xB1E7, 0x7A89, 0x0024, 0xBD52, 
  0x6ACD, 0x0002, 0x0003, 0x0846, 0x41AE, 0x0866, 0x0002, 0x0000, 0x20CA, 0x9BDB, 0x418E, 0x0000, 
  0x1805, 0x602F, 0x4854, 0x4834, 0x6076, 0x90F7, 0x60B5, 0x4854, 0x3031, 0x180D, 0x100C, 0x080C, 
  0x200C, 0x406E, 0x78D2, 0x98F3, 0x80B3, 0x6074, 0x3011, 0x000B, 0x000A, 0x080A, 0x080A, 0x206C, 
  0x60D4, 0x5074, 0x4053, 0x282F, 0x100D, 0x000B, 0x100C, 0x180E, 0x180D, 0x180D, 0x180D, 0x180C, 
  0x180C, 0x2830, 0x4053, 0x3853, 0x3832, 0x282F, 0x200D, 0x080C, 0x000C, 0x102C, 0x200D, 0x200E, 
  0x0808, 0x0001, 0x20C9, 0x9B9B, 0x394D, 0x0001, 0x0005, 0x1087, 0x0869, 0x18AB, 0x10AB, 0x0047, 
  0x0868, 0x1089, 0x1088, 0x1068, 0x188B, 0x188A, 0x1088, 0x18AA, 0x20CB, 0x088A, 0x1888, 0x104B, 
  0x1889, 0x1088, 0x1047, 0x18A9, 0x1087, 0x1067, 0x18AD, 0x108B, 0x1066, 0x188B, 0x18A8, 0x18A9, 
  0x108A, 0x18EC, 0x10A9, 0x1047, 0x10EC, 0x18C7, 0x1089, 0x18CB, 0x2089, 0x18CB, 0x10AA, 0x1889, 
  0x1088, 0x1087, 0x1069, 0x18A9, 0x0828, 0x186B, 0x30E8, 0x106A, 0x108B, 0x10AA, 0x1068, 0x1889, 
  0x18CC, 0x1089, 0x1048, 0x084A, 0x1088, 0x1067, 0x106A, 0x18CA, 0x1068, 0x1049, 0x3129, 0x18CB, 
  0x108A, 0x0004, 0x418D, 0x8B38, 0x0007, 0x60C3, 0xFB25, 0xFB04, 0xFAE5, 0xFAE5, 0xFAE5, 0xFAE5, 
  0xFAE5, 0xFAE5, 0xFAC6, 0xFAA6, 0xFAA5, 0xFAA6, 0xEB68, 0xFBE5, 0xFBC4, 0xFBC4, 0xFBC4, 0xFBA5, 
  0xFBC4, 0xFBA5, 0xFBA4, 0xFBA4, 0xFBA5, 0xFBA4, 0xFBC5, 0xFBE5, 0xFBC5, 0xFBE5, 0xFBA4, 0xFB44, 
  0xFB44, 0xFB64, 0xFB44, 0xFB64, 0xFBA4, 0xFB80, 0x0800, 0x10A9, 0xDD1B, 0x9393, 0x0000, 0x0002, 
  0x0002, 0x2929, 0xF3F3, 0xFB73, 0x5128, 0x0048, 0x306E, 0x408D, 0x48B0, 0x204B, 0x1089, 0x488C, 
  0x690C, 0x6B29, 0x8386, 0x3966, 0x602F, 0x2814, 0x084D, 0x68CD, 0x682F, 0x7A89, 0x8BE7, 0x0001, 
  0x3185, 0xCDEB, 0xE6EE, 0xCE0E, 0x0002, 0x3964, 0x9C07, 0x084A, 0x788F, 0x60B0, 0x1808, 0x3988, 
  0x7AEE, 0x598B, 0x382D, 0x388D, 0x1048, 0x2829, 0x588E, 0x184C, 0x1890, 0x0028, 0x0004, 0x0002, 
  0x20E7, 0xFBD4, 0xFA31, 0x0005, 0x7964, 0xB9C6, 0xB2E7, 0x28A3, 0x9CEC, 0x8C4B, 0x49EA, 0xFFFF, 
  0x6B2E, 0x0001, 0x0003, 0x0825, 0x41AE, 0x0866, 0x0002, 0x0000, 0x20CA, 0xA3FB, 0x418E, 0x0000, 
  0x0005, 0x180D, 0x282F, 0x3832, 0x4073, 0x4875, 0x3051, 0x2830, 0x4052, 0x4852, 0x4051, 0x284F, 
  0x204E, 0x200F, 0x3831, 0x4052, 0x3031, 0x2810, 0x3011, 0x100D, 0x080A, 0x080B, 0x080B, 0x186B, 
  0x40B1, 0x202F, 0x100E, 0x100E, 0x100B, 0x0007, 0x080A, 0x180E, 0x180D, 0x180D, 0x180E, 0x3831, 
  0x5074, 0x5855, 0x5874, 0x4853, 0x180E, 0x100D, 0x100D, 0x100D, 0x180E, 0x200D, 0x200E, 0x100D, 
  0x0007, 0x0001, 0x20C9, 0x9BBB, 0x394C, 0x0001, 0x0003, 0x18A6, 0x10A8, 0x18AA, 0x20EA, 0x1887, 
  0x0027, 0x1088, 0x18E9, 0x188A, 0x1068, 0x18AB, 0x1089, 0x1068, 0x18A9, 0x18E9, 0x10A8, 0x1049, 
  0x28EA, 0x18A8, 0x0825, 0x1088, 0x18A8, 0x1068, 0x108B, 0x18CB, 0x1046, 0x1088, 0x2909, 0x18C8, 
  0x1088, 0x10CB, 0x210C, 0x20A8, 0x1088, 0x20E9, 0x18AB, 0x18CA, 0x1887, 0x18CB, 0x18CA, 0x20A7, 
  0x1888, 0x1048, 0x0869, 0x4129, 0x410A, 0x2932, 0x82EB, 0x92EB, 0x2046, 0x0028, 0x1889, 0x1889, 
  0x290B, 0x18E9, 0x0846, 0x0848, 0x20C8, 0x1088, 0x0848, 0x290B, 0x18E9, 0x0009, 0x2909, 0x212A, 
  0x18CA, 0x0004, 0x418D, 0x8338, 0x0007, 0x58E3, 0xFBA5, 0xFBA6, 0xFB86, 0xFB86, 0xFB86, 0xFBA6, 
  0xFB86, 0xFBA6, 0xFBA6, 0xFBA5, 0xFBA6, 0xFBA5, 0xFB64, 0xFB46, 0xFB65, 0xFB66, 0xFB46, 0xFB45, 
  0xFB46, 0xFB66, 0xFB45, 0xFB46, 0xFB45, 0xFB45, 0xFB46, 0xFB66, 0xFB66, 0xFB46, 0xFB66, 0xFB85, 
  0xFB86, 0xFB86, 0xFB85, 0xFB86, 0xFBE5, 0xFB82, 0x0800, 0x1089, 0xDD3B, 0x9393, 0x0000, 0x0002, 
  0x0002, 0x294A, 0xD352, 0xEB10, 0x38C8, 0x0006, 0x0068, 0x300B, 0x2809, 0x0027, 0x182A, 0x206B, 
  0x0008, 0xABD1, 0xFFFA, 0x7B6C, 0x080A, 0x0251, 0x006B, 0x182D, 0x3891, 0x4965, 0xBB80, 0x2862, 
  0x10A2, 0xE5EB, 0xFFCC, 0x8BE7, 0x0002, 0xBC06, 0xA3A6, 0x0005, 0x384C, 0x5112, 0x1006, 0x9ACC, 
  0xFFFF, 0xACF0, 0x300B, 0x182A, 0x0004, 0x384B, 0x408E, 0x286C, 0x7808, 0x4005, 0x0028, 0x0007, 
  0x1044, 0xA28E, 0xA1ED, 0x0005, 0x40A3, 0xB1C6, 0x91C6, 0x20E5, 0x8C4C, 0x5269, 0x10A6, 0xAD12, 
  0x528C, 0x0002, 0x0003, 0x0846, 0x41CE, 0x1067, 0x0002, 0x0000, 0x20CB, 0xA3FC, 0x418E, 0x0000, 
  0x0006, 0x100D, 0x100D, 0x180E, 0x2830, 0x3051, 0x3050, 0x3831, 0x4832, 0x4832, 0x4852, 0x3851, 
  0x204F, 0x182D, 0x100C, 0x080C, 0x080C, 0x100B, 0x080C, 0x080C, 0x080C, 0x100B, 0x100C, 0x186C, 
  0x186B, 0x080B, 0x100C, 0x080C, 0x0809, 0x0007, 0x0809, 0x080A, 0x080A, 0x080B, 0x080B, 0x182D, 
  0x180D, 0x100D, 0x180E, 0x080A, 0x080A, 0x180C, 0x100B, 0x100C, 0x100C, 0x100C, 0x100C, 0x100C, 
  0x0007, 0x0001, 0x20C9, 0x9BBB, 0x316C, 0x0001, 0x0003, 0x1083, 0x1066, 0x1067, 0x18C8, 0x1085, 
  0x0006, 0x1067, 0x10A6, 0x1088, 0x1067, 0x1087, 0x1046, 0x0846, 0x1887, 0x1066, 0x1066, 0x1068, 
  0x18A8, 0x1886, 0x0845, 0x1887, 0x10A8, 0x1066, 0x1047, 0x0847, 0x0845, 0x20E8, 0x20C9, 0x1067, 
  0x1887, 0x104A, 0x10A8, 0x1044, 0x1067, 0x1087, 0x1066, 0x1086, 0x1047, 0x1068, 0x1067, 0x1066, 
  0x1044, 0x1067, 0x0026, 0x30E8, 0xBBEC, 0x6AEE, 0x39AA, 0x9B8A, 0xA3EB, 0x28E7, 0x0845, 0x0847, 
  0x1888, 0x0846, 0x1086, 0x1067, 0x1066, 0x1045, 0x0026, 0x18EA, 0x18C7, 0x0007, 0x1065, 0x18A5, 
  0x1067, 0x0003, 0x418E, 0x8338, 0x0007, 0x5882, 0xFAC2, 0xFAC3, 0xFAA3, 0xFAA4, 0xFAA3, 0xFAA3, 
  0xFAA4, 0xFAA3, 0xFAA3, 0xFAC3, 0xFAA3, 0xFAA3, 0xFAA3, 0xFAA3, 0xFAC3, 0xFAA3, 0xFAA4, 0xFAC3, 
  0xFAC4, 0xFAA3, 0xFAC3, 0xFAC4, 0xFAC5, 0xFAC5, 0xFAC4, 0xFAC4, 0xFAC4, 0xFAC3, 0xFAC4, 0xFAE3, 
  0xFAE4, 0xFAE4, 0xFAC3, 0xFAE3, 0xFB22, 0xFAA0, 0x1000, 0x10CA, 0xDD1B, 0x9394, 0x0000, 0x0002, 
  0x0001, 0x2929, 0xFCF5, 0xFCD4, 0x4928, 0x02A5, 0x0468, 0x1A2B, 0x610F, 0x50CF, 0x508F, 0x50B1, 
  0x382D, 0x280B, 0x9993, 0x592F, 0x0345, 0x0724, 0x0309, 0x4811, 0x40B2, 0x104A, 0x4065, 0x40A8, 
  0x2047, 0x0826, 0x306A, 0x1008, 0x20A6, 0x69A8, 0x2005, 0x2809, 0x104B, 0x78D1, 0x688D, 0x3849, 
  0x9231, 0x5A2D, 0x302C, 0x3870, 0x208C, 0x38EE, 0x10C9, 0x8068, 0xFB32, 0xF9AA, 0x7004, 0x0002, 
  0x10E8, 0xFC15, 0xFA52, 0x2006, 0x00A2, 0x0383, 0x0121, 0x0004, 0x0003, 0x0004, 0x0004, 0x0001, 
  0x0003, 0x0005, 0x0003, 0x0825, 0x41CE, 0x1066, 0x0002, 0x0000, 0x20CA, 0xA3DC, 0x418E, 0x0000, 
  0x0006, 0x080B, 0x080B, 0x080A, 0x080B, 0x100C, 0x082C, 0x100C, 0x080B, 0x080B, 0x100B, 0x080B, 
  0x000A, 0x000A, 0x080A, 0x080A, 0x080A, 0x080B, 0x0809, 0x0809, 0x0809, 0x0809, 0x0809, 0x186A, 
  0x086A, 0x0009, 0x0009, 0x0007, 0x0007, 0x0007, 0x0008, 0x000A, 0x0009, 0x0009, 0x0008, 0x0008, 
  0x0007, 0x0009, 0x0008, 0x0006, 0x0007, 0x000A, 0x000A, 0x000A, 0x000A, 0x080A, 0x080A, 0x080B, 
  0x0007, 0x0002, 0x20C9, 0x9BDB, 0x394D, 0x0001, 0x0004, 0x20E7, 0x10A8, 0x1887, 0x18AA, 0x10C6, 
  0x0848, 0x18AA, 0x20C8, 0x18A9, 0x20CA, 0x18C8, 0x18AA, 0x1088, 0x1088, 0x20A8, 0x20A9, 0x106A, 
  0x20C9, 0x18A9, 0x1888, 0x18C9, 0x18AA, 0x18A9, 0x18CA, 0x1069, 0x18A9, 0x18CB, 0x188A, 0x20C8, 
  0x10A9, 0x20ED, 0x1088, 0x1066, 0x20CB, 0x18A8, 0x20C8, 0x20C8, 0x1888, 0x20AB, 0x1088, 0x20CA, 
  0x18A8, 0x1068, 0x188A, 0x4A2D, 0xBE32, 0x8CEC, 0x41C7, 0x3988, 0xDEB5, 0x8B8E, 0x0007, 0x1088, 
  0x20C9, 0x28E9, 0x1066, 0x084A, 0x1068, 0x0827, 0x0008, 0x18CA, 0x18A9, 0x0849, 0x0826, 0x1888, 
  0x1068, 0x0003, 0x49AE, 0x8338, 0x0004, 0x5A07, 0xFED3, 0xFE53, 0xFE33, 0xFDD2, 0xFDF1, 0xFE32, 
  0xFE12, 0xFE12, 0xFE32, 0xFE32, 0xFE12, 0xFE11, 0xFE12, 0xFE32, 0xFE32, 0xFE32, 0xFE32, 0xFDB0, 
  0xFE11, 0xFE73, 0xFE53, 0xFE33, 0xFE2C, 0xFDC9, 0xFD6A, 0xFD8A, 0xFD8A, 0xFD89, 0xFD48, 0xFD68, 
  0xFD87, 0xFD88, 0xFE11, 0xFE32, 0xFE72, 0xFDF1, 0x0843, 0x1068, 0xDD1B, 0x9373, 0x0000, 0x0002, 
  0x0001, 0x214A, 0xEBD4, 0xFB33, 0x3906, 0x0222, 0x03E5, 0x0345, 0x2049, 0x204B, 0x284A, 0x180A, 
  0x206A, 0x1827, 0x0806, 0x1829, 0x02E6, 0x0403, 0x0385, 0x1807, 0x204C, 0x186C, 0x1009, 0x202C, 
  0x384C, 0x0006, 0x180A, 0x1008, 0x0809, 0x0009, 0x1009, 0x386A, 0x100A, 0x1009, 0x50CC, 0x306E, 
  0x100B, 0x684B, 0x78B0, 0x48F1, 0x794F, 0x6970, 0x3889, 0xA025, 0xC24C, 0xC1E9, 0xA864, 0x0800, 
  0x0043, 0xDAB1, 0xEA71, 0x1805, 0x0163, 0x0281, 0x0102, 0x0004, 0x0002, 0x0004, 0x0002, 0x0002, 
  0x0003, 0x0001, 0x0003, 0x0846, 0x41CE, 0x1066, 0x0002, 0x0000, 0x20CA, 0x9BBC, 0x418E, 0x0001, 
  0x0006, 0x000A, 0x000A, 0x0009, 0x0009, 0x0009, 0x0008, 0x0008, 0x0008, 0x0008, 0x0008, 0x0008, 
  0x0008, 0x0007, 0x0009, 0x0008, 0x0007, 0x0008, 0x0008, 0x0008, 0x0008, 0x0007, 0x0007, 0x0869, 
  0x308E, 0x282E, 0x202D, 0x202D, 0x382A, 0x384A, 0x202D, 0x282F, 0x282E, 0x202F, 0x302E, 0x282D, 
  0x282D, 0x280C, 0x200D, 0x100D, 0x180D, 0x280F, 0x58F0, 0x5090, 0x404F, 0x380F, 0x3830, 0x3010, 
  0x1009, 0x0001, 0x20C9, 0x9BBB, 0x394C, 0x0001, 0x0004, 0x18C5, 0x18A5, 0x1065, 0x18C8, 0x18C6, 
  0x0846, 0x1888, 0x18C7, 0x1087, 0x108A, 0x18C7, 0x1066, 0x18A6, 0x18A6, 0x1887, 0x18C7, 0x0846, 
  0x20C8, 0x18C8, 0x1088, 0x18C7, 0x18C6, 0x1887, 0x108A, 0x18A7, 0x1865, 0x20E7, 0x18A8, 0x1067, 
  0x0848, 0x0867, 0x1086, 0x18A7, 0x20C9, 0x18A7, 0x20E5, 0x3147, 0x1066, 0x0828, 0x0847, 0x18C7, 
  0x18C7, 0x0826, 0x0048, 0x59C9, 0xFDC6, 0xFFC7, 0xCBE2, 0x2865, 0x734B, 0x416A, 0x0806, 0x1087, 
  0x20E8, 0x20E9, 0x1065, 0x2929, 0x39A9, 0x3128, 0x49CB, 0x3148, 0x18A7, 0x18A8, 0x3185, 0x4207, 
  0x3168, 0x0004, 0x418E, 0x8338, 0x0004, 0x5AC8, 0xFFF6, 0xFF15, 0xFEB4, 0xFF36, 0xFF56, 0xFEB4, 
  0xFED5, 0xFED5, 0xFED5, 0xFED4, 0xFED4, 0xFED5, 0xFED4, 0xFEF5, 0xFED5, 0xFEF4, 0xFED4, 0xFFB7, 
  0xFF14, 0xFE50, 0xFE71, 0xFED0, 0xFEE6, 0xFF6A, 0xFFF0, 0xFFEE, 0xFFEE, 0xFFED, 0xFFED, 0xFFED, 
  0xFFEC, 0xFFCE, 0xFED3, 0xFED4, 0xFF56, 0xF6D4, 0x0884, 0x1047, 0xDD1B, 0x9393, 0x0000, 0x0002, 
  0x0002, 0x2129, 0xF4B5, 0xFBB3, 0xA2AD, 0xBDAA, 0xCC66, 0xB369, 0xC688, 0xABE5, 0xABEA, 0xDDE9, 
  0x9247, 0xAD0F, 0xDDE9, 0x6A46, 0xBD2A, 0xDBE6, 0xA30A, 0xCE2C, 0xBB84, 0x9B86, 0xDE89, 0xBC86, 
  0xAB29, 0xED4C, 0x9A65, 0xA3CB, 0xFCEF, 0x7967, 0x7BE6, 0x4A23, 0x6AC2, 0xAD27, 0x28A9, 0x282F, 
  0x100E, 0x5892, 0x486F, 0x208D, 0x60EB, 0x208A, 0x000A, 0x3865, 0xD2CD, 0x99EB, 0x928C, 0xB3CE, 
  0xA26B, 0xFC51, 0xFBD4, 0x2847, 0x0002, 0x3948, 0x0823, 0x1064, 0x39A9, 0x0003, 0x41CB, 0x2107, 
  0x2107, 0x5ACD, 0x0002, 0x0025, 0x41AE, 0x1066, 0x0002, 0x0000, 0x20CA, 0x9BBC, 0x418E, 0x0000, 
  0x0806, 0x484F, 0x384E, 0x302D, 0x402C, 0x50AE, 0x5930, 0x306E, 0x080D, 0x100C, 0x180D, 0x202D, 
  0x384D, 0x184D, 0x282C, 0x382C, 0x302A, 0x202B, 0x182E, 0x182E, 0x182E, 0x200E, 0x202E, 0x2890, 
  0x78F6, 0x7095, 0x6096, 0x38F7, 0x68B5, 0x7894, 0x4875, 0x5093, 0x4892, 0x3093, 0x5872, 0x6095, 
  0x60D6, 0x9136, 0x9919, 0x9159, 0x8137, 0x78D7, 0x9195, 0x7915, 0x6874, 0x5072, 0x6073, 0x4833, 
  0x080A, 0x0000, 0x20C9, 0x9BBB, 0x394D, 0x0001, 0x0003, 0x0845, 0x0026, 0x0826, 0x084A, 0x0866, 
  0x0006, 0x0007, 0x0867, 0x0847, 0x0846, 0x0026, 0x0005, 0x0007, 0x0029, 0x1085, 0x0027, 0x0008, 
  0x1067, 0x0846, 0x0007, 0x0865, 0x1085, 0x0046, 0x1068, 0x0865, 0x0044, 0x18CB, 0x0006, 0x18A7, 
  0x526B, 0x18C7, 0x18A7, 0x0828, 0x0846, 0x20C7, 0x0829, 0x1066, 0x10A9, 0x528D, 0x294B, 0x1886, 
  0x1065, 0x0025, 0x0006, 0x08AB, 0x6047, 0xD1C6, 0xDA67, 0x69A9, 0x10A7, 0x002A, 0x1067, 0x0847, 
  0x18C7, 0x0025, 0x1063, 0xDDD1, 0x834B, 0x18C4, 0xB4CE, 0x730A, 0x51E5, 0x9409, 0xD60F, 0xACCC, 
  0xAD0C, 0x0842, 0x312E, 0x8338, 0x0007, 0x50C4, 0xFBA5, 0xFB65, 0xFA62, 0xFCC9, 0xFCC9, 0xFA83, 
  0xFB04, 0xFB04, 0xFB04, 0xFAE4, 0xFAE4, 0xFB04, 0xFB24, 0xFB04, 0xFB24, 0xFAE4, 0xFAE3, 0xFE92, 
  0xFCCB, 0xFA40, 0xFAE2, 0xFAA3, 0xE168, 0xEA05, 0xFAE3, 0xF2C3, 0xF2C4, 0xF2C4, 0xF2A4, 0xF2C4, 
  0xF263, 0xFD4B, 0xFC87, 0xFAE3, 0xFBA3, 0xEB00, 0x0000, 0x10A9, 0xDD3B, 0x9394, 0x0001, 0x0002, 
  0x0002, 0x214A, 0xEA92, 0xE96D, 0x99ED, 0xFD93, 0xF48E, 0xDA6F, 0xFDF3, 0xE36E, 0xE2D0, 0xFD54, 
  0xC22E, 0xDC15, 0xFD96, 0x92AD, 0xE552, 0xFC8E, 0xB26F, 0xFD57, 0xE2EE, 0xBA8D, 0xFD74, 0xE34F, 
  0xC24D, 0xFCF5, 0xD2CF, 0xCB52, 0xFBD7, 0xA96D, 0xCDE9, 0x8BE7, 0x9404, 0xCDC7, 0x38AB, 0x1888, 
  0x0064, 0x1049, 0x3849, 0x0026, 0x488D, 0x304B, 0x002B, 0x4069, 0xFAB2, 0xB1CD, 0xA24F, 0xFB55, 
  0xA1CE, 0xA8AE, 0xD990, 0x0004, 0x426C, 0x8432, 0x3169, 0x18A6, 0x8410, 0x39A9, 0x7390, 0x5AAD, 
  0x634E, 0xE71C, 0x526C, 0x0002, 0x41AE, 0x1066, 0x0002, 0x0000, 0x20CA, 0x9BBC, 0x418E, 0x0000, 
  0x1007, 0x7091, 0x68D3, 0x6092, 0x7092, 0x8954, 0x91D7, 0x8158, 0xB1FC, 0xAA1B, 0x813A, 0x88F7, 
  0x70D2, 0x2873, 0x4891, 0x6092, 0x5873, 0x5053, 0x5075, 0x5875, 0x5875, 0x5875, 0x5875, 0x68F6, 
  0x208E, 0x180D, 0x080D, 0x000D, 0x000B, 0x000B, 0x000A, 0x080D, 0x2871, 0x2870, 0x2852, 0x58D6, 
  0x6157, 0x4915, 0x40D3, 0x3890, 0x2870, 0x182F, 0x000D, 0x000D, 0x000D, 0x000C, 0x000C, 0x182F, 
  0x102A, 0x0001, 0x20C9, 0x9BBA, 0x312B, 0x0000, 0x0002, 0x2108, 0x18CB, 0x2928, 0x292A, 0x2108, 
  0x10A8, 0x18E7, 0x20E8, 0x0869, 0x3168, 0x2949, 0x18E8, 0x1909, 0x18E7, 0x2904, 0x10AA, 0x294B, 
  0x2129, 0x10C8, 0x20E7, 0x10C6, 0x0049, 0x20CA, 0x28EC, 0x188D, 0x18AD, 0x0009, 0x0000, 0x20E8, 
  0x83AE, 0x49EA, 0x0004, 0x080A, 0x3110, 0x18AA, 0x0007, 0x0001, 0x2109, 0xA450, 0x49EA, 0x000A, 
  0x002E, 0x20A9, 0x494F, 0x0849, 0x0067, 0x51CE, 0x822E, 0x498C, 0x0008, 0x1067, 0x006C, 0x390D, 
  0x28ED, 0x0029, 0x0844, 0x9411, 0x522B, 0x5AAA, 0x93EF, 0x3168, 0x49C7, 0x93EC, 0xD5B1, 0x8C0E, 
  0x946F, 0x0024, 0x312E, 0x8338, 0x0025, 0x5806, 0xFA09, 0xFA42, 0xFBE7, 0xFD6C, 0xFA05, 0xFA24, 
  0xFA44, 0xFA63, 0xFA64, 0xFA63, 0xFA64, 0xFA63, 0xFA64, 0xFA84, 0xFA84, 0xFA63, 0xFA42, 0xFE72, 
  0xFCAC, 0xF9A2, 0xFAA4, 0xFA85, 0xE9A7, 0xE945, 0xF105, 0xF106, 0xF106, 0xF106, 0xF106, 0xF106, 
  0xE886, 0xFAE8, 0xFE4C, 0xFB04, 0xFA23, 0xF9C2, 0x0800, 0x10C9, 0xDD3B, 0x9B94, 0x0000, 0x0002, 
  0x0001, 0x210A, 0xF635, 0xFD54, 0x48A7, 0x0004, 0x1807, 0x1005, 0x2808, 0x1006, 0x0804, 0x3008, 
  0x1805, 0x2005, 0x3809, 0x1807, 0x2809, 0x2007, 0x1005, 0x300A, 0x2008, 0x1006, 0x380A, 0x1807, 
  0x1808, 0x300A, 0x0805, 0x2008, 0x480D, 0x2009, 0x5327, 0xBD6B, 0x6BA9, 0x5B46, 0x0804, 0xAB71, 
  0xFF38, 0x9B2D, 0x080B, 0x286F, 0x406D, 0x486C, 0x280D, 0x498A, 0xCBD0, 0xA96B, 0xB26D, 0xCB51, 
  0x894C, 0xD3EF, 0xFC12, 0x1005, 0x1908, 0x5A2D, 0x20A8, 0x0045, 0x528C, 0x18A6, 0x41EB, 0x2969, 
  0x2949, 0x7390, 0x2948, 0x0004, 0x41AE, 0x1066, 0x0002, 0x0000, 0x20CA, 0xA3BC, 0x418E, 0x0000, 
  0x0006, 0x000D, 0x000D, 0x000D, 0x000E, 0x000E, 0x000D, 0x182F, 0x5953, 0x5132, 0x6955, 0x7977, 
  0x40B3, 0x60D4, 0x40B3, 0x0850, 0x000C, 0x000B, 0x000A, 0x000A, 0x080B, 0x100D, 0x102C, 0x206D, 
  0x286B, 0x180A, 0x180A, 0x304B, 0x690E, 0x7911, 0x8133, 0x99B6, 0x9137, 0x7894, 0x6050, 0x484D, 
  0x486E, 0x300D, 0x280C, 0x280B, 0x300C, 0x282B, 0x300B, 0x302C, 0x386E, 0x6912, 0x8995, 0x8117, 
  0x282B, 0x0000, 0x18C9, 0x9379, 0x20CB, 0x0022, 0xBD0E, 0x8B68, 0xCE11, 0xDE10, 0xCDAA, 0xFF52, 
  0xFF13, 0xCD4C, 0x72E8, 0xCDD1, 0xD5F0, 0xDE50, 0xEED1, 0xFEB0, 0xBCEC, 0x7B4B, 0xE671, 0xE66C, 
  0xE691, 0xE632, 0xF6D3, 0x4A07, 0x0002, 0x1048, 0x106C, 0x000B, 0x0025, 0x0002, 0x0001, 0x18E8, 
  0x730D, 0x3988, 0x0000, 0x0006, 0x186F, 0x0005, 0x0000, 0x0001, 0x2128, 0x7B4E, 0x3167, 0x0004, 
  0x0007, 0x0849, 0x20CF, 0x0004, 0x2902, 0xACEE, 0x838C, 0x20E7, 0x0005, 0x0003, 0x0006, 0x106B, 
  0x082B, 0x0006, 0x0003, 0x0006, 0x0028, 0x838D, 0x732E, 0x6AEC, 0x72CA, 0x4208, 0xACAF, 0x6AEB, 
  0x312B, 0x0004, 0x416E, 0x8338, 0x0006, 0x5943, 0xFC84, 0xFB23, 0xFDED, 0xFD8C, 0xFAC4, 0xFBA6, 
  0xFBC5, 0xFBC6, 0xFBC6, 0xFBC6, 0xFBE6, 0xFBE6, 0xFC06, 0xFC47, 0xFC47, 0xFC46, 0xFC27, 0xFED1, 
  0xFD4C, 0xFB44, 0xFBE7, 0xFC26, 0xFC65, 0xFC65, 0xFC86, 0xFC86, 0xFC86, 0xFC85, 0xFC86, 0xFCA6, 
  0xFCC5, 0xFC04, 0xFE2A, 0xFDAB, 0xFBA6, 0xFB26, 0x1002, 0x10A9, 0xDD3B, 0x9B94, 0x0000, 0x0002, 
  0x0001, 0x2109, 0xE2F3, 0xFA93, 0x3887, 0x0001, 0x0003, 0x0003, 0x0002, 0x0002, 0x0002, 0x0003, 
  0x0807, 0x0005, 0x0006, 0x0006, 0x0004, 0x0002, 0x0004, 0x102C, 0x000B, 0x0807, 0x204B, 0x0807, 
  0x482D, 0x280E, 0x0009, 0x0005, 0x206E, 0x2049, 0x8E07, 0x8587, 0xAE48, 0xCF49, 0x0883, 0x996F, 
  0xFBD6, 0x9A4E, 0x280E, 0x5933, 0x1828, 0x0808, 0x200C, 0x614B, 0xFB34, 0xE9F0, 0xE26F, 0xFB75, 
  0xC1F0, 0xD92E, 0xF1B0, 0x1806, 0x0062, 0x1B45, 0x00E3, 0x0004, 0x0024, 0x0002, 0x2948, 0x314A, 
  0x18E8, 0x52AD, 0x0001, 0x0025, 0x41AE, 0x1066, 0x0001, 0x0000, 0x20CA, 0xA3BC, 0x418D, 0x0000, 
  0x1826, 0x8134, 0x58F1, 0x488E, 0x406D, 0x280A, 0x380C, 0x300C, 0x200B, 0x200B, 0x382C, 0x486D, 
  0x508E, 0x80D3, 0x80B4, 0x7934, 0x89B5, 0x7112, 0x58D1, 0x408F, 0x202A, 0x1808, 0x1808, 0x3069, 
  0x88F4, 0x8873, 0x8073, 0xA954, 0xD237, 0xB973, 0xA8EF, 0xA0EF, 0x786D, 0x700C, 0x704D, 0x782E, 
  0x702D, 0x704D, 0x682D, 0x784E, 0x90B2, 0xA8B3, 0xC136, 0xEA59, 0xA9B4, 0x98F0, 0xB912, 0x906F, 
  0x2807, 0x0001, 0x20C9, 0x937A, 0x28EB, 0x0002, 0x8BAD, 0x8B45, 0x8386, 0x7B88, 0x9C4D, 0xD592, 
  0xA450, 0x93CD, 0x6287, 0xAC86, 0x9C47, 0x9C0E, 0xB4B1, 0x940E, 0xA42C, 0x5205, 0x83C4, 0xB4C7, 
  0xC553, 0xAC70, 0xACB1, 0x41E8, 0x0000, 0x0002, 0x3021, 0x2001, 0x0002, 0x0002, 0x0001, 0x2129, 
  0x838F, 0x49E9, 0x0002, 0x0002, 0x0002, 0x0003, 0x0004, 0x0002, 0x2949, 0x836E, 0x3168, 0x0002, 
  0x0002, 0x1003, 0x2001, 0x0000, 0x41A7, 0xF653, 0xE5F1, 0x5227, 0x0000, 0x0003, 0x0002, 0x1821, 
  0x1022, 0x0002, 0x0003, 0x0002, 0x72CA, 0x5207, 0x0003, 0x524C, 0x49C9, 0x2927, 0x9C2F, 0xAC50, 
  0x8B50, 0x0003, 0x394E, 0x8338, 0x0006, 0x5104, 0xFAA5, 0xFC4A, 0xFE2F, 0xF325, 0xFBE6, 0xFBE7, 
  0xFBC7, 0xFBA8, 0xFB89, 0xFB69, 0xFBA8, 0xFBE8, 0xFBE8, 0xFBE8, 0xFBE7, 0xFBC7, 0xFBE8, 0xFED2, 
  0xFD4C, 0xFB65, 0xFBE8, 0xFC07, 0xFC07, 0xFBE7, 0xFC08, 0xFBE7, 0xFC07, 0xFC28, 0xFC27, 0xFC08, 
  0xFC08, 0xFBC8, 0xFBE8, 0xFEB2, 0xFC4B, 0xFA87, 0x0802, 0x10A8, 0xDD3B, 0x93B4, 0x0000, 0x0002, 
  0x0002, 0x2129, 0xECF3, 0xFBF2, 0x4087, 0x0003, 0x0004, 0x0003, 0x0826, 0x1027, 0x0003, 0x0004, 
  0x0004, 0x0004, 0x0805, 0x0805, 0x0004, 0x0003, 0x0003, 0x1049, 0x180F, 0x0828, 0x02E5, 0x2A67, 
  0x73C7, 0x10C7, 0x080A, 0x1028, 0x58CF, 0x382C, 0x0983, 0x1983, 0x2185, 0x1202, 0x1849, 0xA291, 
  0xFE36, 0x622C, 0x4008, 0xEB2C, 0xC249, 0x1809, 0x0006, 0x40A7, 0xFBD2, 0x9A2C, 0x922D, 0xFC34, 
  0x79AB, 0xCBAF, 0xFB52, 0x1805, 0x0364, 0x06E5, 0x0403, 0x0004, 0x0004, 0x0003, 0x3168, 0x6B2F, 
  0x73B0, 0xFFFF, 0x4A2B, 0x0002, 0x41AE, 0x0866, 0x0002, 0x0000, 0x20CA, 0xA3BB, 0x418E, 0x0000, 
  0x2806, 0xC176, 0xCA17, 0xD233, 0xD1D6, 0xC8B5, 0x9071, 0x706F, 0x784F, 0x786E, 0x804F, 0x884E, 
  0x884E, 0x802D, 0x802B, 0x888E, 0xA130, 0xA0EF, 0xA953, 0xB1B7, 0xB976, 0xB8D5, 0x9073, 0x8090, 
  0x50F3, 0x3852, 0x3030, 0x100B, 0x080A, 0x0009, 0x0007, 0x0008, 0x0007, 0x0008, 0x0009, 0x0009, 
  0x080A, 0x284E, 0x4072, 0x60B6, 0x68F7, 0x68F6, 0x58D5, 0x48B2, 0x100B, 0x080A, 0x100A, 0x180B, 
  0x0807, 0x0001, 0x20C9, 0x9B9A, 0x312C, 0x0001, 0x2122, 0x9385, 0xA408, 0x8BCB, 0x8370, 0x730D, 
  0x39AA, 0x62A8, 0x8364, 0x9BEC, 0x9C0F, 0x8390, 0x730E, 0x3969, 0x8346, 0x7AE5, 0xA427, 0xACAE, 
  0x9C33, 0x7B2D, 0x5A6C, 0x3988, 0x0001, 0x0003, 0x4843, 0x3023, 0x0003, 0x0004, 0x0002, 0x2949, 
  0x7B4E, 0x4189, 0x0002, 0x0003, 0x0003, 0x0003, 0x0003, 0x0001, 0x2109, 0x7B2E, 0x3969, 0x0003, 
  0x0003, 0x2024, 0x3024, 0x0000, 0x20E5, 0xBD11, 0xC551, 0x2946, 0x0002, 0x0003, 0x0003, 0x3083, 
  0x1843, 0x0003, 0x0004, 0x0002, 0x732D, 0x6289, 0x1083, 0x83AB, 0x8BAA, 0x2944, 0x0844, 0x6AAE, 
  0x9391, 0x0003, 0x312E, 0x8338, 0x0006, 0x5804, 0xF8C5, 0xFD0F, 0xFCCB, 0xFA03, 0xFAA5, 0xFA65, 
  0xEA29, 0xFA67, 0xFA46, 0xF247, 0xF227, 0xFA45, 0xFA64, 0xFA45, 0xFA44, 0xFA23, 0xFA44, 0xFEB2, 
  0xFCAB, 0xF9E2, 0xFAA4, 0xFAA4, 0xFAA5, 0xFAA5, 0xFAA4, 0xFAA5, 0xFA85, 0xFAA5, 0xFAA4, 0xFA85, 
  0xEA48, 0xFA86, 0xFA64, 0xFD2E, 0xFC2E, 0xF8C6, 0x0802, 0x10C8, 0xDD1B, 0x9394, 0x0000, 0x0002, 
  0x0001, 0x2949, 0xEB73, 0xFAF3, 0x40C8, 0x0002, 0x1026, 0x0887, 0x30AD, 0x304B, 0x284A, 0x38AC, 
  0x38ED, 0x2009, 0x1008, 0x282C, 0x302C, 0x0828, 0x0827, 0x484F, 0x6013, 0x08A7, 0x0405, 0x1AA6, 
  0x3CE4, 0x0102, 0x0807, 0x30CE, 0x58CE, 0x588E, 0x080C, 0x0009, 0x280D, 0x4030, 0x202E, 0x98EF, 
  0xFC57, 0x826E, 0x3806, 0x8909, 0xD9CA, 0x2829, 0x0007, 0x50A8, 0xFCB6, 0xDB71, 0xBAAF, 0xFD36, 
  0xAA6E, 0xD20F, 0xFA52, 0x2006, 0x0102, 0x02E2, 0x0202, 0x0003, 0x0003, 0x0003, 0x18E7, 0x4A4B, 
  0x18C6, 0x94B3, 0x420A, 0x0003, 0x41AE, 0x0866, 0x0002, 0x0000, 0x20CA, 0xA3DC, 0x418E, 0x0000, 
  0x0005, 0x000B, 0x080D, 0x100B, 0x3870, 0x60B4, 0x60B5, 0x70F8, 0x58B4, 0x200E, 0x180D, 0x000B, 
  0x000A, 0x0009, 0x080B, 0x080A, 0x0808, 0x0008, 0x0809, 0x100A, 0x284E, 0x5092, 0x4893, 0x50F5, 
  0x106A, 0x0009, 0x0009, 0x0009, 0x0009, 0x0009, 0x0008, 0x0009, 0x202E, 0x282F, 0x5092, 0x60D5, 
  0x7117, 0x68D6, 0x5895, 0x3050, 0x102D, 0x080B, 0x000A, 0x0009, 0x000B, 0x080C, 0x000B, 0x000C, 
  0x0008, 0x0001, 0x20C9, 0x9BBA, 0x312C, 0x0001, 0x20E5, 0x5209, 0x7B2B, 0x5A28, 0x3967, 0x5229, 
  0x3147, 0x3146, 0x5228, 0x6AAB, 0x628A, 0x39A7, 0x628A, 0x3968, 0x2927, 0x6ACA, 0x7B4A, 0x6289, 
  0x4A09, 0x72CB, 0x626B, 0x0824, 0x0003, 0x0003, 0x0003, 0x0002, 0x0001, 0x0005, 0x0003, 0x316A, 
  0x838E, 0x398A, 0x0002, 0x0003, 0x0003, 0x0002, 0x0003, 0x0001, 0x316A, 0x8BCF, 0x398B, 0x0003, 
  0x0003, 0x0004, 0x0003, 0x0002, 0x1083, 0x834A, 0xACCD, 0x39A7, 0x0002, 0x0003, 0x0002, 0x0003, 
  0x0003, 0x0004, 0x0002, 0x0004, 0x8BAC, 0x7B09, 0x3167, 0xACD0, 0xEE55, 0xBD11, 0x1084, 0x49A5, 
  0x9B89, 0x0003, 0x398F, 0x8338, 0x0027, 0x5802, 0xFB6A, 0xFE73, 0xFA27, 0xF9C5, 0xFA05, 0xF9E6, 
  0xF1C8, 0xFA06, 0xFA05, 0xFA25, 0xF1C5, 0xF1A5, 0xF9E5, 0xF9E5, 0xF9E5, 0xF985, 0xF9A5, 0xFED5, 
  0xFC8D, 0xF963, 0xFA45, 0xFA46, 0xFA45, 0xFA45, 0xFA45, 0xFA45, 0xFA46, 0xFA46, 0xFA25, 0xFA26, 
  0xFA07, 0xFA46, 0xF9A4, 0xFA89, 0xFDF3, 0xFA09, 0x0800, 0x10C9, 0xDD1B, 0x9394, 0x0000, 0x0002, 
  0x0002, 0x294A, 0xE4F5, 0xFC13, 0x38A6, 0x0005, 0x2868, 0x0085, 0x308B, 0x384C, 0x106B, 0x608A, 
  0x78EB, 0x6A6D, 0x6A6B, 0x30AA, 0x702D, 0x684E, 0x1808, 0x0005, 0x180B, 0x180D, 0x0026, 0x0006, 
  0x0047, 0x1846, 0x304B, 0x186D, 0x48CE, 0x910E, 0x486D, 0x502C, 0x384D, 0x100A, 0x0805, 0x0002, 
  0x080B, 0x304F, 0x288C, 0x0002, 0x0802, 0x0808, 0x082C, 0x0803, 0x3806, 0x2046, 0x2005, 0x2806, 
  0x2887, 0xDC11, 0xF352, 0x1006, 0x1843, 0x60E5, 0x38A5, 0x4965, 0x28C4, 0x59A5, 0x28E4, 0x0002, 
  0x0003, 0x0002, 0x0002, 0x0826, 0x41AE, 0x0866, 0x0002, 0x0000, 0x20CA, 0xA3DB, 0x418E, 0x0000, 
  0x0006, 0x000B, 0x000A, 0x000A, 0x0009, 0x0009, 0x100B, 0x284F, 0x4893, 0x68D7, 0x50B5, 0x5096, 
  0x3872, 0x102D, 0x000A, 0x0008, 0x0008, 0x0009, 0x000A, 0x000A, 0x0009, 0x0008, 0x0008, 0x186C, 
  0x0869, 0x0008, 0x0008, 0x080A, 0x100A, 0x202D, 0x4070, 0x5093, 0x6095, 0x5093, 0x4071, 0x3870, 
  0x184D, 0x0009, 0x0007, 0x0007, 0x0008, 0x0009, 0x0009, 0x000A, 0x000A, 0x0009, 0x000A, 0x000A, 
  0x0008, 0x0001, 0x20C9, 0x939A, 0x314C, 0x0001, 0x41CA, 0x72ED, 0x628C, 0x3148, 0x49E8, 0x9BEF, 
  0x3969, 0x524B, 0x93EF, 0x72ED, 0x3148, 0x5A29, 0x8B4C, 0x41A8, 0x6AAC, 0x9BF0, 0x6AED, 0x20A7, 
  0x6AAA, 0xB4B1, 0x5A4A, 0x1064, 0x0002, 0x0003, 0x0003, 0x0003, 0x0027, 0x0003, 0x0002, 0x3189, 
  0x838D, 0x39A9, 0x0003, 0x0003, 0x0002, 0x1825, 0x1825, 0x0000, 0x2928, 0x83AE, 0x39A9, 0x0002, 
  0x0005, 0x0005, 0x0003, 0x0002, 0x18C4, 0xE5EC, 0xFE4F, 0x3147, 0x0001, 0x0003, 0x0004, 0x0004, 
  0x0002, 0x0822, 0x0022, 0x0022, 0xAC0C, 0xBC91, 0x0846, 0x0043, 0x524B, 0x522C, 0x41CA, 0x7B2A, 
  0x8B89, 0x0004, 0x394F, 0x8338, 0x0006, 0x5103, 0xFF4A, 0xFE0A, 0xFB45, 0xFBC6, 0xFBC5, 0xFBE5, 
  0xFBC4, 0xFBA4, 0xFB84, 0xFBA3, 0xFB83, 0xFB84, 0xFB85, 0xFB84, 0xFB84, 0xFB84, 0xFBA4, 0xFECD, 
  0xFD09, 0xFB03, 0xFBC5, 0xFBC5, 0xFBC5, 0xFBC4, 0xFBA4, 0xFBC4, 0xFBC4, 0xFBA4, 0xFB64, 0xFB64, 
  0xFB83, 0xFB64, 0xFB64, 0xFAE4, 0xFDED, 0xFCC7, 0x0800, 0x1089, 0xDCFB, 0x9373, 0x0000, 0x0002, 
  0x0002, 0x294A, 0xF3F5, 0xFA91, 0x3884, 0x0005, 0x386B, 0x1008, 0x288D, 0x206C, 0x0006, 0x2007, 
  0x4027, 0xD572, 0xFFD9, 0x724B, 0x1804, 0x600E, 0x58CF, 0x2988, 0x00E4, 0x0809, 0x0004, 0x1028, 
  0x1009, 0x0005, 0x0004, 0x1069, 0x108E, 0x30AD, 0x688B, 0xC10E, 0x500B, 0x3186, 0xCE07, 0xBDA8, 
  0x0028, 0x5070, 0x686E, 0x280B, 0x1808, 0x000A, 0x3030, 0x286A, 0x0006, 0x0006, 0x0003, 0x0000, 
  0x2084, 0xFC74, 0xFB75, 0x0807, 0x69C6, 0xBAC9, 0x7A68, 0xDC29, 0xAAC7, 0xA346, 0xBB84, 0x0004, 
  0x0004, 0x0004, 0x0003, 0x0846, 0x41AE, 0x0866, 0x0002, 0x0000, 0x18AA, 0x9BBB, 0x418E, 0x0000, 
  0x0006, 0x0009, 0x0009, 0x0009, 0x0009, 0x0009, 0x0009, 0x0006, 0x0007, 0x0009, 0x082C, 0x4891, 
  0x50B5, 0x50B5, 0x4051, 0x384F, 0x182C, 0x102A, 0x0009, 0x0008, 0x0008, 0x0008, 0x0008, 0x0868, 
  0x48D1, 0x4071, 0x4071, 0x60D5, 0x78F6, 0x78F7, 0x80F8, 0x70D4, 0x484F, 0x302C, 0x3029, 0x2808, 
  0x3829, 0x402C, 0x304D, 0x304D, 0x384C, 0x482C, 0x386E, 0x506C, 0x306E, 0x204E, 0x202D, 0x282E, 
  0x1008, 0x0001, 0x20C9, 0x939A, 0x290B, 0x0001, 0x836E, 0x7B2E, 0x20E9, 0x5A4B, 0x520B, 0x6A8E, 
  0x72CD, 0xA431, 0x7B30, 0x2949, 0x4A4B, 0x62AC, 0x49CB, 0x5A6C, 0x9BF0, 0x5A8D, 0x39CC, 0x49CA, 
  0x49E8, 0x522C, 0x628C, 0x3987, 0x0001, 0x0003, 0x0003, 0x0003, 0x0005, 0x0003, 0x0002, 0x212A, 
  0x422C, 0x190A, 0x0003, 0x0003, 0x0003, 0x0805, 0x0824, 0x0001, 0x3149, 0x4A0E, 0x0048, 0x0002, 
  0x0005, 0x0005, 0x0003, 0x0002, 0x18C5, 0x9C0B, 0x7B0B, 0x0845, 0x0002, 0x0003, 0x0028, 0x0004, 
  0x0003, 0x39A8, 0x52AB, 0x41CA, 0x1087, 0x292A, 0x2926, 0x3125, 0x5A49, 0x628A, 0x8BAC, 0x8BCE, 
  0x3149, 0x0003, 0x418F, 0x8338, 0x0005, 0x4A66, 0xFEEE, 0xFAC7, 0xFA64, 0xFAC5, 0xFAC5, 0xFAC4, 
  0xFAA4, 0xFAA4, 0xFAA4, 0xFA84, 0xFAA4, 0xFAA4, 0xFAA4, 0xFA83, 0xFA83, 0xFA63, 0xFAA4, 0xFDEC, 
  0xFBE7, 0xF9C4, 0xFA65, 0xFA84, 0xFA83, 0xFA83, 0xFAA3, 0xFAA3, 0xFA83, 0xFA63, 0xFA63, 0xFA84, 
  0xFA83, 0xFA83, 0xFAA3, 0xFA21, 0xFAE6, 0xFD4A, 0x1061, 0x0868, 0xDCFB, 0x9374, 0x0000, 0x0002, 
  0x0002, 0x2149, 0xDBF3, 0xF2B0, 0x2025, 0x0009, 0x6113, 0x408C, 0x58CE, 0x58F0, 0x78CF, 0x50AF, 
  0x300C, 0x78CA, 0xB1EE, 0x40C8, 0x0009, 0x186F, 0x48AD, 0x496F, 0x01AA, 0x0004, 0x1006, 0x182A, 
  0x408D, 0x408D, 0x382B, 0x0004, 0x0007, 0x1849, 0x282A, 0x4093, 0x2810, 0xAB67, 0xFF66, 0xF5C4, 
  0x28A4, 0x100B, 0x68CE, 0xD1F5, 0x414C, 0x0249, 0x188E, 0x484E, 0x38AC, 0x308C, 0x200A, 0x0003, 
  0x1064, 0xD311, 0xDA30, 0x0805, 0x2044, 0x7086, 0x2825, 0x61A6, 0x38E5, 0x0003, 0x1882, 0x0003, 
  0x0003, 0x0003, 0x0002, 0x0846, 0x41AE, 0x0866, 0x0002, 0x0000, 0x18AA, 0x9BBB, 0x418D, 0x0000, 
  0x0806, 0x202C, 0x204E, 0x282E, 0x202E, 0x204E, 0x182C, 0x202C, 0x304A, 0x302A, 0x2809, 0x1829, 
  0x484B, 0x484B, 0x6092, 0x88BA, 0x78D8, 0x68D6, 0x4892, 0x4071, 0x4091, 0x3870, 0x4070, 0x50F2, 
  0x8958, 0x80D8, 0x78B7, 0x48B6, 0x30B4, 0x2894, 0x4892, 0x7891, 0x88B2, 0x7072, 0x4873, 0x7092, 
  0xA0B1, 0xA8D0, 0x98D2, 0xA8D0, 0x7093, 0x90B2, 0xC155, 0xB113, 0x70F5, 0x60D5, 0x7916, 0xA119, 
  0x484B, 0x0000, 0x20C9, 0x939A, 0x310C, 0x0000, 0x5A4A, 0x39A9, 0x0865, 0x4A09, 0x1084, 0x0883, 
  0x5A4A, 0x7B2D, 0x41E9, 0x0002, 0x2967, 0x2924, 0x10A4, 0x5A6A, 0x5A6A, 0x3989, 0x5229, 0x7B4D, 
  0x3989, 0x51E8, 0x7ACC, 0x18C6, 0x0002, 0x0002, 0x0002, 0x0003, 0x0002, 0x1002, 0x3802, 0x1065, 
  0x3004, 0x0822, 0x3802, 0x2003, 0x0003, 0x0003, 0x0002, 0x0002, 0x2909, 0x5A29, 0x2903, 0x4020, 
  0x50A1, 0x0003, 0x0003, 0x0001, 0x0864, 0x4A0C, 0x9BAE, 0x49C7, 0x0001, 0x0003, 0x0003, 0x0001, 
  0x10A7, 0x524E, 0x41CB, 0x394C, 0x3168, 0x18C5, 0x5228, 0x49C7, 0x3147, 0x628A, 0x6AEA, 0x62CA, 
  0x2107, 0x0003, 0x49CF, 0x8337, 0x0004, 0x51CA, 0xFBD5, 0xF86B, 0xF889, 0xF8A8, 0xF8A8, 0xF887, 
  0xF888, 0xF888, 0xF888, 0xF8A8, 0xF8A8, 0xF8A8, 0xF8A7, 0xF088, 0xE868, 0xF008, 0xE80A, 0xFDB0, 
  0xFB0D, 0xF00A, 0xF06C, 0xF8A6, 0xF0C8, 0xF8A7, 0xF8A6, 0xF888, 0xF8A7, 0xF8C6, 0xF8C6, 0xF8C7, 
  0xF8C8, 0xF8C8, 0xF8C6, 0xF885, 0xF8A7, 0xFBB4, 0x08A6, 0x1067, 0xD4DB, 0x9374, 0x0001, 0x0002, 
  0x0001, 0x2149, 0xF3F4, 0xFA51, 0x590A, 0x1989, 0x0009, 0x200B, 0x608F, 0x40CF, 0x48CE, 0x68EF, 
  0x588E, 0x0008, 0x0007, 0x004C, 0x70F0, 0x50B0, 0x082C, 0x712E, 0x212D, 0x402C, 0x888E, 0x386D, 
  0x300C, 0x282A, 0x482A, 0x184B, 0x206B, 0x38CD, 0x204A, 0x0008, 0x004B, 0x2847, 0x4047, 0x3005, 
  0x284A, 0x300E, 0x584D, 0x5BAB, 0x0C07, 0x0420, 0x0004, 0x300B, 0x70CE, 0x20AA, 0x180C, 0x0007, 
  0x1085, 0xFBD2, 0xFA50, 0x2006, 0x0022, 0x0343, 0x0102, 0x0003, 0x0003, 0x0004, 0x298A, 0x318A, 
  0x318A, 0x5ACE, 0x18A6, 0x0004, 0x41CE, 0x0866, 0x0001, 0x0000, 0x20CA, 0x9BBB, 0x416D, 0x0000, 
  0x2007, 0x78D6, 0x50B5, 0x5894, 0x6896, 0x58F6, 0x8933, 0x8112, 0x88B0, 0x90AF, 0x686F, 0x50B4, 
  0x7871, 0x7070, 0x5072, 0x3873, 0x4094, 0x68B5, 0x68B6, 0x68B6, 0x78D7, 0x88FA, 0x78B7, 0x68F4, 
  0x6113, 0x180B, 0x0008, 0x0008, 0x0008, 0x0008, 0x0008, 0x1008, 0x1008, 0x0008, 0x0009, 0x0009, 
  0x0009, 0x1008, 0x2026, 0x2027, 0x0809, 0x080A, 0x1808, 0x0006, 0x1008, 0x68B3, 0x911A, 0x68B5, 
  0x1829, 0x0000, 0x18C8, 0x9B7A, 0x290C, 0x0000, 0x41A3, 0x9C4E, 0xE695, 0xA4AE, 0xACAC, 0xB50D, 
  0xBD0D, 0x4A26, 0x734A, 0xE693, 0xA4AC, 0xAC8A, 0xC52D, 0xCD6D, 0x41C6, 0x0825, 0x8B6C, 0x6AA9, 
  0x6AEB, 0x832C, 0x28C8, 0x0002, 0x0002, 0x0805, 0x0807, 0x0002, 0x0003, 0x0802, 0x5002, 0x0801, 
  0x2801, 0x3800, 0x0022, 0x3824, 0x2802, 0x0003, 0x0003, 0x0003, 0x2A68, 0xB5C5, 0x3882, 0x4803, 
  0x6323, 0x01E4, 0x0004, 0x10A3, 0x2905, 0x93ED, 0xAC8F, 0x49E8, 0x0003, 0x1884, 0x18A5, 0x0025, 
  0x20E5, 0x49E9, 0x3168, 0x0823, 0x7B6B, 0xDDF1, 0x9C2C, 0xA46C, 0xAC8C, 0xB4AD, 0xAC8E, 0x8B8B, 
  0xBD31, 0x18A6, 0x290D, 0x8358, 0x0004, 0x59EB, 0xFB2C, 0xF903, 0xF968, 0xF948, 0xF909, 0xF929, 
  0xF929, 0xF929, 0xF948, 0xF968, 0xF949, 0xF969, 0xF9E5, 0xFA06, 0xF9E7, 0xF986, 0xF9E5, 0xFEC8, 
  0xFB6A, 0xF80C, 0xF90B, 0xF965, 0xE207, 0xEA0A, 0xF908, 0xF908, 0xF964, 0xF964, 0xF946, 0xF965, 
  0xF964, 0xF948, 0xF948, 0xF967, 0xF924, 0xF208, 0x0845, 0x0888, 0xCC9B, 0x8334, 0x0000, 0x0002, 
  0x0002, 0x2109, 0xDC13, 0xEA2F, 0x9B4D, 0x7CEB, 0x7384, 0x3227, 0x000C, 0x484F, 0x48CE, 0x78EF, 
  0x408E, 0x286D, 0x186B, 0x20D0, 0x80ED, 0x58AF, 0x30CD, 0x99AE, 0xB12D, 0x5010, 0x4893, 0x390F, 
  0x5929, 0xD32C, 0xEBEF, 0x79CF, 0x104C, 0x1049, 0x486C, 0x3005, 0x0825, 0x4070, 0x182E, 0x080A, 
  0x1009, 0x282D, 0x1007, 0x0163, 0x00E4, 0x0003, 0x0003, 0x0007, 0x500D, 0x2808, 0x0005, 0x0007, 
  0x1025, 0xD1CF, 0xD1EF, 0x1805, 0x0223, 0x05A5, 0x02C3, 0x0003, 0x0003, 0x0004, 0x7370, 0x7350, 
  0x39EB, 0x83F2, 0x4A6C, 0x0002, 0x41AE, 0x0866, 0x0002, 0x0000, 0x20CA, 0x9BBB, 0x416D, 0x0000, 
  0x1806, 0x90D6, 0x70D6, 0x204D, 0x0008, 0x080A, 0x284A, 0x2009, 0x1808, 0x1807, 0x0808, 0x0809, 
  0x000A, 0x000A, 0x0809, 0x0007, 0x0008, 0x0809, 0x0809, 0x0809, 0x100B, 0x3870, 0x5072, 0x60D3, 
  0x1069, 0x0006, 0x0007, 0x0007, 0x0006, 0x0006, 0x0006, 0x0006, 0x0006, 0x0007, 0x0006, 0x0008, 
  0x0008, 0x0008, 0x0009, 0x0008, 0x0007, 0x0004, 0x0007, 0x386F, 0x88D5, 0x78D6, 0x304F, 0x0009, 
  0x0006, 0x0001, 0x20C9, 0x939A, 0x20EC, 0x10A2, 0x5A47, 0x7350, 0xE635, 0xACCF, 0xB4AE, 0xBD10, 
  0xE5F4, 0x72EA, 0x3A0D, 0xEE2D, 0xD589, 0xACB0, 0xBCF1, 0xE5F4, 0x6ACA, 0x0001, 0x0001, 0x0002, 
  0x0002, 0x0002, 0x0003, 0x0003, 0x0002, 0x0807, 0x0808, 0x0002, 0x2063, 0x8962, 0x3063, 0x1083, 
  0x08A2, 0x3884, 0x0802, 0x3023, 0x6024, 0x2002, 0x0003, 0x0003, 0x51E6, 0xEC24, 0x1A96, 0x0155, 
  0x3AC3, 0x1A40, 0x0004, 0xD4EF, 0xFED5, 0xACCD, 0xBD2E, 0xE635, 0xFE94, 0xAC2E, 0xCD2F, 0xF68B, 
  0xDDD1, 0xE651, 0xEE2F, 0x7B4A, 0x420C, 0xDDD3, 0xACCF, 0xACAF, 0xB511, 0xC551, 0xBD11, 0x732D, 
  0xAC90, 0x18C5, 0x290D, 0x8338, 0x0006, 0x5085, 0xF966, 0xE923, 0xC928, 0xD968, 0xE967, 0xE167, 
  0xD968, 0xD129, 0xD106, 0xD905, 0xE8E5, 0xF124, 0xE944, 0xF166, 0xF167, 0xE964, 0xF1E4, 0xF550, 
  0xEAEB, 0xE065, 0xE0E7, 0xE107, 0xE926, 0xE147, 0xE108, 0xE905, 0xF103, 0xE0C6, 0xC06A, 0xC8C8, 
  0xF144, 0xF924, 0xD947, 0xD169, 0xF946, 0xD8C3, 0x0801, 0x08C9, 0xBC5A, 0x82F3, 0x0001, 0x0002, 
  0x0002, 0x212A, 0xEC13, 0xFA10, 0xBBEF, 0x95AF, 0xA5B0, 0xF7F4, 0x29EA, 0x200F, 0x590F, 0x082F, 
  0x2850, 0x504F, 0x284C, 0x608E, 0x388D, 0x002B, 0x78EA, 0x896D, 0x90AE, 0x198B, 0x01E7, 0xB9ED, 
  0xFA52, 0xF190, 0xEA70, 0xFA10, 0x78CE, 0x002B, 0x50AE, 0x488E, 0x40CD, 0x60F1, 0x388C, 0x1007, 
  0x0007, 0x080A, 0xAC6E, 0xF50E, 0x924B, 0xC52A, 0xC388, 0x724C, 0xE5D3, 0x7A8C, 0x838C, 0xEBCC, 
  0x98CA, 0xF393, 0xFB13, 0x2826, 0x00C3, 0x0083, 0x0064, 0x0004, 0x0004, 0x0003, 0x18C7, 0x18C7, 
  0x0002, 0x2948, 0x0003, 0x0024, 0x39AE, 0x0866, 0x0002, 0x0000, 0x20CA, 0x9BBB, 0x416D, 0x0000, 
  0x0004, 0x282C, 0x78D6, 0x9959, 0x40AF, 0x0006, 0x0006, 0x0008, 0x0009, 0x0008, 0x0808, 0x0007, 
  0x0007, 0x0008, 0x0007, 0x1008, 0x0808, 0x0008, 0x0008, 0x0008, 0x0007, 0x0006, 0x0009, 0x308E, 
  0x0867, 0x0007, 0x0007, 0x0007, 0x0807, 0x0808, 0x0007, 0x1808, 0x1008, 0x0007, 0x0007, 0x0008, 
  0x0008, 0x0008, 0x0809, 0x0006, 0x0007, 0x304E, 0x8117, 0x995A, 0x5092, 0x0008, 0x0007, 0x0009, 
  0x0807, 0x0001, 0x20C9, 0x9B9A, 0x310C, 0x0003, 0x3166, 0x49C2, 0x5A48, 0x9C0D, 0x940D, 0x41C9, 
  0x5A4D, 0x62AA, 0x5261, 0x9322, 0xB407, 0x83EF, 0x520C, 0x49EA, 0x5248, 0x0001, 0x0003, 0x0004, 
  0x0002, 0x1883, 0x1062, 0x0003, 0x0004, 0x0002, 0x0000, 0x0000, 0x2882, 0x68C3, 0x1863, 0x30A3, 
  0x3902, 0x08A3, 0x1803, 0x3802, 0x3002, 0x2002, 0x0001, 0x0025, 0x79AD, 0x9064, 0xDEAB, 0xECA8, 
  0xC000, 0x39C4, 0x0204, 0x5167, 0xA40D, 0x7B6B, 0xA44E, 0x93AF, 0xA42F, 0x6B0C, 0x8323, 0xD4A0, 
  0x9C6F, 0xAC90, 0x93CE, 0x7B2C, 0x6242, 0x6288, 0x8BAE, 0x940E, 0x524B, 0x2929, 0x5A8C, 0x8BA3, 
  0x72C1, 0x0001, 0x396F, 0x8B59, 0x0046, 0x2006, 0xA80B, 0x900C, 0x902C, 0x984A, 0x906A, 0x986B, 
  0xA06A, 0x986A, 0x902B, 0xA029, 0xC048, 0xC048, 0xC049, 0xC049, 0xC08A, 0xB849, 0xC08A, 0xFB98, 
  0xD1AF, 0xA807, 0xB889, 0xB889, 0xC06A, 0xC069, 0xC069, 0xB04B, 0xA82C, 0xA82C, 0xA84C, 0xA84C, 
  0xA84D, 0xB84B, 0xC849, 0xB88B, 0xC88B, 0xB02A, 0x0003, 0x10C8, 0xBC3A, 0x7AF3, 0x0001, 0x0002, 
  0x0002, 0x1908, 0xCAF2, 0xE20F, 0x71E9, 0x9CCB, 0x5A08, 0x8C2E, 0xACAE, 0x40E9, 0x080A, 0x69ED, 
  0x38AC, 0x304E, 0x98EF, 0x488D, 0x288D, 0x1029, 0x58AD, 0x50B2, 0x1011, 0x08E9, 0x0106, 0x580A, 
  0x702B, 0x38A8, 0x5087, 0x9049, 0x68CE, 0x30D1, 0x38CE, 0x48EE, 0x306C, 0x30AC, 0x6110, 0x60D0, 
  0x606D, 0x284B, 0xD390, 0xFCD2, 0xB2CD, 0xECAE, 0xEB6E, 0x918D, 0xFBD3, 0xAAEF, 0xB34E, 0xFB11, 
  0x90CC, 0x910C, 0xA98D, 0x1046, 0x0003, 0x2863, 0x1843, 0x0004, 0x1025, 0x2805, 0x0002, 0x0844, 
  0x0022, 0x0000, 0x0002, 0x0866, 0x398E, 0x0866, 0x0002, 0x0000, 0x18AA, 0x9BBB, 0x418D, 0x0000, 
  0x0005, 0x0008, 0x0008, 0x4090, 0x9979, 0x8157, 0x286E, 0x0007, 0x0007, 0x0009, 0x0809, 0x0808, 
  0x0808, 0x0008, 0x0809, 0x280B, 0x1009, 0x1009, 0x0809, 0x0809, 0x0809, 0x0808, 0x0009, 0x0868, 
  0x0868, 0x1808, 0x1008, 0x0007, 0x0807, 0x1008, 0x0007, 0x1808, 0x0808, 0x0008, 0x0008, 0x0008, 
  0x0008, 0x0006, 0x0004, 0x282D, 0x78D7, 0xA15B, 0x58D3, 0x080A, 0x0007, 0x0008, 0x0009, 0x080B, 
  0x0807, 0x0001, 0x20E9, 0x9B9A, 0x314B, 0x0000, 0x20C3, 0x9B65, 0xAC50, 0x93D0, 0x9BD0, 0x72AC, 
  0x5A6C, 0x4187, 0x7AA2, 0xAC2F, 0x93F1, 0x9BD0, 0x8B2D, 0x5A2C, 0x3988, 0x0000, 0x0003, 0x0005, 
  0x0002, 0x30E4, 0x28A4, 0x0003, 0x0002, 0x1083, 0x41E8, 0x18E5, 0x2802, 0x1002, 0x4802, 0x3803, 
  0x1802, 0x0002, 0x0802, 0x4882, 0x0022, 0x2801, 0x3001, 0x0024, 0x210D, 0x006B, 0xE064, 0xC0E3, 
  0x01A6, 0x02C5, 0x0164, 0x3946, 0x8B4B, 0x836A, 0x8BAB, 0x5A8C, 0x2926, 0x5A43, 0xAC6A, 0x93AC, 
  0x730C, 0x730D, 0x5A8D, 0x49E8, 0x6AA5, 0xA40E, 0x8B8E, 0x7B6E, 0x93AE, 0x520B, 0x49E9, 0x6AA7, 
  0x9387, 0x0821, 0x314F, 0x8B99, 0x0046, 0x3006, 0xD04B, 0xC06C, 0xA02D, 0x984D, 0xB86C, 0xB84B, 
  0xA04C, 0xA04D, 0x982D, 0xA06E, 0xB06D, 0xC8AC, 0xE8CA, 0xF8E8, 0xF8E9, 0xF8C8, 0xF909, 0xFBF4, 
  0xE9CD, 0xE007, 0xF8E7, 0xF945, 0xF946, 0xF927, 0xF8E8, 0xE8C9, 0xD8AA, 0xD8CA, 0xD8AB, 0xD8AA, 
  0xC88C, 0xB86D, 0xD08B, 0xF8AA, 0xF88A, 0xD849, 0x0803, 0x08C8, 0xBC3A, 0x82F3, 0x0000, 0x0002, 
  0x0001, 0x2149, 0xF4F6, 0xFA71, 0xC1ED, 0xFC70, 0xDA0E, 0x918D, 0xFDF6, 0xB28C, 0x89CB, 0xFBD1, 
  0xF331, 0x520D, 0x180E, 0x28D2, 0x40EE, 0x186E, 0x002C, 0x000B, 0x106F, 0x2875, 0x4871, 0x082E, 
  0x0026, 0xEDF4, 0xFFF7, 0x726D, 0x102C, 0x594F, 0x50EE, 0x48F0, 0x182C, 0x58AA, 0x5111, 0x18B0, 
  0x508B, 0x50CD, 0x204B, 0x0809, 0x080A, 0x2011, 0x000A, 0x524A, 0x7ACE, 0x0004, 0x0007, 0x8371, 
  0x51EA, 0xDBAF, 0xFB54, 0x0006, 0x71A2, 0xB2A3, 0x8A83, 0x68E5, 0x9007, 0xA0A8, 0x4004, 0x844E, 
  0xD573, 0x8B6B, 0xFF76, 0x41CA, 0x18AA, 0x0866, 0x0002, 0x0000, 0x20CA, 0xA3BB, 0x418D, 0x0000, 
  0x0004, 0x100A, 0x0009, 0x0007, 0x100A, 0x60F3, 0xA19B, 0x7937, 0x284D, 0x0006, 0x0007, 0x0808, 
  0x0009, 0x1809, 0x1009, 0x0008, 0x0008, 0x1009, 0x0809, 0x0809, 0x0809, 0x1009, 0x1009, 0x106A, 
  0x0867, 0x0806, 0x0005, 0x0005, 0x0006, 0x0005, 0x0005, 0x0005, 0x0005, 0x0006, 0x0006, 0x0005, 
  0x0005, 0x1009, 0x5872, 0x7097, 0x4871, 0x0008, 0x0004, 0x0005, 0x0006, 0x0006, 0x0008, 0x0009, 
  0x0006, 0x0001, 0x20C9, 0x93BA, 0x312C, 0x0000, 0x28E5, 0x72CE, 0x836F, 0x41A9, 0x3168, 0x9BD0, 
  0x5A8C, 0x1085, 0x520C, 0x7B4E, 0x3189, 0x3989, 0x93AF, 0x524D, 0x10A5, 0x10A3, 0x18A3, 0x0002, 
  0x0003, 0x0003, 0x0002, 0x0002, 0x0023, 0xD68F, 0xFFF9, 0xFFF7, 0x4227, 0x1800, 0x7804, 0x3003, 
  0x0043, 0x6824, 0x1002, 0x2042, 0x4863, 0x0002, 0x0001, 0x1002, 0x00A6, 0x00A8, 0xA807, 0x5846, 
  0x00C5, 0x0002, 0x0004, 0x730B, 0x93AB, 0x6AA8, 0x72E9, 0x6289, 0x3987, 0x5248, 0x524B, 0x5A6A, 
  0x3986, 0x5A48, 0x520A, 0x18C4, 0x524C, 0x72EC, 0x3147, 0x18E8, 0x834E, 0x5229, 0x0023, 0x3148, 
  0x62CD, 0x0023, 0x394E, 0x8B58, 0x0046, 0x1006, 0x780B, 0x900C, 0x780C, 0x780C, 0x900C, 0x900B, 
  0x800C, 0x880D, 0x880C, 0x780D, 0x780E, 0x880D, 0xA00D, 0xB00B, 0xB80B, 0xB00B, 0xB84B, 0xFBD4, 
  0xC98E, 0x980A, 0xA80B, 0xB80A, 0xB00A, 0xB80A, 0xB80B, 0xC00A, 0xB80A, 0xB00A, 0xB80B, 0xB80A, 
  0xB00A, 0xA00C, 0x900C, 0xA80C, 0xC00B, 0xA80A, 0x0003, 0x10E8, 0xB439, 0x7AF3, 0x0000, 0x0002, 
  0x0001, 0x2129, 0xCAD1, 0xEA2F, 0x58A9, 0x4809, 0x502A, 0x3049, 0x684B, 0x4829, 0x726A, 0x916B, 
  0x99AA, 0x5204, 0x000B, 0x28B5, 0x616B, 0x590B, 0x1827, 0x48E8, 0x28AD, 0x30CF, 0x708B, 0x50AE, 
  0x206B, 0xB9CF, 0xFC96, 0x8290, 0x200C, 0x50AD, 0x506E, 0x600E, 0x300E, 0x5090, 0x794F, 0x4886, 
  0x0009, 0x68D0, 0x68CE, 0x084F, 0x004D, 0x004F, 0x0007, 0x6AEE, 0xDEB8, 0x3229, 0x082B, 0xD3D6, 
  0x79CB, 0xB96E, 0xE231, 0x0005, 0x8242, 0xCAE3, 0xB3E4, 0x71A5, 0xC168, 0xB9C8, 0x60A5, 0x0001, 
  0xCE77, 0xFFFC, 0xB48E, 0x0845, 0x292C, 0x0866, 0x0002, 0x0000, 0x18AA, 0x9B9B, 0x418D, 0x0000, 
  0x0004, 0x000A, 0x0008, 0x0009, 0x0006, 0x0004, 0x104C, 0x6116, 0x8938, 0x68B2, 0x100A, 0x0006, 
  0x0006, 0x0006, 0x0006, 0x0007, 0x0006, 0x0006, 0x0006, 0x0007, 0x0006, 0x0006, 0x0006, 0x0868, 
  0x50F0, 0x4090, 0x406F, 0x5070, 0x4870, 0x406F, 0x4070, 0x406F, 0x488F, 0x406F, 0x304D, 0x284D, 
  0x58D2, 0x88F8, 0xA11A, 0x68B3, 0x384C, 0x386D, 0x488F, 0x584E, 0x30B0, 0x30B1, 0x604F, 0x480C, 
  0x0808, 0x0000, 0x20C9, 0x939A, 0x310C, 0x0001, 0x6ACB, 0x836E, 0x7B2E, 0x626B, 0x62AC, 0x8BAF, 
  0x3989, 0x732D, 0x8BAF, 0x6ACC, 0x5249, 0x41C9, 0x7B4F, 0x4A0A, 0x3168, 0x5AAC, 0x72EC, 0x28C6, 
  0x0001, 0x0002, 0x0000, 0x0000, 0x62EA, 0xF715, 0xE5B3, 0xEEB6, 0xBDCD, 0x2080, 0x0003, 0x6004, 
  0x2803, 0x0023, 0x6884, 0x6004, 0x5064, 0x90A3, 0xB1E2, 0x2302, 0x02E1, 0x1403, 0x0543, 0x0AC2, 
  0x0002, 0x0001, 0x18A9, 0xBCD1, 0xACAC, 0x8BCB, 0x8BEB, 0x5227, 0x730B, 0xAC70, 0x626B, 0x6A68, 
  0x4A08, 0x9BEE, 0x628B, 0x628A, 0x9C30, 0x5A4A, 0x520A, 0x522A, 0x838F, 0x524A, 0x3967, 0x93EF, 
  0x7B6F, 0x0003, 0x394E, 0x7B38, 0x0006, 0x3847, 0xEAD2, 0xE353, 0xEB12, 0xEB12, 0xEB12, 0xE312, 
  0xE333, 0xE312, 0xEAF2, 0xF312, 0xF313, 0xEB12, 0xE313, 0xE2F3, 0xEAF3, 0xEAD2, 0xEAD2, 0xFB93, 
  0xEB53, 0xE333, 0xEB34, 0xEB13, 0xEB33, 0xEB33, 0xEB54, 0xEB33, 0xEB13, 0xE333, 0xEB33, 0xE332, 
  0xE332, 0xF332, 0xF331, 0xE311, 0xF311, 0xEACF, 0x1004, 0x0088, 0xB43A, 0x7AF3, 0x0001, 0x0002, 
  0x0001, 0x2129, 0xF576, 0xFC14, 0x4868, 0x0001, 0x0003, 0x0002, 0x0005, 0x088D, 0xDCAA, 0x9146, 
  0xAA6E, 0xEBCC, 0x486B, 0x40D2, 0x392A, 0x814A, 0x606A, 0x4087, 0x5068, 0x790E, 0x20B2, 0x306C, 
  0x68AF, 0x0808, 0x1008, 0x282D, 0x406F, 0x400F, 0x1A2C, 0x0BC9, 0x0267, 0x104E, 0x50D2, 0x60ED, 
  0x184F, 0x208F, 0x1049, 0x286C, 0x70D0, 0x2029, 0x1049, 0x282E, 0x10CA, 0x38CC, 0x184E, 0x000D, 
  0x388C, 0xFC72, 0xFB10, 0x0805, 0x3902, 0xAB05, 0x7284, 0x28C4, 0x89C7, 0x99E6, 0x3884, 0x0000, 
  0x9C2F, 0x836E, 0x0000, 0x0045, 0x398D, 0x0866, 0x0002, 0x0000, 0x20CA, 0x9B9B, 0x418D, 0x0000, 
  0x0805, 0x604C, 0x48EF, 0x48AD, 0x40CE, 0x38AE, 0x504B, 0x588C, 0x90F3, 0xC99C, 0xA97A, 0x50B1, 
  0x304D, 0x386E, 0x48AF, 0x708E, 0x68AF, 0x58B0, 0x58D0, 0x60B0, 0x688F, 0x30D0, 0x38B0, 0x70B1, 
  0x7956, 0x78D5, 0x70D5, 0x70D5, 0x70D5, 0x70D5, 0x70D5, 0x70B5, 0x60B3, 0x58B3, 0x78F7, 0x993A, 
  0x80F7, 0x60B3, 0x6092, 0x68B3, 0x80D5, 0x88F5, 0x78D4, 0x8092, 0x60F4, 0x48F6, 0x9071, 0x800D, 
  0x1008, 0x0000, 0x20C9, 0x9379, 0x290B, 0x0001, 0x732D, 0x6ACE, 0x396B, 0x7AEC, 0x39A9, 0x4A0D, 
  0x5A6C, 0x834F, 0x5A4D, 0x18C9, 0x5A8B, 0x3987, 0x316B, 0x4A2C, 0x5A0B, 0x418C, 0x18A9, 0x1967, 
  0x0182, 0x0183, 0x7B6E, 0x944F, 0xB44D, 0xC355, 0xF3FB, 0xF378, 0x9AA8, 0x10E0, 0x00C2, 0x10A2, 
  0x1002, 0x0002, 0x68A3, 0x6082, 0x3022, 0x9364, 0x34E6, 0x3BE3, 0xFA20, 0xE180, 0x0643, 0x06A3, 
  0x23C3, 0x1262, 0x1168, 0x8B71, 0x72ED, 0x62AD, 0x732E, 0x522A, 0x8BAE, 0x524C, 0x3128, 0x834A, 
  0x4A29, 0x41AB, 0x6ACE, 0x93B0, 0x5A8E, 0x10A9, 0x62AC, 0x6269, 0x41CA, 0x62CF, 0x7B4E, 0x522A, 
  0x310A, 0x0004, 0x398E, 0x8337, 0x0005, 0x4068, 0xEAD3, 0xDB12, 0xDAF2, 0xDAD2, 0xD2F2, 0xD312, 
  0xD2F3, 0xD313, 0xD2F2, 0xCB12, 0xCAF3, 0xCAF2, 0xCAF2, 0xD2F3, 0xCAD2, 0xC2B2, 0xD2B1, 0xFB93, 
  0xE372, 0xBAF2, 0xC312, 0xCB12, 0xC332, 0xC333, 0xC333, 0xC332, 0xC332, 0xC312, 0xD312, 0xD332, 
  0xCB12, 0xCB12, 0xCAF2, 0xCB32, 0xD352, 0xD2CF, 0x1003, 0x0887, 0xB41A, 0x7AF3, 0x0000, 0x0002, 
  0x0001, 0x214A, 0xE313, 0xFAD2, 0x30C6, 0x5003, 0x5005, 0x0005, 0x000B, 0x10A8, 0xFBCE, 0x90C7, 
  0x50CA, 0xA9EC, 0x2028, 0x4090, 0x202F, 0x180D, 0x404A, 0x582C, 0x3870, 0x1873, 0x104E, 0x0006, 
  0x406A, 0x1069, 0x0806, 0x688E, 0x5071, 0x200A, 0x0466, 0x07C9, 0x07A8, 0x03E6, 0x100E, 0x2877, 
  0x182D, 0x0006, 0x0806, 0x0027, 0x608E, 0x384C, 0x1829, 0x302B, 0x0003, 0x300B, 0x5013, 0x000D, 
  0x1889, 0xE2B0, 0xEAB1, 0x2066, 0x0002, 0x0004, 0x0004, 0x0003, 0x0003, 0x0003, 0x0004, 0x0005, 
  0x0003, 0x0003, 0x0003, 0x0825, 0x398D, 0x1066, 0x0001, 0x0000, 0x18CA, 0x9BBB, 0x418D, 0x0000, 
  0x1005, 0x906E, 0x8972, 0x80EF, 0x5172, 0x7132, 0x98F2, 0xB110, 0xA0EF, 0x68F4, 0x7114, 0x9959, 
  0xA97C, 0x9159, 0x70F4, 0x98D0, 0xA934, 0x9957, 0x9955, 0x9935, 0xA0F5, 0x6977, 0x6158, 0xA115, 
  0x0868, 0x0007, 0x0007, 0x0007, 0x0007, 0x0007, 0x0005, 0x0004, 0x0808, 0x58B2, 0x90F8, 0x5893, 
  0x0809, 0x0006, 0x0007, 0x0007, 0x0007, 0x0007, 0x0007, 0x0007, 0x0807, 0x0807, 0x0008, 0x0008, 
  0x0006, 0x0001, 0x18A8, 0x9379, 0x310C, 0x0001, 0x522A, 0x4A09, 0x0864, 0x39A7, 0x0842, 0x3147, 
  0x5269, 0x626A, 0x522A, 0x0886, 0x1906, 0x39C5, 0x10A4, 0x49E9, 0x72C9, 0x4987, 0x0002, 0x00C6, 
  0x2287, 0x1965, 0x9C95, 0xFFFB, 0xA5C7, 0x2186, 0xD310, 0xAB2A, 0x1AC7, 0x3A6A, 0x0D64, 0x06C1, 
  0x0162, 0x0003, 0x0441, 0x04E1, 0x0122, 0x0423, 0x1C86, 0xFB81, 0xF980, 0x3A03, 0x03A5, 0x0524, 
  0x3F03, 0x3704, 0x04A2, 0x3AC6, 0x516B, 0x9C10, 0xDD93, 0x7B2D, 0x6AAD, 0x3189, 0x18C6, 0x62EA, 
  0x3165, 0x18E5, 0x6AEC, 0x5A4B, 0x626A, 0x1905, 0x31A7, 0x49E7, 0x1063, 0x522A, 0x836D, 0x6289, 
  0x3968, 0x0003, 0x396E, 0x8338, 0x0046, 0x0807, 0x580F, 0x600E, 0x600E, 0x500F, 0x480F, 0x500F, 
  0x400F, 0x480E, 0x480E, 0x480E, 0x400E, 0x400E, 0x480E, 0x480F, 0x480E, 0x380E, 0x500E, 0xFBD4, 
  0x99B0, 0x200C, 0x380E, 0x400D, 0x380D, 0x380E, 0x380E, 0x400E, 0x400E, 0x480E, 0x400F, 0x480F, 
  0x500F, 0x480F, 0x500E, 0x480F, 0x500F, 0x400C, 0x0003, 0x18C8, 0xB43A, 0x7AF3, 0x0001, 0x0002, 
  0x0002, 0x1929, 0xF453, 0xFB54, 0x9129, 0xF331, 0xFAD1, 0x7025, 0x0004, 0x0001, 0xA088, 0xFB31, 
  0xE3D1, 0xA108, 0x0008, 0x0011, 0x080C, 0x080D, 0x0007, 0x0013, 0x0016, 0x080C, 0x0009, 0x0006, 
  0x0003, 0x1808, 0x200B, 0x300E, 0x100F, 0x0006, 0x03A3, 0x06A9, 0x0709, 0x0506, 0x0809, 0x080E, 
  0x0006, 0x0004, 0x1008, 0x1808, 0x1809, 0x0006, 0x0004, 0x2006, 0x0804, 0x0003, 0x1007, 0x0004, 
  0x1002, 0xF371, 0xFBB4, 0x3067, 0x0002, 0x0004, 0x0004, 0x0004, 0x0004, 0x0004, 0x0004, 0x0004, 
  0x0004, 0x0003, 0x0003, 0x0825, 0x398D, 0x0846, 0x0002, 0x0000, 0x18CA, 0x9BBB, 0x396D, 0x0000, 
  0x0004, 0x0008, 0x0007, 0x0007, 0x0007, 0x0007, 0x0008, 0x0007, 0x0007, 0x0008, 0x0006, 0x184B, 
  0x70F5, 0x9939, 0x50B2, 0x0809, 0x0005, 0x0007, 0x0008, 0x0007, 0x0007, 0x2007, 0x1808, 0x0869, 
  0x1068, 0x0007, 0x0007, 0x0007, 0x0006, 0x0004, 0x0808, 0x406F, 0x90D8, 0x98F8, 0x304E, 0x0007, 
  0x0006, 0x0008, 0x0007, 0x0008, 0x0007, 0x0808, 0x0008, 0x0808, 0x0008, 0x0808, 0x0809, 0x0008, 
  0x0005, 0x0001, 0x18A8, 0x9379, 0x28EC, 0x0021, 0x41E4, 0xACCF, 0xFF56, 0xB4ED, 0xC52C, 0xD5AC, 
  0xDDED, 0x4A25, 0x6B2B, 0xFFD8, 0xD5F0, 0xCD6C, 0xDDCE, 0xE60E, 0x7306, 0x0000, 0x0002, 0x0827, 
  0x520D, 0x4989, 0x0004, 0x0805, 0x13A4, 0xC76E, 0xFF0E, 0xFFA9, 0x7F50, 0xB497, 0xE2EE, 0x01A3, 
  0x00A1, 0x1C02, 0x0482, 0x0202, 0x31C5, 0x78E9, 0xB2A8, 0xFC62, 0x5962, 0x0245, 0x00A3, 0x0043, 
  0x0424, 0x05E4, 0x2664, 0x4642, 0x1183, 0x724E, 0xAC10, 0x59CA, 0x0844, 0x83AC, 0xFFF8, 0xD5F0, 
  0xBCEB, 0xD5AC, 0xE60D, 0x5A67, 0x7B4B, 0xFFF7, 0xCD8E, 0xC50A, 0xD56B, 0xCD2C, 0x83C9, 0x83AB, 
  0xE60E, 0x1062, 0x28ED, 0x8338, 0x0045, 0x1807, 0x7850, 0x706F, 0x6870, 0x5071, 0x6070, 0x684F, 
  0x786E, 0x6870, 0x606F, 0x606F, 0x606F, 0x584F, 0x606F, 0x684F, 0x584F, 0x582E, 0x706F, 0xFBD4, 
  0xA9D1, 0x380D, 0x584E, 0x584F, 0x584F, 0x584F, 0x586F, 0x5070, 0x606F, 0x684F, 0x6070, 0x50B0, 
  0x606F, 0x586F, 0x606F, 0x6070, 0x6870, 0x602D, 0x0003, 0x18C8, 0xB43A, 0x7B14, 0x0000, 0x0002, 
  0x0001, 0x2129, 0xDAF4, 0xD9B1, 0xA1AC, 0xD2F2, 0xF2F1, 0x9168, 0x0106, 0x00A4, 0x20A7, 0xD1CD, 
  0xE14B, 0x4886, 0x10EA, 0x28CC, 0x10C3, 0x28A5, 0x1886, 0x212D, 0x392C, 0x3909, 0x394C, 0x2926, 
  0x08C4, 0x594D, 0x490B, 0x0087, 0x10C5, 0x1043, 0x11A5, 0x1A05, 0x11E5, 0x19A7, 0x1846, 0x18A6, 
  0x1905, 0x1062, 0x10A7, 0x3908, 0x2084, 0x0084, 0x1084, 0x2065, 0x28C7, 0x0883, 0x0063, 0x0083, 
  0x30C5, 0xEA73, 0xE1F1, 0x1845, 0x0002, 0x0002, 0x0002, 0x0001, 0x0002, 0x0002, 0x0002, 0x0002, 
  0x0001, 0x0002, 0x0002, 0x0025, 0x398D, 0x0866, 0x0002, 0x0000, 0x18CA, 0x9BBB, 0x418D, 0x0000, 
  0x0004, 0x0808, 0x0008, 0x0008, 0x0008, 0x0008, 0x0808, 0x0008, 0x0008, 0x0008, 0x0008, 0x0007, 
  0x0007, 0x4090, 0x993A, 0x8918, 0x388F, 0x0808, 0x0006, 0x0008, 0x0008, 0x0008, 0x0009, 0x1069, 
  0x1069, 0x0008, 0x0007, 0x0006, 0x0005, 0x386D, 0x8958, 0x995A, 0x406F, 0x1009, 0x0006, 0x0007, 
  0x0008, 0x0008, 0x0008, 0x0808, 0x0808, 0x0008, 0x0809, 0x0809, 0x0808, 0x0008, 0x0008, 0x0808, 
  0x0006, 0x0001, 0x18C8, 0x937A, 0x28CB, 0x0022, 0x4227, 0x6ACD, 0xACB2, 0x942C, 0xA40B, 0xAC6E, 
  0xBCD1, 0x39A8, 0x49EB, 0xCD4E, 0xA428, 0x9C0D, 0xAC6F, 0xC531, 0x62CA, 0x0003, 0x41CA, 0x10A6, 
  0x000A, 0x20CA, 0x188A, 0x0006, 0x0160, 0x8F28, 0xBEEF, 0xB68F, 0x352E, 0x0927, 0x9167, 0x1805, 
  0xC241, 0xA560, 0x01A2, 0x0002, 0x2885, 0xE9CA, 0xE105, 0x90E6, 0x0064, 0x0005, 0x0802, 0x29C3, 
  0x0425, 0x04A6, 0x1E86, 0x3FE3, 0x25A4, 0x0806, 0x3064, 0x2205, 0x08A4, 0x51EA, 0xBCD2, 0x9C2C, 
  0x940C, 0xB48E, 0xDD90, 0x62CB, 0x39AB, 0xBD32, 0xA46D, 0xA46B, 0xAC8D, 0xB4AF, 0x734B, 0x4A0C, 
  0xA471, 0x0842, 0x290D, 0x7B38, 0x0045, 0x1808, 0x7851, 0x7070, 0x6870, 0x706F, 0x786F, 0x7090, 
  0x888F, 0x708F, 0x608F, 0x606F, 0x606F, 0x6870, 0x604F, 0x504E, 0x686F, 0x602F, 0x7890, 0xFB93, 
  0xB1D1, 0x400E, 0x586F, 0x606F, 0x606F, 0x606F, 0x606F, 0x5870, 0x786E, 0x706E, 0x506E, 0x608F, 
  0x686F, 0x606F, 0x686F, 0x7070, 0x7070, 0x602C, 0x0003, 0x18C8, 0xB45A, 0x7AF3, 0x0000, 0x0002, 
  0x0001, 0x20CA, 0xEDD2, 0xFE4A, 0xD48B, 0xFEEA, 0xE5C5, 0xB572, 0xFFE9, 0xE583, 0xE670, 0xFEA4, 
  0x79C5, 0xD60F, 0xFFA1, 0xDD49, 0xF790, 0xFE80, 0xDD6E, 0xFF8D, 0xF580, 0xC58C, 0xFFAC, 0xEE43, 
  0xE671, 0xFFEC, 0xE542, 0xE5F3, 0xFFA4, 0xED65, 0xF653, 0xFE00, 0xECCA, 0xFF0F, 0xEE02, 0xE631, 
  0xFF65, 0xE563, 0xE697, 0xFF23, 0xDD28, 0xF6F0, 0xF680, 0xD58F, 0xFF89, 0xE5C3, 0xE631, 0xFF42, 
  0xEDE9, 0xFF2E, 0xD4A5, 0xD52D, 0xCD4C, 0x39A7, 0x93ED, 0x8B6A, 0x5229, 0xA44B, 0x72A9, 0x628C, 
  0xD5D2, 0x9C0E, 0x0004, 0x0867, 0x398D, 0x0866, 0x0002, 0x0000, 0x18AA, 0x9BBB, 0x418D, 0x0000, 
  0x0004, 0x0809, 0x0809, 0x0808, 0x0809, 0x0808, 0x0008, 0x1009, 0x0809, 0x0009, 0x0809, 0x0808, 
  0x0008, 0x0006, 0x182B, 0x5092, 0x995B, 0x8938, 0x204C, 0x0006, 0x0007, 0x0809, 0x0809, 0x106A, 
  0x1069, 0x0006, 0x0004, 0x1029, 0x78F5, 0xA97C, 0x78F6, 0x184A, 0x0005, 0x0006, 0x0808, 0x0008, 
  0x0008, 0x0008, 0x0007, 0x0008, 0x0008, 0x0007, 0x0808, 0x0809, 0x0008, 0x0008, 0x0008, 0x0009, 
  0x0006, 0x0001, 0x18C8, 0x939A, 0x290B, 0x0003, 0x49C7, 0x7B21, 0x5227, 0x93AE, 0x9BEE, 0x31AA, 
  0x6AD0, 0x832B, 0x6A81, 0x7AA0, 0xA3A5, 0x9C0F, 0x520B, 0x520C, 0x6ACB, 0x2047, 0x49CE, 0x28E9, 
  0x0003, 0x3087, 0x490B, 0x38AA, 0x63EF, 0x87F4, 0x342C, 0x8536, 0xD7DC, 0x3306, 0x02A0, 0x3DC5, 
  0xD6C5, 0x49E5, 0x0003, 0x0004, 0x0003, 0x1821, 0x2021, 0x0003, 0x0003, 0x1982, 0x3583, 0x2626, 
  0x0224, 0x0964, 0x0285, 0x0505, 0x1EC5, 0x54A4, 0x0382, 0x0224, 0x0802, 0x7AC2, 0x5A67, 0x8B8D, 
  0xA40F, 0x39CA, 0x522C, 0xA42F, 0x7AC3, 0x6A47, 0x938D, 0x9BED, 0x49EB, 0x396B, 0x62CD, 0x93A5, 
  0x7347, 0x0002, 0x312D, 0x8338, 0x0046, 0x1807, 0x6850, 0x602F, 0x582F, 0x704F, 0x706F, 0x586F, 
  0x68B1, 0x7090, 0x606F, 0x7090, 0x586E, 0x6870, 0x606F, 0x584E, 0x7070, 0x580E, 0x706E, 0xFBB5, 
  0x99D1, 0x380D, 0x606E, 0x584F, 0x504E, 0x504E, 0x506E, 0x586F, 0x684F, 0x506F, 0x604E, 0x686F, 
  0x506F, 0x686F, 0x684F, 0x586F, 0x686F, 0x582C, 0x0002, 0x18C8, 0xBC5B, 0x7B14, 0x0001, 0x0002, 
  0x0002, 0x10A8, 0x7A4C, 0x9A28, 0x6A2C, 0x7B47, 0x82E6, 0x5A4B, 0x9347, 0x7227, 0x728B, 0x9BC7, 
  0x7A8C, 0x82EC, 0x9B87, 0x7ACE, 0x838D, 0x9366, 0x7B0E, 0x8B49, 0x7AA7, 0x6AEC, 0x9387, 0x7AC9, 
  0x72EC, 0x9327, 0x6A48, 0x72CD, 0x9B88, 0x8AEB, 0x8B4D, 0x9B46, 0x7AEB, 0x93A9, 0x9348, 0x7B0D, 
  0x9B68, 0x7B0A, 0x7B6F, 0x9387, 0x7AEC, 0x8BAC, 0x93A7, 0x7B2D, 0xA408, 0x936A, 0x8B8E, 0xA3E7, 
  0x8B4B, 0x938A, 0x7AE9, 0x838E, 0xBD0E, 0x730E, 0xA491, 0xB4B1, 0x6B0F, 0xBCF1, 0x93F0, 0x7330, 
  0xDDF5, 0xA472, 0x316C, 0x4210, 0x39AD, 0x0845, 0x0002, 0x0000, 0x18AA, 0x9BBB, 0x418D, 0x0000, 
  0x0004, 0x0009, 0x0809, 0x0809, 0x0809, 0x0809, 0x0809, 0x0808, 0x0009, 0x0009, 0x0809, 0x0809, 
  0x0009, 0x0008, 0x0007, 0x0006, 0x102B, 0x7916, 0x995A, 0x60D4, 0x102B, 0x0005, 0x0007, 0x106A, 
  0x0867, 0x1009, 0x386F, 0x8918, 0xA13A, 0x4890, 0x0007, 0x0005, 0x0008, 0x0008, 0x0808, 0x0007, 
  0x0808, 0x0808, 0x100A, 0x0808, 0x1009, 0x180B, 0x0807, 0x0808, 0x0008, 0x0008, 0x0008, 0x0009, 
  0x0006, 0x0001, 0x20C9, 0x939A, 0x312C, 0x0003, 0x3945, 0x8B84, 0xA430, 0x8B50, 0x832F, 0x7B2F, 
  0x524D, 0x49A7, 0x7280, 0xA3ED, 0x93B2, 0x8B4F, 0x72CD, 0x522C, 0x49C9, 0x0801, 0x000C, 0x080C, 
  0x0001, 0x1004, 0x0003, 0x3167, 0xFFFC, 0xFFDC, 0x2885, 0x72CD, 0xFFFD, 0x93EE, 0x0000, 0x1188, 
  0x3B2E, 0x08EB, 0x0002, 0x0003, 0x0004, 0x0806, 0x0003, 0x0002, 0x0043, 0x1624, 0x1784, 0x0265, 
  0x14A4, 0x1F83, 0x0183, 0x0003, 0x1DE5, 0x47E6, 0x0FC5, 0x02E5, 0x0803, 0x7AA3, 0xAC8D, 0x938F, 
  0x72CD, 0x730E, 0x51EC, 0x51E9, 0x6A84, 0xAC2D, 0xA3B0, 0x82CD, 0x6A8D, 0x39AA, 0x41AA, 0x5222, 
  0x8B48, 0x0025, 0x312D, 0x8B58, 0x0046, 0x1807, 0x484F, 0x504E, 0x400E, 0x502E, 0x482E, 0x404E, 
  0x586F, 0x486F, 0x484F, 0x586F, 0x484E, 0x504F, 0x506F, 0x584F, 0x5850, 0x400E, 0x504E, 0xE339, 
  0x9931, 0x280C, 0x602E, 0x502E, 0x382E, 0x404E, 0x404E, 0x404E, 0x582F, 0x484F, 0x684F, 0x504F, 
  0x384F, 0x584E, 0x502E, 0x384F, 0x502E, 0x480D, 0x0003, 0x18C8, 0xB45A, 0x7AF4, 0x0000, 0x0002, 
  0x0003, 0x0844, 0x0048, 0x0006, 0x0868, 0x0049, 0x0006, 0x1087, 0x0005, 0x0008, 0x0006, 0x0007, 
  0x0049, 0x0047, 0x0008, 0x0006, 0x0006, 0x0008, 0x0005, 0x0006, 0x0008, 0x0005, 0x0005, 0x0006, 
  0x0005, 0x0005, 0x0006, 0x0005, 0x0008, 0x0007, 0x0005, 0x0008, 0x0006, 0x0005, 0x0006, 0x0004, 
  0x0006, 0x0007, 0x0004, 0x0007, 0x0006, 0x0005, 0x0008, 0x0005, 0x0007, 0x0007, 0x0005, 0x0008, 
  0x0006, 0x0006, 0x0007, 0x0005, 0x0005, 0x0025, 0x0004, 0x0005, 0x0025, 0x0005, 0x0025, 0x0025, 
  0x0004, 0x0005, 0x0867, 0x0845, 0x0845, 0x0004, 0x0003, 0x0000, 0x18AA, 0x9BBB, 0x418D, 0x0000, 
  0x0005, 0x0809, 0x0008, 0x0808, 0x0008, 0x1009, 0x200B, 0x0809, 0x1009, 0x100A, 0x0808, 0x0809, 
  0x0808, 0x0009, 0x0809, 0x0008, 0x0007, 0x0007, 0x386E, 0x9139, 0x8118, 0x4090, 0x082A, 0x0868, 
  0x40CE, 0x8938, 0x995C, 0x60F5, 0x1029, 0x0005, 0x0006, 0x0008, 0x0008, 0x0008, 0x0008, 0x0008, 
  0x0008, 0x0008, 0x0809, 0x0007, 0x1009, 0x1009, 0x0007, 0x0008, 0x0808, 0x0808, 0x0008, 0x0009, 
  0x0006, 0x0001, 0x20C9, 0x93BA, 0x314C, 0x0000, 0x1025, 0x614D, 0x8ACF, 0x30C9, 0x30CB, 0xAB53, 
  0x516B, 0x0004, 0x40EC, 0x8AD0, 0x4129, 0x1807, 0x8A8F, 0x722E, 0x1005, 0x0000, 0x0004, 0x0003, 
  0x0002, 0x0001, 0x0001, 0x3865, 0xB2EB, 0x8227, 0x0000, 0x2906, 0xABB2, 0x5949, 0x0002, 0x0004, 
  0x0008, 0x0006, 0x0002, 0x0002, 0x0003, 0x0004, 0x0004, 0x0002, 0x0002, 0x0043, 0x0023, 0x00A3, 
  0x03A4, 0x0244, 0x0002, 0x0001, 0x0103, 0x02C4, 0x0283, 0x00A3, 0x0804, 0x48CB, 0x824E, 0x3908, 
  0x2888, 0xAB53, 0x7A2D, 0x0804, 0x410B, 0x7A4D, 0x30C8, 0x1828, 0x9AD0, 0x826D, 0x0806, 0x282B, 
  0x69CF, 0x0023, 0x394D, 0x8B78, 0x0046, 0x1008, 0x5070, 0x404F, 0x404F, 0x404F, 0x404F, 0x404F, 
  0x404E, 0x404E, 0x404F, 0x404E, 0x402E, 0x502E, 0x482E, 0x502E, 0x502E, 0x380E, 0x60AE, 0xCA97, 
  0x70F4, 0x280D, 0x384E, 0x384F, 0x404E, 0x404E, 0x404F, 0x404F, 0x384F, 0x404F, 0x384F, 0x3850, 
  0x404F, 0x384F, 0x384F, 0x484F, 0x4830, 0x402D, 0x0002, 0x18C8, 0xB43A, 0x7AF4, 0x0001, 0x0001, 
  0x0004, 0x9CD4, 0x83F1, 0x39CB, 0x632F, 0x0824, 0x41EB, 0x7370, 0x6B50, 0xC5D8, 0x83D1, 0x73B0, 
  0xC5F8, 0x2128, 0x0001, 0x3045, 0x70A7, 0x3004, 0x2043, 0x38E4, 0x2864, 0x6927, 0x4084, 0x6107, 
  0x5906, 0x5167, 0xD2EC, 0x60E6, 0x0002, 0x0003, 0x38C6, 0x38A3, 0x0883, 0x6A6A, 0x4924, 0x5145, 
  0x89C9, 0x7948, 0x3845, 0x6846, 0x1804, 0x0003, 0x0004, 0x0004, 0x0003, 0x0003, 0x0003, 0x0003, 
  0x0003, 0x0003, 0x0004, 0x0004, 0x0002, 0x0002, 0x0003, 0x0003, 0x0003, 0x0003, 0x0004, 0x0004, 
  0x0002, 0x0002, 0x0003, 0x0003, 0x0003, 0x0004, 0x0003, 0x0000, 0x18AA, 0x9B9B, 0x418D, 0x0000, 
  0x0004, 0x0009, 0x0009, 0x0008, 0x0008, 0x0808, 0x180A, 0x0809, 0x0808, 0x0809, 0x0808, 0x0809, 
  0x0809, 0x0009, 0x0009, 0x0008, 0x0008, 0x0007, 0x0006, 0x0808, 0x50B1, 0x995B, 0x8138, 0x48F0, 
  0x9179, 0x78F7, 0x384E, 0x0006, 0x0005, 0x0807, 0x0008, 0x0007, 0x0008, 0x0008, 0x0008, 0x0008, 
  0x0008, 0x0008, 0x0008, 0x0008, 0x0807, 0x0807, 0x0008, 0x0808, 0x0008, 0x0008, 0x0008, 0x0008, 
  0x0005, 0x0001, 0x20C9, 0x939A, 0x390D, 0x0000, 0x13E4, 0x5E49, 0x4C27, 0x1385, 0x44A6, 0x3405, 
  0x3486, 0x44E6, 0x5529, 0x53E7, 0x02C5, 0x2484, 0x33C4, 0x2467, 0x3507, 0x3CC5, 0x2363, 0x0223, 
  0x33C5, 0x3405, 0x0B84, 0x0BC4, 0x43C5, 0x1AC5, 0x0405, 0x54C7, 0x3448, 0x02C4, 0x3305, 0x2304, 
  0x0B62, 0x1384, 0x43C4, 0x1AA5, 0x0BA5, 0x0B23, 0x12C4, 0x2424, 0x24A4, 0x1AA4, 0x0224, 0x3365, 
  0x32E4, 0x0263, 0x0B03, 0x2B84, 0x22A4, 0x1B04, 0x2AA4, 0x09C3, 0x13C3, 0x5D68, 0x53C7, 0x0AE3, 
  0x34A6, 0x5488, 0x2C86, 0x24A6, 0x4CE7, 0x6447, 0x02E4, 0x3C86, 0x4486, 0x1C67, 0x34C7, 0x65A8, 
  0x4347, 0x0001, 0x418E, 0x8B78, 0x0046, 0x1008, 0x5050, 0x484F, 0x484F, 0x604F, 0x504E, 0x404F, 
  0x406F, 0x404F, 0x406F, 0x404F, 0x404E, 0x604E, 0x484F, 0x582E, 0x604D, 0x300E, 0x68AD, 0xE3AF, 
  0x8170, 0x300E, 0x384E, 0x404F, 0x404E, 0x404E, 0x404F, 0x404F, 0x404F, 0x384F, 0x584E, 0x582F, 
  0x384F, 0x482F, 0x504F, 0x404F, 0x4850, 0x402D, 0x0003, 0x18C7, 0xB43A, 0x7AF3, 0x0000, 0x0001, 
  0x0004, 0x7B70, 0xACF5, 0x7BB1, 0x7B73, 0x0826, 0x5AAE, 0x9C95, 0xB557, 0x8C34, 0x7370, 0xA516, 
  0xC5FA, 0x20E9, 0x0001, 0x3866, 0x68A6, 0x4003, 0x2885, 0x79A9, 0x0003, 0x8908, 0x68C7, 0x70E8, 
  0x7066, 0x6188, 0xC34C, 0x81E7, 0x0002, 0x0001, 0x5987, 0x8A8A, 0x3127, 0x7B2E, 0x6146, 0x7187, 
  0x8149, 0x9908, 0x3003, 0x8046, 0x7066, 0x2804, 0x0805, 0x0003, 0x0001, 0x0003, 0x0002, 0x0003, 
  0x0005, 0x0005, 0x0004, 0x4865, 0xCA07, 0x9A66, 0x8124, 0x3005, 0xC1E6, 0x9246, 0x90A4, 0x2805, 
  0xC148, 0xAA47, 0xB105, 0x0004, 0x0004, 0x0004, 0x0004, 0x0000, 0x18A9, 0x9B9B, 0x418D, 0x0000, 
  0x0004, 0x0008, 0x0009, 0x0808, 0x0808, 0x0008, 0x1008, 0x1009, 0x0008, 0x0008, 0x0009, 0x0008, 
  0x0008, 0x0809, 0x0808, 0x0008, 0x0009, 0x0008, 0x0809, 0x0007, 0x0006, 0x204C, 0x70F6, 0x9179, 
  0x48F0, 0x0808, 0x0005, 0x0007, 0x0808, 0x0807, 0x0007, 0x0008, 0x0007, 0x0007, 0x0008, 0x0008, 
  0x0008, 0x0008, 0x0808, 0x0808, 0x0008, 0x0808, 0x0808, 0x0808, 0x0809, 0x0008, 0x0007, 0x0007, 
  0x0807, 0x0000, 0x18C9, 0x937A, 0x38CC, 0x0001, 0x0606, 0x1686, 0x1626, 0x0646, 0x1DC6, 0x1545, 
  0x15C5, 0x1F27, 0x1527, 0x1D85, 0x04C4, 0x15C5, 0x15A4, 0x0546, 0x1F48, 0x2567, 0x1EA7, 0x0586, 
  0x2628, 0x2688, 0x0DE6, 0x16A8, 0x35E9, 0x0D26, 0x05E7, 0x3727, 0x0E05, 0x1608, 0x2EA9, 0x1D67, 
  0x15C7, 0x0D47, 0x3668, 0x1E48, 0x0506, 0x0E06, 0x1586, 0x2727, 0x1E66, 0x1647, 0x0606, 0x2668, 
  0x2526, 0x05E6, 0x0E27, 0x2588, 0x2608, 0x1548, 0x2627, 0x0CC5, 0x1666, 0x1E68, 0x25E7, 0x0DC4, 
  0x0DC6, 0x1DE7, 0x05C6, 0x16C7, 0x15A8, 0x2DE7, 0x05A6, 0x1E06, 0x1584, 0x0566, 0x2F68, 0x2EC8, 
  0x0D85, 0x0002, 0x412E, 0x8B78, 0x0045, 0x1008, 0x5871, 0x484F, 0x502E, 0x784F, 0x604F, 0x384F, 
  0x484E, 0x486F, 0x406F, 0x484F, 0x404E, 0x404F, 0x484F, 0x404F, 0x484F, 0x402E, 0x586F, 0xFA54, 
  0xC112, 0x280E, 0x404E, 0x404F, 0x404F, 0x404E, 0x406F, 0x404F, 0x404F, 0x404F, 0x484F, 0x404E, 
  0x384F, 0x584E, 0x604E, 0x404F, 0x4850, 0x402E, 0x0003, 0x18C7, 0xB43B, 0x7AF4, 0x0000, 0x0002, 
  0x0003, 0x21A8, 0x3A29, 0x0003, 0x2A29, 0x2A09, 0x0004, 0x536C, 0x2209, 0x0022, 0x0843, 0x2149, 
  0x42AC, 0x10A5, 0x0003, 0x0046, 0x2846, 0x1825, 0x1086, 0x48E8, 0x0845, 0x1045, 0x1045, 0x1866, 
  0x3867, 0x20A7, 0x0885, 0x18A6, 0x1066, 0x0046, 0x18A7, 0x51CA, 0x4168, 0x3147, 0x20A5, 0x1885, 
  0x1845, 0x40A7, 0x1866, 0x2866, 0x3087, 0x0825, 0x0003, 0x20E7, 0x52AD, 0x10A7, 0x2929, 0x20E7, 
  0x0003, 0x0005, 0x0004, 0x3025, 0xFA0A, 0xFB0A, 0x9906, 0x2006, 0xF9C7, 0xFA68, 0x9867, 0x1804, 
  0xE94A, 0xFB6C, 0xC947, 0x0004, 0x0004, 0x0004, 0x0003, 0x0000, 0x18CA, 0x9B9B, 0x418D, 0x0000, 
  0x0004, 0x0808, 0x1008, 0x0009, 0x0808, 0x0808, 0x0808, 0x0008, 0x0808, 0x0008, 0x0008, 0x0008, 
  0x0009, 0x0009, 0x0008, 0x0009, 0x0008, 0x0008, 0x0008, 0x0008, 0x0008, 0x0006, 0x0007, 0x40AE, 
  0x0867, 0x0006, 0x0807, 0x1006, 0x0807, 0x0008, 0x0007, 0x0007, 0x0007, 0x0007, 0x0008, 0x0007, 
  0x0008, 0x0008, 0x0008, 0x0008, 0x0008, 0x0008, 0x0008, 0x0008, 0x0007, 0x0007, 0x0008, 0x5092, 
  0x306C, 0x0000, 0x18C9, 0x9359, 0x38ED, 0x0001, 0x12A6, 0x0883, 0x0263, 0x0405, 0x0103, 0x02E5, 
  0x0466, 0x0325, 0x0083, 0x0243, 0x0484, 0x0084, 0x0244, 0x0424, 0x0204, 0x0063, 0x02C4, 0x03E6, 
  0x0063, 0x02C5, 0x0445, 0x01E4, 0x00A3, 0x02E4, 0x0244, 0x00A3, 0x0465, 0x03C6, 0x0103, 0x02A4, 
  0x0345, 0x01E4, 0x00E3, 0x03E5, 0x01A4, 0x01E4, 0x0547, 0x1366, 0x0804, 0x0224, 0x0445, 0x0164, 
  0x0244, 0x0405, 0x0286, 0x0104, 0x0366, 0x0265, 0x0165, 0x0425, 0x1345, 0x0043, 0x0224, 0x04A6, 
  0x0143, 0x01E4, 0x0426, 0x0B06, 0x0063, 0x01E3, 0x0405, 0x0042, 0x0204, 0x04A4, 0x0304, 0x0143, 
  0x0264, 0x0042, 0x414E, 0x9378, 0x0045, 0x1007, 0x5071, 0x604F, 0x502D, 0x2090, 0x3091, 0x582F, 
  0x404E, 0x386E, 0x506F, 0x406F, 0x404E, 0x404F, 0x486F, 0x486F, 0x486F, 0x404E, 0x5870, 0xC0FB, 
  0x78B6, 0x282C, 0x486F, 0x406F, 0x404F, 0x484F, 0x404F, 0x484F, 0x404F, 0x484F, 0x384F, 0x382E, 
  0x384D, 0x284F, 0x484F, 0x484F, 0x304F, 0x382E, 0x0003, 0x20E8, 0xB43A, 0x7B14, 0x0001, 0x0001, 
  0x0064, 0x0365, 0x1527, 0x0984, 0x02E5, 0x12A5, 0x0001, 0x256B, 0x1AE7, 0x0285, 0x24CA, 0x1468, 
  0x0B86, 0x09E4, 0x0806, 0x492F, 0x20EC, 0x298E, 0x318E, 0x214D, 0x39AE, 0x318E, 0x31AE, 0x29AE, 
  0x298D, 0x318E, 0x398F, 0x39AF, 0x49EF, 0x5210, 0x41CF, 0x214D, 0x318E, 0x316E, 0x39CF, 0x41CF, 
  0x39EF, 0x29CE, 0x4210, 0x29AF, 0x290E, 0x40F0, 0x0003, 0x6B4E, 0xAD77, 0x5ACD, 0xAD35, 0x7BD0, 
  0x0001, 0x0005, 0x0005, 0x0004, 0x4005, 0x8806, 0x0006, 0x0004, 0x2004, 0x6805, 0x0006, 0x0004, 
  0x2004, 0x7806, 0x0006, 0x0004, 0x0004, 0x0005, 0x0004, 0x0000, 0x18A9, 0x9B9B, 0x398D, 0x0000, 
  0x0805, 0x200A, 0x0007, 0x0008, 0x0808, 0x0808, 0x0008, 0x0008, 0x0009, 0x0808, 0x0009, 0x0008, 
  0x0008, 0x0008, 0x0009, 0x0008, 0x0008, 0x0008, 0x0808, 0x0008, 0x0008, 0x0808, 0x0007, 0x0868, 
  0x0868, 0x0007, 0x0006, 0x0007, 0x0007, 0x0007, 0x0007, 0x0007, 0x0007, 0x0007, 0x0007, 0x0007, 
  0x0007, 0x0008, 0x0008, 0x0008, 0x0008, 0x0008, 0x0008, 0x0007, 0x0005, 0x202C, 0x78F7, 0x991B, 
  0x304B, 0x0000, 0x18A8, 0x935A, 0x30EC, 0x0001, 0x0102, 0x0182, 0x0103, 0x0183, 0x01A2, 0x01C3, 
  0x0204, 0x0122, 0x0142, 0x0143, 0x01C3, 0x01A1, 0x0142, 0x01E3, 0x0122, 0x01C3, 0x0102, 0x0142, 
  0x0141, 0x0164, 0x01E3, 0x0182, 0x0223, 0x00A3, 0x0182, 0x0101, 0x0102, 0x0122, 0x0122, 0x0183, 
  0x01C3, 0x0142, 0x0162, 0x00C2, 0x0161, 0x00E2, 0x0164, 0x0103, 0x0163, 0x0142, 0x0102, 0x00C1, 
  0x0102, 0x0162, 0x00E2, 0x01E3, 0x0104, 0x0203, 0x00E2, 0x0104, 0x00C3, 0x01A3, 0x01C4, 0x0183, 
  0x01A2, 0x00E2, 0x0163, 0x0142, 0x0162, 0x0183, 0x0083, 0x0162, 0x0223, 0x01C3, 0x00C2, 0x01C1, 
  0x00E2, 0x0000, 0x416C, 0x9378, 0x0845, 0x0006, 0x302F, 0x584F, 0x584E, 0x206F, 0x206F, 0x482F, 
  0x484D, 0x304E, 0x404F, 0x484E, 0x382D, 0x404E, 0x404E, 0x404E, 0x406F, 0x302D, 0x484E, 0xC0F8, 
  0x7894, 0x200C, 0x484E, 0x484F, 0x286E, 0x406F, 0x486F, 0x386F, 0x486F, 0x304F, 0x302E, 0x480D, 
  0x304F, 0x1891, 0x280D, 0x402E, 0x482E, 0x302D, 0x0003, 0x20C8, 0xBC5B, 0x7B14, 0x0000, 0x0000, 
  0x0001, 0x0384, 0x0425, 0x00E2, 0x02C4, 0x0041, 0x08E2, 0x24C9, 0x0944, 0x0001, 0x0A06, 0x0284, 
  0x0323, 0x0101, 0x0002, 0x0006, 0x0005, 0x0007, 0x0007, 0x0007, 0x0007, 0x0007, 0x0007, 0x0007, 
  0x0007, 0x0007, 0x0007, 0x0007, 0x0007, 0x0007, 0x0007, 0x0007, 0x0008, 0x0008, 0x0007, 0x0007, 
  0x0007, 0x0007, 0x0007, 0x0007, 0x0807, 0x0809, 0x0000, 0x31A8, 0x738F, 0x3188, 0x9492, 0x4A6A, 
  0x0000, 0x0002, 0x0001, 0x0001, 0x0000, 0x0001, 0x0001, 0x0001, 0x0001, 0x0001, 0x0001, 0x0001, 
  0x0001, 0x0000, 0x0001, 0x0001, 0x0001, 0x0001, 0x0000, 0x0000, 0x1089, 0x937A, 0x416D, 0x0000, 
  0x1806, 0x7893, 0x286E, 0x0006, 0x0007, 0x0808, 0x0009, 0x0008, 0x0008, 0x0007, 0x0008, 0x0008, 
  0x0008, 0x0008, 0x0008, 0x0008, 0x0008, 0x0008, 0x0008, 0x0008, 0x0008, 0x0008, 0x0008, 0x1069, 
  0x0867, 0x0005, 0x0006, 0x0006, 0x0005, 0x0005, 0x0005, 0x0005, 0x0005, 0x0005, 0x0005, 0x0006, 
  0x0006, 0x0006, 0x0006, 0x0006, 0x0006, 0x0006, 0x0005, 0x0007, 0x4890, 0x80F8, 0x78D6, 0x304D, 
  0x0003, 0x0001, 0x18A8, 0x9B9A, 0x418E, 0x0003, 0x0846, 0x0866, 0x0806, 0x0806, 0x0866, 0x0826, 
  0x0805, 0x0846, 0x0866, 0x0806, 0x0806, 0x0065, 0x0826, 0x0806, 0x0887, 0x0867, 0x0806, 0x0826, 
  0x0866, 0x0807, 0x0807, 0x0866, 0x0846, 0x0806, 0x0847, 0x0866, 0x0806, 0x0806, 0x1086, 0x1006, 
  0x1005, 0x0866, 0x0866, 0x0805, 0x0846, 0x0845, 0x0806, 0x0845, 0x0865, 0x0805, 0x0805, 0x0865, 
  0x0805, 0x0805, 0x0846, 0x1066, 0x1006, 0x0866, 0x0866, 0x1007, 0x1027, 0x10C6, 0x1026, 0x1007, 
  0x1067, 0x1026, 0x0806, 0x0846, 0x0866, 0x0806, 0x0806, 0x0866, 0x0846, 0x1006, 0x0866, 0x0886, 
  0x0824, 0x0002, 0x51EE, 0x9398, 0x0846, 0x0006, 0x300E, 0x284F, 0x304F, 0x304D, 0x284E, 0x282D, 
  0x382D, 0x304D, 0x304D, 0x382D, 0x302D, 0x404E, 0x382D, 0x304D, 0x382E, 0x280C, 0x282D, 0xB118, 
  0x90B5, 0x282D, 0x382D, 0x484E, 0x302D, 0x304D, 0x404E, 0x304D, 0x404D, 0x282E, 0x382E, 0x382D, 
  0x300C, 0x302D, 0x282D, 0x302E, 0x502E, 0x382D, 0x0004, 0x20C8, 0xC47B, 0x8315, 0x0003, 0x0004, 
  0x0825, 0x0805, 0x1005, 0x0825, 0x0805, 0x0825, 0x0846, 0x0806, 0x0867, 0x0806, 0x0805, 0x0806, 
  0x0865, 0x0844, 0x0844, 0x0043, 0x0844, 0x0844, 0x0844, 0x0843, 0x0844, 0x0843, 0x0844, 0x0844, 
  0x0844, 0x0844, 0x0844, 0x0824, 0x0843, 0x0844, 0x0844, 0x0844, 0x0844, 0x0844, 0x0844, 0x0843, 
  0x0843, 0x0843, 0x0843, 0x0843, 0x0043, 0x0023, 0x0845, 0x0823, 0x0844, 0x0044, 0x0025, 0x0865, 
  0x1065, 0x1045, 0x0864, 0x1064, 0x0844, 0x0843, 0x0864, 0x0863, 0x0844, 0x0843, 0x0844, 0x0843, 
  0x0843, 0x0844, 0x0844, 0x0843, 0x0844, 0x0844, 0x0843, 0x0002, 0x28EC, 0x9B9B, 0x416D, 0x0000, 
  0x0003, 0x5871, 0x8919, 0x5091, 0x0007, 0x0006, 0x0007, 0x0006, 0x0007, 0x0007, 0x0007, 0x0007, 
  0x0007, 0x0007, 0x0007, 0x0007, 0x0007, 0x0007, 0x0007, 0x0007, 0x0007, 0x0007, 0x0007, 0x0868, 
  0x60F4, 0x5074, 0x5073, 0x5093, 0x5893, 0x50D4, 0x40F5, 0x58B3, 0x48B3, 0x50B2, 0x50D5, 0x60B4, 
  0x6893, 0x3914, 0x4913, 0x58F2, 0x58D2, 0x4891, 0x3890, 0x4892, 0x88D9, 0x88D9, 0x78B5, 0x6031, 
  0x1008, 0x0000, 0x20C9, 0x82D8, 0x59D3, 0x6A15, 0x7AB7, 0x7A77, 0x7AB6, 0x7AB6, 0x7A97, 0x7AB7, 
  0x72D7, 0x7AB6, 0x72B6, 0x72B7, 0x72D6, 0x7A97, 0x72B7, 0x7AB7, 0x7AB7, 0x7AB7, 0x7AB6, 0x7AB6, 
  0x7AB7, 0x7AD7, 0x7AD7, 0x7AB7, 0x7AB7, 0x7AD7, 0x82B7, 0x7AB7, 0x7AD7, 0x82D6, 0x82B7, 0xAB57, 
  0xC3D7, 0xC3B6, 0xC3D6, 0xBBD6, 0xB395, 0xB3B5, 0xB3D5, 0xB3B5, 0xB396, 0xB3B6, 0xB3B6, 0xB3B6, 
  0xABB6, 0xABB6, 0xABB6, 0xB396, 0xB3F6, 0xB3D6, 0xB3B6, 0xBBF6, 0xBBF6, 0xC3D6, 0xBBD6, 0xAB55, 
  0xA336, 0xA336, 0xA336, 0x9B15, 0x9B15, 0x9B35, 0x9B56, 0x9B35, 0x9B35, 0x9B55, 0xA335, 0xA355, 
  0xA375, 0xA374, 0x6233, 0x6254, 0x0886, 0x0005, 0x200C, 0x200C, 0x202C, 0x200B, 0x200B, 0x180B, 
  0x180B, 0x200B, 0x180B, 0x180B, 0x180B, 0x200B, 0x180B, 0x200B, 0x180B, 0x080A, 0x200B, 0xA198, 
  0x7155, 0x100A, 0x100B, 0x100B, 0x180B, 0x180B, 0x100B, 0x180B, 0x180B, 0x180B, 0x180B, 0x100B, 
  0x180B, 0x200C, 0x280D, 0x280C, 0x280C, 0x280C, 0x0004, 0x294A, 0xABBA, 0x61D5, 0x59B5, 0x72B7, 
  0x7AB7, 0x7AB7, 0x82D8, 0x7AF8, 0x7AF8, 0x82F7, 0x8318, 0x82D8, 0x82F8, 0x8318, 0x7AF8, 0x82F8, 
  0x82D7, 0x7AF7, 0x8318, 0x8317, 0x8318, 0x8317, 0x8B18, 0x8B18, 0x9338, 0xB3F8, 0xBBF7, 0xBBD8, 
  0xB3D7, 0xB3D7, 0xABD6, 0xABF7, 0xABF7, 0xB3F7, 0xB417, 0xB3F7, 0xB3F7, 0xABF7, 0xABF7, 0xB3F8, 
  0xB3F7, 0xB418, 0xBC38, 0x8B38, 0x72D7, 0x7AF7, 0x7AF7, 0x7AF7, 0x7AF8, 0x7AF8, 0x7AF8, 0x7AF7, 
  0x7B18, 0x7B18, 0x7B18, 0x7B18, 0x7B17, 0x7B18, 0x7B18, 0x7B17, 0x7B17, 0x7AF7, 0x8318, 0x8338, 
  0x7B17, 0x7B18, 0x7B17, 0x7B17, 0x8317, 0x7B17, 0x7AF7, 0x8318, 0x7295, 0x7AB8, 0x396E, 0x0000, 
  0x1003, 0x7892, 0x9119, 0x8118, 0x50B2, 0x3870, 0x4891, 0x5094, 0x5893, 0x5093, 0x5073, 0x5073, 
  0x5073, 0x5093, 0x5073, 0x5874, 0x5894, 0x5093, 0x5073, 0x5073, 0x5073, 0x5073, 0x5073, 0x60F4, 
  0x48D1, 0x4051, 0x4051, 0x4070, 0x4871, 0x4091, 0x3891, 0x3871, 0x3091, 0x4090, 0x40B2, 0x4891, 
  0x5071, 0x38D1, 0x48CF, 0x40AF, 0x406D, 0x68F6, 0x8119, 0x8919, 0x5872, 0x282E, 0x4870, 0x5072, 
  0x1809, 0x0000, 0x0823, 0x392E, 0x4992, 0x6214, 0x7295, 0x72B5, 0x7295, 0x72B6, 0x72D5, 0x72B5, 
  0x72B5, 0x72B5, 0x72B5, 0x72B5, 0x7295, 0x7295, 0x7295, 0x6AB5, 0x72B4, 0x72B5, 0x72B5, 0x72D5, 
  0x72B5, 0x72D5, 0x72D5, 0x72B5, 0x72B5, 0x72B5, 0x72B5, 0x7294, 0x7295, 0x7AB5, 0x7295, 0x7A94, 
  0x8AD4, 0x92F4, 0x9B34, 0xAB94, 0xA394, 0xAB74, 0xAB94, 0xAB94, 0xAB94, 0xAB74, 0xA394, 0xA374, 
  0xA374, 0xA375, 0xA395, 0xAB95, 0xAB95, 0xAB95, 0xABB5, 0xAB95, 0xAB94, 0xAB94, 0xA354, 0x9314, 
  0x9314, 0x92F4, 0x9314, 0x8AF4, 0x92F4, 0x9315, 0x8B14, 0x9314, 0x9314, 0x9314, 0x9334, 0x9334, 
  0xA355, 0x8AB5, 0x4131, 0x290D, 0x0002, 0x1007, 0x4873, 0x5093, 0x4893, 0x68D3, 0x78F2, 0x78F2, 
  0x78F2, 0x70F2, 0x70D2, 0x78B2, 0x78D2, 0x70D2, 0x70D2, 0x70D3, 0x78D3, 0x80B1, 0x88D2, 0x8217, 
  0x8196, 0x7892, 0x78D1, 0x80D1, 0x78D2, 0x78D2, 0x78F1, 0x78F2, 0x78D2, 0x80F1, 0x88D1, 0x80B1, 
  0x80B1, 0x6091, 0x5892, 0x58B2, 0x60B3, 0x4871, 0x0006, 0x0064, 0x416F, 0x4152, 0x59D3, 0x6234, 
  0x6274, 0x6A95, 0x6A94, 0x6A94, 0x6A74, 0x6A94, 0x6274, 0x6294, 0x6293, 0x6A74, 0x6A74, 0x6A74, 
  0x6A74, 0x6A94, 0x6A94, 0x6A74, 0x6A94, 0x6A74, 0x6A74, 0x7275, 0x6A74, 0x7293, 0x82D4, 0x7AB3, 
  0x8AF4, 0x9334, 0x9334, 0x9B55, 0x9355, 0x9B75, 0x9B74, 0x9355, 0x9B55, 0x9B55, 0x9B74, 0x9B55, 
  0x9355, 0x9B75, 0x9B75, 0x72B4, 0x6A55, 0x6A94, 0x6A94, 0x6A94, 0x6A74, 0x6AB5, 0x7295, 0x6A95, 
  0x72B5, 0x6A95, 0x6A94, 0x6A95, 0x7295, 0x72B5, 0x6AB5, 0x7295, 0x6A95, 0x72B5, 0x72B5, 0x72B5, 
  0x72B6, 0x72B5, 0x72B5, 0x72B5, 0x72B4, 0x72B5, 0x7AD5, 0x72B5, 0x4971, 0x3912, 0x18AA, 0x0000, 
  0x1805, 0x506F, 0x304E, 0x58B3, 0x8118, 0x78F8, 0x5894, 0x384F, 0x4051, 0x4051, 0x4051, 0x4051, 
  0x4051, 0x4071, 0x4071, 0x4071, 0x4071, 0x4051, 0x4050, 0x3850, 0x4050, 0x4050, 0x4050, 0x50B2, 
  0x0866, 0x0005, 0x0004, 0x0004, 0x0004, 0x0005, 0x0004, 0x0004, 0x0004, 0x0005, 0x0004, 0x0005, 
  0x0006, 0x0005, 0x0003, 0x0003, 0x284E, 0x70F7, 0x8919, 0x5092, 0x0008, 0x0006, 0x0006, 0x0007, 
  0x0009, 0x0008, 0x0002, 0x0001, 0x0044, 0x0003, 0x0003, 0x0023, 0x0003, 0x0003, 0x0003, 0x0003, 
  0x0003, 0x0003, 0x0003, 0x0003, 0x0003, 0x0003, 0x0003, 0x0002, 0x0022, 0x0002, 0x0024, 0x0003, 
  0x0004, 0x0003, 0x0003, 0x0003, 0x0003, 0x0003, 0x0003, 0x0023, 0x0003, 0x0023, 0x0003, 0x0002, 
  0x0002, 0x0002, 0x0003, 0x0003, 0x0003, 0x0023, 0x0003, 0x0003, 0x0003, 0x0003, 0x0003, 0x0004, 
  0x0025, 0x0025, 0x0005, 0x0025, 0x0025, 0x0025, 0x0025, 0x0004, 0x0004, 0x0005, 0x0024, 0x0003, 
  0x0004, 0x0024, 0x0005, 0x0004, 0x0004, 0x0024, 0x0005, 0x0024, 0x0025, 0x0025, 0x0805, 0x0825, 
  0x0825, 0x0006, 0x0807, 0x0003, 0x0005, 0x4874, 0x68B8, 0x68B7, 0x68D8, 0x8138, 0x8938, 0x9178, 
  0xA178, 0xB198, 0xB197, 0x91D8, 0xA1B8, 0xB997, 0xB178, 0xB1B8, 0xA9B8, 0xA978, 0xC137, 0xA156, 
  0x9957, 0x8979, 0x9978, 0xD195, 0xC996, 0xC9B6, 0xC9B6, 0xC1B6, 0xC9B7, 0xC197, 0xA997, 0xA956, 
  0x8137, 0x80F7, 0x80F6, 0x80F7, 0x80F7, 0x68B5, 0x3870, 0x0002, 0x0000, 0x0024, 0x0003, 0x0003, 
  0x0003, 0x0003, 0x0003, 0x0003, 0x0003, 0x0003, 0x0003, 0x0003, 0x0002, 0x0001, 0x0001, 0x0002, 
  0x0003, 0x0003, 0x0003, 0x0003, 0x0003, 0x0003, 0x0003, 0x0003, 0x0002, 0x0002, 0x0002, 0x0002, 
  0x0003, 0x0003, 0x0003, 0x0003, 0x0003, 0x0003, 0x0003, 0x0002, 0x0003, 0x0003, 0x0003, 0x0003, 
  0x0003, 0x0003, 0x0003, 0x0023, 0x0003, 0x0004, 0x0003, 0x0003, 0x0003, 0x0003, 0x0004, 0x0002, 
  0x0002, 0x0003, 0x0003, 0x0003, 0x0003, 0x0003, 0x0003, 0x0003, 0x0003, 0x0003, 0x0003, 0x0003, 
  0x0003, 0x0003, 0x0003, 0x0003, 0x0003, 0x0003, 0x0024, 0x0023, 0x0006, 0x1008, 0x0002, 0x0004, 
  0x0009, 0x0007, 0x0005, 0x0808, 0x58B3, 0x88F8, 0x68D5, 0x184A, 0x0004, 0x0005, 0x0006, 0x0006, 
  0x0006, 0x0006, 0x0006, 0x0005, 0x0006, 0x0005, 0x0005, 0x0006, 0x0006, 0x0006, 0x0006, 0x0867, 
  0x1068, 0x0007, 0x0007, 0x0007, 0x0007, 0x0007, 0x0007, 0x0807, 0x1007, 0x1008, 0x1009, 0x1009, 
  0x0007, 0x0005, 0x1808, 0x58D3, 0xA11B, 0x88F8, 0x304F, 0x0007, 0x0008, 0x0809, 0x0009, 0x0008, 
  0x0009, 0x0809, 0x0009, 0x0004, 0x0000, 0x0001, 0x0001, 0x0001, 0x0001, 0x0001, 0x0001, 0x0000, 
  0x0001, 0x0001, 0x0001, 0x0001, 0x0001, 0x0000, 0x0000, 0x0003, 0x0005, 0x0004, 0x0000, 0x0001, 
  0x0001, 0x0001, 0x0001, 0x0001, 0x0001, 0x0001, 0x0001, 0x0001, 0x0002, 0x0002, 0x0002, 0x0003, 
  0x0002, 0x0003, 0x0003, 0x0003, 0x0003, 0x0003, 0x0002, 0x0002, 0x0002, 0x0002, 0x0003, 0x0002, 
  0x0001, 0x0001, 0x0001, 0x0001, 0x0001, 0x0001, 0x0001, 0x0001, 0x0001, 0x0000, 0x0001, 0x0003, 
  0x0004, 0x0001, 0x0000, 0x0001, 0x0000, 0x0000, 0x0000, 0x0000, 0x0000, 0x0000, 0x0000, 0x0000, 
  0x0000, 0x0001, 0x0002, 0x0004, 0x100B, 0x204D, 0x182B, 0x100B, 0x180B, 0x100B, 0x100B, 0x102B, 
  0x080B, 0x182B, 0x202B, 0x086C, 0x104C, 0x202B, 0x202B, 0x202B, 0x182B, 0x000B, 0x202D, 0xA957, 
  0x80F4, 0x000B, 0x082B, 0x202B, 0x284B, 0x204B, 0x204B, 0x202B, 0x202B, 0x202B, 0x084C, 0x082C, 
  0x082C, 0x102B, 0x202C, 0x182C, 0x182C, 0x182B, 0x202E, 0x100A, 0x0004, 0x0001, 0x0001, 0x0002, 
  0x0002, 0x0001, 0x0002, 0x0002, 0x0002, 0x0001, 0x0002, 0x0001, 0x0004, 0x0006, 0x0004, 0x0001, 
  0x0001, 0x0001, 0x0001, 0x0002, 0x0001, 0x0001, 0x0002, 0x0002, 0x0002, 0x0003, 0x0002, 0x0003, 
  0x0003, 0x0003, 0x0003, 0x0003, 0x0003, 0x0002, 0x0003, 0x0003, 0x0003, 0x0003, 0x0003, 0x0002, 
  0x0001, 0x0001, 0x0002, 0x0001, 0x0001, 0x0001, 0x0001, 0x0002, 0x0001, 0x0001, 0x0001, 0x0004, 
  0x0006, 0x0005, 0x0002, 0x0000, 0x0002, 0x0002, 0x0001, 0x0001, 0x0001, 0x0001, 0x0001, 0x0001, 
  0x0001, 0x0001, 0x0001, 0x0001, 0x0001, 0x0001, 0x0001, 0x0000, 0x0002, 0x0806, 0x0008, 0x000A, 
  0x0009, 0x0008, 0x0809, 0x0006, 0x0008, 0x4891, 0x8938, 0x8158, 0x48D1, 0x0007, 0x0006, 0x0008, 
  0x0008, 0x0008, 0x0008, 0x0007, 0x0008, 0x0008, 0x0008, 0x0007, 0x0008, 0x0008, 0x0008, 0x1069, 
  0x1069, 0x0007, 0x0007, 0x0007, 0x0007, 0x0007, 0x0007, 0x0008, 0x0807, 0x0807, 0x1009, 0x0008, 
  0x0005, 0x280A, 0x70F7, 0x919C, 0x98B4, 0x182B, 0x0006, 0x0008, 0x0009, 0x0009, 0x0008, 0x0008, 
  0x0009, 0x0008, 0x0009, 0x0009, 0x0006, 0x0006, 0x0006, 0x0006, 0x0007, 0x0007, 0x0007, 0x0007, 
  0x0007, 0x0006, 0x0007, 0x0006, 0x0006, 0x0005, 0x200B, 0x5052, 0x4050, 0x0007, 0x0006, 0x0007, 
  0x0006, 0x0006, 0x0007, 0x0006, 0x0807, 0x0007, 0x0007, 0x0808, 0x0809, 0x0809, 0x0808, 0x0808, 
  0x0808, 0x0808, 0x0808, 0x1008, 0x0007, 0x1809, 0x380C, 0x300B, 0x400C, 0x380B, 0x280B, 0x1009, 
  0x0007, 0x0006, 0x0007, 0x0006, 0x0006, 0x0007, 0x0006, 0x0006, 0x0005, 0x0005, 0x302E, 0x6031, 
  0x300B, 0x0005, 0x0006, 0x0006, 0x0006, 0x0006, 0x0807, 0x0006, 0x0006, 0x0006, 0x0005, 0x0006, 
  0x0006, 0x0006, 0x0006, 0x0809, 0x000A, 0x0007, 0x0008, 0x0009, 0x0008, 0x0009, 0x0009, 0x0009, 
  0x0009, 0x0009, 0x0009, 0x0809, 0x0009, 0x0009, 0x0009, 0x0009, 0x0009, 0x0007, 0x1009, 0x79DA, 
  0x5176, 0x0007, 0x0008, 0x0009, 0x0009, 0x0009, 0x0009, 0x0009, 0x0009, 0x0009, 0x0009, 0x0809, 
  0x0809, 0x0809, 0x0009, 0x0009, 0x0009, 0x0809, 0x0809, 0x100C, 0x100B, 0x0008, 0x0808, 0x0008, 
  0x0008, 0x0007, 0x0007, 0x0007, 0x0007, 0x0008, 0x0007, 0x0006, 0x0009, 0x4872, 0x58B4, 0x202B, 
  0x0005, 0x0007, 0x0808, 0x0808, 0x0007, 0x0007, 0x0808, 0x0808, 0x1008, 0x2009, 0x280A, 0x280A, 
  0x280B, 0x200A, 0x2009, 0x1008, 0x0808, 0x180A, 0x1009, 0x0809, 0x1009, 0x0808, 0x0808, 0x0808, 
  0x0008, 0x0007, 0x0007, 0x0008, 0x0007, 0x0008, 0x0807, 0x0007, 0x0007, 0x0006, 0x0007, 0x0007, 
  0x282E, 0x7073, 0x4830, 0x180A, 0x0005, 0x0007, 0x0007, 0x0807, 0x0007, 0x0007, 0x0006, 0x0007, 
  0x0006, 0x0006, 0x0007, 0x0006, 0x0006, 0x0007, 0x0007, 0x0006, 0x0005, 0x0007, 0x000A, 0x0009, 
  0x0008, 0x0009, 0x0809, 0x0809, 0x0007, 0x0006, 0x306E, 0x8137, 0x997A, 0x6914, 0x182B, 0x0006, 
  0x0008, 0x0008, 0x0008, 0x0008, 0x0008, 0x0007, 0x0008, 0x0008, 0x0008, 0x0008, 0x0007, 0x1069, 
  0x1069, 0x0006, 0x0007, 0x0007, 0x0007, 0x0007, 0x0807, 0x0007, 0x0008, 0x0808, 0x0006, 0x0006, 
  0x406E, 0x9119, 0xA118, 0x406F, 0x0808, 0x0006, 0x0008, 0x0008, 0x0008, 0x0008, 0x0008, 0x0008, 
  0x0008, 0x180B, 0x0808, 0x0008, 0x200D, 0x080A, 0x0808, 0x180C, 0x0009, 0x100A, 0x302F, 0x0008, 
  0x100A, 0x180C, 0x0008, 0x180A, 0x1809, 0x4093, 0x90F6, 0xA892, 0x200D, 0x080C, 0x100B, 0x0809, 
  0x302F, 0x202D, 0x100C, 0x100C, 0x0009, 0x100C, 0x080D, 0x302C, 0x402C, 0x000A, 0x200D, 0x200C, 
  0x0009, 0x200D, 0x200C, 0x0809, 0x200D, 0x080B, 0x280A, 0x7030, 0x380D, 0x504F, 0x6051, 0x080A, 
  0x080B, 0x200E, 0x080A, 0x180C, 0x280D, 0x0009, 0x280D, 0x100B, 0x180B, 0x382F, 0x90F9, 0xA0D7, 
  0x482F, 0x080A, 0x0009, 0x200C, 0x200D, 0x200D, 0x000A, 0x180C, 0x180C, 0x0008, 0x504E, 0x704F, 
  0x100A, 0x100C, 0x100C, 0x0009, 0x180A, 0x280C, 0x080A, 0x100A, 0x080A, 0x080A, 0x080A, 0x100A, 
  0x080A, 0x080A, 0x080A, 0x100A, 0x080A, 0x100A, 0x100A, 0x080A, 0x080A, 0x0009, 0x180B, 0xB936, 
  0x88F4, 0x0009, 0x080A, 0x100A, 0x100A, 0x100A, 0x100A, 0x100A, 0x100A, 0x100A, 0x100A, 0x080A, 
  0x080A, 0x100A, 0x100A, 0x100A, 0x100A, 0x100A, 0x280C, 0x100B, 0x180C, 0x282D, 0x080A, 0x200B, 
  0x280B, 0x000A, 0x282C, 0x000A, 0x300B, 0x6830, 0x200F, 0x100B, 0x200C, 0x50B2, 0xB958, 0x80D3, 
  0x000B, 0x200D, 0x180B, 0x080A, 0x302F, 0x202D, 0x100C, 0x282E, 0x200C, 0x502F, 0x484E, 0x100A, 
  0x6051, 0x604F, 0x0003, 0x180D, 0x2830, 0x0009, 0x182D, 0x282E, 0x000A, 0x182D, 0x200D, 0x000A, 
  0x100B, 0x200C, 0x200D, 0x000A, 0x100B, 0x100A, 0x080A, 0x100A, 0x180D, 0x3010, 0x180C, 0x100A, 
  0x280C, 0x5872, 0xC958, 0x9939, 0x182E, 0x1009, 0x180D, 0x0009, 0x0809, 0x080B, 0x202E, 0x0009, 
  0x100B, 0x180C, 0x0008, 0x100B, 0x100B, 0x0008, 0x0007, 0x200D, 0x382F, 0x102A, 0x0007, 0x100A, 
  0x180C, 0x0008, 0x0009, 0x0808, 0x0808, 0x0007, 0x0006, 0x182A, 0x68D3, 0x915A, 0x8979, 0x306E, 
  0x0006, 0x0007, 0x0008, 0x0007, 0x0808, 0x0008, 0x0008, 0x0008, 0x0008, 0x0008, 0x0008, 0x1069, 
  0x1068, 0x0007, 0x0007, 0x0007, 0x0007, 0x0007, 0x0007, 0x0808, 0x0008, 0x0005, 0x0807, 0x58B3, 
  0x895A, 0x8939, 0x584D, 0x0004, 0x0007, 0x0008, 0x0008, 0x0008, 0x0008, 0x0008, 0x0008, 0x0009, 
  0x0008, 0x0809, 0x1008, 0x1008, 0x100A, 0x0809, 0x0808, 0x0809, 0x0008, 0x1008, 0x2009, 0x0008, 
  0x0809, 0x100A, 0x0006, 0x1009, 0x6892, 0x80F8, 0x88F6, 0x404A, 0x0006, 0x100A, 0x0809, 0x0809, 
  0x182B, 0x180A, 0x080A, 0x100B, 0x0809, 0x080A, 0x100B, 0x180A, 0x180A, 0x0009, 0x100B, 0x100B, 
  0x080A, 0x180B, 0x100B, 0x0809, 0x180B, 0x200A, 0x1808, 0x280A, 0x0006, 0x2809, 0x582F, 0x080A, 
  0x080A, 0x180B, 0x100A, 0x180A, 0x200B, 0x0809, 0x180B, 0x0809, 0x100A, 0x78D5, 0xA13A, 0x48B1, 
  0x0809, 0x100A, 0x080A, 0x180B, 0x180B, 0x200B, 0x0809, 0x300A, 0x180A, 0x0809, 0x586D, 0x402D, 
  0x1009, 0x080B, 0x200A, 0x200A, 0x100B, 0x180C, 0x080A, 0x100A, 0x080A, 0x080A, 0x080A, 0x080A, 
  0x080A, 0x080A, 0x100A, 0x080A, 0x080A, 0x100A, 0x100A, 0x080A, 0x100A, 0x0008, 0x104C, 0x7999, 
  0x80D3, 0x0809, 0x0809, 0x080A, 0x100A, 0x100A, 0x080A, 0x100A, 0x100A, 0x100A, 0x100A, 0x100A, 
  0x100A, 0x100A, 0x100A, 0x100A, 0x100A, 0x102A, 0x180B, 0x100A, 0x180A, 0x180B, 0x100A, 0x200B, 
  0x200B, 0x300C, 0x180B, 0x1009, 0x400B, 0x282C, 0x102C, 0x100B, 0x100A, 0x102C, 0x7955, 0x8199, 
  0x3870, 0x0809, 0x100A, 0x100A, 0x202C, 0x100B, 0x102B, 0x080B, 0x5870, 0x6891, 0x180A, 0x100A, 
  0x0008, 0x302D, 0x584F, 0x200B, 0x082C, 0x0809, 0x100B, 0x180B, 0x0809, 0x100B, 0x100B, 0x080A, 
  0x100A, 0x180B, 0x180B, 0x000A, 0x300B, 0x302B, 0x080A, 0x100A, 0x180B, 0x180C, 0x0809, 0x100A, 
  0x2009, 0x0007, 0x60AE, 0xA19A, 0x895A, 0x384E, 0x0007, 0x0008, 0x0808, 0x1029, 0x202B, 0x0008, 
  0x0809, 0x100A, 0x0008, 0x100A, 0x0809, 0x0808, 0x0008, 0x0809, 0x180A, 0x1009, 0x0008, 0x0809, 
  0x082A, 0x0008, 0x0808, 0x0009, 0x0009, 0x0809, 0x0008, 0x0006, 0x0008, 0x48B1, 0x997A, 0x99BA, 
  0x48D2, 0x0006, 0x0006, 0x0809, 0x0008, 0x0008, 0x0008, 0x0008, 0x0008, 0x0008, 0x0008, 0x1069, 
  0x1068, 0x0007, 0x0007, 0x0007, 0x0007, 0x0007, 0x0007, 0x0007, 0x0004, 0x182A, 0x68D5, 0x913B, 
  0x78F7, 0x284C, 0x0005, 0x0007, 0x0008, 0x0008, 0x0008, 0x0008, 0x0008, 0x0008, 0x0008, 0x0008, 
  0x0008, 0x0008, 0x0808, 0x0808, 0x0007, 0x1008, 0x0008, 0x1009, 0x180A, 0x0008, 0x0008, 0x0809, 
  0x0008, 0x0007, 0x0006, 0x408F, 0x8918, 0x90F7, 0x386F, 0x0007, 0x0008, 0x1008, 0x0809, 0x0008, 
  0x0008, 0x0008, 0x0809, 0x200B, 0x180B, 0x0809, 0x0809, 0x080A, 0x0809, 0x100A, 0x0809, 0x080A, 
  0x100A, 0x080A, 0x080A, 0x080A, 0x0008, 0x5850, 0x88B6, 0x0008, 0x180A, 0x484E, 0x282C, 0x0809, 
  0x080A, 0x0009, 0x200C, 0x200B, 0x0009, 0x100A, 0x0809, 0x0007, 0x284D, 0x80F9, 0x7117, 0x102B, 
  0x0007, 0x1009, 0x080A, 0x080A, 0x080A, 0x080A, 0x180A, 0x280A, 0x100A, 0x180B, 0x0009, 0x0809, 
  0x100A, 0x080A, 0x180A, 0x200B, 0x100B, 0x080A, 0x100A, 0x100A, 0x080A, 0x080A, 0x080A, 0x080A, 
  0x080A, 0x080A, 0x100A, 0x080A, 0x100A, 0x100A, 0x100A, 0x080A, 0x100B, 0x0009, 0x200B, 0x69B9, 
  0x5196, 0x1009, 0x080A, 0x080A, 0x100A, 0x100A, 0x100A, 0x100A, 0x080A, 0x080A, 0x080A, 0x100A, 
  0x100A, 0x100A, 0x100A, 0x100A, 0x100A, 0x100A, 0x080A, 0x100A, 0x100A, 0x080A, 0x100A, 0x080A, 
  0x180B, 0x382D, 0x0009, 0x180A, 0x100B, 0x000A, 0x080A, 0x100B, 0x080A, 0x0008, 0x406F, 0x993A, 
  0x70F7, 0x0829, 0x0008, 0x300C, 0x180A, 0x0009, 0x080A, 0x0809, 0x100A, 0x180B, 0x7094, 0x5090, 
  0x0808, 0x182B, 0x4850, 0x1009, 0x0008, 0x100B, 0x080A, 0x0809, 0x100A, 0x080A, 0x080A, 0x100A, 
  0x080A, 0x080A, 0x080A, 0x100A, 0x100A, 0x100B, 0x100A, 0x200A, 0x0009, 0x100A, 0x1009, 0x1829, 
  0x180A, 0x0009, 0x0007, 0x4090, 0x915A, 0x8138, 0x284C, 0x0007, 0x0028, 0x1809, 0x1809, 0x0008, 
  0x0008, 0x0008, 0x0009, 0x0008, 0x0008, 0x180A, 0x100A, 0x0008, 0x0007, 0x0808, 0x0808, 0x0008, 
  0x0008, 0x0809, 0x0009, 0x0008, 0x0008, 0x0008, 0x0808, 0x0009, 0x0007, 0x0006, 0x206C, 0x8158, 
  0x995A, 0x58D4, 0x102A, 0x0004, 0x0008, 0x0008, 0x0008, 0x0008, 0x0008, 0x0008, 0x0008, 0x1069, 
  0x1068, 0x0007, 0x0007, 0x0007, 0x0007, 0x0007, 0x0005, 0x0004, 0x206C, 0x7918, 0x913A, 0x58B3, 
  0x100A, 0x0005, 0x0007, 0x0808, 0x0008, 0x0007, 0x0008, 0x0008, 0x0008, 0x0008, 0x0008, 0x0008, 
  0x0008, 0x0008, 0x0008, 0x0008, 0x0008, 0x1008, 0x0008, 0x0809, 0x100A, 0x0008, 0x0808, 0x0008, 
  0x0008, 0x0006, 0x388F, 0x8959, 0x9959, 0x58B1, 0x0007, 0x0809, 0x0809, 0x0809, 0x0809, 0x0809, 
  0x180A, 0x080A, 0x080A, 0x080A, 0x080A, 0x100A, 0x080A, 0x080A, 0x080A, 0x100A, 0x080A, 0x080A, 
  0x080A, 0x080A, 0x100A, 0x100A, 0x0809, 0x182C, 0x384F, 0x100A, 0x202B, 0x4050, 0x102B, 0x080A, 
  0x080A, 0x100A, 0x100A, 0x100A, 0x0809, 0x100A, 0x0009, 0x0809, 0x80B5, 0xA0FA, 0x386F, 0x0008, 
  0x080A, 0x080A, 0x080A, 0x080A, 0x080A, 0x100A, 0x080A, 0x200B, 0x280B, 0x080A, 0x100A, 0x180A, 
  0x180B, 0x100A, 0x080A, 0x080A, 0x100A, 0x100A, 0x080A, 0x080A, 0x080A, 0x080A, 0x080A, 0x080A, 
  0x080A, 0x080A, 0x100A, 0x080A, 0x100A, 0x080A, 0x100A, 0x100B, 0x100B, 0x080A, 0x100C, 0x8997, 
  0x8152, 0x080A, 0x080A, 0x100A, 0x080A, 0x100A, 0x100B, 0x100A, 0x080A, 0x080A, 0x080A, 0x100A, 
  0x100A, 0x100A, 0x100A, 0x100A, 0x100A, 0x100A, 0x100A, 0x100A, 0x100B, 0x100B, 0x100A, 0x100A, 
  0x080A, 0x200B, 0x302C, 0x080B, 0x100B, 0x100B, 0x100B, 0x100A, 0x100B, 0x080A, 0x080A, 0x68D5, 
  0x995B, 0x48B1, 0x0008, 0x080A, 0x080A, 0x100A, 0x100A, 0x100A, 0x080A, 0x0009, 0x284D, 0x202D, 
  0x200C, 0x180A, 0x0808, 0x200C, 0x200C, 0x080A, 0x080A, 0x080A, 0x080A, 0x080A, 0x080A, 0x080A, 
  0x080A, 0x080A, 0x080A, 0x100A, 0x080A, 0x080A, 0x100A, 0x080A, 0x080A, 0x180B, 0x100A, 0x280B, 
  0x100A, 0x080A, 0x0809, 0x0007, 0x60F4, 0x915B, 0x7938, 0x102B, 0x0007, 0x0809, 0x0009, 0x0008, 
  0x0808, 0x0009, 0x0809, 0x0008, 0x0008, 0x0828, 0x0008, 0x0008, 0x1009, 0x0809, 0x0009, 0x0008, 
  0x0008, 0x0008, 0x0809, 0x0008, 0x0008, 0x0008, 0x0008, 0x0808, 0x0008, 0x0007, 0x0005, 0x0809, 
  0x60F4, 0xA17C, 0x7116, 0x286C, 0x0005, 0x0007, 0x0008, 0x0007, 0x0008, 0x0008, 0x0008, 0x1069, 
  0x1068, 0x0007, 0x0007, 0x0007, 0x0006, 0x0005, 0x0007, 0x584D, 0xA116, 0x78FA, 0x386F, 0x0006, 
  0x0006, 0x0007, 0x0008, 0x0007, 0x0007, 0x0007, 0x0007, 0x0008, 0x0007, 0x0008, 0x0008, 0x0008, 
  0x0008, 0x0008, 0x0008, 0x0008, 0x0008, 0x0008, 0x0008, 0x0008, 0x0008, 0x0808, 0x0008, 0x0808, 
  0x0006, 0x282C, 0x78D8, 0x80F8, 0x58D2, 0x0008, 0x0008, 0x0809, 0x0809, 0x0808, 0x0809, 0x0809, 
  0x0809, 0x080A, 0x080A, 0x0809, 0x0809, 0x080A, 0x080A, 0x0809, 0x080A, 0x080A, 0x080A, 0x080A, 
  0x100A, 0x080A, 0x080A, 0x080A, 0x100A, 0x0809, 0x0008, 0x080A, 0x0009, 0x0008, 0x080A, 0x100A, 
  0x100A, 0x080A, 0x080A, 0x080A, 0x100A, 0x080A, 0x0008, 0x384F, 0x8938, 0x68B5, 0x0809, 0x0009, 
  0x100A, 0x080A, 0x080A, 0x080A, 0x080A, 0x100A, 0x080A, 0x200B, 0x200B, 0x080A, 0x080B, 0x100A, 
  0x100A, 0x080B, 0x100A, 0x080A, 0x100B, 0x080A, 0x080A, 0x080A, 0x100A, 0x080A, 0x100A, 0x080A, 
  0x080A, 0x080A, 0x100A, 0x080A, 0x080A, 0x080A, 0x100A, 0x080A, 0x080A, 0x0009, 0x182C, 0x8958, 
  0x80F3, 0x080A, 0x080A, 0x080A, 0x080A, 0x080A, 0x100A, 0x100B, 0x100A, 0x100A, 0x100A, 0x100A, 
  0x100A, 0x100A, 0x100A, 0x100A, 0x100A, 0x080A, 0x100A, 0x100A, 0x080A, 0x080B, 0x100A, 0x180A, 
  0x080A, 0x200C, 0x280C, 0x000A, 0x080A, 0x100B, 0x100B, 0x080B, 0x100B, 0x100B, 0x0009, 0x284E, 
  0x88F8, 0x70F6, 0x182C, 0x0009, 0x080A, 0x080A, 0x080A, 0x100A, 0x100B, 0x100B, 0x0009, 0x0009, 
  0x080A, 0x100B, 0x182B, 0x280D, 0x200C, 0x0809, 0x080A, 0x100A, 0x080A, 0x100A, 0x100A, 0x080A, 
  0x080A, 0x080A, 0x100A, 0x080A, 0x080A, 0x100A, 0x080A, 0x080A, 0x080A, 0x080A, 0x080A, 0x080A, 
  0x080A, 0x080A, 0x080A, 0x0008, 0x184B, 0x7116, 0x891A, 0x58D4, 0x0008, 0x0007, 0x0809, 0x0809, 
  0x0009, 0x0008, 0x0008, 0x0809, 0x0008, 0x0008, 0x0008, 0x0809, 0x0808, 0x0009, 0x0009, 0x0008, 
  0x0809, 0x0009, 0x0008, 0x0008, 0x0008, 0x0008, 0x0008, 0x0008, 0x0008, 0x0008, 0x0008, 0x0006, 
  0x0007, 0x50B2, 0x993B, 0x8139, 0x4091, 0x102A, 0x0005, 0x0008, 0x0008, 0x0008, 0x0008, 0x1069, 
  0x18E9, 0x0007, 0x0868, 0x1068, 0x0866, 0x188A, 0x70F7, 0x891B, 0x70F6, 0x28AD, 0x0867, 0x0868, 
  0x1069, 0x1068, 0x1068, 0x1068, 0x1068, 0x0868, 0x1068, 0x1068, 0x1068, 0x0868, 0x1068, 0x1069, 
  0x1069, 0x1069, 0x1069, 0x1069, 0x1069, 0x1069, 0x1049, 0x1069, 0x1049, 0x1069, 0x1069, 0x0868, 
  0x208C, 0x7117, 0x7917, 0x60F4, 0x106A, 0x0868, 0x186A, 0x106A, 0x106A, 0x106A, 0x106A, 0x104A, 
  0x106A, 0x186A, 0x186B, 0x186B, 0x106B, 0x186B, 0x106B, 0x106B, 0x186B, 0x186B, 0x186B, 0x186B, 
  0x186B, 0x186B, 0x186B, 0x186B, 0x186B, 0x186B, 0x106B, 0x184B, 0x186B, 0x186B, 0x186B, 0x186B, 
  0x186B, 0x186B, 0x186B, 0x186B, 0x186B, 0x106A, 0x186B, 0x6914, 0x7979, 0x30F0, 0x0869, 0x186B, 
  0x186B, 0x186B, 0x184B, 0x186B, 0x186B, 0x184B, 0x186B, 0x106B, 0x106B, 0x186B, 0x186B, 0x186B, 
  0x186B, 0x186B, 0x186B, 0x186B, 0x186B, 0x186B, 0x186B, 0x186B, 0x186B, 0x186B, 0x186B, 0x186B, 
  0x186B, 0x186B, 0x186B, 0x186B, 0x186B, 0x186B, 0x186B, 0x186B, 0x286B, 0x106A, 0x208D, 0x9937, 
  0x80F5, 0x106B, 0x106B, 0x186A, 0x186B, 0x186B, 0x186B, 0x186B, 0x186B, 0x186B, 0x186B, 0x186B, 
  0x186B, 0x186B, 0x186B, 0x186B, 0x186B, 0x186B, 0x186B, 0x186B, 0x188B, 0x186B, 0x186B, 0x186B, 
  0x186B, 0x106B, 0x186B, 0x186B, 0x186B, 0x186B, 0x186B, 0x186B, 0x186B, 0x186C, 0x186B, 0x106A, 
  0x58D3, 0x9159, 0x50D2, 0x0869, 0x186B, 0x186B, 0x186B, 0x186B, 0x186B, 0x186B, 0x186B, 0x186B, 
  0x186B, 0x186B, 0x104A, 0x106B, 0x106B, 0x186B, 0x186B, 0x186B, 0x186B, 0x186B, 0x186B, 0x186B, 
  0x186B, 0x184B, 0x186B, 0x186B, 0x186B, 0x186B, 0x186B, 0x186B, 0x186B, 0x186B, 0x186B, 0x186A, 
  0x206B, 0x186B, 0x186B, 0x186B, 0x0869, 0x28AD, 0x7116, 0x8938, 0x6134, 0x186A, 0x0869, 0x1069, 
  0x1069, 0x1069, 0x1069, 0x1069, 0x1069, 0x106A, 0x1069, 0x1069, 0x0869, 0x1069, 0x1069, 0x106A, 
  0x1069, 0x106A, 0x1069, 0x1069, 0x1069, 0x1069, 0x1069, 0x1069, 0x1049, 0x1069, 0x1069, 0x1069, 
  0x0868, 0x0847, 0x38AF, 0x7136, 0x895A, 0x7157, 0x288D, 0x0868, 0x1069, 0x1069, 0x0008, 0x20CA
};
