#pragma once

#define BGGAMESTATION_DS_EXT_HEIGHT 240
#define BGGAMESTATION_DS_EXT_WIDTH 320
#include <stdint.h>

static const uint16_t bggamestation_ds_ext[] = {
  0x18C3, 0x1062, 0x0862, 0x0862, 0x0862, 0x0862, 0x0862, 0x0862, 0x0861, 0x0862, 0x0862, 0x0862, 
  0x0862, 0x0862, 0x0862, 0x0862, 0x0862, 0x0862, 0x1062, 0x0862, 0x0882, 0x0862, 0x0862, 0x0882, 
  0x0862, 0x1062, 0x0862, 0x1062, 0x0862, 0x1062, 0x0862, 0x0862, 0x0862, 0x1062, 0x0862, 0x0862, 
  0x0862, 0x0862, 0x1062, 0x0862, 0x0862, 0x0862, 0x1061, 0x0862, 0x0882, 0x0862, 0x1062, 0x0861, 
  0x0861, 0x1062, 0x0882, 0x1061, 0x0862, 0x0861, 0x0862, 0x0862, 0x0862, 0x0882, 0x0862, 0x1062, 
  0x0861, 0x0862, 0x0862, 0x0862, 0x0862, 0x0862, 0x1062, 0x0862, 0x1062, 0x0862, 0x0861, 0x0861, 
  0x1062, 0x0862, 0x0862, 0x0862, 0x1061, 0x1062, 0x0882, 0x0862, 0x0862, 0x1062, 0x0862, 0x0862, 
  0x0862, 0x0862, 0x0862, 0x0862, 0x0862, 0x0862, 0x1062, 0x0862, 0x0861, 0x1062, 0x0862, 0x1062, 
  0x0862, 0x1062, 0x1062, 0x0862, 0x0861, 0x0862, 0x0862, 0x0862, 0x0862, 0x0862, 0x0862, 0x0862, 
  0x1062, 0x0861, 0x0862, 0x0862, 0x0862, 0x0862, 0x0862, 0x0862, 0x0862, 0x0862, 0x0862, 0x0862, 
  0x0862, 0x1062, 0x0862, 0x0862, 0x0862, 0x0862, 0x0862, 0x0862, 0x0862, 0x0862, 0x0862, 0x1062, 
  0x0862, 0x0862, 0x1062, 0x0862, 0x0862, 0x0862, 0x0862, 0x1062, 0x0862, 0x0862, 0x0882, 0x0862, 
  0x0862, 0x1062, 0x0862, 0x0862, 0x0862, 0x0862, 0x0862, 0x1062, 0x0862, 0x0862, 0x0862, 0x0862, 
  0x0862, 0x1062, 0x0862, 0x0882, 0x1082, 0x1062, 0x1082, 0x1082, 0x0862, 0x0862, 0x0862, 0x0862, 
  0x0862, 0x0862, 0x0862, 0x1062, 0x0862, 0x0862, 0x0862, 0x0862, 0x0862, 0x0862, 0x0862, 0x1062, 
  0x0862, 0x0862, 0x1062, 0x0861, 0x0862, 0x0862, 0x0862, 0x1062, 0x0862, 0x0862, 0x0862, 0x0882, 
  0x0862, 0x0862, 0x0862, 0x1062, 0x1062, 0x0862, 0x0862, 0x1062, 0x0862, 0x0862, 0x1062, 0x0862, 
  0x0862, 0x1062, 0x0862, 0x0862, 0x0862, 0x0862, 0x0862, 0x1082, 0x0862, 0x0862, 0x1062, 0x0862, 
  0x0862, 0x0862, 0x1062, 0x0862, 0x0862, 0x1062, 0x1062, 0x0862, 0x0862, 0x1062, 0x0862, 0x0862, 
  0x1062, 0x0862, 0x0862, 0x1062, 0x0862, 0x1062, 0x0862, 0x0862, 0x0862, 0x1062, 0x0862, 0x0862, 
  0x0862, 0x1062, 0x0862, 0x0862, 0x0862, 0x1062, 0x1062, 0x0862, 0x0862, 0x1062, 0x1062, 0x0862, 
  0x0862, 0x0862, 0x1062, 0x0862, 0x0862, 0x1062, 0x0862, 0x0881, 0x0862, 0x0882, 0x0862, 0x0862, 
  0x0862, 0x1062, 0x0862, 0x0862, 0x0862, 0x0861, 0x1062, 0x0881, 0x0862, 0x1062, 0x0862, 0x0862, 
  0x0862, 0x0862, 0x0862, 0x0862, 0x0862, 0x0862, 0x0862, 0x1062, 0x0862, 0x0862, 0x1062, 0x0862, 
  0x0862, 0x1062, 0x0862, 0x1082, 0x0862, 0x0862, 0x0862, 0x0862, 0x0862, 0x0862, 0x0862, 0x0862, 
  0x0862, 0x0862, 0x0862, 0x1062, 0x0882, 0x1061, 0x0862, 0x0862, 0x0862, 0x0862, 0x1062, 0x0862, 
  0x0862, 0x0862, 0x0862, 0x0862, 0x0862, 0x0881, 0x0862, 0x18C3, 0x0828, 0x0808, 0x0808, 0x0807, 
  0x0807, 0x0807, 0x0004, 0x0006, 0x1008, 0x0808, 0x0808, 0x0807, 0x0807, 0x0807, 0x0807, 0x0807, 
  0x0808, 0x0807, 0x0005, 0x0807, 0x0808, 0x0807, 0x0808, 0x0808, 0x0808, 0x0808, 0x0808, 0x0808, 
  0x0808, 0x0807, 0x0807, 0x0807, 0x0807, 0x0808, 0x0005, 0x0808, 0x0808, 0x0828, 0x0808, 0x0808, 
  0x0808, 0x0808, 0x0808, 0x0808, 0x0808, 0x0808, 0x0806, 0x3848, 0x4049, 0x0807, 0x0808, 0x0808, 
  0x0808, 0x0808, 0x0807, 0x1008, 0x0808, 0x0808, 0x0808, 0x0808, 0x0808, 0x1008, 0x0808, 0x0808, 
  0x0808, 0x0808, 0x0807, 0x0807, 0x0807, 0x0807, 0x1009, 0x1009, 0x0807, 0x0807, 0x0808, 0x0808, 
  0x0808, 0x0808, 0x0808, 0x1008, 0x0808, 0x0808, 0x0808, 0x0808, 0x0807, 0x0807, 0x0807, 0x0807, 
  0x0807, 0x0808, 0x0808, 0x0808, 0x0807, 0x0807, 0x0808, 0x0807, 0x1008, 0x0808, 0x0808, 0x0808, 
  0x0807, 0x0808, 0x0807, 0x0808, 0x0807, 0x0808, 0x0807, 0x0807, 0x0808, 0x0807, 0x0807, 0x0808, 
  0x0807, 0x0807, 0x0807, 0x0807, 0x0807, 0x0807, 0x0808, 0x0007, 0x0808, 0x0807, 0x0808, 0x0807, 
  0x0807, 0x1008, 0x0808, 0x0807, 0x0807, 0x0808, 0x0808, 0x0807, 0x0808, 0x0808, 0x0808, 0x0807, 
  0x0808, 0x0808, 0x0807, 0x0808, 0x0807, 0x0808, 0x0808, 0x0807, 0x0807, 0x0808, 0x0808, 0x0808, 
  0x1008, 0x0808, 0x0828, 0x0808, 0x0808, 0x0808, 0x0808, 0x0808, 0x0808, 0x0808, 0x0808, 0x0808, 
  0x1008, 0x1029, 0x1029, 0x1029, 0x1028, 0x0808, 0x0808, 0x0808, 0x0808, 0x0808, 0x0807, 0x0807, 
  0x0807, 0x0807, 0x0808, 0x0808, 0x0807, 0x0808, 0x0808, 0x0807, 0x0808, 0x0808, 0x0808, 0x0808, 
  0x0808, 0x0808, 0x0807, 0x0807, 0x0808, 0x0808, 0x0808, 0x0808, 0x0808, 0x0808, 0x0807, 0x0808, 
  0x0828, 0x0808, 0x0808, 0x0808, 0x0808, 0x0807, 0x0828, 0x0808, 0x0808, 0x0808, 0x0808, 0x0807, 
  0x0807, 0x0808, 0x0808, 0x0808, 0x0808, 0x0808, 0x1008, 0x0808, 0x0808, 0x0808, 0x0808, 0x0807, 
  0x0808, 0x0807, 0x0807, 0x0808, 0x0808, 0x0808, 0x1008, 0x0808, 0x0808, 0x1008, 0x0808, 0x0808, 
  0x0808, 0x0808, 0x0808, 0x0808, 0x0808, 0x0808, 0x0808, 0x0808, 0x0808, 0x0808, 0x0808, 0x0807, 
  0x0807, 0x0808, 0x0808, 0x0808, 0x0808, 0x0808, 0x0808, 0x0807, 0x0807, 0x0807, 0x0808, 0x0808, 
  0x0808, 0x0808, 0x0828, 0x0808, 0x0808, 0x0808, 0x0808, 0x0808, 0x0808, 0x0808, 0x0808, 0x0808, 
  0x0808, 0x0807, 0x0005, 0x0006, 0x0808, 0x0808, 0x0807, 0x0003, 0x0006, 0x1008, 0x0808, 0x0807, 
  0x0808, 0x1008, 0x0808, 0x0808, 0x0808, 0x1008, 0x0807, 0x0808, 0x0808, 0x0807, 0x0006, 0x0007, 
  0x0808, 0x0808, 0x0808, 0x0808, 0x0807, 0x0807, 0x0808, 0x0808, 0x0807, 0x0807, 0x0808, 0x0808, 
  0x0807, 0x0005, 0x0807, 0x0808, 0x0808, 0x0808, 0x0808, 0x0807, 0x0806, 0x0005, 0x0807, 0x0808, 
  0x0808, 0x0807, 0x0808, 0x0808, 0x186A, 0x0809, 0x0809, 0x0809, 0x0808, 0x0808, 0x490F, 0x204B, 
  0x0808, 0x0809, 0x0809, 0x0809, 0x0809, 0x0809, 0x0809, 0x0809, 0x0809, 0x0809, 0x282F, 0x100B, 
  0x0808, 0x0809, 0x0809, 0x0809, 0x0809, 0x0809, 0x0809, 0x0809, 0x080A, 0x0809, 0x0809, 0x0809, 
  0x0809, 0x180B, 0x3870, 0x180B, 0x0809, 0x0809, 0x1009, 0x0809, 0x1009, 0x100A, 0x0008, 0x0007, 
  0x0809, 0x0809, 0x0007, 0x90CD, 0xA90F, 0x0007, 0x0808, 0x0809, 0x0809, 0x1009, 0x0809, 0x0809, 
  0x0809, 0x1009, 0x080A, 0x1009, 0x0009, 0x0009, 0x1009, 0x0809, 0x1009, 0x0809, 0x0809, 0x1009, 
  0x1009, 0x0005, 0x3851, 0x589A, 0x100A, 0x0808, 0x0809, 0x1009, 0x080A, 0x1009, 0x100A, 0x0809, 
  0x0008, 0x0008, 0x1009, 0x0809, 0x0809, 0x0809, 0x1009, 0x0809, 0x0809, 0x0809, 0x0809, 0x0809, 
  0x0809, 0x0809, 0x080A, 0x1009, 0x0809, 0x0809, 0x0006, 0x0007, 0x1009, 0x0809, 0x0809, 0x1009, 
  0x100A, 0x0007, 0x0007, 0x1009, 0x1009, 0x1009, 0x1009, 0x0809, 0x0809, 0x0809, 0x0809, 0x0809, 
  0x0809, 0x0808, 0x1008, 0x704D, 0x302C, 0x0008, 0x0808, 0x0809, 0x0809, 0x0809, 0x0809, 0x0809, 
  0x0809, 0x0809, 0x0808, 0x0809, 0x1009, 0x0809, 0x1009, 0x1009, 0x0808, 0x0809, 0x0809, 0x0809, 
  0x0809, 0x0809, 0x1009, 0x0006, 0x0808, 0x080A, 0x0809, 0x1009, 0x080A, 0x080A, 0x080A, 0x0809, 
  0x0809, 0x1009, 0x0809, 0x0809, 0x0807, 0x0808, 0x080A, 0x100A, 0x080A, 0x0809, 0x100A, 0x0809, 
  0x0809, 0x0809, 0x0809, 0x100A, 0x0008, 0x0006, 0x0809, 0x1009, 0x1009, 0x0809, 0x1009, 0x1009, 
  0x1009, 0x1009, 0x1009, 0x0809, 0x0809, 0x1009, 0x1008, 0x0809, 0x080A, 0x080A, 0x0808, 0x0007, 
  0x1009, 0x080A, 0x0809, 0x080A, 0x080A, 0x0809, 0x080A, 0x080A, 0x080A, 0x0809, 0x100A, 0x0808, 
  0x0008, 0x080A, 0x080A, 0x1009, 0x080A, 0x1009, 0x1009, 0x0006, 0x0007, 0x1009, 0x0809, 0x1009, 
  0x0809, 0x1009, 0x0809, 0x0809, 0x0809, 0x0809, 0x0809, 0x1009, 0x0809, 0x0809, 0x0809, 0x0809, 
  0x0809, 0x0809, 0x0809, 0x1009, 0x0807, 0x0006, 0x0809, 0x100A, 0x080A, 0x080A, 0x1009, 0x080A, 
  0x0008, 0x0006, 0x0809, 0x100A, 0x0809, 0x0809, 0x1009, 0x080A, 0x0809, 0x0809, 0x080A, 0x0809, 
  0x0809, 0x0808, 0x0809, 0x080A, 0x0809, 0x0808, 0x0809, 0x0809, 0x0809, 0x080A, 0x1009, 0x1009, 
  0x0809, 0x0809, 0x0809, 0x0809, 0x0809, 0x0809, 0x0809, 0x0809, 0x0809, 0x0809, 0x4033, 0x3831, 
  0x0808, 0x0809, 0x1009, 0x4113, 0x288F, 0x0808, 0x0809, 0x0809, 0x0809, 0x080A, 0x080A, 0x0009, 
  0x0009, 0x0809, 0x1009, 0x0809, 0x080A, 0x0809, 0x180A, 0x100A, 0x0809, 0x1009, 0x0809, 0x0809, 
  0x0809, 0x0809, 0x0809, 0x0809, 0x1009, 0x0809, 0x0809, 0x0809, 0x102A, 0x3830, 0x180A, 0x0809, 
  0x080A, 0x080A, 0x1009, 0x0809, 0x180C, 0x180D, 0x0809, 0x0809, 0x0809, 0x0809, 0x1009, 0x184A, 
  0x1049, 0x1008, 0x0809, 0x0808, 0x0007, 0x1008, 0xE39F, 0x4910, 0x0005, 0x0808, 0x0807, 0x0808, 
  0x0808, 0x0808, 0x0808, 0x0808, 0x0006, 0x182B, 0x707D, 0x202D, 0x0006, 0x0808, 0x1008, 0x1008, 
  0x0008, 0x0006, 0x0807, 0x1008, 0x0808, 0x0808, 0x0808, 0x0809, 0x0006, 0x182B, 0xA19F, 0x3870, 
  0x0005, 0x1008, 0x1008, 0x0808, 0x0808, 0x0808, 0x1028, 0x200A, 0x0808, 0x0808, 0x0808, 0x2029, 
  0x2848, 0x0807, 0x0806, 0x0807, 0x0808, 0x0808, 0x0808, 0x0808, 0x0808, 0x0808, 0x0809, 0x0808, 
  0x1807, 0x1807, 0x0808, 0x0808, 0x0808, 0x0808, 0x0808, 0x0808, 0x0808, 0x0805, 0x1009, 0x4057, 
  0x2830, 0x0007, 0x0809, 0x0808, 0x0808, 0x0809, 0x0808, 0x0808, 0x0008, 0x0808, 0x0808, 0x0809, 
  0x0808, 0x0808, 0x0808, 0x0808, 0x0808, 0x0808, 0x1806, 0x1807, 0x0808, 0x0809, 0x0808, 0x0808, 
  0x0809, 0x0808, 0x20CC, 0x104A, 0x0806, 0x1008, 0x1008, 0x0808, 0x0008, 0x60AD, 0x60AC, 0x0007, 
  0x0808, 0x0808, 0x1008, 0x0808, 0x0807, 0x0004, 0x0005, 0x0808, 0x0808, 0x0808, 0x0007, 0x606C, 
  0x382B, 0x0006, 0x0808, 0x0808, 0x0808, 0x0809, 0x0808, 0x0809, 0x0808, 0x0808, 0x0806, 0x0807, 
  0x0808, 0x0808, 0x0808, 0x1008, 0x0808, 0x0008, 0x0808, 0x0808, 0x0809, 0x0808, 0x0808, 0x5897, 
  0x4853, 0x0006, 0x0809, 0x0808, 0x1009, 0x0809, 0x0008, 0x0005, 0x0808, 0x1008, 0x0808, 0x0807, 
  0x180A, 0x100A, 0x0808, 0x0809, 0x0808, 0x1008, 0x0809, 0x0809, 0x1007, 0x0807, 0x0808, 0x0807, 
  0x204A, 0x38CC, 0x1028, 0x0808, 0x0808, 0x1008, 0x0808, 0x0808, 0x0808, 0x0808, 0x0808, 0x0808, 
  0x0808, 0x1007, 0x1806, 0x1007, 0x0808, 0x0007, 0x204C, 0x591B, 0x184D, 0x0007, 0x1009, 0x0808, 
  0x0808, 0x0809, 0x0808, 0x0808, 0x0809, 0x0808, 0x0808, 0x1009, 0x180B, 0x0809, 0x0808, 0x1009, 
  0x1008, 0x0808, 0x0005, 0x7133, 0x408E, 0x0004, 0x1008, 0x0807, 0x0807, 0x0808, 0x0808, 0x0808, 
  0x0809, 0x0809, 0x0808, 0x0809, 0x0809, 0x0808, 0x0807, 0x1006, 0x1007, 0x0808, 0x0808, 0x0807, 
  0x202C, 0x3892, 0x0809, 0x0808, 0x0809, 0x0809, 0x0809, 0x0007, 0x284C, 0x7914, 0x182A, 0x0008, 
  0x1009, 0x1009, 0x0809, 0x0809, 0x0808, 0x0808, 0x0808, 0x1007, 0x2005, 0x1807, 0x0808, 0x0807, 
  0x100B, 0x50DA, 0x204E, 0x0006, 0x0808, 0x0808, 0x0808, 0x0809, 0x0808, 0x0808, 0x1009, 0x1008, 
  0x0808, 0x0808, 0x0809, 0x0809, 0x0808, 0x0008, 0x685B, 0x5856, 0x0006, 0x0807, 0x1009, 0x827F, 
  0x4914, 0x0005, 0x0808, 0x0808, 0x0808, 0x0808, 0x0008, 0x1827, 0x3847, 0x0808, 0x0808, 0x1008, 
  0x0007, 0x100A, 0x685B, 0x3011, 0x0006, 0x0829, 0x0808, 0x0808, 0x0808, 0x0808, 0x0808, 0x0808, 
  0x0808, 0x0808, 0x0809, 0x0006, 0x282D, 0xA0BF, 0x200C, 0x0006, 0x0808, 0x0809, 0x0809, 0x0007, 
  0x280F, 0x603C, 0x180C, 0x0006, 0x1008, 0x1008, 0x1008, 0x104A, 0x1049, 0x0809, 0x0808, 0x0808, 
  0x0808, 0x1009, 0x388D, 0x182A, 0x0807, 0x0808, 0x0808, 0x0808, 0x0808, 0x0808, 0x0808, 0x0808, 
  0x0807, 0x1009, 0x280F, 0x1009, 0x0807, 0x0808, 0x0809, 0x0008, 0x2849, 0x712C, 0x1829, 0x0008, 
  0x0808, 0x0809, 0x0808, 0x0808, 0x0808, 0x0807, 0x306F, 0x204C, 0x0007, 0x0808, 0x1008, 0x1008, 
  0x0808, 0x0006, 0x486F, 0xA8FA, 0x0809, 0x0807, 0x1008, 0x0007, 0x0007, 0x0809, 0x3830, 0x180B, 
  0x0007, 0x0808, 0x0808, 0x0808, 0x0808, 0x0808, 0x0808, 0x0007, 0xD18E, 0xB12C, 0x0006, 0x0808, 
  0x0808, 0x0808, 0x0808, 0x0808, 0x1008, 0x0005, 0x0004, 0x080A, 0x100B, 0x0808, 0x0808, 0x0808, 
  0x0808, 0x0808, 0x0808, 0x0005, 0xAA7A, 0x8197, 0x0005, 0x0808, 0x0808, 0x0809, 0x0809, 0x0808, 
  0x0808, 0x0808, 0x1007, 0x1006, 0x0808, 0x0809, 0x0808, 0x1008, 0x0808, 0x0808, 0x835F, 0x3952, 
  0x0004, 0x0808, 0x0808, 0x0808, 0x0007, 0x9930, 0x910F, 0x0007, 0x0808, 0x1009, 0x0808, 0x0007, 
  0x104A, 0x31B3, 0x18CD, 0x0006, 0x0808, 0x1008, 0x1008, 0x0027, 0x0027, 0x1007, 0x1008, 0x0807, 
  0x0007, 0x0808, 0x0808, 0x1008, 0x0808, 0x0808, 0x4875, 0x3050, 0x0006, 0x0808, 0x0808, 0x1008, 
  0x0807, 0x0005, 0x0007, 0x0808, 0x0808, 0x0808, 0x0808, 0x58B8, 0x4073, 0x0006, 0x0809, 0x0808, 
  0x1008, 0x0008, 0x1808, 0x99CF, 0x1008, 0x0008, 0x0807, 0x0809, 0x6079, 0x4054, 0x0007, 0x0808, 
  0x0808, 0x1009, 0x0809, 0x0809, 0x1806, 0x1806, 0x0008, 0x0004, 0x82B2, 0xFF3F, 0x206A, 0x0006, 
  0x0809, 0x0808, 0x0808, 0x0808, 0x0808, 0x0808, 0x0809, 0x1008, 0x0808, 0x0807, 0x1007, 0x0807, 
  0x0808, 0x0006, 0x184D, 0x595C, 0x184D, 0x0006, 0x0809, 0x0809, 0x0809, 0x0807, 0x0808, 0x0808, 
  0x0808, 0x0808, 0x0006, 0x3031, 0x607A, 0x0808, 0x0007, 0x0808, 0x0808, 0x0808, 0x40AE, 0xFCFF, 
  0xD37C, 0x288B, 0x0006, 0x202C, 0x200C, 0x0006, 0x0808, 0x0008, 0x0006, 0x0808, 0x1008, 0x0808, 
  0x0809, 0x0008, 0x0806, 0x2005, 0x1807, 0x0808, 0x0808, 0x0006, 0x3071, 0x511A, 0x0809, 0x0807, 
  0x0808, 0x0808, 0x0809, 0x0006, 0x388E, 0xA9BA, 0x204B, 0x0008, 0x0809, 0x0809, 0x0809, 0x0808, 
  0x0809, 0x0809, 0x0008, 0x1006, 0x1805, 0x1006, 0x0808, 0x0007, 0x100B, 0x50BA, 0x182D, 0x0006, 
  0x0808, 0x0809, 0x0809, 0x1008, 0x0809, 0x0808, 0x0808, 0x0809, 0x0808, 0x0809, 0x0809, 0x0808, 
  0x0808, 0x0809, 0x100A, 0x100A, 0x0809, 0x0809, 0x0808, 0x100B, 0x1009, 0x0808, 0x0808, 0x0808, 
  0x0808, 0x0808, 0x0007, 0x8068, 0xF98B, 0x1006, 0x0008, 0x0808, 0x0808, 0x100A, 0x4015, 0x200D, 
  0x0806, 0x0808, 0x0808, 0x0808, 0x0808, 0x0808, 0x0808, 0x0808, 0x0808, 0x0808, 0x0808, 0x0007, 
  0x180A, 0x4853, 0x180A, 0x0807, 0x1008, 0x1008, 0x1009, 0x0807, 0x100B, 0x2831, 0x100B, 0x0007, 
  0x0808, 0x0808, 0x0808, 0x106A, 0x1049, 0x0808, 0x0808, 0x0808, 0x0808, 0x0808, 0x0005, 0x0007, 
  0x0808, 0x0808, 0x0807, 0x0808, 0x0808, 0x0807, 0x0808, 0x0808, 0x0808, 0x0807, 0x0005, 0x0807, 
  0x0808, 0x0808, 0x0808, 0x0006, 0x710B, 0xFBB5, 0x3068, 0x0007, 0x0808, 0x0006, 0x0005, 0x0808, 
  0x0808, 0x0807, 0x0005, 0x0006, 0x1008, 0x0808, 0x0808, 0x0808, 0x0808, 0x0007, 0x282B, 0x5070, 
  0x1008, 0x0808, 0x0808, 0x0808, 0x0807, 0x0809, 0x3831, 0x180B, 0x0807, 0x0808, 0x0808, 0x0005, 
  0x0006, 0x0808, 0x0808, 0x0007, 0x70EB, 0x58AA, 0x0007, 0x0808, 0x0808, 0x0808, 0x0808, 0x0808, 
  0x0006, 0x2827, 0x5066, 0x0004, 0x0007, 0x0808, 0x0808, 0x0808, 0x0808, 0x0008, 0x0007, 0x8AB5, 
  0xFE9F, 0xFD7F, 0x6170, 0x0005, 0x0808, 0x0007, 0x0006, 0x0808, 0x0808, 0x0008, 0x0808, 0x0807, 
  0x0808, 0x0808, 0x0809, 0x0808, 0x0807, 0x0828, 0x28F0, 0x104A, 0x0807, 0x0808, 0x0808, 0x0808, 
  0x0808, 0x0006, 0x0006, 0x0808, 0x0808, 0x0808, 0x0808, 0x0005, 0x18CF, 0x853F, 0x3A99, 0x0003, 
  0x0808, 0x0808, 0x0808, 0x0007, 0x0807, 0x1007, 0x0007, 0x2008, 0x90AE, 0x2049, 0x0007, 0x0808, 
  0x0808, 0x0808, 0x3853, 0x282F, 0x0007, 0x0808, 0x1008, 0x0008, 0x3026, 0xA9EC, 0x48C9, 0x0007, 
  0x0808, 0x0808, 0x0808, 0x0006, 0x0007, 0x0808, 0x0808, 0x0006, 0x0007, 0x0808, 0xD2D1, 0xFD5A, 
  0xAA0F, 0x0006, 0x0007, 0x0809, 0x3030, 0x202E, 0x0808, 0x0808, 0x0808, 0x0808, 0x0808, 0x0808, 
  0x1006, 0x1007, 0x0008, 0x0006, 0x494C, 0x8B54, 0x1849, 0x0007, 0x0808, 0x0809, 0x0808, 0x0808, 
  0x0808, 0x0808, 0x0808, 0x0808, 0x0808, 0x0007, 0x0807, 0x0808, 0x0808, 0x0808, 0x0808, 0x0006, 
  0x0807, 0x0808, 0x0809, 0x0008, 0x0006, 0x1007, 0x0807, 0x0808, 0x0808, 0x0808, 0x0807, 0x200C, 
  0x284F, 0x0808, 0x0809, 0x0808, 0x0007, 0x1809, 0xF2BE, 0xFE7F, 0xFD7F, 0xA9F9, 0x0004, 0x180B, 
  0x180B, 0x0006, 0x0007, 0x3849, 0xB14D, 0x2029, 0x0008, 0x0808, 0x0808, 0x0007, 0x0004, 0x1005, 
  0x0807, 0x0808, 0x0808, 0x1008, 0x0808, 0x0807, 0x0808, 0x0809, 0x0006, 0x0808, 0x0808, 0x0808, 
  0x0807, 0x0006, 0x0808, 0x0808, 0x0808, 0x0808, 0x0808, 0x0809, 0x0808, 0x0808, 0x0808, 0x0008, 
  0x0807, 0x0807, 0x0808, 0x0808, 0x0808, 0x0007, 0x0808, 0x0808, 0x0808, 0x0808, 0x0809, 0x0808, 
  0x0809, 0x0808, 0x1008, 0x0808, 0x0006, 0x0007, 0x1008, 0x0808, 0x0808, 0x0809, 0x0807, 0x0807, 
  0x1008, 0x0808, 0x0808, 0x0006, 0x0807, 0x0809, 0x0808, 0x0807, 0x0808, 0x0006, 0x6089, 0xF9AD, 
  0xF9EC, 0xB929, 0x0007, 0x0008, 0x0808, 0x0808, 0x0005, 0x0807, 0x0808, 0x0808, 0x0808, 0x1008, 
  0x0808, 0x0004, 0x0006, 0x0809, 0x0808, 0x0808, 0x0808, 0x0006, 0x0807, 0x0005, 0x0808, 0x1008, 
  0x1008, 0x0808, 0x0809, 0x1009, 0x0808, 0x0005, 0x0807, 0x0809, 0x0808, 0x0809, 0x0809, 0x1049, 
  0x1049, 0x0808, 0x0808, 0x0808, 0x0808, 0x0808, 0x0808, 0x0808, 0x0808, 0x0808, 0x0808, 0x0807, 
  0x0807, 0x0808, 0x0808, 0x0808, 0x0808, 0x0808, 0x0808, 0x0808, 0x0807, 0x0808, 0x0808, 0x0007, 
  0x2848, 0x68EA, 0x1028, 0x0008, 0x0807, 0x180A, 0x302F, 0x1009, 0x0807, 0x0808, 0x0808, 0x0808, 
  0x0808, 0x0808, 0x0807, 0x0808, 0x0808, 0x0808, 0x0007, 0x0005, 0x0808, 0x1008, 0x0808, 0x0808, 
  0x0808, 0x0808, 0x0807, 0x0808, 0x0808, 0x0808, 0x0007, 0x48B4, 0x304E, 0x0005, 0x1007, 0x0808, 
  0x0006, 0x0007, 0x0808, 0x0808, 0x0808, 0x0808, 0x0809, 0x0007, 0x2888, 0xE331, 0xFB71, 0x2846, 
  0x0007, 0x0808, 0x0808, 0x0808, 0x0808, 0x0007, 0x0808, 0xD3DC, 0xFEDF, 0xFEBF, 0x9A57, 0x0004, 
  0x0007, 0x180C, 0x200C, 0x0808, 0x0808, 0x0808, 0x0807, 0x0808, 0x0808, 0x0808, 0x0808, 0x0006, 
  0x0807, 0x0808, 0x0004, 0x0806, 0x1009, 0x0808, 0x0808, 0x0808, 0x0807, 0x0807, 0x0007, 0x0808, 
  0x0808, 0x0808, 0x0808, 0x0806, 0x108D, 0x5B9E, 0x29D4, 0x0004, 0x0808, 0x0808, 0x0808, 0x0808, 
  0x0808, 0x0807, 0x0007, 0x2008, 0x80AD, 0x2029, 0x0008, 0x0808, 0x0809, 0x0808, 0x0006, 0x0808, 
  0x0809, 0x0808, 0x0808, 0x0006, 0x4846, 0xFC95, 0x99AC, 0x0006, 0x0808, 0x0808, 0x0808, 0x0807, 
  0x0808, 0x0808, 0x1009, 0x280E, 0x0809, 0x0807, 0xAA2E, 0xFC75, 0x91CE, 0x0007, 0x0008, 0x0808, 
  0x0006, 0x0807, 0x0809, 0x0808, 0x0808, 0x0807, 0x1007, 0x1007, 0x0808, 0x0808, 0x0808, 0x0808, 
  0x0005, 0x0002, 0x0807, 0x0807, 0x0807, 0x0809, 0x0808, 0x1009, 0x0808, 0x0808, 0x0808, 0x0808, 
  0x0808, 0x0808, 0x0808, 0x0808, 0x0808, 0x0808, 0x0808, 0x0807, 0x0808, 0x0808, 0x0807, 0x108A, 
  0x20CC, 0x0807, 0x0807, 0x0808, 0x0808, 0x0808, 0x1009, 0x0807, 0x0006, 0x0808, 0x0808, 0x0808, 
  0x0808, 0x0808, 0x408D, 0xFC3F, 0xCB3C, 0x2049, 0x0007, 0x0807, 0x0807, 0x0808, 0x0007, 0x3048, 
  0x992C, 0x2028, 0x0007, 0x1008, 0x0806, 0x182D, 0x3834, 0x1009, 0x0007, 0x1008, 0x1008, 0x0809, 
  0x0807, 0x0807, 0x0808, 0x0809, 0x200D, 0x100A, 0x0808, 0x0808, 0x0808, 0x0808, 0x0808, 0x1008, 
  0x1009, 0x0008, 0x0006, 0x0808, 0x1008, 0x0808, 0x0808, 0x0809, 0x0006, 0x0003, 0x0007, 0x0808, 
  0x0808, 0x0807, 0x0808, 0x1009, 0x0808, 0x0006, 0x0007, 0x1009, 0x0808, 0x0808, 0x0809, 0x0807, 
  0x50EB, 0x204A, 0x0808, 0x0808, 0x1008, 0x0808, 0x0808, 0x0808, 0x0809, 0x0809, 0x0808, 0x0808, 
  0x0808, 0x0808, 0x0809, 0x0808, 0x0808, 0x0006, 0x4867, 0xD94B, 0xFA0C, 0xA129, 0x0004, 0x0006, 
  0x0808, 0x0808, 0x0807, 0x0808, 0x0808, 0x0808, 0x0809, 0x0807, 0x0006, 0xB394, 0x92F2, 0x0006, 
  0x0808, 0x0807, 0x1009, 0x200F, 0x1009, 0x0807, 0x0808, 0x1008, 0x0808, 0x0006, 0x0007, 0x0808, 
  0x0808, 0x0808, 0x0808, 0x0808, 0x0808, 0x0808, 0x0808, 0x104A, 0x1049, 0x0808, 0x0808, 0x0808, 
  0x0808, 0x0808, 0x0808, 0x0808, 0x0808, 0x0808, 0x0808, 0x0006, 0x0003, 0x0808, 0x0808, 0x0808, 
  0x0808, 0x0008, 0x0807, 0x0808, 0x0808, 0x0808, 0x0808, 0x0808, 0x0007, 0x0006, 0x0808, 0x0808, 
  0x0005, 0x3051, 0x70BE, 0x182B, 0x0006, 0x0808, 0x0808, 0x0808, 0x0808, 0x0808, 0x0005, 0x0007, 
  0x0808, 0x0808, 0x0808, 0x0808, 0x0808, 0x0808, 0x0808, 0x0808, 0x0808, 0x0808, 0x0808, 0x0808, 
  0x0808, 0x0807, 0x0007, 0x5096, 0x3850, 0x0804, 0x1007, 0x0808, 0x0808, 0x0808, 0x0808, 0x0808, 
  0x0808, 0x0808, 0x0807, 0x0007, 0x38A9, 0xFBD3, 0xFB92, 0x2848, 0x0007, 0x0808, 0x0808, 0x1008, 
  0x0808, 0x1008, 0x0007, 0x1008, 0xF33E, 0xCABB, 0x0007, 0x0007, 0x0005, 0x5014, 0x4834, 0x0006, 
  0x0808, 0x0808, 0x0808, 0x0808, 0x0808, 0x0808, 0x0007, 0x40B4, 0x3091, 0x0007, 0x0807, 0x0808, 
  0x0808, 0x0808, 0x0808, 0x0807, 0x0807, 0x0807, 0x0807, 0x0808, 0x0808, 0x0808, 0x0808, 0x0808, 
  0x0808, 0x0809, 0x0808, 0x0808, 0x0808, 0x0807, 0x0808, 0x0007, 0x0006, 0x0808, 0x1008, 0x0808, 
  0x0007, 0x0808, 0x1008, 0x0808, 0x0808, 0x0808, 0x0808, 0x0808, 0x0808, 0x0808, 0x0808, 0x0008, 
  0x2847, 0xAA0D, 0x40C9, 0x0007, 0x0808, 0x0808, 0x0808, 0x0808, 0x0808, 0x0807, 0x180A, 0x4034, 
  0x100A, 0x0006, 0x0005, 0x70CA, 0x0007, 0x0009, 0x0808, 0x1008, 0x0809, 0x0808, 0x0807, 0x0006, 
  0x0808, 0x0808, 0x1806, 0x1007, 0x0808, 0x0808, 0x0808, 0x0808, 0x0808, 0x0807, 0x0007, 0x280E, 
  0x280F, 0x0808, 0x0808, 0x0809, 0x0808, 0x0809, 0x0808, 0x0808, 0x0808, 0x1009, 0x0808, 0x0006, 
  0x0006, 0x1008, 0x0808, 0x0808, 0x0808, 0x0808, 0x0806, 0x192D, 0x5298, 0x0807, 0x0807, 0x0808, 
  0x0808, 0x1009, 0x0808, 0x0808, 0x0808, 0x1008, 0x1009, 0x0807, 0x0808, 0x0808, 0x0004, 0x6913, 
  0x408E, 0x0005, 0x0808, 0x0808, 0x0808, 0x1008, 0x1008, 0x0008, 0x0007, 0x0808, 0x0808, 0x0808, 
  0x0807, 0x202D, 0x3834, 0x100A, 0x0808, 0x0808, 0x1009, 0x0808, 0x0808, 0x0808, 0x0807, 0x100A, 
  0x603A, 0x202E, 0x0007, 0x1008, 0x0808, 0x0808, 0x0808, 0x1008, 0x0007, 0x1848, 0x60EB, 0x0005, 
  0x0808, 0x1008, 0x0809, 0x0006, 0x292C, 0x8C19, 0x188B, 0x0006, 0x0808, 0x0808, 0x0808, 0x0008, 
  0x2849, 0xC9F3, 0x408B, 0x0007, 0x0809, 0x0808, 0x0809, 0x0006, 0xE293, 0x58EC, 0x0008, 0x0808, 
  0x0808, 0x0808, 0x0808, 0x0808, 0x1008, 0x0808, 0x0808, 0x0808, 0x0808, 0x0808, 0x0808, 0x0808, 
  0x0007, 0x0808, 0x0006, 0x5026, 0xE969, 0x0807, 0x102E, 0x100B, 0x0807, 0x0808, 0x0808, 0x0808, 
  0x0808, 0x0808, 0x0808, 0x0807, 0x0007, 0xC3F6, 0x9B54, 0x0005, 0x0808, 0x0806, 0x180C, 0x3837, 
  0x100C, 0x0807, 0x1008, 0x0008, 0x0007, 0x780B, 0x6009, 0x0006, 0x0808, 0x1008, 0x0808, 0x1008, 
  0x0808, 0x0808, 0x0808, 0x104A, 0x1049, 0x0808, 0x0007, 0x0007, 0x0808, 0x0808, 0x0808, 0x0807, 
  0x0808, 0x0808, 0x0005, 0x494B, 0xC3D4, 0x1848, 0x0007, 0x0808, 0x0807, 0x1006, 0x0807, 0x0807, 
  0x0808, 0x0808, 0x0808, 0x0808, 0x0808, 0x0808, 0x0808, 0x0808, 0x0807, 0x100A, 0x284E, 0x1009, 
  0x0807, 0x0007, 0x0807, 0x0808, 0x0807, 0x0808, 0x3852, 0x202D, 0x0006, 0x0808, 0x0808, 0x0808, 
  0x0808, 0x0808, 0x0808, 0x0007, 0x0808, 0x0808, 0x0808, 0x0808, 0x0808, 0x0808, 0x0808, 0x0006, 
  0x0807, 0x1007, 0x1007, 0x0808, 0x0808, 0x0808, 0x0808, 0x0808, 0x0808, 0x0807, 0x0807, 0x0807, 
  0x0005, 0x58A8, 0x58AA, 0x0007, 0x0808, 0x0808, 0x0808, 0x0007, 0x0006, 0x0808, 0x0007, 0x0006, 
  0x508F, 0x406D, 0x0005, 0x0807, 0x0807, 0x200C, 0x200C, 0x0808, 0x0807, 0x0808, 0x0807, 0x0808, 
  0x0808, 0x0808, 0x0807, 0x4095, 0x3071, 0x0006, 0x0808, 0x0808, 0x0808, 0x0808, 0x0807, 0x0807, 
  0x0808, 0x0807, 0x0007, 0x0808, 0x0807, 0x0808, 0x0808, 0x0808, 0x0807, 0x0805, 0x0807, 0x0808, 
  0x0808, 0x0808, 0x0007, 0x5069, 0x78AB, 0x0007, 0x0007, 0x0808, 0x0808, 0x0808, 0x0808, 0x0808, 
  0x0808, 0x0808, 0x0808, 0x0808, 0x0808, 0x0808, 0x0808, 0x0808, 0x0007, 0x0005, 0x0007, 0x0808, 
  0x0808, 0x0808, 0x0807, 0x0808, 0x0808, 0x0808, 0x0808, 0x0808, 0x0808, 0x1008, 0x0008, 0x0007, 
  0x0008, 0x1008, 0x1008, 0x0808, 0x0808, 0x0808, 0x1008, 0x1809, 0x0808, 0x0808, 0x0807, 0x0808, 
  0x0808, 0x0808, 0x0808, 0x0808, 0x0808, 0x0807, 0x0007, 0x3812, 0x3011, 0x0007, 0x0808, 0x0809, 
  0x0808, 0x0007, 0x0808, 0x0808, 0x0808, 0x1008, 0x0806, 0x592C, 0x8A10, 0x0808, 0x0808, 0x0808, 
  0x0808, 0x0808, 0x0807, 0x0869, 0x18CD, 0x0807, 0x0808, 0x0808, 0x0808, 0x0808, 0x0008, 0x0808, 
  0x0808, 0x0808, 0x0808, 0x180B, 0x1009, 0x0808, 0x1008, 0x0005, 0x0006, 0x1008, 0x0808, 0x0808, 
  0x0808, 0x1008, 0x0808, 0x0808, 0x0808, 0x0808, 0x0808, 0x0808, 0x0809, 0x0807, 0x0006, 0x0808, 
  0x0808, 0x1008, 0x0808, 0x0006, 0x0007, 0x1008, 0x0808, 0x0808, 0x180D, 0x100A, 0x0807, 0x0808, 
  0x0808, 0x0808, 0x0808, 0x0008, 0x0807, 0xB230, 0xFBF8, 0x58EB, 0x0006, 0x0808, 0x0808, 0x0006, 
  0x290C, 0x8419, 0x188B, 0x0006, 0x0808, 0x0808, 0x0808, 0x0008, 0x2849, 0xB9F3, 0x388B, 0x0007, 
  0x0808, 0x0809, 0x0808, 0x0808, 0x40AB, 0x202A, 0x0008, 0x0808, 0x0808, 0x0808, 0x0808, 0x0808, 
  0x0808, 0x0808, 0x0808, 0x0808, 0x0808, 0x0808, 0x0807, 0x1007, 0x3810, 0x280F, 0x0007, 0x1007, 
  0x1805, 0x0809, 0x4057, 0x202E, 0x0006, 0x0808, 0x0808, 0x0808, 0x0808, 0x0808, 0x0807, 0x0806, 
  0x0807, 0x0005, 0x0005, 0x0808, 0x0808, 0x0807, 0x0809, 0x100A, 0x1008, 0x0808, 0x0807, 0x0006, 
  0x2808, 0xFA96, 0xD1F4, 0x180A, 0x0008, 0x0808, 0x0808, 0x0808, 0x1008, 0x0807, 0x0007, 0x1049, 
  0x1049, 0x0008, 0x2028, 0x886B, 0x2007, 0x0007, 0x0808, 0x1009, 0x0808, 0x0808, 0x0006, 0x494B, 
  0xC3B4, 0x2048, 0x0007, 0x0808, 0x0807, 0x1005, 0x0806, 0x0808, 0x0808, 0x0807, 0x0807, 0x0807, 
  0x0808, 0x0807, 0x0808, 0x0808, 0x0808, 0x0806, 0x0006, 0x0807, 0x1007, 0x2807, 0x0808, 0x0808, 
  0x0808, 0x0808, 0x4876, 0x282F, 0x0005, 0x0807, 0x0807, 0x0808, 0x0808, 0x0808, 0x0807, 0x0007, 
  0x0808, 0x0808, 0x0807, 0x0808, 0x0008, 0x0006, 0x0007, 0x0807, 0x0807, 0x0808, 0x0807, 0x0808, 
  0x0807, 0x0808, 0x0004, 0x0005, 0x0808, 0x0807, 0x0807, 0x0808, 0x0807, 0x0007, 0x0007, 0x0808, 
  0x1008, 0x0808, 0x0006, 0x302D, 0x304D, 0x0007, 0x0808, 0x0808, 0x0005, 0x0006, 0x1008, 0x0808, 
  0x0808, 0x0007, 0x0006, 0x0808, 0x0808, 0x0807, 0x0005, 0x0808, 0x1008, 0x0808, 0x0808, 0x0006, 
  0x0006, 0x0807, 0x0807, 0x0808, 0x0808, 0x0006, 0x180C, 0x3031, 0x0807, 0x0807, 0x0807, 0x0808, 
  0x0006, 0x0007, 0x0808, 0x0807, 0x0808, 0x0808, 0x0808, 0x0807, 0x0007, 0x0807, 0x0006, 0x5869, 
  0x90AB, 0x0007, 0x0808, 0x0808, 0x0808, 0x0808, 0x0808, 0x0808, 0x0004, 0x0006, 0x1008, 0x0808, 
  0x0808, 0x0007, 0x0006, 0x0808, 0x0808, 0x0808, 0x0807, 0x0808, 0x0006, 0x180B, 0x4875, 0x100A, 
  0x0807, 0x0808, 0x0808, 0x0807, 0x0808, 0x0808, 0x0808, 0x0808, 0x0808, 0x0808, 0x0808, 0x0808, 
  0x1008, 0x0006, 0x4052, 0x5877, 0x0807, 0x0807, 0x0808, 0x0808, 0x0808, 0x0808, 0x0807, 0x0807, 
  0x0807, 0x0808, 0x0808, 0x0808, 0x0808, 0x0808, 0x0809, 0x0808, 0x0808, 0x100A, 0x0809, 0x0808, 
  0x0809, 0x0808, 0x0005, 0xA24F, 0xFBB7, 0x0808, 0x0008, 0x0808, 0x0808, 0x0808, 0x0808, 0x0807, 
  0x0005, 0x0808, 0x0808, 0x0808, 0x0808, 0x0007, 0x0006, 0x0808, 0x0809, 0x0808, 0x0808, 0x4813, 
  0x280D, 0x0007, 0x1008, 0x0808, 0x0006, 0x0005, 0x1008, 0x0808, 0x0809, 0x0807, 0x0007, 0x0808, 
  0x0808, 0x0808, 0x0807, 0x0006, 0x0807, 0x0808, 0x0807, 0x0809, 0x0808, 0x0807, 0x100A, 0x4032, 
  0x200C, 0x0807, 0x0808, 0x0808, 0x0006, 0x0807, 0x1008, 0x0808, 0x0008, 0x0808, 0x0808, 0x0008, 
  0x2848, 0xFB13, 0xFC99, 0xB9F0, 0x0005, 0x0808, 0x0808, 0x0808, 0x0007, 0x0004, 0x0807, 0x0808, 
  0x0808, 0x0808, 0x0808, 0x0808, 0x0808, 0x0006, 0x0008, 0x1009, 0x0809, 0x0808, 0x0808, 0x0808, 
  0x0007, 0x0008, 0x1008, 0x0808, 0x0808, 0x0808, 0x0808, 0x0809, 0x0808, 0x0006, 0x0807, 0x1009, 
  0x0808, 0x0808, 0x0007, 0x2007, 0x5011, 0x200D, 0x0006, 0x0007, 0x0006, 0x0807, 0x100B, 0x1009, 
  0x0808, 0x0808, 0x0807, 0x0808, 0x0808, 0x1807, 0x2008, 0x100A, 0x0808, 0x0808, 0x0808, 0x0808, 
  0x0808, 0x1008, 0x0807, 0x0807, 0x0808, 0x0809, 0x0807, 0x1007, 0x804D, 0xFF5E, 0xFE3D, 0x9053, 
  0x280A, 0x0007, 0x0808, 0x0808, 0x0808, 0x1009, 0x180B, 0x1049, 0x1069, 0x0008, 0x2028, 0x886B, 
  0x2007, 0x0007, 0x0809, 0x0807, 0x0007, 0x0807, 0x0809, 0x0006, 0x0004, 0x0807, 0x0806, 0x0005, 
  0x0807, 0x0807, 0x0807, 0x0808, 0x0808, 0x0808, 0x0807, 0x0808, 0x0808, 0x0808, 0x0808, 0x0807, 
  0x0808, 0x0808, 0x0807, 0x0008, 0x1807, 0x5005, 0x0004, 0x0007, 0x0808, 0x0808, 0x0008, 0x0808, 
  0x0808, 0x0808, 0x0808, 0x0808, 0x0808, 0x0005, 0x316E, 0x949F, 0x1029, 0x0006, 0x0808, 0x0007, 
  0x1828, 0xA9AC, 0x3868, 0x0007, 0x1008, 0x0808, 0x0808, 0x0807, 0x0808, 0x0006, 0x38F1, 0x30D1, 
  0x0007, 0x0807, 0x0807, 0x0808, 0x0808, 0x0807, 0x0808, 0x0807, 0x0808, 0x0808, 0x0006, 0x5072, 
  0x5072, 0x0006, 0x0808, 0x0808, 0x0807, 0x0808, 0x0808, 0x0808, 0x0808, 0x0808, 0x0807, 0x0808, 
  0x0006, 0x202C, 0x4052, 0x0808, 0x0807, 0x0808, 0x0808, 0x0806, 0x0807, 0x0006, 0x0006, 0x0808, 
  0x0807, 0x0005, 0x180C, 0x3031, 0x0807, 0x0807, 0x0807, 0x0007, 0x202E, 0x200D, 0x0807, 0x0808, 
  0x0808, 0x0808, 0x0808, 0x0807, 0x1006, 0x0807, 0x0807, 0x0006, 0x0006, 0x0808, 0x0808, 0x0808, 
  0x0808, 0x0808, 0x0806, 0x0808, 0x4237, 0x2930, 0x0005, 0x0808, 0x0006, 0x282E, 0x3852, 0x0808, 
  0x0808, 0x0808, 0x0807, 0x0807, 0x0807, 0x180A, 0x3851, 0x1009, 0x0808, 0x0808, 0x0807, 0x0007, 
  0x1008, 0x0808, 0x0808, 0x0808, 0x0807, 0x0005, 0x0006, 0x0808, 0x0808, 0x0807, 0x200D, 0x280E, 
  0x0808, 0x0808, 0x0808, 0x0808, 0x0808, 0x0008, 0x0007, 0x1006, 0x1006, 0x0808, 0x0808, 0x0005, 
  0x0004, 0x0808, 0x0808, 0x0007, 0x1008, 0x985A, 0x402F, 0x0006, 0x0809, 0x0808, 0x1008, 0x1007, 
  0x0807, 0x0808, 0x0808, 0x0808, 0x0808, 0x0808, 0x0808, 0x0808, 0x0808, 0x0808, 0x0807, 0x0807, 
  0x0007, 0x3869, 0xA16F, 0x1828, 0x0008, 0x0808, 0x0808, 0x200A, 0x1809, 0x0807, 0x0808, 0x0807, 
  0x20AC, 0x210E, 0x0807, 0x0808, 0x0007, 0x302C, 0x400D, 0x0808, 0x0808, 0x0808, 0x0807, 0x3833, 
  0x180B, 0x0807, 0x0808, 0x0808, 0x0808, 0x0007, 0x180B, 0x6036, 0x282E, 0x0006, 0x0808, 0x0808, 
  0x0808, 0x0808, 0x0808, 0x1007, 0x4009, 0x2009, 0x0007, 0x0808, 0x0007, 0x50EA, 0xB20F, 0x2027, 
  0x0008, 0x0808, 0x0808, 0x0808, 0x0807, 0x0807, 0x0807, 0x0808, 0x0807, 0x0808, 0x0808, 0x0808, 
  0x0808, 0x0808, 0x0808, 0x0808, 0x0808, 0x0808, 0x0808, 0x0807, 0x0808, 0x0808, 0x0808, 0x0808, 
  0x0808, 0x0808, 0x0808, 0x0808, 0x0005, 0x186B, 0x1008, 0x0007, 0x0808, 0x0808, 0x0007, 0x1007, 
  0x1007, 0x0007, 0x1008, 0x0808, 0x0006, 0x0004, 0x0006, 0x0807, 0x0808, 0x0807, 0x1807, 0x1008, 
  0x0807, 0x1006, 0x180A, 0x3814, 0x100A, 0x0806, 0x0808, 0x0808, 0x0807, 0x0807, 0x0007, 0x0007, 
  0x0807, 0x0007, 0x2009, 0xA04D, 0xFD59, 0xFFBC, 0xFF3B, 0xFEBF, 0xA152, 0x0006, 0x0008, 0x0808, 
  0x0005, 0x3010, 0x5839, 0x184A, 0x1848, 0x1008, 0x0808, 0x0006, 0x0808, 0x0808, 0x0808, 0x1008, 
  0x1009, 0x1008, 0x0808, 0x0808, 0x0808, 0x0806, 0x182B, 0x3073, 0x100A, 0x0007, 0x0807, 0x0807, 
  0x0808, 0x0807, 0x0807, 0x0808, 0x0807, 0x0808, 0x0006, 0x0005, 0x0807, 0x0808, 0x0807, 0x0808, 
  0x0806, 0x1026, 0x102A, 0x0807, 0x0807, 0x0808, 0x0808, 0x0808, 0x0808, 0x0808, 0x0807, 0x0807, 
  0x0807, 0x0005, 0x292E, 0x7BFD, 0x102A, 0x0006, 0x0808, 0x0007, 0x2027, 0xE24F, 0x40A9, 0x0007, 
  0x0808, 0x0808, 0x0808, 0x0807, 0x0808, 0x0006, 0x5178, 0x4958, 0x0006, 0x0807, 0x0807, 0x0807, 
  0x0807, 0x0807, 0x0808, 0x0808, 0x0808, 0x0808, 0x0807, 0x0809, 0x0808, 0x0807, 0x0808, 0x0808, 
  0x0808, 0x0807, 0x0807, 0x0808, 0x0808, 0x0807, 0x0808, 0x0807, 0x0006, 0x282D, 0x5076, 0x0808, 
  0x0807, 0x0807, 0x0808, 0x0808, 0x0807, 0x1809, 0x180B, 0x0807, 0x0807, 0x0806, 0x0807, 0x0807, 
  0x0807, 0x0807, 0x0807, 0x0006, 0x2831, 0x202D, 0x0806, 0x0808, 0x0808, 0x0808, 0x0808, 0x0806, 
  0x2005, 0x1007, 0x0808, 0x0807, 0x0808, 0x0808, 0x0808, 0x0808, 0x0808, 0x1008, 0x0806, 0x0828, 
  0x633E, 0x3994, 0x0004, 0x0807, 0x0005, 0x3050, 0x5077, 0x0808, 0x0008, 0x0808, 0x0007, 0x0006, 
  0x0808, 0x0807, 0x0007, 0x0807, 0x0808, 0x0808, 0x1008, 0x1008, 0x0808, 0x0808, 0x1008, 0x0807, 
  0x0004, 0x5915, 0x3090, 0x0004, 0x1008, 0x1008, 0x0006, 0x0006, 0x0007, 0x0007, 0x0808, 0x0808, 
  0x0808, 0x0808, 0x0807, 0x1007, 0x1008, 0x0808, 0x0002, 0x28F2, 0x3955, 0x0003, 0x0808, 0x0807, 
  0x1008, 0x7054, 0x300C, 0x0007, 0x0808, 0x1008, 0x1009, 0x0007, 0x0008, 0x0808, 0x0808, 0x0808, 
  0x0808, 0x0808, 0x0807, 0x0808, 0x0808, 0x0808, 0x0808, 0x0808, 0x0006, 0x386A, 0xA191, 0x1828, 
  0x0008, 0x0808, 0x0808, 0x0007, 0x0807, 0x0808, 0x0808, 0x0004, 0x4ADB, 0x5BDF, 0x0006, 0x0807, 
  0x0007, 0x382E, 0x5050, 0x0007, 0x0808, 0x0807, 0x0807, 0x3834, 0x180C, 0x0807, 0x0808, 0x1008, 
  0x0808, 0x0808, 0x0808, 0x1007, 0x0807, 0x0808, 0x0808, 0x0808, 0x0808, 0x0808, 0x0808, 0x1007, 
  0x5009, 0x2009, 0x0008, 0x1008, 0x0808, 0x0007, 0x0007, 0x0007, 0x0808, 0x0808, 0x0808, 0x0808, 
  0x0807, 0x0807, 0x0807, 0x0808, 0x0808, 0x0808, 0x0808, 0x0808, 0x0808, 0x0808, 0x0808, 0x0808, 
  0x0808, 0x0808, 0x0807, 0x0807, 0x0807, 0x0808, 0x0808, 0x0808, 0x1008, 0x0007, 0x0807, 0x0807, 
  0x186A, 0x8B3F, 0x4194, 0x0006, 0x0807, 0x0808, 0x0808, 0x0008, 0x0807, 0x0808, 0x0808, 0x0807, 
  0x0808, 0x180B, 0x0807, 0x0807, 0x0808, 0x0806, 0x0003, 0x0806, 0x0808, 0x0807, 0x0809, 0x200E, 
  0x0809, 0x0807, 0x0808, 0x0808, 0x0808, 0x0807, 0x0807, 0x1807, 0x0807, 0x0007, 0x1807, 0x804B, 
  0xF4F9, 0xFFFD, 0xFF5C, 0xFD5D, 0x88F1, 0x0006, 0x0007, 0x0808, 0x0007, 0x180C, 0x3012, 0x184A, 
  0x1069, 0x0808, 0x0808, 0x0808, 0x0808, 0x0808, 0x0006, 0x284D, 0x787B, 0x200B, 0x0006, 0x0807, 
  0x0807, 0x0006, 0x182D, 0x4098, 0x100A, 0x0806, 0x0807, 0x0808, 0x0007, 0x0006, 0x0006, 0x0007, 
  0x0808, 0x0006, 0x200C, 0x4032, 0x0808, 0x0807, 0x0808, 0x0807, 0x0003, 0x3032, 0x889F, 0x200D, 
  0x0004, 0x0808, 0x0808, 0x0808, 0x0808, 0x0808, 0x1007, 0x1806, 0x0807, 0x0808, 0x0807, 0x0006, 
  0x0807, 0x0808, 0x0807, 0x0808, 0x0807, 0x0006, 0x0006, 0x0808, 0x0808, 0x0808, 0x0807, 0x0807, 
  0x0807, 0x0807, 0x0807, 0x0807, 0x0807, 0x0807, 0x0807, 0x0808, 0x1028, 0x0006, 0x0807, 0x0807, 
  0x0807, 0x0807, 0x0807, 0x0006, 0x0006, 0x0807, 0x0807, 0x0807, 0x0807, 0x1008, 0x1008, 0x0807, 
  0x0807, 0x0807, 0x0807, 0x0807, 0x0807, 0x0007, 0x0006, 0x0807, 0x0807, 0x0807, 0x0807, 0x0807, 
  0x0006, 0x4012, 0x3811, 0x0005, 0x0006, 0x0807, 0x0006, 0x0806, 0x0007, 0x0807, 0x0807, 0x0806, 
  0x0807, 0x0806, 0x0807, 0x0807, 0x0807, 0x0807, 0x0007, 0x0806, 0x0806, 0x0807, 0x0807, 0x0807, 
  0x0807, 0x0807, 0x0807, 0x0807, 0x0807, 0x0807, 0x0807, 0x0807, 0x0006, 0x0006, 0x0807, 0x0807, 
  0x0806, 0x0006, 0x0806, 0x0807, 0x0807, 0x0006, 0x180A, 0x182A, 0x0007, 0x0807, 0x0007, 0x0808, 
  0x0808, 0x0006, 0x50F1, 0xBA39, 0x0807, 0x0007, 0x0808, 0x0006, 0x40B1, 0xC21F, 0x997E, 0x204D, 
  0x0006, 0x0808, 0x1008, 0x0807, 0x1827, 0x3048, 0x0808, 0x0808, 0x0808, 0x1806, 0x1005, 0x0807, 
  0x0008, 0x0807, 0x290E, 0x93BF, 0x9B9F, 0x28AF, 0x0007, 0x0807, 0x0808, 0x0006, 0x0007, 0x0808, 
  0x0808, 0x0808, 0x0808, 0x0807, 0x0808, 0x0808, 0x0807, 0x0807, 0x0807, 0x0007, 0x0808, 0x0808, 
  0x0807, 0x0808, 0x0808, 0x0808, 0x0808, 0x0007, 0x0006, 0x0008, 0x0808, 0x0807, 0x0808, 0x0808, 
  0x0007, 0x0807, 0x0807, 0x0005, 0x2132, 0x2995, 0x0006, 0x0806, 0x0807, 0x0807, 0x0007, 0x0807, 
  0x0807, 0x0807, 0x0807, 0x0006, 0x0007, 0x0808, 0x0808, 0x0808, 0x0808, 0x0808, 0x0807, 0x0006, 
  0x0007, 0x0808, 0x0808, 0x0808, 0x0808, 0x0808, 0x0808, 0x0807, 0x0807, 0x0007, 0x0808, 0x0808, 
  0x0808, 0x0808, 0x0008, 0x0807, 0x0808, 0x0808, 0x0807, 0x0807, 0x180A, 0x200B, 0x0807, 0x0807, 
  0x0007, 0x0807, 0x0808, 0x0807, 0x0808, 0x0807, 0x0808, 0x0807, 0x0806, 0x0005, 0x302C, 0x380D, 
  0x0006, 0x0807, 0x0808, 0x0807, 0x0808, 0x200B, 0x180A, 0x0003, 0x521B, 0x93DF, 0x7B3F, 0x104C, 
  0x0006, 0x0808, 0x0808, 0x0808, 0x0808, 0x0808, 0x0807, 0x0006, 0x180B, 0x5018, 0x100A, 0x0006, 
  0x0805, 0x0006, 0x0810, 0x080B, 0x0805, 0x0808, 0x0807, 0x0007, 0x0807, 0x0808, 0x0808, 0x0808, 
  0x0808, 0x0007, 0x5028, 0xB88C, 0x1007, 0x0008, 0x0808, 0x0006, 0x602D, 0xFE7D, 0xF57B, 0x8810, 
  0x1809, 0x0007, 0x0808, 0x0808, 0x0808, 0x0807, 0x0006, 0x1069, 0x1049, 0x0808, 0x0808, 0x0808, 
  0x0808, 0x0808, 0x0006, 0x200B, 0x4834, 0x1009, 0x0006, 0x0807, 0x0807, 0x0807, 0x0807, 0x0007, 
  0x0807, 0x0807, 0x0807, 0x0807, 0x0005, 0x4215, 0x4A35, 0x0004, 0x0807, 0x0004, 0x3011, 0x6059, 
  0x0807, 0x0807, 0x0807, 0x0003, 0x000C, 0x897E, 0xF63F, 0x6138, 0x0007, 0x0005, 0x0808, 0x0807, 
  0x0807, 0x0008, 0x1007, 0x3005, 0x2005, 0x0807, 0x0007, 0x0807, 0x0807, 0x0807, 0x0808, 0x0808, 
  0x0007, 0x0008, 0x0007, 0x0807, 0x0006, 0x0807, 0x0006, 0x0007, 0x0006, 0x0806, 0x0005, 0x0005, 
  0x0807, 0x0807, 0x0006, 0x1029, 0x184A, 0x0006, 0x0006, 0x0006, 0x0006, 0x0006, 0x0006, 0x0006, 
  0x0006, 0x0006, 0x0006, 0x0006, 0x0006, 0x1029, 0x1029, 0x0806, 0x0806, 0x0806, 0x0806, 0x0806, 
  0x0806, 0x0807, 0x0006, 0x0006, 0x0806, 0x0006, 0x0007, 0x0006, 0x0006, 0x1008, 0x1008, 0x0006, 
  0x0006, 0x0006, 0x0806, 0x0006, 0x0006, 0x0807, 0x0007, 0x0006, 0x0806, 0x0006, 0x0806, 0x0807, 
  0x0807, 0x0006, 0x0806, 0x0006, 0x0006, 0x0006, 0x0006, 0x0006, 0x0006, 0x0006, 0x0006, 0x0806, 
  0x0006, 0x0806, 0x0807, 0x0807, 0x0006, 0x0006, 0x0806, 0x0007, 0x0006, 0x0006, 0x0006, 0x0807, 
  0x0007, 0x0006, 0x182A, 0x182A, 0x0806, 0x0807, 0x0807, 0x0807, 0x0808, 0x0006, 0x306C, 0x6931, 
  0x0807, 0x0807, 0x0807, 0x0007, 0x899D, 0xD21F, 0xB9DF, 0x48B4, 0x0005, 0x0808, 0x0008, 0x0005, 
  0xDA71, 0xFB36, 0x0006, 0x0007, 0x0808, 0x1006, 0x1006, 0x0007, 0x0007, 0x0006, 0x5A3B, 0xB47F, 
  0xC43F, 0x69FD, 0x0006, 0x0007, 0x0808, 0x0007, 0x0807, 0x0808, 0x0808, 0x0807, 0x0007, 0x0807, 
  0x0007, 0x0007, 0x0807, 0x0807, 0x0007, 0x0807, 0x0007, 0x0807, 0x0007, 0x0807, 0x0807, 0x0807, 
  0x0807, 0x0807, 0x0007, 0x0008, 0x0807, 0x0807, 0x0808, 0x0007, 0x0807, 0x0807, 0x0007, 0x0807, 
  0x0005, 0x0004, 0x0806, 0x0807, 0x0007, 0x0007, 0x0007, 0x0007, 0x0008, 0x0807, 0x0007, 0x0807, 
  0x0808, 0x0808, 0x0807, 0x0808, 0x0807, 0x0807, 0x0807, 0x0807, 0x0808, 0x0808, 0x0807, 0x0808, 
  0x0007, 0x0007, 0x0007, 0x0007, 0x0008, 0x0808, 0x0007, 0x0808, 0x0808, 0x0808, 0x0808, 0x0808, 
  0x0007, 0x0808, 0x0008, 0x0007, 0x100A, 0x100A, 0x0007, 0x0007, 0x0007, 0x0808, 0x0807, 0x0007, 
  0x0807, 0x0808, 0x0807, 0x0807, 0x0806, 0x0005, 0x180A, 0x180A, 0x0807, 0x0007, 0x0807, 0x0006, 
  0x0007, 0x6054, 0x380E, 0x0003, 0x20AD, 0x7BBF, 0x4A39, 0x0027, 0x0007, 0x0808, 0x0808, 0x0808, 
  0x0808, 0x1008, 0x0808, 0x0807, 0x1009, 0x200D, 0x0809, 0x0806, 0x0002, 0x1871, 0x941F, 0x2935, 
  0x0001, 0x0807, 0x0808, 0x0807, 0x0808, 0x0808, 0x0807, 0x0808, 0x0808, 0x0007, 0x3028, 0x6849, 
  0x0807, 0x0808, 0x0808, 0x0007, 0x0807, 0xC173, 0xB152, 0x0007, 0x0007, 0x0807, 0x0808, 0x0808, 
  0x0808, 0x0808, 0x0808, 0x104A, 0x1049, 0x0808, 0x0808, 0x0808, 0x0808, 0x0808, 0x0807, 0x0807, 
  0x0005, 0x0007, 0x0807, 0x1006, 0x0806, 0x0807, 0x0807, 0x0806, 0x0807, 0x0807, 0x0807, 0x0004, 
  0x212F, 0x94FF, 0x9CDF, 0x3110, 0x0004, 0x0807, 0x0808, 0x0807, 0x0807, 0x0807, 0x0004, 0x200E, 
  0xA25D, 0xF6BD, 0xFFFD, 0xEDBE, 0x7998, 0x100B, 0x0006, 0x0808, 0x0809, 0x0008, 0x0807, 0x1806, 
  0x1806, 0x0807, 0x0808, 0x0808, 0x0807, 0x0807, 0x0808, 0x0808, 0x0808, 0x0007, 0x0007, 0x0007, 
  0x0007, 0x0806, 0x0006, 0x0806, 0x0806, 0x0006, 0x0806, 0x0806, 0x0806, 0x0806, 0x0806, 0x0806, 
  0x0006, 0x0806, 0x0006, 0x0006, 0x0806, 0x0807, 0x0806, 0x0806, 0x0806, 0x0806, 0x0806, 0x0806, 
  0x0806, 0x0006, 0x0806, 0x0806, 0x0806, 0x0806, 0x0806, 0x0806, 0x0806, 0x0806, 0x0806, 0x0806, 
  0x0806, 0x0006, 0x0806, 0x0006, 0x0806, 0x0004, 0x0005, 0x0006, 0x0805, 0x0806, 0x0806, 0x0806, 
  0x0806, 0x0806, 0x0806, 0x0806, 0x0806, 0x0806, 0x0006, 0x0806, 0x0006, 0x0806, 0x0006, 0x0006, 
  0x0006, 0x0006, 0x0806, 0x0806, 0x0806, 0x0806, 0x0806, 0x0006, 0x0806, 0x0806, 0x0806, 0x0806, 
  0x0806, 0x0806, 0x0806, 0x0807, 0x0006, 0x0806, 0x0806, 0x0806, 0x0806, 0x0806, 0x0006, 0x0005, 
  0x0806, 0x0806, 0x0807, 0x0807, 0x0807, 0x0807, 0x0006, 0x0005, 0x0808, 0x0808, 0x0808, 0x0007, 
  0x100A, 0x997E, 0x50B5, 0x0006, 0x0807, 0x0807, 0x0008, 0x0006, 0xA9CE, 0x918E, 0x0007, 0x0007, 
  0x0808, 0x0807, 0x0807, 0x0808, 0x0808, 0x0808, 0x0006, 0x6A39, 0x82DD, 0x100A, 0x0808, 0x0007, 
  0x0807, 0x0807, 0x0807, 0x0008, 0x0008, 0x0008, 0x0008, 0x0007, 0x0007, 0x0007, 0x0008, 0x0007, 
  0x0007, 0x0007, 0x0007, 0x0007, 0x0007, 0x0007, 0x0008, 0x0008, 0x0008, 0x0008, 0x0008, 0x0008, 
  0x0008, 0x0008, 0x0007, 0x0008, 0x0008, 0x0008, 0x0008, 0x0008, 0x0007, 0x0006, 0x0007, 0x0007, 
  0x0007, 0x0008, 0x0007, 0x0008, 0x0008, 0x0008, 0x0007, 0x0008, 0x0007, 0x0008, 0x0008, 0x0008, 
  0x0007, 0x0008, 0x0008, 0x0008, 0x0008, 0x0008, 0x0008, 0x0007, 0x0008, 0x0008, 0x0008, 0x0008, 
  0x0008, 0x0008, 0x0008, 0x0008, 0x0008, 0x0008, 0x0008, 0x0007, 0x0008, 0x0008, 0x0008, 0x0008, 
  0x0007, 0x0007, 0x0008, 0x0007, 0x0007, 0x0007, 0x0008, 0x0008, 0x0008, 0x0007, 0x0007, 0x0007, 
  0x0007, 0x0006, 0x0006, 0x0006, 0x0008, 0x0007, 0x0007, 0x0807, 0x0007, 0x180A, 0x1008, 0x0006, 
  0x0005, 0x28EF, 0x1029, 0x0005, 0x0808, 0x0808, 0x0807, 0x0808, 0x0808, 0x0808, 0x0808, 0x0808, 
  0x0807, 0x0006, 0x0807, 0x0006, 0x204F, 0x8ABE, 0xFFFF, 0x8BBA, 0x104B, 0x0807, 0x0807, 0x0808, 
  0x0808, 0x0807, 0x0807, 0x0808, 0x0808, 0x0808, 0x0008, 0x0007, 0x0808, 0x0808, 0x0808, 0x0808, 
  0x0006, 0x480B, 0x400A, 0x0006, 0x0007, 0x0807, 0x0808, 0x0808, 0x0808, 0x0808, 0x1009, 0x1049, 
  0x1069, 0x0808, 0x0808, 0x0808, 0x0008, 0x0808, 0x0807, 0x0807, 0x0007, 0x0007, 0x0807, 0x1005, 
  0x0806, 0x0807, 0x0807, 0x0807, 0x0807, 0x0807, 0x0807, 0x0003, 0x10CD, 0x8CDF, 0x8C5F, 0x18AE, 
  0x0005, 0x0808, 0x0807, 0x0006, 0x0807, 0x0807, 0x0003, 0x2812, 0xE41F, 0xFFFD, 0xFF3C, 0xFF7F, 
  0xCABF, 0x200E, 0x0003, 0x4075, 0x3853, 0x0006, 0x0008, 0x0007, 0x0007, 0x0808, 0x0808, 0x0006, 
  0x200D, 0x4835, 0x1008, 0x0807, 0x0807, 0x0807, 0x0006, 0x0807, 0x0005, 0x0005, 0x0006, 0x0005, 
  0x0006, 0x0006, 0x0006, 0x0006, 0x0006, 0x0006, 0x0006, 0x0006, 0x0006, 0x0005, 0x0006, 0x0006, 
  0x0006, 0x0005, 0x0005, 0x0006, 0x0006, 0x0005, 0x0006, 0x0006, 0x0005, 0x0006, 0x0005, 0x0005, 
  0x0006, 0x0005, 0x0006, 0x0005, 0x0006, 0x0006, 0x0006, 0x0006, 0x0006, 0x0006, 0x0006, 0x0006, 
  0x0006, 0x0006, 0x0006, 0x0005, 0x0006, 0x0005, 0x0006, 0x0006, 0x0006, 0x0006, 0x0006, 0x0006, 
  0x0006, 0x0006, 0x0006, 0x0006, 0x0006, 0x0005, 0x0005, 0x0005, 0x0006, 0x0005, 0x0005, 0x0006, 
  0x0006, 0x0006, 0x0005, 0x0006, 0x0006, 0x0006, 0x0006, 0x0006, 0x0006, 0x0006, 0x0006, 0x0006, 
  0x0005, 0x0006, 0x0006, 0x0006, 0x0005, 0x0006, 0x0806, 0x0006, 0x0006, 0x0006, 0x0006, 0x0807, 
  0x0807, 0x0807, 0x0807, 0x0808, 0x0808, 0x0808, 0x0807, 0x0808, 0x0006, 0x102A, 0x0808, 0x0006, 
  0x0808, 0x0808, 0x0808, 0x0808, 0x0007, 0x0005, 0x0807, 0x0807, 0x0808, 0x0808, 0x0808, 0x0808, 
  0x0808, 0x0808, 0x0005, 0x0809, 0x100A, 0x0006, 0x1008, 0x0807, 0x0807, 0x0007, 0x0007, 0x0006, 
  0x0006, 0x0006, 0x0006, 0x0006, 0x0006, 0x0006, 0x0006, 0x0006, 0x0006, 0x0006, 0x0006, 0x0006, 
  0x0006, 0x0006, 0x0006, 0x0006, 0x0006, 0x0006, 0x0007, 0x0006, 0x0006, 0x0006, 0x0007, 0x0006, 
  0x0006, 0x0007, 0x0006, 0x0006, 0x0006, 0x0006, 0x0006, 0x0006, 0x0006, 0x0006, 0x0006, 0x0006, 
  0x0006, 0x0006, 0x0006, 0x0007, 0x0007, 0x0006, 0x0006, 0x0006, 0x0006, 0x0007, 0x0007, 0x0006, 
  0x0006, 0x0006, 0x0006, 0x0006, 0x0006, 0x0006, 0x0006, 0x0006, 0x0006, 0x0006, 0x0006, 0x0007, 
  0x0007, 0x0007, 0x0006, 0x0006, 0x0006, 0x0007, 0x0006, 0x0007, 0x0006, 0x0006, 0x0006, 0x0007, 
  0x0006, 0x0006, 0x0007, 0x0006, 0x0006, 0x0006, 0x0006, 0x0006, 0x0006, 0x0006, 0x0006, 0x0005, 
  0x0005, 0x0006, 0x0006, 0x0006, 0x0007, 0x0006, 0x0005, 0x0807, 0x1009, 0x0005, 0x0007, 0x0007, 
  0x0006, 0x0808, 0x0808, 0x0808, 0x0808, 0x0808, 0x0006, 0x0807, 0x0808, 0x0808, 0x0005, 0x100C, 
  0x99BF, 0xFDFF, 0xFFFB, 0xFF5F, 0xAA9F, 0x0810, 0x0005, 0x0808, 0x0007, 0x280E, 0x4013, 0x0808, 
  0x0807, 0x0807, 0x0808, 0x0808, 0x0807, 0x0808, 0x0808, 0x0808, 0x0808, 0x0007, 0x0007, 0x0807, 
  0x0807, 0x0808, 0x0007, 0x0006, 0x0808, 0x0808, 0x0808, 0x1049, 0x1049, 0x0808, 0x0808, 0x0808, 
  0x0808, 0x0807, 0x0807, 0x0807, 0x0807, 0x0807, 0x0806, 0x0006, 0x0006, 0x0006, 0x0807, 0x0807, 
  0x0807, 0x0807, 0x0807, 0x0807, 0x0004, 0x39B4, 0x3191, 0x0003, 0x0808, 0x0807, 0x0808, 0x0808, 
  0x0807, 0x0807, 0x0806, 0x0004, 0x3853, 0xB33F, 0xFF7F, 0xC35E, 0x3832, 0x0006, 0x0006, 0x282F, 
  0x200D, 0x0007, 0x0807, 0x0807, 0x0808, 0x0808, 0x0807, 0x0006, 0x200D, 0x3833, 0x0808, 0x0807, 
  0x0807, 0x0807, 0x0006, 0x0804, 0x0849, 0x0974, 0x0933, 0x0933, 0x0932, 0x0932, 0x0932, 0x0932, 
  0x0932, 0x0912, 0x0912, 0x0932, 0x0932, 0x0911, 0x0912, 0x0931, 0x0932, 0x0911, 0x0932, 0x1111, 
  0x0932, 0x0931, 0x1132, 0x0932, 0x0932, 0x0912, 0x0932, 0x0931, 0x0931, 0x0932, 0x0931, 0x0931, 
  0x0932, 0x0931, 0x0912, 0x1131, 0x0932, 0x0912, 0x0931, 0x0932, 0x0931, 0x0911, 0x0912, 0x0932, 
  0x0912, 0x0911, 0x0931, 0x0931, 0x0931, 0x0931, 0x0932, 0x0912, 0x0912, 0x0931, 0x0931, 0x0931, 
  0x0932, 0x0931, 0x0931, 0x0931, 0x0931, 0x0912, 0x0932, 0x0932, 0x0912, 0x0932, 0x0912, 0x0931, 
  0x0931, 0x0932, 0x0932, 0x1132, 0x1132, 0x0932, 0x1132, 0x0932, 0x1133, 0x1132, 0x0932, 0x0932, 
  0x0932, 0x1112, 0x0912, 0x0913, 0x0933, 0x1153, 0x08CF, 0x0807, 0x0807, 0x0807, 0x0807, 0x0808, 
  0x0808, 0x0808, 0x0808, 0x0808, 0x0808, 0x0005, 0x0006, 0x0808, 0x0808, 0x0808, 0x0808, 0x0808, 
  0x0007, 0x0007, 0x0807, 0x0807, 0x0808, 0x0807, 0x0007, 0x0007, 0x0808, 0x0808, 0x1009, 0x0004, 
  0x0004, 0x1009, 0x1009, 0x0807, 0x0007, 0x0007, 0x0806, 0x88A5, 0xC0E6, 0xB8E6, 0xB0C6, 0xB0C6, 
  0xB8C6, 0xB0E6, 0xB106, 0xB8E6, 0xB906, 0xB106, 0xB106, 0xB106, 0xB106, 0xB0E6, 0xB8E7, 0xB906, 
  0xB106, 0xB106, 0xB0E6, 0xB0E6, 0xB0E6, 0xB8E6, 0xB106, 0xB0E6, 0xB0E6, 0xB906, 0xB906, 0xB0E6, 
  0xB0E6, 0xB0E6, 0xB0E6, 0xB0E6, 0xB8E6, 0xB8E6, 0xB0E6, 0xB0E6, 0xB8E6, 0xB8E6, 0xB0E6, 0xB0E6, 
  0xB0E6, 0xB0E6, 0xB0E6, 0xB0E6, 0xB106, 0xB906, 0xB907, 0xB907, 0xB106, 0xB106, 0xB906, 0xB106, 
  0xB106, 0xB0E6, 0xB0E6, 0xB0E6, 0xB0E7, 0xB0E6, 0xB906, 0xB106, 0xB0E6, 0xB8E6, 0xB0E6, 0xB0C6, 
  0xB0E6, 0xB8E6, 0xB106, 0xB0E6, 0xB0E6, 0xB106, 0xB0E6, 0xB0E7, 0xB906, 0xB0E6, 0xB0E6, 0xB0E6, 
  0xB0E6, 0xA8E6, 0xB0E6, 0xB0E6, 0xB0E6, 0xB0E6, 0xB8E6, 0xB8E6, 0xB0E6, 0xC106, 0xB8C5, 0x4025, 
  0x0006, 0x0007, 0x0006, 0x0807, 0x0809, 0x0808, 0x0808, 0x200D, 0x180C, 0x0807, 0x0808, 0x0808, 
  0x0808, 0x0808, 0x1009, 0x0808, 0x0807, 0x0807, 0x0006, 0x080B, 0x58FA, 0xB41F, 0xFF7D, 0xDD3C, 
  0x619B, 0x080D, 0x0005, 0x0808, 0x0807, 0x280E, 0x3812, 0x0807, 0x0808, 0x0808, 0x0808, 0x0807, 
  0x0808, 0x0808, 0x0807, 0x0808, 0x0808, 0x0808, 0x0808, 0x0808, 0x0808, 0x0007, 0x2028, 0x58AA, 
  0x1828, 0x0008, 0x0808, 0x104A, 0x104A, 0x1007, 0x1007, 0x0808, 0x0008, 0x0808, 0x0005, 0x0807, 
  0x0808, 0x0807, 0x1006, 0x0806, 0x1806, 0x1006, 0x0007, 0x0807, 0x0807, 0x0808, 0x1007, 0x1007, 
  0x0806, 0x0004, 0x0006, 0x100A, 0x0808, 0x0808, 0x0807, 0x0807, 0x0808, 0x0807, 0x1006, 0x0003, 
  0x0005, 0x3837, 0xAA7F, 0x4092, 0x0005, 0x0806, 0x0808, 0x0006, 0x0006, 0x0808, 0x0808, 0x0807, 
  0x0808, 0x0807, 0x0808, 0x0808, 0x0808, 0x0007, 0x0807, 0x0808, 0x0808, 0x0807, 0x0006, 0x0003, 
  0x00AD, 0x127C, 0x121A, 0x11F9, 0x1219, 0x11F9, 0x11F9, 0x11F9, 0x11F9, 0x11F8, 0x11F8, 0x11F8, 
  0x11D8, 0x11F8, 0x11F8, 0x11F8, 0x11F8, 0x11F8, 0x11F8, 0x11F8, 0x11F8, 0x11F8, 0x11F8, 0x11F8, 
  0x11F8, 0x11D8, 0x11F8, 0x11F8, 0x11F8, 0x11F8, 0x1218, 0x11F8, 0x11F8, 0x11F8, 0x11F9, 0x11D8, 
  0x11F8, 0x11F8, 0x11F8, 0x11F8, 0x11F8, 0x11F8, 0x11F8, 0x11F8, 0x11F8, 0x11F8, 0x11F8, 0x11F8, 
  0x11F8, 0x11F8, 0x11F8, 0x11F8, 0x11F8, 0x11F8, 0x11F8, 0x11F8, 0x1218, 0x11F8, 0x11F9, 0x11F8, 
  0x11F9, 0x11F8, 0x11F8, 0x11F8, 0x11F8, 0x11F9, 0x11F9, 0x11F9, 0x11F9, 0x11F8, 0x11F9, 0x1219, 
  0x1239, 0x123A, 0x125A, 0x125A, 0x123A, 0x1219, 0x09F9, 0x09F9, 0x11F9, 0x09F9, 0x11F9, 0x11F9, 
  0x11FA, 0x1A3B, 0x1218, 0x0008, 0x0806, 0x0807, 0x0807, 0x0807, 0x0807, 0x0808, 0x0808, 0x0808, 
  0x0808, 0x0808, 0x0807, 0x0807, 0x0808, 0x0808, 0x0807, 0x0807, 0x0808, 0x0806, 0x0005, 0x0807, 
  0x0008, 0x0808, 0x2007, 0x2007, 0x0808, 0x0808, 0x0807, 0x280E, 0x3010, 0x0808, 0x0808, 0x0007, 
  0x0007, 0x0007, 0x2826, 0xF947, 0xF946, 0xF926, 0xF926, 0xF926, 0xF946, 0xF947, 0xF966, 0xF967, 
  0xF966, 0xF986, 0xF967, 0xF967, 0xF966, 0xF986, 0xF966, 0xF966, 0xF986, 0xF966, 0xF966, 0xF966, 
  0xF966, 0xF966, 0xF966, 0xF966, 0xF966, 0xF966, 0xF966, 0xF966, 0xF966, 0xF966, 0xF986, 0xF966, 
  0xF966, 0xF966, 0xF967, 0xF966, 0xF966, 0xF966, 0xF966, 0xF966, 0xF966, 0xF966, 0xF966, 0xF966, 
  0xF986, 0xF986, 0xF986, 0xF986, 0xF987, 0xF987, 0xF986, 0xF986, 0xF967, 0xF966, 0xF966, 0xF967, 
  0xF966, 0xF966, 0xF967, 0xF986, 0xF966, 0xF966, 0xF986, 0xF986, 0xF966, 0xF966, 0xF966, 0xF966, 
  0xF966, 0xF966, 0xF966, 0xF966, 0xF966, 0xF967, 0xF967, 0xF966, 0xF966, 0xF966, 0xF967, 0xF966, 
  0xF966, 0xF966, 0xF946, 0xF966, 0xF967, 0xF966, 0xF9A7, 0x90A6, 0x0006, 0x0007, 0x0006, 0x0007, 
  0x0809, 0x1008, 0x0808, 0x4035, 0x3833, 0x0006, 0x0808, 0x0808, 0x0807, 0x180B, 0x603B, 0x202E, 
  0x0005, 0x0808, 0x0808, 0x0806, 0x0005, 0x2093, 0x9B7F, 0x30D4, 0x0003, 0x0807, 0x0808, 0x0808, 
  0x0808, 0x0807, 0x0807, 0x0808, 0x0007, 0x0007, 0x0808, 0x0808, 0x0808, 0x1009, 0x100A, 0x0808, 
  0x0808, 0x0808, 0x0808, 0x0808, 0x0808, 0x0007, 0x408A, 0xF210, 0x3049, 0x0007, 0x0808, 0x1049, 
  0x1049, 0x4809, 0x5009, 0x0007, 0x0807, 0x1009, 0x2850, 0x1009, 0x0007, 0x1006, 0x0004, 0x1806, 
  0xE80D, 0x9008, 0x0005, 0x0007, 0x0807, 0x0807, 0x0806, 0x0806, 0x0807, 0x0005, 0x180C, 0x485B, 
  0x100B, 0x0806, 0x0807, 0x0807, 0x0807, 0x0807, 0x1006, 0x0807, 0x0004, 0x080A, 0x3835, 0x080A, 
  0x0005, 0x0808, 0x0808, 0x0808, 0x0808, 0x0808, 0x0007, 0x0006, 0x0808, 0x0808, 0x0807, 0x0808, 
  0x0807, 0x0007, 0x0807, 0x0807, 0x0807, 0x0807, 0x0006, 0x0004, 0x088B, 0x121A, 0x11D8, 0x11B7, 
  0x11B7, 0x11B7, 0x11B7, 0x11B6, 0x11B7, 0x11B6, 0x11B6, 0x11B7, 0x11B6, 0x1196, 0x11B6, 0x11B6, 
  0x11B6, 0x11B6, 0x11B6, 0x11B6, 0x1196, 0x1196, 0x1196, 0x1196, 0x1196, 0x1196, 0x11B6, 0x11B6, 
  0x11B6, 0x11B6, 0x11B6, 0x11B6, 0x11B7, 0x11B6, 0x11B6, 0x1196, 0x1196, 0x1196, 0x1196, 0x1196, 
  0x11B6, 0x11B6, 0x11B6, 0x11B6, 0x11B6, 0x1196, 0x11B6, 0x11B6, 0x11B6, 0x11B6, 0x11B6, 0x11B6, 
  0x11B6, 0x1196, 0x11B6, 0x11B6, 0x11B6, 0x11B6, 0x11B6, 0x11B6, 0x11B6, 0x1196, 0x1196, 0x11B6, 
  0x11B6, 0x11B6, 0x1196, 0x1196, 0x11B6, 0x11B6, 0x11B7, 0x11D7, 0x11F8, 0x1218, 0x1238, 0x1259, 
  0x1238, 0x11D7, 0x11B7, 0x1197, 0x1197, 0x09B7, 0x11B8, 0x11B8, 0x11B7, 0x11F9, 0x11B7, 0x0007, 
  0x0005, 0x0807, 0x0807, 0x0006, 0x0807, 0x0808, 0x0808, 0x0807, 0x0807, 0x0807, 0x0807, 0x0807, 
  0x0807, 0x0808, 0x0808, 0x0808, 0x0006, 0x180B, 0x3013, 0x1009, 0x0005, 0x0007, 0xE00B, 0xC009, 
  0x0006, 0x0007, 0x0006, 0x4012, 0x4814, 0x0007, 0x0808, 0x0007, 0x0007, 0x0007, 0x2826, 0xF926, 
  0xF926, 0xF926, 0xF8E5, 0xF843, 0xF8E5, 0xF926, 0xF926, 0xF946, 0xF946, 0xF926, 0xF946, 0xF946, 
  0xF946, 0xF926, 0xF926, 0xF926, 0xF946, 0xF945, 0xF925, 0xF946, 0xF925, 0xF946, 0xF946, 0xF946, 
  0xF925, 0xF946, 0xF946, 0xF926, 0xF946, 0xF946, 0xF946, 0xF926, 0xF946, 0xF946, 0xF946, 0xF946, 
  0xF946, 0xF946, 0xF946, 0xF926, 0xF926, 0xF946, 0xF946, 0xF946, 0xF926, 0xF946, 0xF966, 0xF946, 
  0xF946, 0xF946, 0xF946, 0xF946, 0xF946, 0xF946, 0xF946, 0xF946, 0xF925, 0xF946, 0xF926, 0xF946, 
  0xF946, 0xF945, 0xF946, 0xF946, 0xF946, 0xF946, 0xF946, 0xF946, 0xF945, 0xF926, 0xF926, 0xF926, 
  0xF946, 0xF946, 0xF946, 0xF926, 0xF926, 0xF945, 0xF925, 0xF946, 0xF926, 0xF926, 0xF907, 0xF8C5, 
  0xF946, 0xF926, 0xF987, 0x88E6, 0x0006, 0x0007, 0x0006, 0x0006, 0x0808, 0x0809, 0x1008, 0x100A, 
  0x0809, 0x0808, 0x0808, 0x0808, 0x0807, 0x100A, 0x3811, 0x280A, 0x0006, 0x0807, 0x0808, 0x0807, 
  0x0004, 0x0808, 0x2856, 0x080C, 0x0004, 0x0807, 0x0807, 0x0008, 0x0808, 0x0808, 0x0807, 0x0807, 
  0x1807, 0x1008, 0x0807, 0x0808, 0x0006, 0x180D, 0x4037, 0x080A, 0x0807, 0x0807, 0x0807, 0x0808, 
  0x0808, 0x0808, 0x1008, 0x2828, 0x1008, 0x0808, 0x0808, 0x1049, 0x1069, 0x380A, 0x3809, 0x0008, 
  0x0007, 0x100A, 0x3897, 0x100A, 0x0806, 0x0005, 0x0002, 0x984B, 0xFD78, 0xDB51, 0x5006, 0x0006, 
  0x0007, 0x0807, 0x0807, 0x0807, 0x0807, 0x0807, 0x1009, 0x2030, 0x1009, 0x0807, 0x0807, 0x0807, 
  0x0807, 0x0807, 0x0807, 0x0808, 0x0808, 0x0806, 0x0004, 0x0807, 0x0807, 0x0006, 0x0808, 0x0808, 
  0x0807, 0x0006, 0x282B, 0x68B2, 0x1009, 0x0807, 0x0807, 0x0808, 0x0007, 0x0005, 0x0807, 0x0808, 
  0x0807, 0x0807, 0x0006, 0x0004, 0x088C, 0x11F9, 0x11D8, 0x11D7, 0x11D7, 0x19D7, 0x11B6, 0x11B6, 
  0x11B6, 0x11B6, 0x11B6, 0x09B6, 0x11B6, 0x1196, 0x1196, 0x11B6, 0x1196, 0x11B6, 0x1196, 0x1196, 
  0x1196, 0x1196, 0x1176, 0x0996, 0x1196, 0x1196, 0x11B6, 0x11B6, 0x11B6, 0x11B6, 0x11B6, 0x1196, 
  0x1196, 0x11B6, 0x1196, 0x1196, 0x1196, 0x1196, 0x1197, 0x09B6, 0x1196, 0x1196, 0x1196, 0x1196, 
  0x11B5, 0x11B6, 0x11B6, 0x1196, 0x11B6, 0x11B6, 0x11B6, 0x11B6, 0x11B6, 0x11B6, 0x11B6, 0x11B6, 
  0x11B6, 0x11B5, 0x11B6, 0x11B6, 0x11B6, 0x11B6, 0x1196, 0x11B6, 0x11B6, 0x1196, 0x1196, 0x11B6, 
  0x11B6, 0x11B6, 0x11B7, 0x11B7, 0x1218, 0x1238, 0x0A59, 0x0A9A, 0x1299, 0x1218, 0x1197, 0x1197, 
  0x0997, 0x1197, 0x11D7, 0x11D7, 0x11B7, 0x11F8, 0x09B6, 0x0007, 0x0005, 0x0005, 0x0807, 0x3833, 
  0x282F, 0x0006, 0x0808, 0x0807, 0x1008, 0x0007, 0x0004, 0x0007, 0x0808, 0x0807, 0x0808, 0x0808, 
  0x0005, 0x200F, 0x683E, 0x100D, 0x0002, 0x8008, 0xFD14, 0xF451, 0x6006, 0x0005, 0x0007, 0x0807, 
  0x0007, 0x0808, 0x0808, 0x0807, 0x0007, 0x0007, 0x2826, 0xF946, 0xF906, 0xF8E5, 0xF968, 0xF30F, 
  0xF169, 0xF8E5, 0xF946, 0xF926, 0xF946, 0xF946, 0xF946, 0xF946, 0xF946, 0xF926, 0xF946, 0xF946, 
  0xF926, 0xF926, 0xF926, 0xF946, 0xF946, 0xF946, 0xF946, 0xF946, 0xF925, 0xF945, 0xF946, 0xF946, 
  0xF946, 0xF925, 0xF946, 0xF946, 0xF946, 0xF946, 0xF925, 0xF946, 0xF946, 0xF946, 0xF945, 0xF945, 
  0xF945, 0xF946, 0xF946, 0xF946, 0xF966, 0xF966, 0xF946, 0xF946, 0xF946, 0xF946, 0xF966, 0xF946, 
  0xF925, 0xF946, 0xF926, 0xF926, 0xF925, 0xF926, 0xF946, 0xF946, 0xF946, 0xF946, 0xF946, 0xF946, 
  0xF946, 0xF946, 0xF946, 0xF946, 0xF945, 0xF926, 0xF926, 0xF926, 0xF926, 0xF926, 0xF926, 0xF926, 
  0xF926, 0xF926, 0xF926, 0xF946, 0xF905, 0xF98B, 0xF251, 0xFAAE, 0xF988, 0xF925, 0xF987, 0x90C6, 
  0x0006, 0x0007, 0x0005, 0x0806, 0x1008, 0x1008, 0x0809, 0x0808, 0x0807, 0x0808, 0x0808, 0x0808, 
  0x0808, 0x0807, 0x0004, 0x1805, 0x0807, 0x0808, 0x0807, 0x0808, 0x0808, 0x0807, 0x0005, 0x0005, 
  0x0808, 0x0808, 0x0005, 0x0005, 0x0007, 0x0808, 0x0006, 0x0806, 0xD1D4, 0x70ED, 0x0006, 0x0807, 
  0x100A, 0x3834, 0x200F, 0x0807, 0x0808, 0x0807, 0x0808, 0x0807, 0x0808, 0x0808, 0x0808, 0x0008, 
  0x0808, 0x0808, 0x1009, 0x1049, 0x1049, 0x0008, 0x0008, 0x0808, 0x0808, 0x0808, 0x0808, 0x0808, 
  0x0007, 0x1006, 0x7049, 0xFB72, 0xFFFB, 0xFEB8, 0xE190, 0x5829, 0x0006, 0x0807, 0x0808, 0x0807, 
  0x0808, 0x0808, 0x0007, 0x0005, 0x0807, 0x0808, 0x0007, 0x0006, 0x0807, 0x0807, 0x0807, 0x0807, 
  0x0808, 0x0808, 0x0807, 0x0807, 0x1009, 0x180C, 0x0808, 0x0807, 0x0808, 0x0006, 0x306C, 0x90F8, 
  0x1009, 0x0007, 0x0808, 0x0006, 0x510A, 0xCB11, 0x2048, 0x0007, 0x0808, 0x0007, 0x0006, 0x0004, 
  0x088C, 0x1219, 0x11D8, 0x11B6, 0x19D7, 0x19D7, 0x11B6, 0x11B6, 0x11B6, 0x11B6, 0x11B6, 0x11B6, 
  0x11B6, 0x00B4, 0x0093, 0x0094, 0x00B4, 0x00B3, 0x00B3, 0x0093, 0x0955, 0x1196, 0x1196, 0x1175, 
  0x11B6, 0x0135, 0x0094, 0x00D4, 0x00B4, 0x00B5, 0x0094, 0x00D5, 0x11D6, 0x11B6, 0x1196, 0x1196, 
  0x1196, 0x1196, 0x11B6, 0x0976, 0x00B4, 0x0094, 0x00B4, 0x00B4, 0x00B3, 0x00B3, 0x00B3, 0x00B3, 
  0x00B4, 0x00B4, 0x00B4, 0x00B4, 0x00B3, 0x00B3, 0x00B3, 0x00B3, 0x00B4, 0x00B4, 0x00B4, 0x00B4, 
  0x00B4, 0x0093, 0x0135, 0x19B6, 0x1196, 0x1196, 0x11B6, 0x1196, 0x11B6, 0x1196, 0x11B7, 0x11D7, 
  0x0136, 0x00D6, 0x0136, 0x0157, 0x0157, 0x00F5, 0x0095, 0x0095, 0x0156, 0x11D7, 0x11D7, 0x11D7, 
  0x11D7, 0x11F9, 0x09B6, 0x0006, 0x0005, 0x0005, 0x0806, 0x3833, 0x280F, 0x0006, 0x0808, 0x0807, 
  0x0007, 0x3089, 0xBAD1, 0x3888, 0x0006, 0x0807, 0x0807, 0x0808, 0x0808, 0x0808, 0x100A, 0x0808, 
  0x7827, 0xFA2F, 0xFFFA, 0xFFB7, 0xDA2F, 0x788A, 0x0806, 0x0007, 0x0807, 0x0808, 0x0808, 0x0006, 
  0x0007, 0x0007, 0x2826, 0xF926, 0xF926, 0xF8A4, 0xF9EA, 0xEE1E, 0xF24F, 0xF863, 0xF926, 0xF946, 
  0xF946, 0xF905, 0xF822, 0xF842, 0xF842, 0xF042, 0xF022, 0xF883, 0xF946, 0xF926, 0xF946, 0xF946, 
  0xF8C4, 0xF802, 0xF842, 0xF842, 0xF042, 0xF022, 0xF8C3, 0xF966, 0xF925, 0xF946, 0xF946, 0xF946, 
  0xF966, 0xF8E5, 0xF841, 0xF842, 0xF862, 0xF842, 0xF842, 0xF842, 0xF842, 0xF842, 0xF862, 0xF842, 
  0xF862, 0xF862, 0xF862, 0xF863, 0xF862, 0xF843, 0xF842, 0xF021, 0xF8A3, 0xF946, 0xF946, 0xF946, 
  0xF925, 0xF925, 0xF925, 0xF946, 0xF966, 0xF8E4, 0xF842, 0xF842, 0xF862, 0xF862, 0xF042, 0xF823, 
  0xF925, 0xF946, 0xF946, 0xF926, 0xF946, 0xF945, 0xF925, 0xF925, 0xF925, 0xF925, 0xF926, 0xF946, 
  0xF925, 0xF907, 0xF2B1, 0xFCF9, 0xF1EA, 0xF8C4, 0xF967, 0x90C6, 0x0006, 0x0007, 0x0005, 0x0006, 
  0x1009, 0x0808, 0x0809, 0x0808, 0x0808, 0x0808, 0x0808, 0x0808, 0x0807, 0x0807, 0x0807, 0x0807, 
  0x0808, 0x0807, 0x0807, 0x0808, 0x0808, 0x0807, 0x0807, 0x0807, 0x0807, 0x0005, 0x508A, 0xBA93, 
  0x0007, 0x0006, 0x0807, 0x0807, 0x58ED, 0x386A, 0x0807, 0x0806, 0x182C, 0x2832, 0x0005, 0x0807, 
  0x0808, 0x0807, 0x0005, 0x0807, 0x0808, 0x0808, 0x0809, 0x0808, 0x0808, 0x0809, 0x1008, 0x184A, 
  0x1069, 0x0808, 0x0808, 0x0808, 0x0808, 0x0808, 0x0806, 0x0808, 0x0006, 0x5009, 0xF952, 0xFFFA, 
  0xFF96, 0xFFF9, 0xFF9B, 0xE0EF, 0x1806, 0x0007, 0x0808, 0x0808, 0x0808, 0x0808, 0x0808, 0x0807, 
  0x0808, 0x0008, 0x3048, 0x80EA, 0x1007, 0x0007, 0x0807, 0x0808, 0x0808, 0x0807, 0x0808, 0x0005, 
  0x280F, 0x5038, 0x0808, 0x0006, 0x0808, 0x0808, 0x0808, 0x0808, 0x0808, 0x0808, 0x0808, 0x0006, 
  0x594B, 0xFBF5, 0x2068, 0x0007, 0x0808, 0x0007, 0x0006, 0x0004, 0x086C, 0x1219, 0x11D8, 0x11D6, 
  0x11D7, 0x11B7, 0x11B6, 0x11B6, 0x11B6, 0x11B6, 0x1196, 0x0996, 0x11B6, 0x6BF8, 0x7C58, 0x7438, 
  0x7418, 0x7417, 0x7C38, 0x7C59, 0x2236, 0x0935, 0x0996, 0x0996, 0x00F5, 0x2A16, 0x7438, 0x6C18, 
  0x6C18, 0x6C18, 0x7C38, 0x5B97, 0x0976, 0x1196, 0x0996, 0x1196, 0x09B6, 0x0996, 0x0014, 0x0995, 
  0x7C79, 0x7439, 0x7418, 0x7418, 0x7438, 0x7418, 0x7438, 0x7438, 0x7418, 0x7418, 0x7418, 0x7418, 
  0x6C18, 0x6BF7, 0x6C18, 0x6C18, 0x7438, 0x7438, 0x7418, 0x6BF7, 0x73F8, 0x7C59, 0x2215, 0x00F5, 
  0x11B7, 0x1196, 0x11B6, 0x11B6, 0x1196, 0x1196, 0x0997, 0x0117, 0x2A77, 0x7418, 0x6C19, 0x6C39, 
  0x7438, 0x7438, 0x7458, 0x8499, 0x2A77, 0x0936, 0x11B7, 0x11B7, 0x11D7, 0x11D8, 0x11B6, 0x0007, 
  0x0005, 0x0006, 0x0806, 0x0006, 0x0807, 0x0808, 0x0807, 0x0808, 0x0006, 0x40C9, 0xFC36, 0x48EA, 
  0x0006, 0x0808, 0x0808, 0x0808, 0x0808, 0x0807, 0x0004, 0x3006, 0xF8CD, 0xFF79, 0xFFF8, 0xFFB7, 
  0xFFFE, 0xFA71, 0x2806, 0x0007, 0x0808, 0x0808, 0x0807, 0x0006, 0x0007, 0x0007, 0x2826, 0xF946, 
  0xF926, 0xF906, 0xF906, 0xF22E, 0xF1AA, 0xF8E4, 0xF945, 0xF925, 0xF8C5, 0xF187, 0xF3EF, 0xF3CE, 
  0xF3AE, 0xF3AE, 0xF40F, 0xF32C, 0xF905, 0xF925, 0xF925, 0xF8C4, 0xFA09, 0xF3F0, 0xF3CE, 0xF3CE, 
  0xEBAE, 0xF430, 0xF28A, 0xF8A4, 0xF925, 0xF945, 0xF946, 0xF946, 0xF802, 0xF126, 0xF410, 0xF3EE, 
  0xF3EE, 0xF3CE, 0xF3CE, 0xF3CE, 0xF3CE, 0xF3CE, 0xF3CE, 0xF3CE, 0xF3CE, 0xF3CE, 0xF3CE, 0xF3CE, 
  0xF3CE, 0xF3EE, 0xF40F, 0xF451, 0xE9E9, 0xF002, 0xF926, 0xF926, 0xF926, 0xF926, 0xF945, 0xF946, 
  0xF863, 0xE986, 0xF40F, 0xF3CE, 0xF3EF, 0xF3CE, 0xF40F, 0xF42F, 0xF187, 0xF8C5, 0xF925, 0xF946, 
  0xF966, 0xF8E4, 0xF802, 0xF802, 0xF802, 0xF002, 0xF042, 0xF8C5, 0xF946, 0xF8E5, 0xF927, 0xF22D, 
  0xF948, 0xF8E5, 0xF967, 0x88C6, 0x0006, 0x0006, 0x382E, 0x402E, 0x0008, 0x0808, 0x0808, 0x0808, 
  0x0007, 0x0006, 0x0807, 0x0808, 0x0808, 0x0807, 0x0807, 0x0808, 0x0008, 0x0808, 0x0808, 0x0808, 
  0x0808, 0x0808, 0x0807, 0x0807, 0x0007, 0x2826, 0xC312, 0xFEBC, 0x792C, 0x1007, 0x0007, 0x0808, 
  0x0005, 0x0007, 0x0808, 0x0808, 0x0808, 0x0807, 0x0808, 0x0808, 0x0808, 0x0807, 0x1809, 0x1009, 
  0x0808, 0x0808, 0x0808, 0x0808, 0x0808, 0x1008, 0x1008, 0x1069, 0x1049, 0x0808, 0x0007, 0x0006, 
  0x0007, 0x0808, 0x0808, 0x0808, 0x0007, 0x2008, 0x786B, 0xE434, 0xFFFB, 0xFEF8, 0xDB12, 0x684A, 
  0x0807, 0x0007, 0x0808, 0x0808, 0x0807, 0x0007, 0x0808, 0x0807, 0x0807, 0x0007, 0x60AA, 0xFA50, 
  0x1007, 0x0007, 0x0808, 0x0808, 0x0808, 0x0807, 0x0808, 0x0806, 0x180B, 0x200D, 0x0808, 0x0807, 
  0x0808, 0x0808, 0x0008, 0x0007, 0x0807, 0x0808, 0x0807, 0x0808, 0x0807, 0x1007, 0x1007, 0x0808, 
  0x0807, 0x0007, 0x0007, 0x0004, 0x086B, 0x1219, 0x11D7, 0x11B6, 0x11B6, 0x11D6, 0x11B6, 0x11B6, 
  0x09D6, 0x11B6, 0x11B6, 0x0156, 0x0996, 0xFFFE, 0xFFFE, 0xFFFD, 0xFFFD, 0xFFFD, 0xFFFD, 0xFFFE, 
  0x4AF7, 0x0095, 0x1176, 0x00D5, 0x29F5, 0xEF5D, 0xFFFD, 0xFFFD, 0xFFFD, 0xFFFD, 0xFFFD, 0xE73B, 
  0x0136, 0x0996, 0x0996, 0x1176, 0x0976, 0x00F5, 0x5B77, 0xADDB, 0xFFFD, 0xFFFD, 0xFFFD, 0xFFFD, 
  0xFFFD, 0xFFFD, 0xFFFD, 0xFFFD, 0xFFFD, 0xFFFD, 0xFFFD, 0xFFFD, 0xFFFC, 0xFFFD, 0xFFFD, 0xFFFD, 
  0xFFFD, 0xFFFD, 0xFFFD, 0xFFFD, 0xFFFD, 0xFFFD, 0xCE9B, 0x00D4, 0x0116, 0x11B6, 0x1196, 0x11B5, 
  0x1196, 0x11B6, 0x0136, 0x0013, 0xBDFA, 0xFFFF, 0xFFFC, 0xFFFC, 0xFFFD, 0xFFFD, 0xFFFD, 0xFFFF, 
  0x63FA, 0x0075, 0x11B7, 0x11D7, 0x11B7, 0x11F8, 0x1196, 0x0006, 0x0005, 0x0006, 0x0007, 0x0807, 
  0x0807, 0x0808, 0x0808, 0x0808, 0x0808, 0x0005, 0x0803, 0x0807, 0x0008, 0x0808, 0x0807, 0x0807, 
  0x0807, 0x0807, 0x0006, 0x0805, 0x7848, 0xEB31, 0xFFFA, 0xFF99, 0xEBF2, 0x98CA, 0x1006, 0x0008, 
  0x0807, 0x0807, 0x2030, 0x2831, 0x0808, 0x0006, 0x2826, 0xF926, 0xF946, 0xF927, 0xF8E6, 0xF0A5, 
  0xF906, 0xF926, 0xF926, 0xF926, 0xF822, 0xF249, 0xFFFF, 0xFFFF, 0xFFFD, 0xFFFD, 0xFFFF, 0xF71A, 
  0xF084, 0xF8E5, 0xF926, 0xF802, 0xF3EF, 0xFFFF, 0xFFFD, 0xFFFE, 0xFFFD, 0xFFFF, 0xF4B2, 0xF001, 
  0xF905, 0xF925, 0xF926, 0xF843, 0xEA8B, 0xEE17, 0xFFFF, 0xFFFE, 0xFFFE, 0xFFFE, 0xFFFE, 0xFFFE, 
  0xFFFE, 0xFFFE, 0xFFFE, 0xFFFE, 0xFFFE, 0xFFFE, 0xFFFE, 0xFFFE, 0xFFFE, 0xFFFD, 0xFFFE, 0xFFFF, 
  0xF73A, 0xE9E7, 0xF843, 0xF926, 0xF925, 0xF925, 0xF925, 0xF8C4, 0xE8A4, 0xEDF5, 0xFFFF, 0xFFFE, 
  0xFFFD, 0xFFFD, 0xFFFF, 0xFFFF, 0xE9C8, 0xF863, 0xF925, 0xF946, 0xF801, 0xF105, 0xF3CF, 0xF3AE, 
  0xF3CE, 0xF3EF, 0xF471, 0xF166, 0xF802, 0xF926, 0xF8E5, 0xF8A5, 0xF905, 0xF926, 0xF966, 0x88C5, 
  0x0005, 0x0007, 0x4070, 0x406F, 0x0008, 0x0808, 0x0808, 0x0808, 0x48EB, 0x692A, 0x1007, 0x0008, 
  0x0808, 0x0807, 0x0808, 0x0807, 0x0807, 0x0808, 0x0808, 0x0808, 0x0808, 0x0808, 0x0808, 0x0808, 
  0x0004, 0xB14D, 0xFE39, 0xFFDC, 0xFC77, 0x588B, 0x0006, 0x0807, 0x0808, 0x0808, 0x0808, 0x0808, 
  0x0807, 0x0807, 0x0807, 0x0007, 0x0005, 0x180A, 0x683C, 0x282E, 0x0006, 0x0808, 0x0808, 0x0808, 
  0x0809, 0x0808, 0x0809, 0x184A, 0x1849, 0x0807, 0x1028, 0x312C, 0x1049, 0x0007, 0x0807, 0x0808, 
  0x0808, 0x0007, 0x0004, 0x800C, 0xFDF9, 0xDB31, 0x5806, 0x0006, 0x0007, 0x0808, 0x0808, 0x0807, 
  0x0806, 0x0007, 0x0808, 0x0808, 0x0807, 0x0807, 0x1008, 0x1828, 0x0807, 0x0808, 0x0808, 0x0808, 
  0x0807, 0x0808, 0x0807, 0x0808, 0x0807, 0x0006, 0x0808, 0x0808, 0x0808, 0x0808, 0x0807, 0x0807, 
  0x0808, 0x0808, 0x0808, 0x0808, 0x0008, 0x0007, 0x0807, 0x0807, 0x0807, 0x0807, 0x0006, 0x0004, 
  0x008B, 0x11F9, 0x11B7, 0x11D7, 0x11B6, 0x11B6, 0x11B6, 0x11B6, 0x11B6, 0x11B7, 0x1196, 0x0176, 
  0x01B5, 0xE73B, 0xFFFB, 0xFFBA, 0xFFBB, 0xFFBA, 0xFFDA, 0xFFFC, 0x2216, 0x00B5, 0x1176, 0x0094, 
  0x42F6, 0xFFFE, 0xFFD9, 0xFFBA, 0xFFBA, 0xFFBA, 0xFFFB, 0xD699, 0x00B4, 0x0997, 0x1196, 0x09B6, 
  0x0074, 0x42F7, 0xFFFE, 0xFFFC, 0xFFBA, 0xFFBA, 0xFFBA, 0xFFBA, 0xFFBA, 0xFFBA, 0xFF9A, 0xFF9A, 
  0xFF9A, 0xFF9A, 0xFF9A, 0xFF9A, 0xFF9A, 0xFF9A, 0xFF9A, 0xFF9A, 0xFFBB, 0xFF9A, 0xFFBA, 0xFFBA, 
  0xFFBB, 0xFFDB, 0xFFFD, 0xBE3A, 0x0955, 0x0976, 0x1197, 0x1196, 0x1196, 0x0976, 0x0954, 0x9CF8, 
  0xFFDB, 0xFFDB, 0xFFBB, 0xFFBA, 0xFFDB, 0xFFDB, 0xFFFD, 0x8CF9, 0x1196, 0x0177, 0x11B7, 0x11D7, 
  0x11D6, 0x11D8, 0x1196, 0x0007, 0x0005, 0x0006, 0x0807, 0x0808, 0x0807, 0x0808, 0x0808, 0x0807, 
  0x0806, 0x180C, 0x3012, 0x0809, 0x0007, 0x0808, 0x0807, 0x0807, 0x0807, 0x0807, 0x100A, 0x100C, 
  0x0006, 0x8809, 0xFE17, 0xED15, 0x8007, 0x1006, 0x0008, 0x0808, 0x0808, 0x0807, 0x2853, 0x2012, 
  0x0008, 0x0007, 0x2026, 0xF925, 0xF926, 0xF926, 0xF926, 0xF925, 0xF925, 0xF926, 0xF926, 0xF925, 
  0xF863, 0xEAAA, 0xFFFD, 0xFFFB, 0xFFBB, 0xFFDA, 0xFFFE, 0xF657, 0xF843, 0xF8E5, 0xF946, 0xF801, 
  0xF34D, 0xFFFF, 0xFFDB, 0xFF9B, 0xFFBB, 0xFFFF, 0xEC2F, 0xE801, 0xF8E5, 0xF925, 0xF801, 0xE187, 
  0xFFFD, 0xFFFF, 0xFFBA, 0xFFBB, 0xFFBB, 0xFFBB, 0xFFBB, 0xFFBB, 0xFFBB, 0xFFBB, 0xFFBB, 0xFFBB, 
  0xFFBB, 0xFFBB, 0xFFBB, 0xFFBB, 0xFFBB, 0xFFBB, 0xFFBB, 0xFF9A, 0xFFFD, 0xFFBD, 0xF28A, 0xF822, 
  0xF906, 0xF925, 0xF8E5, 0xF884, 0xF616, 0xFFFF, 0xFFDA, 0xFFBB, 0xFFBA, 0xFFFD, 0xF75A, 0xE9E8, 
  0xF8C4, 0xF8E5, 0xF925, 0xF802, 0xF1A7, 0xF5D6, 0xFFFF, 0xFFFD, 0xFFFE, 0xFFFD, 0xFFFF, 0xF5F5, 
  0xE987, 0xF823, 0xF906, 0xF925, 0xF945, 0xF946, 0xF987, 0x98C6, 0x0006, 0x0007, 0x0005, 0x0005, 
  0x0808, 0x0808, 0x0808, 0x0006, 0xBB12, 0xFBF5, 0x0805, 0x0007, 0x0807, 0x0807, 0x0807, 0x0808, 
  0x0808, 0x0808, 0x0808, 0x0808, 0x0808, 0x0808, 0x0807, 0x0807, 0x0006, 0x2847, 0xB22E, 0xFC96, 
  0x710C, 0x1028, 0x0007, 0x0808, 0x0808, 0x0808, 0x0808, 0x0808, 0x0808, 0x0808, 0x0806, 0x0006, 
  0x1826, 0x0008, 0x2811, 0x180A, 0x0807, 0x0808, 0x0808, 0x0808, 0x0808, 0x0808, 0x1008, 0x106A, 
  0x1069, 0x0006, 0x20CA, 0xBCDC, 0x310C, 0x0005, 0x0808, 0x0807, 0x0807, 0x0808, 0x0008, 0x1807, 
  0xD80B, 0x8009, 0x0006, 0x0807, 0x0807, 0x0808, 0x0807, 0x0005, 0x302E, 0x4834, 0x0808, 0x0807, 
  0x0808, 0x0807, 0x0007, 0x0007, 0x0807, 0x0808, 0x0807, 0x0005, 0x0007, 0x0808, 0x0808, 0x0808, 
  0x0808, 0x0808, 0x0808, 0x0807, 0x0807, 0x0808, 0x0808, 0x0808, 0x0807, 0x0808, 0x0808, 0x0808, 
  0x0808, 0x0806, 0x0004, 0x0807, 0x0807, 0x0007, 0x0007, 0x0004, 0x006B, 0x11F9, 0x11D7, 0x11B6, 
  0x11B6, 0x11B6, 0x11B6, 0x11B6, 0x11B6, 0x11B6, 0x11B6, 0x00B4, 0x6C18, 0xFFFD, 0xFFBB, 0xFFBB, 
  0xFF9A, 0xFFBA, 0xFFBA, 0xFFFC, 0x4AF6, 0x00D6, 0x0977, 0x0054, 0x19D3, 0xFFFD, 0xFFBA, 0xFF9A, 
  0xFFBA, 0xFF9A, 0xFFDA, 0xF79B, 0x6C38, 0x00F5, 0x0976, 0x00B5, 0x5337, 0xFFFD, 0xFFFA, 0xFF9A, 
  0xFFBA, 0xFFBA, 0xFF9A, 0xFF9A, 0xFF9A, 0xFF9A, 0xFF9A, 0xFF9A, 0xFF9A, 0xFF9A, 0xFF9A, 0xFF9A, 
  0xFF9A, 0xFF9A, 0xFF9A, 0xFF9A, 0xFF9A, 0xFF9A, 0xFF9A, 0xFF9A, 0xFFBA, 0xFF9B, 0xFFDB, 0xFFFF, 
  0x6C18, 0x0013, 0x11B7, 0x1196, 0x11B6, 0x0074, 0x4315, 0xFFFE, 0xFFFB, 0xFFBA, 0xFFBA, 0xFFBA, 
  0xFFBB, 0xFFFD, 0x9519, 0x0013, 0x0136, 0x11D7, 0x09D7, 0x11B7, 0x11B6, 0x11F8, 0x11B6, 0x0007, 
  0x0005, 0x0006, 0x0807, 0x0807, 0x0807, 0x0808, 0x0808, 0x0808, 0x0006, 0x280E, 0x6018, 0x100A, 
  0x0006, 0x0808, 0x0807, 0x0808, 0x0807, 0x0005, 0x300F, 0x4816, 0x0008, 0x1006, 0xE04B, 0xC82A, 
  0x0807, 0x0008, 0x0808, 0x0808, 0x0808, 0x0808, 0x0809, 0x0008, 0x0007, 0x0007, 0x2026, 0xF926, 
  0xF925, 0xF926, 0xF926, 0xF926, 0xF945, 0xF926, 0xF926, 0xF8C5, 0xF105, 0xF678, 0xFFFC, 0xFFBA, 
  0xFF9A, 0xFF9A, 0xFFFC, 0xF719, 0xF1A7, 0xF8A4, 0xF905, 0xF042, 0xEC91, 0xFFFE, 0xFF9A, 0xFF9B, 
  0xFFBA, 0xFFDC, 0xF71A, 0xEA8A, 0xF823, 0xF842, 0xE8C4, 0xEED9, 0xFFFE, 0xFF9A, 0xFF9A, 0xFFBB, 
  0xFFBA, 0xFFBB, 0xFF9B, 0xFF9B, 0xFF9B, 0xFF9B, 0xFF9B, 0xFFBB, 0xFFBB, 0xFF9A, 0xFF9B, 0xFF9A, 
  0xFF9B, 0xFFBB, 0xFF9A, 0xFF9A, 0xFF9A, 0xFFFF, 0xEBCE, 0xF000, 0xF926, 0xF926, 0xF843, 0xF126, 
  0xFFFD, 0xFFFC, 0xFF9A, 0xFFBB, 0xFFBA, 0xFFFE, 0xEE15, 0xE801, 0xF884, 0xF925, 0xF802, 0xF1E7, 
  0xFFBC, 0xFFFF, 0xFFBA, 0xFFBA, 0xFFBB, 0xFFBB, 0xFFBA, 0xFFFE, 0xF7FD, 0xE249, 0xF802, 0xF946, 
  0xF945, 0xF946, 0xF987, 0x98C6, 0x0006, 0x0007, 0x0005, 0x0005, 0x0808, 0x0808, 0x0808, 0x0808, 
  0x2869, 0x30A9, 0x0007, 0x0807, 0x0006, 0x0006, 0x0808, 0x0808, 0x0808, 0x0807, 0x0005, 0x0006, 
  0x0808, 0x0807, 0x0007, 0x0808, 0x0807, 0x0006, 0x3807, 0xB8CC, 0x0006, 0x0007, 0x0808, 0x0808, 
  0x0808, 0x0808, 0x0808, 0x0808, 0x0808, 0x0808, 0x0006, 0x816B, 0xEAB1, 0x3026, 0x0004, 0x0007, 
  0x1008, 0x0808, 0x0808, 0x0808, 0x0808, 0x0808, 0x0808, 0x106A, 0x1049, 0x0008, 0x0808, 0x1849, 
  0x0808, 0x0807, 0x0808, 0x0808, 0x0808, 0x0808, 0x0808, 0x0807, 0x3007, 0x1807, 0x0006, 0x0807, 
  0x0807, 0x1008, 0x204B, 0x0827, 0x280E, 0x4033, 0x0807, 0x0807, 0x0808, 0x0808, 0x0807, 0x0807, 
  0x0808, 0x0807, 0x0808, 0x282D, 0x180A, 0x0007, 0x0808, 0x0807, 0x0808, 0x0807, 0x0808, 0x1007, 
  0x0808, 0x0808, 0x0808, 0x0808, 0x0006, 0x0007, 0x0808, 0x0807, 0x0006, 0x1009, 0x202D, 0x0807, 
  0x0007, 0x0807, 0x0006, 0x0004, 0x006B, 0x11F9, 0x11B7, 0x11B6, 0x11B6, 0x11B6, 0x11B6, 0x11B6, 
  0x11B6, 0x11B6, 0x1197, 0x0073, 0x9519, 0xFFFC, 0xFFBA, 0xFFBA, 0xFF9A, 0xFFBB, 0xFFBA, 0xFFFB, 
  0xEF7B, 0x11D5, 0x00D6, 0x0935, 0x8CB7, 0xFFFC, 0xFFBA, 0xFF9A, 0xFF9A, 0xFFBA, 0xFF9A, 0xFFFD, 
  0xCE9A, 0x0074, 0x0997, 0x0012, 0x8498, 0xFFFE, 0xFFB9, 0xFF9A, 0xFF9A, 0xFF9A, 0xFFBB, 0xFFBB, 
  0xFF9A, 0xFF9A, 0xFFBA, 0xFF9A, 0xFF9A, 0xFF9A, 0xFF9A, 0xFF9A, 0xFF7A, 0xFF9A, 0xFF9A, 0xFF9A, 
  0xFF9A, 0xFF9A, 0xFF9A, 0xFF9A, 0xFFBB, 0xFFBA, 0xFF9A, 0xFFFD, 0xB5DA, 0x1975, 0x0136, 0x11B6, 
  0x0136, 0x0032, 0x9538, 0xFFFC, 0xFF9A, 0xFFBB, 0xFFBA, 0xFFBB, 0xFFBA, 0xFFFE, 0x7418, 0x0014, 
  0x11B7, 0x11D6, 0x11B6, 0x11B6, 0x11B6, 0x11F8, 0x1195, 0x0007, 0x0005, 0x0806, 0x0806, 0x0808, 
  0x0807, 0x0004, 0x0005, 0x0808, 0x0807, 0x0808, 0x0808, 0x0807, 0x0808, 0x0807, 0x0808, 0x0807, 
  0x0807, 0x0807, 0x0809, 0x100A, 0x0008, 0x0007, 0x5008, 0x4808, 0x0007, 0x0007, 0x0808, 0x0808, 
  0x0808, 0x0808, 0x0007, 0x0007, 0x0007, 0x0007, 0x2026, 0xF926, 0xF925, 0xF926, 0xF926, 0xF926, 
  0xF926, 0xF926, 0xF925, 0xF8A4, 0xF105, 0xFF9B, 0xFFFC, 0xFF9A, 0xFF9A, 0xFFBA, 0xFF9A, 0xFFFE, 
  0xEC50, 0xF002, 0xF821, 0xF2CA, 0xFFFE, 0xFFBB, 0xFFBA, 0xFFBB, 0xFF9B, 0xFF9A, 0xFFFF, 0xFC30, 
  0xF801, 0xF001, 0xF573, 0xFFFF, 0xFF9A, 0xFF9B, 0xFFBB, 0xFF9B, 0xFFBB, 0xFFBB, 0xFF9B, 0xFFBB, 
  0xFFBB, 0xFFBB, 0xFF9B, 0xFF9B, 0xFF9B, 0xFF9B, 0xFF9B, 0xFFBB, 0xFF9B, 0xFFBB, 0xFF9B, 0xFF9A, 
  0xFF9A, 0xFFDC, 0xF6FA, 0xE968, 0xF822, 0xF8E5, 0xF022, 0xF512, 0xFFFD, 0xFFBA, 0xFFBB, 0xFFBB, 
  0xFFFC, 0xFFFD, 0xE9E8, 0xF863, 0xF905, 0xF801, 0xF063, 0xF7BC, 0xFFFF, 0xFFBA, 0xFFBB, 0xFFBB, 
  0xFFBB, 0xFFBB, 0xFFBB, 0xFFBA, 0xFFFE, 0xF77A, 0xE9C8, 0xF8A4, 0xF946, 0xF946, 0xF986, 0x90A6, 
  0x0006, 0x0007, 0x0005, 0x0006, 0x0808, 0x0808, 0x0808, 0x1008, 0x0006, 0x0006, 0x0807, 0x0806, 
  0x200B, 0x202C, 0x0807, 0x0808, 0x0807, 0x0808, 0x282E, 0x202C, 0x0807, 0x0808, 0x0808, 0x0807, 
  0x0808, 0x0808, 0x0007, 0x0006, 0x0007, 0x0807, 0x0008, 0x0808, 0x0808, 0x0807, 0x0006, 0x0808, 
  0x0808, 0x0007, 0x4089, 0xFBD4, 0xFC15, 0xC9CE, 0x0806, 0x0008, 0x0808, 0x0809, 0x0808, 0x0007, 
  0x0808, 0x0808, 0x0809, 0x184A, 0x1069, 0x0808, 0x0807, 0x0006, 0x0807, 0x0808, 0x0808, 0x0808, 
  0x0808, 0x0808, 0x0808, 0x0807, 0x0007, 0x0007, 0x0807, 0x0807, 0x0806, 0x100A, 0x4956, 0x186C, 
  0x0006, 0x0005, 0x0807, 0x0007, 0x0807, 0x0007, 0x0007, 0x0807, 0x0807, 0x0006, 0x0808, 0x707C, 
  0x302F, 0x0005, 0x0807, 0x0807, 0x0007, 0x0807, 0x0807, 0x3810, 0x280C, 0x0806, 0x0808, 0x0007, 
  0x0005, 0x0006, 0x0807, 0x0807, 0x0004, 0x282F, 0x705F, 0x180A, 0x0004, 0x0007, 0x0006, 0x0004, 
  0x006B, 0x11F9, 0x11B7, 0x11B6, 0x11B6, 0x11B6, 0x11B6, 0x11B6, 0x11B6, 0x0996, 0x11D7, 0x0013, 
  0x7C36, 0xFFFD, 0xFFBA, 0xFFBA, 0xFFBA, 0xFFBA, 0xFF9B, 0xFFFB, 0xFFFC, 0x19F5, 0x0076, 0x2A77, 
  0xFFFE, 0xFFDA, 0xFF9A, 0xFF9A, 0xFF9A, 0xFF9A, 0xFF9A, 0xFFFC, 0xB5BA, 0x0094, 0x00D5, 0x5B56, 
  0xDEFB, 0xFFDB, 0xFF9B, 0xFFBB, 0xFF9B, 0xFF9A, 0xFFBB, 0xFFBA, 0xFFBA, 0xFF9B, 0xFF9B, 0xFF9A, 
  0xFF9A, 0xFF9A, 0xFF9A, 0xFF9A, 0xFF9A, 0xFFBA, 0xFF7A, 0xFFBA, 0xFF9A, 0xFF9A, 0xFF9A, 0xFF9A, 
  0xFFBB, 0xFF9B, 0xFFBA, 0xFFBA, 0xFFFE, 0x84B9, 0x0034, 0x0136, 0x0135, 0x8D19, 0xFFFC, 0xFFDA, 
  0xFF9B, 0xFF9A, 0xFFBB, 0xFFBA, 0xFFFB, 0xB5D9, 0x1974, 0x0936, 0x11B6, 0x11B6, 0x11D6, 0x11B6, 
  0x11B6, 0x11D7, 0x1195, 0x0007, 0x0006, 0x0006, 0x0806, 0x0006, 0x0008, 0x5114, 0x204C, 0x0005, 
  0x0807, 0x0806, 0x0006, 0x0807, 0x0807, 0x0807, 0x0807, 0x0807, 0x0807, 0x0808, 0x0007, 0x0006, 
  0x0807, 0x0808, 0x0007, 0x0007, 0x0808, 0x0807, 0x0006, 0x0006, 0x0807, 0x0808, 0x0807, 0x0807, 
  0x0807, 0x0007, 0x2026, 0xF926, 0xF925, 0xF926, 0xF926, 0xF946, 0xF926, 0xF926, 0xF925, 0xF884, 
  0xF187, 0xFF7A, 0xFFFC, 0xFF9A, 0xFF9A, 0xFFBA, 0xFF9B, 0xFFFE, 0xEC10, 0xF001, 0xF801, 0xF30B, 
  0xFFFF, 0xFFBB, 0xFFBB, 0xFFBA, 0xFF9A, 0xFFBB, 0xFFFE, 0xF3AE, 0xF800, 0xF28A, 0xFFFC, 0xFFDB, 
  0xFFBA, 0xFF9B, 0xFFBB, 0xFF9A, 0xFFFB, 0xFFFC, 0xFFFC, 0xFFFC, 0xFFFC, 0xFFFC, 0xFFFC, 0xFFFC, 
  0xFFFC, 0xFFFC, 0xFFFC, 0xFFFC, 0xFFFD, 0xFFFC, 0xFF9A, 0xFF9A, 0xFFBA, 0xFF99, 0xFFFF, 0xEDB5, 
  0xF022, 0xF801, 0xF32C, 0xFFFF, 0xFFDB, 0xFF9B, 0xFFBA, 0xFFBB, 0xFFFF, 0xF574, 0xF000, 0xF8E4, 
  0xF8A4, 0xF125, 0xF574, 0xFFFE, 0xFFBA, 0xFFBA, 0xFFBA, 0xFFFC, 0xFFFD, 0xFFFB, 0xFF9A, 0xFFBA, 
  0xFF9A, 0xFFFF, 0xF594, 0xF001, 0xF966, 0xF946, 0xF987, 0x88A6, 0x0006, 0x0007, 0x0806, 0x0006, 
  0x0807, 0x0808, 0x0808, 0x0808, 0x0808, 0x0807, 0x0806, 0x0004, 0x6038, 0x5838, 0x0006, 0x0807, 
  0x0007, 0x0808, 0x683B, 0x4855, 0x0005, 0x0808, 0x0808, 0x0807, 0x0807, 0x0808, 0x0007, 0x0007, 
  0x0806, 0x1006, 0x0807, 0x0808, 0x0808, 0x0809, 0x180A, 0x0808, 0x0808, 0x0807, 0x1025, 0xC28F, 
  0xFBB3, 0x4087, 0x0807, 0x0808, 0x0808, 0x0007, 0x100A, 0x180D, 0x0809, 0x1008, 0x0809, 0x184A, 
  0x1049, 0x0808, 0x0808, 0x0808, 0x0807, 0x0808, 0x0807, 0x0007, 0x0006, 0x0808, 0x0808, 0x0807, 
  0x0807, 0x0807, 0x0807, 0x0807, 0x0806, 0x0809, 0x2070, 0x102A, 0x0806, 0x0807, 0x0807, 0x0807, 
  0x0807, 0x1007, 0x0807, 0x0807, 0x0807, 0x0807, 0x0807, 0x180B, 0x100A, 0x0807, 0x0807, 0x0006, 
  0x0007, 0x0808, 0x0807, 0x3811, 0x280B, 0x0005, 0x0006, 0x0828, 0x7118, 0x895B, 0x1009, 0x0006, 
  0x0006, 0x0809, 0x180D, 0x1008, 0x0805, 0x0007, 0x0006, 0x0004, 0x006B, 0x11F9, 0x11B7, 0x11B6, 
  0x11B6, 0x11B6, 0x11B6, 0x11B6, 0x11B6, 0x1196, 0x0936, 0x29F6, 0xCE5A, 0xFFFB, 0xFFBA, 0xFF9A, 
  0xFF9A, 0xFF9A, 0xFF9A, 0xFFFA, 0xF79C, 0x11D6, 0x0075, 0x2236, 0xFFDB, 0xFFFA, 0xFF9A, 0xFF9B, 
  0xFF9A, 0xFFBB, 0xFF9A, 0xFFFC, 0xAD99, 0x0034, 0x0013, 0xBE1B, 0xFFFE, 0xFFBA, 0xFFBB, 0xFFBB, 
  0xFFBB, 0xFFBA, 0xFFDA, 0xFFFC, 0xFFFC, 0xFFFC, 0xFFFC, 0xFFFC, 0xFFFC, 0xFFFB, 0xFFFC, 0xFFFC, 
  0xFFFC, 0xFFFC, 0xFFFC, 0xFFFC, 0xFFFC, 0xFFFB, 0xFFFC, 0xFFDB, 0xFF99, 0xFFBB, 0xFF9A, 0xFF9A, 
  0xFFFB, 0xE71A, 0x00F3, 0x0035, 0x4B58, 0xFFFE, 0xFFFA, 0xFF9A, 0xFFBA, 0xFF9B, 0xFF9B, 0xFFFB, 
  0xFFFD, 0x2256, 0x0055, 0x11D7, 0x11B6, 0x19D6, 0x11B6, 0x11B6, 0x11D6, 0x11D7, 0x11B6, 0x0007, 
  0x0005, 0x0006, 0x0004, 0x0806, 0x895A, 0xCA5F, 0x895D, 0x0808, 0x0007, 0x0807, 0x0807, 0x0807, 
  0x0807, 0x0807, 0x0807, 0x0807, 0x0807, 0x0807, 0x0807, 0x0807, 0x0807, 0x0808, 0x0808, 0x0808, 
  0x0808, 0x0807, 0x2047, 0x2068, 0x0808, 0x0807, 0x0008, 0x0007, 0x0807, 0x0007, 0x2826, 0xF926, 
  0xF925, 0xF926, 0xF926, 0xF946, 0xF146, 0xF925, 0xF926, 0xF002, 0xF491, 0xFFFF, 0xFFBA, 0xFFBA, 
  0xFF9A, 0xFF9A, 0xFF9A, 0xFFFE, 0xEB6D, 0xF000, 0xF802, 0xEA49, 0xFFFD, 0xFFBB, 0xFFBB, 0xFFBA, 
  0xFFBA, 0xFFBB, 0xFFFE, 0xEB4D, 0xF800, 0xF32C, 0xFFFE, 0xFFBA, 0xFFBA, 0xFF9B, 0xFF9B, 0xFFFC, 
  0xFFFC, 0xFF9B, 0xFF9B, 0xFF9B, 0xFF9B, 0xFF9B, 0xF79B, 0xFF9B, 0xFF9B, 0xFF7A, 0xFF9A, 0xFF7A, 
  0xF75A, 0xFFDB, 0xFFFC, 0xFF9A, 0xFFBB, 0xFF9A, 0xFFFB, 0xFFFE, 0xF167, 0xE800, 0xF6D8, 0xFFFE, 
  0xFF9A, 0xFFBB, 0xFF9B, 0xFFFD, 0xF75B, 0xE8C4, 0xF842, 0xF925, 0xF801, 0xF3EE, 0xFFFF, 0xFFBB, 
  0xFF9A, 0xFFBB, 0xFFFC, 0xFF9A, 0xF719, 0xFFFD, 0xFFFD, 0xFFBA, 0xFF9A, 0xFFDC, 0xF79B, 0xF208, 
  0xF8A4, 0xF946, 0xF986, 0x90A6, 0x0006, 0x0008, 0x280D, 0x2009, 0x0007, 0x0807, 0x0808, 0x0808, 
  0x0808, 0x0807, 0x1006, 0x1005, 0x200D, 0x180C, 0x0807, 0x0807, 0x0807, 0x0808, 0x180C, 0x100B, 
  0x0007, 0x0808, 0x0005, 0x0004, 0x0807, 0x0807, 0x0807, 0x0807, 0x1005, 0x1805, 0x1007, 0x0808, 
  0x0007, 0x180B, 0x5019, 0x180C, 0x0006, 0x1008, 0x0006, 0x1026, 0x3888, 0x0005, 0x0808, 0x0808, 
  0x0808, 0x0006, 0x200E, 0x5039, 0x0808, 0x0005, 0x0809, 0x1849, 0x1049, 0x0808, 0x0808, 0x0807, 
  0x0807, 0x0807, 0x0807, 0x202C, 0x1008, 0x0007, 0x0807, 0x0807, 0x0807, 0x0807, 0x0807, 0x0807, 
  0x0807, 0x0007, 0x0007, 0x0007, 0x0807, 0x0808, 0x0007, 0x0007, 0x0006, 0xE4D9, 0x8AB2, 0x0003, 
  0x0807, 0x0807, 0x0807, 0x0006, 0x0007, 0x0808, 0x0006, 0x4867, 0x3847, 0x0007, 0x0807, 0x1008, 
  0x0807, 0x0007, 0x0005, 0x1049, 0xA9FF, 0xD21F, 0x182A, 0x0005, 0x0807, 0x0006, 0x0005, 0x0806, 
  0x0807, 0x0007, 0x0006, 0x0004, 0x006B, 0x11F9, 0x11B7, 0x11B6, 0x11B6, 0x11B6, 0x11B6, 0x11B6, 
  0x11B6, 0x09B6, 0x0094, 0x6C39, 0xFFFE, 0xFF9A, 0xFF9A, 0xFF9A, 0xFF9A, 0xFF9A, 0xFFBB, 0xFFFB, 
  0xFF9C, 0x11B4, 0x0075, 0x0995, 0xFFBC, 0xFFFB, 0xFF9A, 0xFF9A, 0xFF9A, 0xFF9A, 0xFF9B, 0xFFDA, 
  0xEF7C, 0x4B18, 0x0012, 0x9D59, 0xFFFD, 0xFF9B, 0xFFBB, 0xFFBB, 0xFF9A, 0xFFFC, 0xFFFD, 0xBE1A, 
  0xBE3B, 0xC65A, 0xC65A, 0xC65A, 0xC65A, 0xC65A, 0xC63A, 0xC63A, 0xC65A, 0xC65A, 0xC65A, 0xCE5A, 
  0xCE7A, 0xCE5A, 0xBE3A, 0xF75B, 0xFFDB, 0xFF9A, 0xFFBA, 0xFF9A, 0xFFBA, 0xFFFB, 0xA579, 0x0012, 
  0x9519, 0xFFFC, 0xFFBB, 0xFFBB, 0xFF9A, 0xFFBB, 0xFFBA, 0xFFDB, 0xBE3B, 0x11F7, 0x0176, 0x11D6, 
  0x11B6, 0x11B6, 0x11B6, 0x11D6, 0x11D6, 0x11F8, 0x1196, 0x0008, 0x0806, 0x0006, 0x0004, 0x0807, 
  0x813A, 0xCA1F, 0x813C, 0x0808, 0x0806, 0x0807, 0x0808, 0x0808, 0x0808, 0x0807, 0x0005, 0x0807, 
  0x0808, 0x0807, 0x0807, 0x0807, 0x0808, 0x0008, 0x0808, 0x0807, 0x0008, 0x0006, 0xCB12, 0xFCD9, 
  0x0807, 0x0007, 0x0807, 0x0807, 0x0007, 0x0007, 0x2826, 0xF926, 0xF925, 0xF926, 0xF926, 0xF926, 
  0xF925, 0xF925, 0xF926, 0xF001, 0xF513, 0xFFFF, 0xFFBA, 0xFF9B, 0xFFBA, 0xFFBA, 0xFFBB, 0xFFFD, 
  0xEC91, 0xF084, 0xF802, 0xEB0B, 0xFFFD, 0xFFDB, 0xFFBB, 0xFFBB, 0xFFBA, 0xFFBA, 0xFFFD, 0xF656, 
  0xF063, 0xFA6A, 0xFFFD, 0xFFBB, 0xFF9A, 0xFFBB, 0xFFDB, 0xFFFD, 0xEB6E, 0xF166, 0xF207, 0xF1E7, 
  0xF1E8, 0xF1C8, 0xF1E7, 0xF1C8, 0xF1C7, 0xF1C7, 0xF1E8, 0xF1C8, 0xF146, 0xEB0B, 0xFFFD, 0xFFDC, 
  0xFF9A, 0xFFBA, 0xFFBA, 0xFFFD, 0xEDB5, 0xE3EF, 0xFFFC, 0xFFDB, 0xFFBB, 0xFF9B, 0xFFDC, 0xFFFD, 
  0xEA8A, 0xF802, 0xF926, 0xF925, 0xF802, 0xF3AD, 0xFFFF, 0xFFBB, 0xFFBB, 0xFFFC, 0xF6D8, 0xF1E8, 
  0xF0C4, 0xF36C, 0xFF5A, 0xFFDC, 0xFFBB, 0xFFBB, 0xFFFF, 0xFB4C, 0xF862, 0xF966, 0xF987, 0x98C5, 
  0x0005, 0x0007, 0x1809, 0x1007, 0x0807, 0x0807, 0x0808, 0x0808, 0x0807, 0x0808, 0x1007, 0x1007, 
  0x0006, 0x0006, 0x0808, 0x0808, 0x0808, 0x0807, 0x0006, 0x0006, 0x0808, 0x0005, 0x104A, 0x184B, 
  0x0004, 0x0828, 0x0807, 0x0807, 0x1006, 0x1006, 0x0807, 0x0808, 0x0807, 0x0809, 0x3012, 0x180B, 
  0x0806, 0x0807, 0x1008, 0x0005, 0x0004, 0x0808, 0x0807, 0x0808, 0x0808, 0x0807, 0x100A, 0x1029, 
  0x394D, 0x5A12, 0x0007, 0x1869, 0x1049, 0x0808, 0x0807, 0x0808, 0x0808, 0x0807, 0x0005, 0x3833, 
  0x689D, 0x182C, 0x0005, 0x0807, 0x0807, 0x0807, 0x0807, 0x0807, 0x1006, 0x1005, 0x0007, 0x0008, 
  0x0807, 0x0808, 0x0807, 0x0807, 0x0006, 0x9B34, 0x61EF, 0x0004, 0x0807, 0x0807, 0x0807, 0x0808, 
  0x0808, 0x0007, 0x1826, 0xFA2C, 0xD1EB, 0x1804, 0x0807, 0x0007, 0x0807, 0x0808, 0x0807, 0x0005, 
  0x306F, 0x6116, 0x0808, 0x0007, 0x0807, 0x0007, 0x0007, 0x0808, 0x0807, 0x0006, 0x0006, 0x0004, 
  0x006B, 0x11D8, 0x11B7, 0x11B6, 0x11B6, 0x11B6, 0x11B6, 0x11B6, 0x11B6, 0x11B6, 0x0095, 0x4B36, 
  0xFFFC, 0xFF9A, 0xFF9A, 0xFF9A, 0xFF9A, 0xFFBA, 0xFF9A, 0xFFBA, 0xFFFB, 0xADDA, 0x0093, 0x4B37, 
  0xFFDC, 0xFFDA, 0xFFBA, 0xFF9A, 0xFF9A, 0xFF9A, 0xFFBA, 0xFF99, 0xFFFD, 0x951A, 0x0011, 0x9D59, 
  0xFFFD, 0xFFDB, 0xFF9A, 0xFFBB, 0xFFDB, 0xF77C, 0x4B37, 0x0094, 0x0115, 0x0135, 0x0154, 0x0135, 
  0x0135, 0x0134, 0x0134, 0x0134, 0x0135, 0x0134, 0x0135, 0x0135, 0x0155, 0x0135, 0x0073, 0xB5FA, 
  0xFFFC, 0xFFBA, 0xFF9A, 0xFF9A, 0xFF9A, 0xFFDA, 0xFFFC, 0xADB8, 0xF79B, 0xFFDA, 0xFF9A, 0xFFBA, 
  0xFFBB, 0xFF9A, 0xFFFB, 0x8CD8, 0x0014, 0x0956, 0x11D7, 0x11B6, 0x11B6, 0x11B6, 0x11D6, 0x11D6, 
  0x11B6, 0x11F8, 0x1196, 0x0008, 0x0806, 0x0006, 0x0007, 0x0006, 0x0007, 0x50F5, 0x182B, 0x0006, 
  0x0808, 0x0807, 0x0808, 0x0808, 0x0806, 0x0808, 0x3031, 0x180A, 0x0006, 0x0807, 0x0808, 0x0007, 
  0x1806, 0x1806, 0x0808, 0x0808, 0x0008, 0x0007, 0x79AE, 0xAAF2, 0x0806, 0x0006, 0x0007, 0x0007, 
  0x0007, 0x0007, 0x2826, 0xF926, 0xF925, 0xF926, 0xF926, 0xF926, 0xF926, 0xF926, 0xF925, 0xE801, 
  0xECD1, 0xFFFF, 0xFFBB, 0xFF9A, 0xFF9A, 0xFF9A, 0xFF9A, 0xFFBA, 0xFFFE, 0xF2EC, 0xE987, 0xFF9B, 
  0xFFDB, 0xFFBA, 0xFFBA, 0xFF9A, 0xFF9B, 0xFFBB, 0xFFFB, 0xFFFD, 0xE905, 0xFA09, 0xFFFD, 0xFFBB, 
  0xFF9A, 0xFFBB, 0xFFFD, 0xEA4A, 0xF801, 0xF821, 0xF842, 0xF842, 0xF842, 0xF842, 0xF802, 0xF842, 
  0xF862, 0xF842, 0xF863, 0xF863, 0xF843, 0xF001, 0xED74, 0xFFFE, 0xFFBB, 0xFF9B, 0xFF9A, 0xFF9A, 
  0xFFFC, 0xFFFE, 0xFFBB, 0xFF9A, 0xFFBB, 0xFFBB, 0xFFFE, 0xF79B, 0xF0A4, 0xF863, 0xF926, 0xF925, 
  0xF842, 0xF3AD, 0xFFFE, 0xFFBB, 0xFFBB, 0xFFFE, 0xEB2C, 0xF800, 0xF863, 0xF000, 0xF4D1, 0xFFFE, 
  0xFFBB, 0xFFDB, 0xFFFD, 0xF30B, 0xF883, 0xF946, 0xF9A7, 0x90C6, 0x0006, 0x0007, 0x0004, 0x0005, 
  0x0808, 0x0807, 0x0808, 0x0808, 0x0807, 0x0808, 0x0808, 0x0808, 0x0808, 0x0808, 0x0808, 0x0808, 
  0x0808, 0x0808, 0x0807, 0x0807, 0x0806, 0x0005, 0x6199, 0x89FF, 0x182B, 0x0006, 0x0807, 0x0807, 
  0x0807, 0x0808, 0x0808, 0x0808, 0x0807, 0x0807, 0x0006, 0x0807, 0x0808, 0x0808, 0x0807, 0x180B, 
  0x280F, 0x1007, 0x0807, 0x0808, 0x0808, 0x0808, 0x0807, 0x0001, 0x8377, 0xA45C, 0x0005, 0x1049, 
  0x1048, 0x0808, 0x0807, 0x0807, 0x0807, 0x0807, 0x0005, 0x200C, 0x6099, 0x182C, 0x0005, 0x0005, 
  0x0806, 0x0808, 0x0807, 0x0807, 0x1006, 0x1006, 0x0007, 0x0807, 0x0807, 0x0807, 0x0807, 0x0807, 
  0x0807, 0x0004, 0x0005, 0x0807, 0x0807, 0x0807, 0x0807, 0x0807, 0x0007, 0x0007, 0xD1AA, 0xFB6D, 
  0xFB0E, 0xC8E9, 0x0006, 0x0008, 0x0807, 0x0807, 0x0807, 0x0808, 0x0005, 0x0005, 0x0007, 0x0808, 
  0x0007, 0x0007, 0x0006, 0x0806, 0x0807, 0x0006, 0x0006, 0x0004, 0x006B, 0x11D8, 0x11B7, 0x11B6, 
  0x11B6, 0x11B6, 0x11B6, 0x11B6, 0x1196, 0x0996, 0x00F4, 0x7437, 0xFFFC, 0xFF9A, 0xFF9A, 0xFF9A, 
  0xFF9A, 0xFF9A, 0xFFBA, 0xFF9A, 0xFFFB, 0xF77D, 0x00D2, 0xC65B, 0xFFFC, 0xFF9A, 0xFF9A, 0xFF9A, 
  0xFF9A, 0xFF9A, 0xFF9A, 0xFF9A, 0xFFFD, 0x7C59, 0x0012, 0xA559, 0xFFFD, 0xFFBB, 0xFFBB, 0xFFBA, 
  0xFFFC, 0xDEBA, 0x0072, 0x0014, 0x0074, 0x0094, 0x0094, 0x0074, 0x0054, 0x0054, 0x0116, 0x0996, 
  0x0956, 0x0956, 0x0976, 0x0976, 0x0176, 0x0977, 0x00D6, 0x4B37, 0xFFFC, 0xFFFB, 0xFF9A, 0xFFBB, 
  0xFFBA, 0xFF9B, 0xFFBA, 0xFFFB, 0xFFFA, 0xFF9A, 0xFF9A, 0xFF9B, 0xFF9A, 0xFFFB, 0xFFFD, 0x5BB7, 
  0x0054, 0x11B6, 0x11B6, 0x11B6, 0x11B6, 0x11B6, 0x11B6, 0x11D6, 0x11B6, 0x11F7, 0x11B5, 0x0007, 
  0x0006, 0x0006, 0x0006, 0x0807, 0x0006, 0x0004, 0x0006, 0x0808, 0x0808, 0x1008, 0x0808, 0x0808, 
  0x0807, 0x1008, 0x4014, 0x180C, 0x0006, 0x0807, 0x0807, 0x0008, 0x1805, 0x2005, 0x0808, 0x0008, 
  0x0808, 0x0808, 0x0006, 0x0004, 0x0807, 0x0807, 0x1006, 0x0807, 0x0007, 0x0007, 0x2026, 0xF946, 
  0xF945, 0xF926, 0xF926, 0xF925, 0xF926, 0xF926, 0xF843, 0xEAEB, 0xF75B, 0xFFDC, 0xFF9A, 0xFF9B, 
  0xFF9A, 0xFF9A, 0xFF9A, 0xFF9A, 0xFFFE, 0xEB0C, 0xEA28, 0xFFFF, 0xFFBA, 0xFF9A, 0xFF9A, 0xFF9B, 
  0xFF9A, 0xFFBA, 0xFFFB, 0xFFDB, 0xF0A4, 0xF208, 0xFFFD, 0xFFBB, 0xFF9A, 0xFFDB, 0xFFFC, 0xEBEF, 
  0xF001, 0xF800, 0xF021, 0xF801, 0xF001, 0xF001, 0xF002, 0xF884, 0xF8E5, 0xF8E5, 0xF905, 0xF905, 
  0xF905, 0xF883, 0xE925, 0xF77B, 0xFFFC, 0xFF9A, 0xFF9A, 0xFF9A, 0xFF9A, 0xFFBB, 0xFFBA, 0xFFBA, 
  0xFF9B, 0xFFDB, 0xFFFF, 0xF40F, 0xF802, 0xF905, 0xF926, 0xF946, 0xF822, 0xF3CE, 0xFFFF, 0xFFFD, 
  0xFFFD, 0xFFFF, 0xF34D, 0xF801, 0xF925, 0xF822, 0xF491, 0xFFFE, 0xFF9B, 0xFFDB, 0xFFFD, 0xF30B, 
  0xF863, 0xF946, 0xF9A6, 0x90C6, 0x0006, 0x0007, 0x0005, 0x0005, 0x0807, 0x0808, 0x0808, 0x0807, 
  0x0807, 0x0808, 0x0808, 0x0808, 0x0808, 0x0006, 0x0807, 0x0808, 0x0808, 0x0808, 0x0808, 0x0807, 
  0x0003, 0x286F, 0xB27F, 0xC2DF, 0x50F7, 0x0003, 0x0807, 0x0807, 0x0807, 0x0807, 0x0808, 0x0808, 
  0x0007, 0x0006, 0x0807, 0x0807, 0x0808, 0x0807, 0x0806, 0x180D, 0x2810, 0x1006, 0x0807, 0x0808, 
  0x0808, 0x0808, 0x1007, 0x0807, 0x20CB, 0x20CA, 0x0006, 0x1849, 0x1049, 0x0808, 0x0005, 0x0006, 
  0x0808, 0x0807, 0x0808, 0x0007, 0x0007, 0x0806, 0x0807, 0x102A, 0x1009, 0x0807, 0x0807, 0x0006, 
  0x0807, 0x0008, 0x0807, 0x0807, 0x0807, 0x0807, 0x0807, 0x0807, 0x0807, 0x0007, 0x0007, 0x0807, 
  0x0807, 0x0808, 0x0807, 0x0807, 0x0007, 0x0007, 0x4866, 0xFA8C, 0xE1CB, 0x3067, 0x0007, 0x0007, 
  0x0807, 0x0807, 0x0807, 0x0808, 0x0807, 0x0007, 0x0808, 0x0808, 0x0008, 0x0808, 0x1006, 0x0806, 
  0x0007, 0x0007, 0x0006, 0x0004, 0x006B, 0x11D8, 0x11B7, 0x11B6, 0x11B6, 0x11B6, 0x11B6, 0x1196, 
  0x1195, 0x00D5, 0x3AF7, 0xFFFD, 0xFFDB, 0xFF9A, 0xFF9A, 0xFF9A, 0xFF9A, 0xFF9A, 0xFF9A, 0xFF9A, 
  0xFFFC, 0xD69B, 0x0032, 0xB5FA, 0xFFFB, 0xFF9A, 0xFF9A, 0xFF9A, 0xFF9A, 0xFF9A, 0xFF9A, 0xFF9A, 
  0xFFFD, 0x7C58, 0x0011, 0xA579, 0xFFFC, 0xFF9B, 0xFFBA, 0xFFBB, 0xFFBA, 0xFFDC, 0xD6BB, 0x5377, 
  0x5BD8, 0x63D8, 0x63D8, 0x63D8, 0x63D8, 0x63D8, 0x0154, 0x0014, 0x0956, 0x1196, 0x1195, 0x1176, 
  0x1196, 0x1196, 0x0997, 0x00B4, 0x6C17, 0xF7BC, 0xFFDA, 0xFF9A, 0xFF9A, 0xFF9A, 0xFF9A, 0xFF9A, 
  0xFF9A, 0xFFBA, 0xFFBA, 0xFF9B, 0xFFDA, 0xFFBC, 0x8CB9, 0x0914, 0x0996, 0x1195, 0x11B6, 0x11B5, 
  0x11B6, 0x11B6, 0x11B6, 0x11D6, 0x11B7, 0x11F8, 0x11B6, 0x0007, 0x0005, 0x0006, 0x0806, 0x0807, 
  0x0807, 0x0807, 0x0807, 0x0807, 0x0808, 0x0808, 0x0808, 0x0808, 0x0808, 0x0807, 0x0007, 0x0807, 
  0x0808, 0x0006, 0x0807, 0x0808, 0x0808, 0x0808, 0x0808, 0x0808, 0x0808, 0x0808, 0x0808, 0x0807, 
  0x0807, 0x1007, 0x1806, 0x0806, 0x0007, 0x0007, 0x2026, 0xF925, 0xF945, 0xF926, 0xF926, 0xF926, 
  0xF925, 0xF925, 0xF001, 0xF450, 0xFFFF, 0xFF9A, 0xFFBA, 0xFF9A, 0xFF9A, 0xFFBA, 0xFF9A, 0xFFBB, 
  0xFFFD, 0xEA08, 0xE126, 0xFFFD, 0xFFDB, 0xFFBA, 0xFF9A, 0xFFBA, 0xFF9B, 0xFF9A, 0xFFFB, 0xFFDB, 
  0xE966, 0xF229, 0xFFFE, 0xFFBB, 0xFF9A, 0xFF9A, 0xFFBA, 0xFFFE, 0xF5D4, 0xF4B1, 0xF4F2, 0xF4F2, 
  0xF4F2, 0xF4F2, 0xF512, 0xE986, 0xF000, 0xF8A4, 0xF925, 0xF906, 0xF926, 0xF905, 0xF822, 0xEB4C, 
  0xFFFD, 0xFFDB, 0xFFBA, 0xFFBA, 0xFFBB, 0xFF9A, 0xFF9B, 0xFF9A, 0xFF9B, 0xFFFE, 0xF636, 0xF043, 
  0xF8C5, 0xF926, 0xF946, 0xF946, 0xF883, 0xF36D, 0xFFBD, 0xFF7A, 0xFF5A, 0xFF9C, 0xF30C, 0xF823, 
  0xF926, 0xF001, 0xF450, 0xFFFE, 0xFFBB, 0xFFBB, 0xFFFD, 0xF30B, 0xF863, 0xF946, 0xF987, 0x90A6, 
  0x0006, 0x0007, 0x0005, 0x0005, 0x0807, 0x0808, 0x0807, 0x0005, 0x0807, 0x0808, 0x0808, 0x0808, 
  0x0808, 0x102A, 0x1009, 0x0807, 0x0808, 0x0808, 0x0808, 0x0808, 0x0006, 0x0007, 0x6158, 0x719A, 
  0x0828, 0x0806, 0x0807, 0x0807, 0x0807, 0x0808, 0x0807, 0x0807, 0x1047, 0x30C9, 0x1008, 0x0807, 
  0x0808, 0x0808, 0x0808, 0x0808, 0x0807, 0x0806, 0x0808, 0x0808, 0x0808, 0x0808, 0x0808, 0x1008, 
  0x0006, 0x0005, 0x0808, 0x1849, 0x1048, 0x0808, 0x4034, 0x282E, 0x0006, 0x0808, 0x0808, 0x0808, 
  0x0807, 0x0807, 0x0007, 0x5098, 0x3852, 0x0005, 0x0807, 0x0807, 0x0807, 0x0008, 0x0007, 0x0007, 
  0x0807, 0x0807, 0x0807, 0x0007, 0x0007, 0x0005, 0x0007, 0x0807, 0x0807, 0x0807, 0x0806, 0x0006, 
  0x0807, 0x0807, 0x0005, 0x88C9, 0x6888, 0x0006, 0x0007, 0x0806, 0x0807, 0x0807, 0x0807, 0x0807, 
  0x0807, 0x0807, 0x0807, 0x0007, 0x0008, 0x180A, 0x1807, 0x0805, 0x0007, 0x0006, 0x0006, 0x0004, 
  0x006B, 0x11D8, 0x11B6, 0x11B6, 0x11B6, 0x11B6, 0x11B6, 0x1196, 0x1195, 0x00B5, 0x3AF7, 0xFFFD, 
  0xFFDA, 0xFF9A, 0xFF9A, 0xFF9A, 0xFF9A, 0xFF9A, 0xFF9A, 0xFF9A, 0xFFFB, 0xDEDC, 0x2A35, 0xCE5B, 
  0xFFFB, 0xFF9A, 0xFF9A, 0xFF9A, 0xFF9A, 0xFF9A, 0xFF9A, 0xFF9A, 0xFFDA, 0xEF5C, 0x00F2, 0xA59A, 
  0xFFFD, 0xFFBB, 0xFF9B, 0xFFBB, 0xFFBA, 0xFF9A, 0xFFFB, 0xFFFD, 0xFFFC, 0xFFFC, 0xFFFD, 0xFFFC, 
  0xFFFD, 0xFFFE, 0xA579, 0x5B77, 0x00B3, 0x00B5, 0x1196, 0x1176, 0x0976, 0x1176, 0x11B6, 0x0976, 
  0x0013, 0x9539, 0xFFFD, 0xFF9A, 0xFF9A, 0xFF9A, 0xFF9A, 0xFF9A, 0xFF9A, 0xFFBA, 0xFFBA, 0xFF9A, 
  0xFFFC, 0xB5FA, 0x0014, 0x0116, 0x11B6, 0x1195, 0x1195, 0x11B6, 0x11B6, 0x11B6, 0x11B6, 0x11B6, 
  0x11D6, 0x11F8, 0x11B6, 0x0007, 0x0006, 0x0006, 0x0806, 0x0807, 0x0807, 0x0807, 0x0808, 0x0807, 
  0x0808, 0x0808, 0x0808, 0x0808, 0x0808, 0x0808, 0x0807, 0x0807, 0x0807, 0x180C, 0x0808, 0x0808, 
  0x0808, 0x0808, 0x0808, 0x1008, 0x0808, 0x0808, 0x0807, 0x0807, 0x0807, 0x0807, 0x0806, 0x0006, 
  0x0006, 0x0007, 0x2826, 0xF925, 0xF925, 0xF925, 0xF925, 0xF925, 0xF946, 0xF926, 0xF000, 0xEB8D, 
  0xFFFF, 0xFFBA, 0xFF9A, 0xFF9A, 0xFF9B, 0xFF9A, 0xFF9A, 0xFFBB, 0xFFFC, 0xEC0F, 0xEBEF, 0xFFFC, 
  0xFFBA, 0xFF9A, 0xFF9A, 0xFF9A, 0xFF9A, 0xFF9A, 0xFFBA, 0xFFFC, 0xF553, 0xEACB, 0xFFFF, 0xFFBB, 
  0xFF9A, 0xFF9A, 0xFFBA, 0xFFBA, 0xFFFD, 0xFFFF, 0xFFFE, 0xFFFE, 0xFFFE, 0xFFFE, 0xFFFE, 0xF6F8, 
  0xECF2, 0xE884, 0xF863, 0xF925, 0xF906, 0xF926, 0xF8A4, 0xF001, 0xF6B7, 0xFFFF, 0xFF9A, 0xFFBA, 
  0xFF9A, 0xFFBA, 0xFF9A, 0xFF9A, 0xFFFC, 0xFFBB, 0xF1A8, 0xF843, 0xF946, 0xF946, 0xF946, 0xF946, 
  0xF946, 0xF186, 0xF1E8, 0xF1E7, 0xF1C7, 0xF1C7, 0xF945, 0xF925, 0xF884, 0xE801, 0xED33, 0xFFFD, 
  0xFFBB, 0xFFBB, 0xFFFD, 0xF30B, 0xF863, 0xF946, 0xF986, 0x90A6, 0x0006, 0x0007, 0x0005, 0x0005, 
  0x0808, 0x0807, 0x0808, 0x3874, 0x202E, 0x0006, 0x0808, 0x0807, 0x0007, 0x709C, 0x4854, 0x0004, 
  0x0808, 0x0807, 0x0808, 0x0808, 0x0808, 0x0005, 0x0808, 0x0828, 0x0005, 0x0807, 0x0807, 0x0807, 
  0x0808, 0x0807, 0x0808, 0x0005, 0x592A, 0xFCB6, 0x2068, 0x0007, 0x0808, 0x0808, 0x0808, 0x0807, 
  0x0807, 0x0807, 0x0807, 0x0807, 0x0808, 0x0808, 0x0808, 0x0808, 0x0807, 0x100A, 0x4076, 0x206B, 
  0x1049, 0x0808, 0x683C, 0x3832, 0x0005, 0x0808, 0x0807, 0x0807, 0x0808, 0x0808, 0x0807, 0x200D, 
  0x180B, 0x0806, 0x0807, 0x0807, 0x0007, 0x0808, 0x0808, 0x0807, 0x0807, 0x1006, 0x0807, 0x0007, 
  0x0807, 0x280D, 0x1008, 0x0006, 0x0807, 0x0807, 0x0806, 0x0807, 0x0807, 0x0807, 0x0807, 0x0006, 
  0x0006, 0x0808, 0x0807, 0x0006, 0x0005, 0x0006, 0x0807, 0x0806, 0x0007, 0x0807, 0x0807, 0x0808, 
  0x0807, 0x0807, 0x0806, 0x0806, 0x0806, 0x0006, 0x0006, 0x0004, 0x086B, 0x11F9, 0x11B6, 0x11B6, 
  0x11B6, 0x11B6, 0x1196, 0x1196, 0x11B6, 0x00D5, 0x3AD6, 0xFFFC, 0xFFDA, 0xFF9B, 0xFF9A, 0xFF9A, 
  0xFF9A, 0xFF9A, 0xFF9A, 0xFF9B, 0xFFBA, 0xFFBB, 0xFFFC, 0xFFDB, 0xFF9A, 0xFFBA, 0xFF9A, 0xFF9A, 
  0xFF99, 0xFF9A, 0xFF9A, 0xFF9A, 0xFFDA, 0xFFFC, 0x1A15, 0x21F4, 0xE75C, 0xFFDC, 0xFFBA, 0xFFBA, 
  0xFFBA, 0xFF9A, 0xFF9A, 0xFFBA, 0xFFBA, 0xFFBA, 0xFFBA, 0xFFBA, 0xFFBA, 0xFFBA, 0xFFFC, 0xFFFE, 
  0x9D38, 0x08F4, 0x0116, 0x1176, 0x0996, 0x0996, 0x1196, 0x11B6, 0x0094, 0x4357, 0xFFFD, 0xFFDA, 
  0xFF9A, 0xFFBA, 0xFF9A, 0xFF9A, 0xFF9A, 0xFF9A, 0xFF9A, 0xFFFB, 0xFFFC, 0x42F6, 0x00B5, 0x09B6, 
  0x1176, 0x1195, 0x1195, 0x1195, 0x11B5, 0x11B6, 0x11B6, 0x11B6, 0x11D6, 0x11F8, 0x11B6, 0x0007, 
  0x0005, 0x0006, 0x0806, 0x0006, 0x0006, 0x0808, 0x0808, 0x0807, 0x0006, 0x0808, 0x0808, 0x0808, 
  0x0807, 0x0007, 0x0808, 0x0807, 0x0808, 0x3010, 0x1009, 0x0007, 0x0807, 0x0808, 0x0807, 0x0808, 
  0x0808, 0x0808, 0x0807, 0x0807, 0x0807, 0x0807, 0x0807, 0x0006, 0x0006, 0x0007, 0x2026, 0xF946, 
  0xF925, 0xF925, 0xF925, 0xF925, 0xF926, 0xF883, 0xF1C7, 0xF6D9, 0xFFDC, 0xFF9B, 0xFF9A, 0xFF9A, 
  0xFF9A, 0xFF9B, 0xFFBB, 0xFF9A, 0xFF9A, 0xFFFB, 0xFFFC, 0xFF9A, 0xFF9A, 0xFF9A, 0xFF9B, 0xFF9A, 
  0xFF9A, 0xFF9A, 0xFF9A, 0xFFFC, 0xF6B8, 0xE8C4, 0xF470, 0xFFFE, 0xFFBB, 0xFFBA, 0xFFBA, 0xFFBB, 
  0xFFBA, 0xFFBB, 0xFF9A, 0xFF9A, 0xFF9A, 0xFF9A, 0xFF9A, 0xFFFD, 0xFFFF, 0xED33, 0xF044, 0xF8E5, 
  0xF905, 0xF926, 0xF926, 0xF822, 0xE9A7, 0xF6FA, 0xFFFC, 0xFFBB, 0xFF9A, 0xFF9A, 0xFF9A, 0xFFBA, 
  0xFFFE, 0xF4B1, 0xF801, 0xF905, 0xF925, 0xF946, 0xF946, 0xF966, 0xF966, 0xF925, 0xF8C3, 0xF8C4, 
  0xF8C4, 0xF8A3, 0xF905, 0xF8E4, 0xF023, 0xF532, 0xFFFD, 0xFFBA, 0xFFBA, 0xFFDB, 0xFFFF, 0xF32C, 
  0xF842, 0xF946, 0xF987, 0x90A6, 0x0006, 0x0007, 0x0005, 0x0006, 0x0807, 0x0006, 0x0807, 0x589C, 
  0x2852, 0x0005, 0x0807, 0x0807, 0x0807, 0x3832, 0x200C, 0x0005, 0x0808, 0x0807, 0x0807, 0x0807, 
  0x0807, 0x0807, 0x0005, 0x0004, 0x0807, 0x0807, 0x0806, 0x0806, 0x0807, 0x0807, 0x0807, 0x0006, 
  0x2848, 0x796C, 0x1048, 0x0008, 0x0807, 0x0808, 0x0808, 0x0808, 0x0807, 0x0006, 0x0807, 0x0808, 
  0x0807, 0x0807, 0x0807, 0x0808, 0x0807, 0x1008, 0x202D, 0x186A, 0x1049, 0x0808, 0x1009, 0x1029, 
  0x0808, 0x0808, 0x0808, 0x0808, 0x0807, 0x0808, 0x1008, 0x0006, 0x0007, 0x0808, 0x0808, 0x0809, 
  0x0807, 0x0807, 0x0808, 0x0807, 0x0807, 0x1007, 0x0806, 0x0807, 0x0808, 0x200D, 0x0808, 0x0807, 
  0x0808, 0x0007, 0x0807, 0x1008, 0x0808, 0x0807, 0x0807, 0x0008, 0x0007, 0x0807, 0x0007, 0x0808, 
  0x180A, 0x0806, 0x0807, 0x0807, 0x1008, 0x0808, 0x0807, 0x0007, 0x0808, 0x1007, 0x0806, 0x0806, 
  0x0806, 0x0006, 0x0006, 0x0004, 0x006B, 0x11D8, 0x11B6, 0x11B6, 0x11B6, 0x11B6, 0x11B5, 0x1196, 
  0x0996, 0x0134, 0xB5F9, 0xFFFC, 0xFFBA, 0xFF9A, 0xFF9A, 0xFF9A, 0xFF9A, 0xFF9A, 0xFF9A, 0xFF9B, 
  0xFF9A, 0xFFDA, 0xFFFA, 0xFFB9, 0xFF9A, 0xFF9A, 0xFF9A, 0xFF9A, 0xFF9A, 0xFF7A, 0xFF9A, 0xFF9A, 
  0xFFDB, 0xFFDB, 0x11D5, 0x0012, 0x9D9A, 0xFFFE, 0xFFBA, 0xFFBA, 0xFF9A, 0xFF9A, 0xFF9A, 0xFFBB, 
  0xFF9A, 0xFF9A, 0xFFBB, 0xFFBA, 0xFF9A, 0xFFBA, 0xFFBA, 0xFFDA, 0xFFFD, 0xC63B, 0x0013, 0x0135, 
  0x1195, 0x0976, 0x0996, 0x1196, 0x0196, 0x00B4, 0x9CF9, 0xFFFC, 0xFFBA, 0xFF9A, 0xFF9A, 0xFF9A, 
  0xFF9A, 0xFF9A, 0xFFDA, 0xFFFC, 0xB5FA, 0x00B3, 0x0156, 0x0996, 0x09B5, 0x1196, 0x11B5, 0x11B5, 
  0x11B5, 0x11B6, 0x11B6, 0x11B6, 0x11B6, 0x11F8, 0x11B6, 0x0007, 0x0005, 0x0006, 0x0006, 0x202B, 
  0x180C, 0x0807, 0x0807, 0x1008, 0x200C, 0x0808, 0x0807, 0x0807, 0x182A, 0x182B, 0x0807, 0x1008, 
  0x0807, 0x0807, 0x0807, 0x1009, 0x1029, 0x0807, 0x102B, 0x1009, 0x0808, 0x0807, 0x1009, 0x1009, 
  0x0807, 0x0806, 0x0007, 0x0807, 0x0007, 0x0007, 0x2026, 0xF946, 0xF925, 0xF925, 0xF926, 0xF925, 
  0xF126, 0xF801, 0xFB4C, 0xFFFF, 0xFFBA, 0xFF9A, 0xFFBB, 0xFF9A, 0xFFBA, 0xFF9A, 0xFFBB, 0xFF9B, 
  0xFF9A, 0xFFBA, 0xFFBB, 0xFF9A, 0xFF9A, 0xFF9A, 0xFF9A, 0xFF9A, 0xFF9A, 0xFF9A, 0xFF9A, 0xFFFC, 
  0xF696, 0xF000, 0xE801, 0xFF39, 0xFFFF, 0xFFBA, 0xFFBA, 0xFFBB, 0xFFBB, 0xFF9A, 0xFF9B, 0xFFBA, 
  0xFF9A, 0xFF9A, 0xFF9A, 0xFF9A, 0xFFBB, 0xFFFF, 0xEBEF, 0xF000, 0xF925, 0xF905, 0xF905, 0xF906, 
  0xE800, 0xECF1, 0xFFFE, 0xFF9A, 0xFF9A, 0xFF9A, 0xFF9A, 0xFFFC, 0xF6D8, 0xE864, 0xF883, 0xF926, 
  0xF925, 0xF946, 0xF966, 0xF946, 0xF946, 0xF946, 0xF946, 0xF966, 0xF945, 0xF926, 0xF905, 0xF000, 
  0xF470, 0xFFFF, 0xFFFB, 0xFF9A, 0xFFBA, 0xFFFD, 0xF636, 0xF105, 0xF8E4, 0xF946, 0xF987, 0x88A6, 
  0x0006, 0x0008, 0x0005, 0x0005, 0x0807, 0x0808, 0x1009, 0x100A, 0x0808, 0x0807, 0x1008, 0x0808, 
  0x0808, 0x0005, 0x0006, 0x1009, 0x0808, 0x0808, 0x0807, 0x1008, 0x0807, 0x0807, 0x0807, 0x0808, 
  0x0808, 0x0807, 0x0806, 0x0807, 0x1008, 0x0808, 0x0807, 0x0807, 0x0007, 0x0006, 0x0807, 0x0808, 
  0x0808, 0x0808, 0x0808, 0x0808, 0x0808, 0x1009, 0x0808, 0x0807, 0x0807, 0x1008, 0x0809, 0x1008, 
  0x0808, 0x1008, 0x0807, 0x1048, 0x1849, 0x3832, 0x0827, 0x0005, 0x0807, 0x100A, 0x4834, 0x100A, 
  0x0806, 0x0807, 0x3031, 0x180C, 0x0005, 0x0006, 0x2830, 0x282E, 0x0006, 0x0006, 0x180C, 0x2830, 
  0x0006, 0x0006, 0x0808, 0x2810, 0x1008, 0x0005, 0x0006, 0x200D, 0x180B, 0x0006, 0x0005, 0x202D, 
  0x202D, 0x0005, 0x0005, 0x284F, 0x282E, 0x0005, 0x0005, 0x180D, 0x4036, 0x0807, 0x0005, 0x0006, 
  0x2810, 0x180C, 0x0006, 0x0005, 0x200E, 0x3031, 0x0005, 0x0806, 0x0807, 0x182C, 0x0007, 0x0003, 
  0x006B, 0x11D8, 0x11B6, 0x11B6, 0x11B6, 0x11B6, 0x11B5, 0x1196, 0x0156, 0x0134, 0xE71A, 0xFFFB, 
  0xFF9A, 0xFF9B, 0xFF9A, 0xFF9A, 0xFF9B, 0xFF9A, 0xFF9A, 0xFFBA, 0xFFBA, 0xFFBA, 0xFFBA, 0xFF9A, 
  0xFF9A, 0xFF9A, 0xFF9A, 0xFFBA, 0xFF9A, 0xFF9A, 0xFF9A, 0xFF9A, 0xFFDA, 0xFFFC, 0x42F5, 0x00B3, 
  0x1995, 0xE73C, 0xFFFC, 0xFF9A, 0xFFBB, 0xFFBB, 0xFFBA, 0xFF9A, 0xFFBA, 0xFFBA, 0xFF9B, 0xFF9B, 
  0xFF9A, 0xFF9A, 0xFFBA, 0xFF9B, 0xFFDB, 0xFFFC, 0x6418, 0x0155, 0x0955, 0x0976, 0x0976, 0x0996, 
  0x1195, 0x00D5, 0x00F3, 0xF79C, 0xFFFA, 0xFF9A, 0xFF9A, 0xFF9A, 0xFF9A, 0xFF9A, 0xFFFA, 0xE71A, 
  0x0135, 0x0116, 0x0975, 0x1195, 0x1195, 0x0995, 0x1195, 0x1196, 0x11B6, 0x11B6, 0x11B5, 0x11B6, 
  0x11B6, 0x11D8, 0x1195, 0x0007, 0x0805, 0x0808, 0x0007, 0x280F, 0x202D, 0x1829, 0x180A, 0x0808, 
  0x202D, 0x0808, 0x0808, 0x0006, 0x280F, 0x3831, 0x0005, 0x0807, 0x0806, 0x0807, 0x0005, 0x1009, 
  0x1009, 0x0006, 0x3811, 0x282D, 0x0006, 0x0006, 0x202D, 0x3853, 0x0006, 0x0006, 0x0808, 0x180C, 
  0x0007, 0x0007, 0x2026, 0xF946, 0xF945, 0xF925, 0xF926, 0xF925, 0xF925, 0xF802, 0xEA49, 0xFFFE, 
  0xFFDB, 0xFFBA, 0xFF9A, 0xFFBB, 0xFFBA, 0xFF9B, 0xFF9A, 0xFF9A, 0xFF9A, 0xFFBB, 0xFF9A, 0xFF9A, 
  0xFF9A, 0xFF9A, 0xFFBA, 0xFF9B, 0xFF9B, 0xFF9B, 0xFF9A, 0xFFDC, 0xFF5A, 0xF26A, 0xF800, 0xE925, 
  0xF6B8, 0xFFFF, 0xFFFC, 0xFF9A, 0xFFBB, 0xFFBA, 0xFF9B, 0xFFBA, 0xFF9B, 0xFF9A, 0xFF9A, 0xFFBA, 
  0xFF9A, 0xFFFD, 0xF719, 0xE8E4, 0xF8A4, 0xF905, 0xF925, 0xF8C4, 0xE801, 0xED94, 0xFFFE, 0xFF9B, 
  0xFFBA, 0xFF9A, 0xFF9A, 0xFFFC, 0xEED8, 0xE106, 0xF8A3, 0xF925, 0xF925, 0xF925, 0xF946, 0xF946, 
  0xF966, 0xF946, 0xF966, 0xF946, 0xF946, 0xF946, 0xF002, 0xF30C, 0xFFFD, 0xFFDB, 0xFF9A, 0xFFBA, 
  0xFFBB, 0xFFFF, 0xF3AE, 0xF800, 0xF966, 0xF946, 0xF9A7, 0x88A6, 0x0005, 0x0008, 0x0009, 0x0006, 
  0x0806, 0x100B, 0x2830, 0x0004, 0x0806, 0x0807, 0x282F, 0x180B, 0x0807, 0x0006, 0x200D, 0x3030, 
  0x0807, 0x0807, 0x0808, 0x3011, 0x1009, 0x0806, 0x0005, 0x282F, 0x2830, 0x0006, 0x0806, 0x100A, 
  0x3012, 0x1008, 0x0807, 0x0806, 0x200F, 0x200D, 0x0006, 0x0006, 0x182C, 0x2831, 0x0007, 0x0007, 
  0x0808, 0x3834, 0x180A, 0x0806, 0x0806, 0x3010, 0x280E, 0x0806, 0x0007, 0x202D, 0x4033, 0x1048, 
  0x1048, 0x200E, 0x1009, 0x0005, 0x0005, 0x1008, 0x202D, 0x1008, 0x0004, 0x0006, 0x180B, 0x1009, 
  0x0005, 0x0006, 0x100A, 0x1009, 0x0006, 0x0006, 0x1008, 0x100A, 0x0806, 0x0006, 0x0807, 0x180B, 
  0x0808, 0x0006, 0x0006, 0x1009, 0x1009, 0x0807, 0x0006, 0x1009, 0x1009, 0x0006, 0x0005, 0x180A, 
  0x100A, 0x0007, 0x0006, 0x0807, 0x100A, 0x0807, 0x0005, 0x0005, 0x1009, 0x1008, 0x0006, 0x0007, 
  0x1009, 0x180A, 0x0006, 0x0006, 0x0806, 0x0809, 0x0007, 0x0003, 0x006B, 0x11D8, 0x11B6, 0x11B6, 
  0x11B6, 0x11B6, 0x1196, 0x1196, 0x0976, 0x00B2, 0xD699, 0xFFFC, 0xFFBA, 0xFF9B, 0xFF9B, 0xFFBB, 
  0xFF9A, 0xFF9B, 0xFF9A, 0xFF9A, 0xFF9A, 0xFF9A, 0xFF9A, 0xFFBA, 0xFF9A, 0xFF9A, 0xFF9A, 0xFF9A, 
  0xFF9A, 0xFF9A, 0xFF9A, 0xFF9A, 0xFFBB, 0xFFFC, 0xEF7C, 0x11D5, 0x0013, 0x42D6, 0xFFBD, 0xFFFC, 
  0xFFFB, 0xFFBA, 0xFF9A, 0xFFBA, 0xFFBA, 0xFFBB, 0xFF9A, 0xFFBA, 0xFFBA, 0xFF9A, 0xFFBA, 0xFFBA, 
  0xFF7A, 0xFFFB, 0xFFFE, 0x11B7, 0x00B6, 0x0976, 0x1176, 0x0976, 0x1196, 0x00D4, 0x00D2, 0xEF3C, 
  0xFFFB, 0xFF9A, 0xFF9A, 0xFF9A, 0xFF9A, 0xFF9A, 0xFFFB, 0xDEDA, 0x0012, 0x0095, 0x11B6, 0x1176, 
  0x1195, 0x11B5, 0x1195, 0x1195, 0x11B5, 0x11B5, 0x11B5, 0x11B6, 0x11B6, 0x11D7, 0x1195, 0x0007, 
  0x0006, 0x0808, 0x0007, 0x0004, 0x0005, 0x1009, 0x1029, 0x0007, 0x0006, 0x0807, 0x0807, 0x0006, 
  0x0807, 0x1008, 0x0807, 0x0806, 0x1008, 0x100A, 0x0807, 0x0806, 0x0005, 0x0006, 0x1009, 0x1008, 
  0x0007, 0x0007, 0x0807, 0x1009, 0x0808, 0x0006, 0x0808, 0x0809, 0x0007, 0x0007, 0x2026, 0xF946, 
  0xF925, 0xF925, 0xF926, 0xF925, 0xF8E5, 0xF0A4, 0xED32, 0xFFFC, 0xFFBA, 0xFF9A, 0xFF9A, 0xFF7A, 
  0xFFFD, 0xFFFD, 0xFF99, 0xFFBA, 0xFF9B, 0xFF9A, 0xFF9A, 0xFF9A, 0xFF9A, 0xFF79, 0xFFFC, 0xFFFD, 
  0xFFBB, 0xFF9A, 0xFF9A, 0xFF9A, 0xFFFE, 0xFD73, 0xF801, 0xF801, 0xE926, 0xEDF6, 0xFFFD, 0xFFFE, 
  0xFFFD, 0xFFFD, 0xFFFD, 0xFFFD, 0xFFFD, 0xFFDB, 0xFF99, 0xFF9A, 0xFF9A, 0xFFFA, 0xFF9A, 0xF105, 
  0xF863, 0xF925, 0xF905, 0xF800, 0xEACB, 0xFFDE, 0xFFBB, 0xFFBA, 0xFFBA, 0xFF9A, 0xFF9A, 0xFF9A, 
  0xFFFD, 0xF616, 0xF001, 0xF905, 0xF925, 0xF925, 0xF946, 0xF946, 0xF946, 0xF946, 0xF966, 0xF966, 
  0xF946, 0xF863, 0xE1A6, 0xF7DC, 0xFFFD, 0xFF99, 0xFF9A, 0xFFBA, 0xFFFE, 0xF553, 0xF0E5, 0xF905, 
  0xF966, 0xF946, 0xF9A7, 0x90A5, 0x0005, 0x0008, 0x0008, 0x0006, 0x0006, 0x0807, 0x100A, 0x0807, 
  0x0006, 0x0006, 0x100A, 0x1009, 0x0807, 0x0006, 0x100A, 0x180A, 0x0807, 0x0807, 0x0807, 0x100A, 
  0x0809, 0x0807, 0x0007, 0x180A, 0x100A, 0x0807, 0x0006, 0x0808, 0x100A, 0x0808, 0x0007, 0x0806, 
  0x100A, 0x1009, 0x0006, 0x0006, 0x1009, 0x180B, 0x0007, 0x0006, 0x0807, 0x180B, 0x1009, 0x0007, 
  0x0007, 0x100B, 0x100A, 0x0007, 0x0007, 0x100A, 0x180B, 0x1068, 0x1869, 0x0005, 0x0006, 0x300F, 
  0x4051, 0x0807, 0x0005, 0x0806, 0x4033, 0x300F, 0x0003, 0x0005, 0x3011, 0x3010, 0x0005, 0x0005, 
  0x280E, 0x3831, 0x0006, 0x0005, 0x180A, 0x3832, 0x1008, 0x0005, 0x0007, 0x3831, 0x200D, 0x0005, 
  0x0005, 0x282F, 0x282F, 0x0006, 0x0006, 0x200E, 0x3010, 0x0004, 0x0005, 0x180B, 0x280F, 0x0006, 
  0x0005, 0x0807, 0x3832, 0x200C, 0x0004, 0x0006, 0x3011, 0x3011, 0x0005, 0x0005, 0x100A, 0x3811, 
  0x1009, 0x0005, 0x0006, 0x0004, 0x006B, 0x11D8, 0x11B6, 0x11B6, 0x11B6, 0x11B6, 0x1196, 0x1196, 
  0x00F4, 0x7437, 0xFFBC, 0xFFDA, 0xFFBB, 0xFFBA, 0xFF9A, 0xFF9B, 0xFFFB, 0xFFDA, 0xFF9A, 0xFFBA, 
  0xFF9B, 0xFF9A, 0xFF9A, 0xFF9A, 0xFF9A, 0xFF9A, 0xFF9B, 0xFFBA, 0xFFDA, 0xFF9A, 0xFF9A, 0xFFBA, 
  0xFFBA, 0xFFFA, 0xFFBC, 0x19B5, 0x00F5, 0x0053, 0x63B7, 0xD6FD, 0xD69B, 0xFFFB, 0xFFFB, 0xFFFB, 
  0xFFFB, 0xFFFC, 0xFFFB, 0xFFFB, 0xFFBA, 0xFF9B, 0xFF9A, 0xFF99, 0xFFBA, 0xFFFB, 0xFF9B, 0x19B5, 
  0x00F6, 0x0976, 0x0976, 0x1176, 0x00D4, 0x2A96, 0xCE9B, 0xFFBB, 0xFFBB, 0xFFBA, 0xFF9A, 0xFF9A, 
  0xFF9A, 0xFF9A, 0xFFDA, 0xEF7B, 0x6BF8, 0x29F6, 0x0115, 0x0976, 0x0996, 0x1195, 0x1196, 0x1195, 
  0x1195, 0x1195, 0x11B5, 0x11B6, 0x11B6, 0x11D7, 0x1195, 0x0007, 0x0806, 0x0007, 0x0004, 0x200C, 
  0x280D, 0x0006, 0x0807, 0x182A, 0x302C, 0x0806, 0x180A, 0x4010, 0x1007, 0x0003, 0x384E, 0x384E, 
  0x280D, 0x0808, 0x400F, 0x1007, 0x380E, 0x400F, 0x0004, 0x0006, 0x180B, 0x400F, 0x0806, 0x0005, 
  0x1008, 0x300F, 0x1009, 0x0005, 0x0007, 0x0007, 0x2826, 0xF925, 0xF925, 0xF925, 0xF926, 0xF925, 
  0xF8C4, 0xF105, 0xFF7B, 0xFFFC, 0xFF9A, 0xFFBA, 0xFF9A, 0xFFBB, 0xF616, 0xF697, 0xFFDB, 0xFF9A, 
  0xFF9B, 0xFFBB, 0xFFBA, 0xFF9A, 0xFF9A, 0xFFBB, 0xFED8, 0xF697, 0xFFBB, 0xFFBA, 0xFFBB, 0xFF9A, 
  0xFFFF, 0xFCD1, 0xF801, 0xF925, 0xF863, 0xE802, 0xEC0F, 0xFF3B, 0xF6B8, 0xFEB8, 0xFEB8, 0xFEB8, 
  0xF6D8, 0xFFFC, 0xFFDB, 0xFF9A, 0xFF9A, 0xFFFB, 0xF77A, 0xE987, 0xF842, 0xF906, 0xF8C4, 0xF001, 
  0xF616, 0xFFFE, 0xFF9A, 0xFFBB, 0xFF9B, 0xFF9A, 0xFF9A, 0xFF9A, 0xFFFC, 0xFFFD, 0xEACB, 0xF802, 
  0xF926, 0xF926, 0xF925, 0xF946, 0xF946, 0xF946, 0xF946, 0xF946, 0xF8A4, 0xE0C3, 0xEE98, 0xFFFE, 
  0xFF99, 0xFF9A, 0xFF9A, 0xFFFF, 0xF677, 0xF043, 0xF883, 0xF967, 0xF946, 0xF946, 0xF9A7, 0x90C6, 
  0x0005, 0x0007, 0x0005, 0x100A, 0x3831, 0x0808, 0x0805, 0x0807, 0x3832, 0x200D, 0x0005, 0x0006, 
  0x280F, 0x3832, 0x0006, 0x0807, 0x1009, 0x3811, 0x100A, 0x0006, 0x0007, 0x3010, 0x3030, 0x0005, 
  0x0005, 0x182C, 0x4033, 0x1008, 0x0005, 0x0807, 0x3832, 0x200D, 0x0807, 0x0007, 0x200D, 0x4012, 
  0x0808, 0x0005, 0x180A, 0x4034, 0x180B, 0x0005, 0x0007, 0x3030, 0x280E, 0x0006, 0x0006, 0x282F, 
  0x4033, 0x0807, 0x0006, 0x184B, 0x1869, 0x0005, 0x0005, 0x4835, 0x5877, 0x0807, 0x0005, 0x0004, 
  0x3811, 0x280F, 0x0003, 0x0005, 0x200D, 0x280D, 0x0004, 0x0004, 0x200B, 0x282E, 0x0006, 0x0004, 
  0x100A, 0x280F, 0x0807, 0x0003, 0x0006, 0x280E, 0x180A, 0x0004, 0x0004, 0x180B, 0x200E, 0x0005, 
  0x0005, 0x180C, 0x280D, 0x0005, 0x0005, 0x100A, 0x200D, 0x0006, 0x0003, 0x0807, 0x282E, 0x180A, 
  0x0004, 0x0006, 0x200D, 0x280D, 0x0004, 0x0004, 0x1009, 0x280E, 0x1008, 0x0005, 0x0007, 0x0004, 
  0x006B, 0x11D9, 0x11B6, 0x11B6, 0x11B6, 0x11B6, 0x1196, 0x0976, 0x00B4, 0xCEBC, 0xFFFC, 0xFF9A, 
  0xFF9B, 0xFF9A, 0xFFBA, 0xFFBB, 0xE73B, 0xF77B, 0xFFDA, 0xFF9A, 0xFF9A, 0xFF9A, 0xFF9A, 0xFF9A, 
  0xFF9A, 0xFFBA, 0xFF9B, 0xFFBB, 0xFFDB, 0xFF9A, 0xFFBA, 0xFFBB, 0xFFBB, 0xFFFB, 0xE73B, 0x00F3, 
  0x0135, 0x0976, 0x0155, 0x0114, 0x0155, 0xD6BB, 0xEF9B, 0xE73B, 0xE71B, 0xE71B, 0xE71B, 0xEF7B, 
  0xFFFC, 0xFF9A, 0xFF9A, 0xFF9A, 0xFF9A, 0xFFBA, 0xFFDA, 0xE71B, 0x2237, 0x00F5, 0x0996, 0x09B6, 
  0x0013, 0x3AB4, 0xFFFE, 0xFFDA, 0xFF9A, 0xFF9A, 0xFF9A, 0xFF9A, 0xFF9A, 0xFF9A, 0xFF9A, 0xFFDB, 
  0xFFFF, 0x7C79, 0x0014, 0x0996, 0x1195, 0x1196, 0x1196, 0x11B5, 0x1195, 0x1195, 0x11B6, 0x11B6, 
  0x11B6, 0x11D8, 0x0995, 0x0007, 0x0006, 0x1006, 0x1804, 0x180A, 0x200C, 0x0006, 0x0006, 0x1009, 
  0x200B, 0x0005, 0x0007, 0x280D, 0x1007, 0x0003, 0x1009, 0x300E, 0x4010, 0x400F, 0x380D, 0x0002, 
  0x200B, 0x300D, 0x0006, 0x0005, 0x0809, 0x280D, 0x0007, 0x0005, 0x0007, 0x280D, 0x1009, 0x0005, 
  0x0007, 0x0007, 0x2826, 0xF926, 0xF925, 0xF926, 0xF925, 0xF925, 0xF905, 0xE041, 0xF656, 0xFFFD, 
  0xFFBA, 0xFF9A, 0xFF9A, 0xFFFD, 0xE988, 0xEB4C, 0xFFFF, 0xFFBA, 0xFFBA, 0xFF9A, 0xFFBA, 0xFFBA, 
  0xFF9A, 0xFFFD, 0xF36D, 0xF023, 0xFF7A, 0xFFFC, 0xFF9A, 0xFFBB, 0xFFFF, 0xF470, 0xF000, 0xF925, 
  0xF926, 0xF8A4, 0xF8C4, 0xF125, 0xF125, 0xF105, 0xF125, 0xF925, 0xF0C4, 0xEC51, 0xFFDC, 0xFFBA, 
  0xFF9A, 0xFF9A, 0xFFFD, 0xF5B6, 0xF043, 0xF8E5, 0xF801, 0xEAAA, 0xFFFD, 0xFFDA, 0xFF9A, 0xFF9B, 
  0xFFBB, 0xF7BA, 0xFF9A, 0xFF9B, 0xFF9A, 0xFFFE, 0xF79B, 0xE9C7, 0xF8A3, 0xF925, 0xF925, 0xF925, 
  0xF946, 0xF945, 0xF946, 0xF8E5, 0xF001, 0xF573, 0xFFFF, 0xFF9A, 0xFF9A, 0xFF9A, 0xFFFD, 0xF6F9, 
  0xE986, 0xF883, 0xF966, 0xF946, 0xF946, 0xF946, 0xF9A7, 0x90A6, 0x0005, 0x0007, 0x0005, 0x1008, 
  0x202D, 0x0807, 0x0005, 0x0807, 0x282F, 0x180B, 0x0004, 0x0005, 0x200C, 0x280E, 0x0806, 0x0005, 
  0x0809, 0x280E, 0x1009, 0x0005, 0x0006, 0x280E, 0x200D, 0x0005, 0x0005, 0x180A, 0x302F, 0x0808, 
  0x0005, 0x0806, 0x280E, 0x180C, 0x0005, 0x0006, 0x100B, 0x280F, 0x0808, 0x0004, 0x100A, 0x3010, 
  0x1009, 0x0004, 0x0006, 0x280E, 0x200C, 0x0006, 0x0006, 0x200C, 0x3031, 0x0807, 0x0005, 0x184B, 
  0x1848, 0x100A, 0x1009, 0x0808, 0x0807, 0x0007, 0x180B, 0x200B, 0x0004, 0x0004, 0x180C, 0x180B, 
  0x0003, 0x0003, 0x180C, 0x282D, 0x0005, 0x0004, 0x180A, 0x280E, 0x0807, 0x0004, 0x0807, 0x280E, 
  0x180B, 0x0004, 0x0006, 0x280E, 0x200C, 0x0004, 0x0006, 0x280E, 0x200C, 0x0005, 0x0004, 0x200C, 
  0x280D, 0x0005, 0x0004, 0x180A, 0x300F, 0x0808, 0x0004, 0x0006, 0x280E, 0x200C, 0x0005, 0x0004, 
  0x180A, 0x280F, 0x1007, 0x0005, 0x1007, 0x182B, 0x0006, 0x0004, 0x006B, 0x11D9, 0x11B7, 0x11B6, 
  0x11B6, 0x11B6, 0x1196, 0x0996, 0x0094, 0xB5DA, 0xFFFC, 0xFFBB, 0xFFBB, 0xFFBB, 0xFFDB, 0xFFDC, 
  0x2234, 0xA579, 0xFFFC, 0xFFBA, 0xFF9A, 0xFF9A, 0xFF9A, 0xFF9A, 0xFF9A, 0xFF9A, 0xFFFC, 0xB5F9, 
  0x3AF5, 0xFFDC, 0xFFDA, 0xFFBB, 0xFF9B, 0xFFFB, 0xF7BC, 0x42F6, 0x0115, 0x1176, 0x0976, 0x0136, 
  0x0135, 0x11B4, 0x19B4, 0x11B4, 0x11B4, 0x11B5, 0x0995, 0x19F5, 0xCE9B, 0xFFFB, 0xFFBA, 0xFF9A, 
  0xFFBA, 0xFF9A, 0xFFFA, 0xFFFD, 0x3AB7, 0x00D6, 0x09B7, 0x0033, 0x1993, 0xB5D8, 0xFFDB, 0xFFBA, 
  0xFF9A, 0xFF9A, 0xFF9B, 0xFF9A, 0xFF9A, 0xFFBA, 0xFF9B, 0xFF9A, 0xFFFB, 0xC67C, 0x1134, 0x0095, 
  0x11B6, 0x11B6, 0x1196, 0x1195, 0x1196, 0x1196, 0x11B6, 0x11B6, 0x11B6, 0x11D8, 0x0995, 0x0007, 
  0x0004, 0x61C9, 0x9A6B, 0x0005, 0x0006, 0x200A, 0x300B, 0x0806, 0x0808, 0x302E, 0x382B, 0x0004, 
  0x0006, 0x282D, 0x0005, 0x200A, 0x280B, 0x400D, 0x2009, 0x404C, 0x1007, 0x0005, 0x0808, 0x382C, 
  0x1808, 0x0005, 0x0808, 0x300C, 0x2009, 0x0006, 0x0807, 0x2009, 0x0807, 0x0007, 0x2826, 0xF926, 
  0xF925, 0xF926, 0xF926, 0xF925, 0xF883, 0xEB4C, 0xFF5B, 0xFFFB, 0xFF9A, 0xFF9A, 0xFFBA, 0xFFFE, 
  0xF1E9, 0xF410, 0xFFFF, 0xFFBA, 0xFFBA, 0xFF9B, 0xFF9A, 0xFF9A, 0xFF9A, 0xFFFE, 0xF36D, 0xF802, 
  0xFFBB, 0xFFFC, 0xFFBB, 0xFF9A, 0xFFDC, 0xFEFA, 0xF228, 0xF883, 0xF925, 0xF926, 0xF8E5, 0xF8A4, 
  0xF8C4, 0xF8C4, 0xF8C4, 0xF8C5, 0xF863, 0xE000, 0xEE56, 0xFFFD, 0xFF9A, 0xFF9A, 0xFFFD, 0xF657, 
  0xF063, 0xF843, 0xF167, 0xFF3A, 0xFFFD, 0xFF9A, 0xFFBA, 0xFF9A, 0xFFFC, 0xFFFF, 0xFFBA, 0xFF9A, 
  0xFFBA, 0xFFBA, 0xFFFF, 0xECB1, 0xF000, 0xF906, 0xF926, 0xF926, 0xF926, 0xF946, 0xF926, 0xF000, 
  0xF3EE, 0xFFFF, 0xFFDB, 0xFF9A, 0xFF9A, 0xFFFD, 0xFFFC, 0xE966, 0xF822, 0xF946, 0xF946, 0xF966, 
  0xF946, 0xF946, 0xF987, 0x90A6, 0x0005, 0x0008, 0x0809, 0x0006, 0x0005, 0x0807, 0x200D, 0x1009, 
  0x0005, 0x0006, 0x280E, 0x280E, 0x0006, 0x0005, 0x180B, 0x300F, 0x0808, 0x0004, 0x0808, 0x282F, 
  0x100A, 0x0005, 0x0005, 0x182B, 0x280D, 0x0807, 0x0005, 0x0809, 0x280F, 0x1809, 0x0005, 0x0807, 
  0x280E, 0x280D, 0x0006, 0x0004, 0x1009, 0x300F, 0x0808, 0x0004, 0x0807, 0x282F, 0x180B, 0x0006, 
  0x0006, 0x200D, 0x280E, 0x0806, 0x0005, 0x200C, 0x300F, 0x1848, 0x186A, 0x5038, 0x3811, 0x0004, 
  0x0006, 0x0005, 0x4834, 0x685B, 0x0006, 0x0002, 0x3813, 0x3811, 0x0002, 0x0003, 0x3831, 0x5055, 
  0x0005, 0x0003, 0x202D, 0x5038, 0x0808, 0x0003, 0x0809, 0x5858, 0x282E, 0x0003, 0x0005, 0x4835, 
  0x4814, 0x0003, 0x0003, 0x4016, 0x3813, 0x0002, 0x0003, 0x3832, 0x4853, 0x0003, 0x0003, 0x200D, 
  0x5037, 0x1009, 0x0003, 0x0807, 0x4836, 0x3030, 0x0003, 0x0003, 0x280D, 0x5838, 0x1008, 0x0004, 
  0x0808, 0x282F, 0x0807, 0x0004, 0x006B, 0x11D9, 0x11B7, 0x11B6, 0x1196, 0x09B6, 0x11B6, 0x0156, 
  0x19D6, 0xD6DB, 0xFFFB, 0xFFBA, 0xFF9B, 0xFF9A, 0xFFDA, 0xFFDC, 0x0173, 0x9D39, 0xFFFC, 0xFF9A, 
  0xFF9A, 0xFF9A, 0xFF9A, 0xFF9A, 0xFF9A, 0xFF9B, 0xFFFB, 0xA578, 0x0153, 0xFFFD, 0xFFDA, 0xFFBB, 
  0xFFBA, 0xFF9A, 0xFFFD, 0xBE3B, 0x0075, 0x0977, 0x0996, 0x1176, 0x0975, 0x0115, 0x00F5, 0x0115, 
  0x0115, 0x0115, 0x0135, 0x0013, 0x2A14, 0xFFFC, 0xFFBA, 0xFFBA, 0xFF9A, 0xFFBB, 0xFFDA, 0xFFFC, 
  0x3AB7, 0x00F6, 0x0115, 0x5337, 0xD6FB, 0xFFFC, 0xFF9A, 0xFF9A, 0xFFBA, 0xFF9A, 0xFFBA, 0xFFDA, 
  0xFFBA, 0xFF9A, 0xFF9A, 0xFF9A, 0xFF9A, 0xFFFD, 0xE73B, 0x3277, 0x00F5, 0x1196, 0x1196, 0x11B6, 
  0x11B7, 0x11B6, 0x11B6, 0x11B6, 0x11B7, 0x11D8, 0x0996, 0x0007, 0x0003, 0x830C, 0xBBCF, 0x0006, 
  0x0005, 0x280C, 0x502E, 0x0805, 0x0009, 0x4831, 0x6030, 0x0805, 0x0006, 0x3830, 0x280B, 0x200B, 
  0x0004, 0x0806, 0x1809, 0x8873, 0x202A, 0x0004, 0x0006, 0x6831, 0x400C, 0x0005, 0x0006, 0x6010, 
  0x380C, 0x0006, 0x0007, 0x300D, 0x1809, 0x0007, 0x2826, 0xF925, 0xF925, 0xF925, 0xF906, 0xF905, 
  0xF001, 0xFE37, 0xFFFF, 0xFF99, 0xFF9A, 0xFF9A, 0xFFBB, 0xFFDC, 0xF1A8, 0xF34D, 0xFFDD, 0xFFDB, 
  0xFFBA, 0xFF9B, 0xFF9A, 0xFF9A, 0xFFBA, 0xFFFE, 0xF30C, 0xF802, 0xF71A, 0xFFFC, 0xFFBA, 0xFF9A, 
  0xFF9B, 0xFFFF, 0xF3AD, 0xF801, 0xF8C4, 0xF8C4, 0xF8C4, 0xF8C4, 0xF8C4, 0xF8C4, 0xF8E4, 0xF8E5, 
  0xF802, 0xE9E8, 0xF75B, 0xFFDC, 0xFFBB, 0xFF9A, 0xFFFD, 0xF615, 0xF042, 0xF800, 0xF4B1, 0xFFFF, 
  0xFFBA, 0xFF9B, 0xFF9A, 0xFFDC, 0xF6B9, 0xED34, 0xFFDB, 0xFFDB, 0xFFBA, 0xFFBB, 0xFFFC, 0xF6D8, 
  0xEA6A, 0xF8C4, 0xF905, 0xF925, 0xF925, 0xF906, 0xF002, 0xEB0B, 0xFFFE, 0xFFFC, 0xFF9A, 0xFFBA, 
  0xFFFC, 0xFFDD, 0xF2AB, 0xF822, 0xF926, 0xF945, 0xF946, 0xF946, 0xF946, 0xF946, 0xF986, 0x88A6, 
  0x0005, 0x0009, 0x100D, 0x0806, 0x0005, 0x0809, 0x4033, 0x180A, 0x0005, 0x0005, 0x4835, 0x4834, 
  0x0005, 0x0003, 0x3010, 0x5037, 0x0807, 0x0004, 0x0808, 0x4835, 0x200C, 0x0005, 0x0005, 0x3031, 
  0x4053, 0x0806, 0x0004, 0x1809, 0x5818, 0x200C, 0x0004, 0x0005, 0x4033, 0x3832, 0x0005, 0x0004, 
  0x180B, 0x5037, 0x080A, 0x0004, 0x0808, 0x5076, 0x302E, 0x0004, 0x0005, 0x3831, 0x3832, 0x0006, 
  0x0003, 0x3030, 0x5837, 0x1848, 0x1869, 0x282E, 0x200C, 0x0807, 0x0807, 0x0806, 0x1029, 0x202C, 
  0x0806, 0x0806, 0x0809, 0x0808, 0x0806, 0x1008, 0x1008, 0x0808, 0x1009, 0x100A, 0x1007, 0x0808, 
  0x0808, 0x100A, 0x0808, 0x1009, 0x1008, 0x100A, 0x1009, 0x0808, 0x1008, 0x1009, 0x1009, 0x0807, 
  0x0807, 0x0807, 0x1008, 0x0808, 0x0807, 0x0808, 0x1009, 0x0807, 0x0007, 0x0808, 0x100A, 0x1028, 
  0x1008, 0x1008, 0x1809, 0x100A, 0x0807, 0x0807, 0x0807, 0x1008, 0x0808, 0x0006, 0x0006, 0x0004, 
  0x006C, 0x11D8, 0x11B6, 0x1196, 0x11B6, 0x1196, 0x1197, 0x0094, 0x63D7, 0xFFFD, 0xFFB9, 0xFFBB, 
  0xFFBA, 0xFF9A, 0xFFDA, 0xFFFE, 0x1193, 0xBE1A, 0xFFFD, 0xFF9A, 0xFF9A, 0xFF9A, 0xFF9A, 0xFF9A, 
  0xFF9A, 0xFF9A, 0xFFFC, 0xBE3B, 0x2A75, 0xFFFE, 0xFFBA, 0xFF9A, 0xFF9A, 0xFFBA, 0xFFFC, 0x9D38, 
  0x0014, 0x00D5, 0x00D5, 0x00D5, 0x00D5, 0x00D5, 0x00D5, 0x00D5, 0x00D4, 0x00D4, 0x0094, 0x0073, 
  0x9D3A, 0xFFFC, 0xFFBA, 0xFF9A, 0xFF9A, 0xFF9A, 0xFFDA, 0xFFFD, 0x42F7, 0x00D6, 0x0013, 0xC65A, 
  0xFFFD, 0xFF99, 0xFF9A, 0xFF9A, 0xFFBA, 0xFFBA, 0xFFBA, 0xFFFD, 0xFFDB, 0xFF9A, 0xFF9A, 0xFFBA, 
  0xFF9B, 0xFFBA, 0xFFFE, 0x7459, 0x0013, 0x0997, 0x11B7, 0x09D6, 0x0A17, 0x11D7, 0x11B6, 0x11B6, 
  0x11B6, 0x11D8, 0x0996, 0x0007, 0x0006, 0x1826, 0x1806, 0x0807, 0x1007, 0x0807, 0x0807, 0x0807, 
  0x1808, 0x1007, 0x0807, 0x0807, 0x1007, 0x0806, 0x1008, 0x280A, 0x282A, 0x1807, 0x2007, 0x0807, 
  0x0807, 0x1808, 0x1807, 0x0807, 0x0807, 0x1008, 0x1008, 0x0807, 0x0808, 0x1809, 0x1809, 0x0007, 
  0x0807, 0x0008, 0x2826, 0xF926, 0xF925, 0xF925, 0xF925, 0xF906, 0xF802, 0xF533, 0xFFFE, 0xFFBA, 
  0xFF9A, 0xFFBA, 0xFFFE, 0xF4F2, 0xF001, 0xF002, 0xF656, 0xFFFE, 0xFFBB, 0xFF9A, 0xFF9B, 0xFFBA, 
  0xFFFD, 0xF636, 0xF863, 0xF801, 0xF30C, 0xFFFD, 0xFFBB, 0xFF9A, 0xFFBB, 0xFFFD, 0xEB4C, 0xE822, 
  0xF126, 0xF146, 0xF126, 0xF146, 0xF146, 0xF146, 0xF166, 0xF105, 0xF229, 0xFF7B, 0xFFFD, 0xFF9A, 
  0xFF9A, 0xFF9A, 0xFFFE, 0xFED8, 0xF000, 0xE863, 0xF739, 0xFFFD, 0xFFBB, 0xFFBB, 0xFFBA, 0xFFFF, 
  0xF4D3, 0xD000, 0xFF59, 0xFFFC, 0xFFBB, 0xFF9B, 0xFF9A, 0xFFFE, 0xF7DC, 0xE925, 0xF8C4, 0xF925, 
  0xF946, 0xF843, 0xE9A7, 0xFFFC, 0xFFFD, 0xFF9A, 0xFF9A, 0xFFDC, 0xFFFE, 0xF2CB, 0xF800, 0xF905, 
  0xF905, 0xF905, 0xF924, 0xF926, 0xF946, 0xF946, 0xF967, 0x88A5, 0x0005, 0x0007, 0x0006, 0x0806, 
  0x1008, 0x0828, 0x0807, 0x1008, 0x180A, 0x180A, 0x0807, 0x0808, 0x1009, 0x100A, 0x1008, 0x0808, 
  0x0807, 0x1009, 0x1007, 0x0007, 0x0807, 0x1008, 0x1008, 0x1008, 0x1008, 0x0808, 0x1009, 0x0808, 
  0x1008, 0x0808, 0x1009, 0x1009, 0x0808, 0x0807, 0x0807, 0x1009, 0x1008, 0x0807, 0x1008, 0x100A, 
  0x1009, 0x0808, 0x1008, 0x1029, 0x1029, 0x0807, 0x0807, 0x1029, 0x182A, 0x1009, 0x1009, 0x1869, 
  0x308F, 0x0001, 0x0004, 0x4815, 0x3011, 0x0807, 0x0004, 0x0003, 0x0808, 0x5857, 0x182A, 0x0001, 
  0x4814, 0x5035, 0x0003, 0x0004, 0x4013, 0x5838, 0x0006, 0x0003, 0x180C, 0x603B, 0x280D, 0x0003, 
  0x0006, 0x6039, 0x4834, 0x0004, 0x0003, 0x4034, 0x683B, 0x0025, 0x0001, 0x3813, 0x5036, 0x0005, 
  0x0004, 0x3811, 0x5817, 0x0807, 0x0003, 0x0808, 0x581A, 0x3830, 0x0003, 0x0006, 0x5856, 0x5057, 
  0x0006, 0x0003, 0x180A, 0x683A, 0x280C, 0x0003, 0x0007, 0x0004, 0x006B, 0x11D9, 0x11B7, 0x1196, 
  0x11B6, 0x11B6, 0x1197, 0x0095, 0x5356, 0xFFFC, 0xFFBA, 0xFFBA, 0xFFBA, 0xFFBA, 0xFFFB, 0x7C58, 
  0x0094, 0x5B97, 0xEF5B, 0xFFDB, 0xFFBA, 0xFF9A, 0xFF9B, 0xFF9A, 0xFF9B, 0xFFDB, 0xF77C, 0x4317, 
  0x0933, 0xBDFA, 0xFFFB, 0xFFBA, 0xFFBA, 0xFFBA, 0xFFFC, 0xAD78, 0x1113, 0x2215, 0x2A16, 0x2A56, 
  0x2A56, 0x2A36, 0x2A35, 0x2A36, 0x2A35, 0x2A35, 0x19B4, 0x9D39, 0xFFFD, 0xFFBB, 0xFF9A, 0xFFBA, 
  0xFF9A, 0xFF9A, 0xFFDB, 0xFFFD, 0x2A98, 0x00F6, 0x42F6, 0xE6FA, 0xFFFA, 0xFF9A, 0xFFBA, 0xFFBA, 
  0xFF9A, 0xFFFA, 0xFFBB, 0x42F6, 0xE75C, 0xFFFB, 0xFF9A, 0xFFBB, 0xFF9A, 0xFF9A, 0xFFFB, 0xD6BB, 
  0x3296, 0x0997, 0x09B7, 0x0A17, 0x0A57, 0x1257, 0x1216, 0x11D7, 0x11D7, 0x11D8, 0x11B6, 0x0007, 
  0x0806, 0x0006, 0x0004, 0x280A, 0x9051, 0x1809, 0x0006, 0x0808, 0xA892, 0x482A, 0x0003, 0x2009, 
  0xD054, 0x782E, 0x0004, 0x1808, 0x8851, 0x4809, 0x482A, 0x0004, 0x0006, 0x9810, 0x780D, 0x0005, 
  0x0005, 0x680E, 0x702F, 0x0005, 0x0006, 0x786F, 0x906F, 0x0006, 0x0007, 0x0008, 0x2846, 0xF925, 
  0xF925, 0xF905, 0xF905, 0xF8E4, 0xF063, 0xF594, 0xFFFD, 0xFFBB, 0xFFBA, 0xFF9A, 0xFFFF, 0xFCB1, 
  0xF800, 0xF001, 0xF616, 0xFFFE, 0xFF9B, 0xFF9A, 0xFF9B, 0xFF9B, 0xFFFF, 0xF5D4, 0xF801, 0xF802, 
  0xF208, 0xFFFD, 0xFFDB, 0xFF9A, 0xFF9A, 0xFFDB, 0xF6F8, 0xF697, 0xFED8, 0xFEB8, 0xF6D8, 0xF6D8, 
  0xFED8, 0xF6B8, 0xF6B8, 0xF6B8, 0xF75A, 0xFFFD, 0xFF9A, 0xFFBB, 0xFFBB, 0xFFDB, 0xF79A, 0xEBAE, 
  0xE800, 0xF4D1, 0xFFFD, 0xFFBA, 0xFFBB, 0xFFBA, 0xFFFC, 0xFFFD, 0xE9E8, 0xF000, 0xECB1, 0xFFFF, 
  0xFFB9, 0xFFBA, 0xFFBA, 0xFFDB, 0xFFFD, 0xF532, 0xF083, 0xF905, 0xF8A4, 0xF166, 0xF6F8, 0xFFFD, 
  0xFF99, 0xFF9A, 0xFFDB, 0xFFFD, 0xEB2C, 0xF000, 0xF843, 0xF083, 0xF063, 0xF083, 0xF063, 0xF905, 
  0xF946, 0xF946, 0xF966, 0x88A6, 0x0006, 0x0006, 0x0003, 0x0808, 0x5057, 0x280C, 0x0003, 0x0807, 
  0x6858, 0x4854, 0x0004, 0x0003, 0x4013, 0x701C, 0x0808, 0x0003, 0x100A, 0x6039, 0x200D, 0x0004, 
  0x0005, 0x4012, 0x4814, 0x0806, 0x0003, 0x202C, 0x6039, 0x180B, 0x0004, 0x0006, 0x5838, 0x5035, 
  0x0005, 0x0004, 0x200E, 0x5839, 0x180A, 0x0003, 0x180B, 0x601B, 0x300F, 0x0003, 0x0007, 0x5876, 
  0x4855, 0x0005, 0x0004, 0x3850, 0x705D, 0x180A, 0x0002, 0x286E, 0x306F, 0x1009, 0x1009, 0x200D, 
  0x180C, 0x4034, 0x4033, 0x0003, 0x0006, 0x5838, 0x202D, 0x0003, 0x280E, 0x280F, 0x0027, 0x0807, 
  0x200E, 0x3011, 0x0008, 0x0006, 0x0809, 0x4013, 0x200C, 0x0007, 0x0808, 0x3010, 0x280E, 0x0808, 
  0x0807, 0x282D, 0x3811, 0x0807, 0x0006, 0x200D, 0x300E, 0x0807, 0x0808, 0x180B, 0x280E, 0x0808, 
  0x0807, 0x0808, 0x200F, 0x180C, 0x0827, 0x0809, 0x282D, 0x280D, 0x0808, 0x0806, 0x100A, 0x3811, 
  0x180A, 0x0006, 0x0006, 0x0003, 0x006B, 0x11D8, 0x11B6, 0x1195, 0x11B6, 0x1196, 0x0997, 0x00B5, 
  0x73F7, 0xFFFC, 0xFFBA, 0xFFBB, 0xFF9A, 0xFFDB, 0xFFFC, 0x2215, 0x0094, 0x0032, 0xBDF9, 0xFFFC, 
  0xFF9A, 0xFF9A, 0xFF9A, 0xFF9A, 0xFF9A, 0xFFFC, 0xD69A, 0x0072, 0x0013, 0x42D5, 0xFFFD, 0xFFBA, 
  0xFFBA, 0xFF9A, 0xFFDA, 0xFF9B, 0xF77B, 0xF79B, 0xFF9B, 0xFF9B, 0xFF9B, 0xF7BC, 0xFF9B, 0xFFBB, 
  0xF79B, 0xFF9B, 0xFFBC, 0xFFFC, 0xFFDA, 0xFF9B, 0xFF9A, 0xFF9B, 0xFF9A, 0xFFFA, 0xFF9B, 0x2A76, 
  0x0136, 0x0176, 0xFFFD, 0xFFFC, 0xFF9A, 0xFF9A, 0xFF9A, 0xFFBA, 0xFFBB, 0xFFFB, 0xC63B, 0x0032, 
  0xB61B, 0xFFFC, 0xFFBA, 0xFF9A, 0xFF9A, 0xFF9A, 0xFFBB, 0xFFFB, 0xFFBC, 0x0176, 0x0177, 0x0A78, 
  0x0A78, 0x02DA, 0x029A, 0x09F7, 0x11B6, 0x11F8, 0x0996, 0x0008, 0x0806, 0x0806, 0x0806, 0x1808, 
  0x482B, 0x1008, 0x0807, 0x1808, 0x582C, 0x2829, 0x0006, 0x2008, 0x800E, 0x500B, 0x1007, 0x2008, 
  0x482B, 0x60AD, 0x2808, 0x680A, 0x3008, 0x3008, 0x3009, 0x2008, 0x1807, 0x2808, 0x2809, 0x1808, 
  0x2008, 0x3029, 0x402A, 0x1008, 0x0807, 0x0007, 0x2826, 0xF945, 0xF925, 0xF905, 0xF905, 0xF822, 
  0xEACB, 0xFFFD, 0xFFDB, 0xFF9A, 0xFFBA, 0xFFBA, 0xFFFF, 0xF4B1, 0xF800, 0xF042, 0xF677, 0xFFFE, 
  0xFFBA, 0xFFBB, 0xFFBB, 0xFF9A, 0xFFFE, 0xFDF5, 0xF822, 0xF801, 0xF32C, 0xFFFF, 0xFFDB, 0xFF9A, 
  0xFFBA, 0xFF9A, 0xFFFD, 0xFFFD, 0xFFFC, 0xFFFD, 0xFFFC, 0xFFFC, 0xFFFC, 0xFFFC, 0xFFFD, 0xFFFC, 
  0xFFFB, 0xFFBA, 0xFFBA, 0xFFBA, 0xFF9A, 0xFFFD, 0xF676, 0xE800, 0xF24A, 0xFFFF, 0xFFDB, 0xFF9A, 
  0xFF9B, 0xFFBA, 0xFFFE, 0xF533, 0xF802, 0xF842, 0xE987, 0xFF9C, 0xFFFD, 0xFFBA, 0xFFBB, 0xFF9A, 
  0xFFFD, 0xF79A, 0xE905, 0xF8A4, 0xF801, 0xF430, 0xFFFF, 0xFF9A, 0xFF9A, 0xFFBB, 0xFFBB, 0xFFBB, 
  0xED12, 0xF533, 0xF594, 0xF574, 0xF594, 0xF594, 0xF5D5, 0xF249, 0xF8A3, 0xF925, 0xF966, 0x88A6, 
  0x0006, 0x0007, 0x0006, 0x0808, 0x280E, 0x1009, 0x0808, 0x1009, 0x302E, 0x282D, 0x0808, 0x0807, 
  0x280D, 0x3810, 0x1009, 0x0807, 0x1009, 0x3010, 0x180B, 0x0007, 0x0807, 0x280E, 0x300F, 0x0808, 
  0x0808, 0x180A, 0x3830, 0x1009, 0x0808, 0x1008, 0x300E, 0x280D, 0x0808, 0x0808, 0x180C, 0x3010, 
  0x100A, 0x0808, 0x102A, 0x3811, 0x200C, 0x0808, 0x0809, 0x302F, 0x282E, 0x0808, 0x0808, 0x200C, 
  0x4032, 0x180A, 0x0808, 0x284D, 0x1047, 0x687B, 0x4834, 0x0001, 0x0003, 0x3831, 0x3832, 0x1008, 
  0x1009, 0x0007, 0x3832, 0x5875, 0x0001, 0x0007, 0x687A, 0x4853, 0x0004, 0x0004, 0x68B3, 0x9179, 
  0x0006, 0x0000, 0x1008, 0x5859, 0x3031, 0x0001, 0x0004, 0x4835, 0x6039, 0x0806, 0x0000, 0x300F, 
  0x78BC, 0x1028, 0x0000, 0x5858, 0x5857, 0x0002, 0x0001, 0x280E, 0x601A, 0x1009, 0x0000, 0x0006, 
  0x607A, 0x4053, 0x0001, 0x0001, 0x200D, 0x6019, 0x1009, 0x0000, 0x0808, 0x3030, 0x0007, 0x0003, 
  0x006C, 0x11F8, 0x1196, 0x11B6, 0x11B6, 0x1196, 0x00F6, 0x3AD7, 0xFFDD, 0xFFDB, 0xFFBA, 0xFFBA, 
  0xFFBA, 0xFFDA, 0xFFFD, 0x4317, 0x00B4, 0x00D4, 0xC63A, 0xFFFC, 0xFF9A, 0xFF9A, 0xFFBA, 0xFF9A, 
  0xFF9B, 0xFFFB, 0xEF5C, 0x0114, 0x0034, 0x5B77, 0xFFFC, 0xFFBA, 0xFF9A, 0xFFBA, 0xFFBA, 0xFFDA, 
  0xFFFA, 0xFFFA, 0xFFFA, 0xFFFA, 0xFFFB, 0xFFFA, 0xFFFA, 0xFFFA, 0xFFFB, 0xFFFB, 0xFFFA, 0xFFBA, 
  0xFF9A, 0xFFBB, 0xFFBA, 0xFFBA, 0xFFBA, 0xFFFB, 0xE71C, 0x00F4, 0x0014, 0x6418, 0xFFFC, 0xFFDA, 
  0xFFBA, 0xFF9A, 0xFFBB, 0xFFBA, 0xFFFC, 0xEF5C, 0x0955, 0x0116, 0x0995, 0xE75C, 0xFFFB, 0xFF9A, 
  0xFFBA, 0xFFBA, 0xFFBA, 0xFFDA, 0xFFFC, 0x6417, 0x0115, 0x0A38, 0x0A58, 0x02DB, 0x02DB, 0x09F8, 
  0x11B7, 0x11D8, 0x0996, 0x0007, 0x0005, 0x504B, 0x902F, 0x1006, 0x0003, 0x1007, 0xB852, 0x702C, 
  0x0001, 0x1808, 0xE074, 0x980E, 0x0002, 0x0003, 0xC030, 0xB80F, 0x0005, 0x0826, 0x3007, 0xF851, 
  0x884D, 0x0002, 0x0005, 0xC870, 0xB84F, 0x0003, 0x0003, 0xB06F, 0xC050, 0x0004, 0x0004, 0x802C, 
  0x482A, 0x0007, 0x3027, 0xF925, 0xF925, 0xF925, 0xF926, 0xF802, 0xF2EB, 0xFFFE, 0xFFBB, 0xFFBA, 
  0xFF9B, 0xFFFD, 0xF636, 0xE905, 0xF884, 0xF822, 0xF36D, 0xFFFD, 0xFFBB, 0xFFBB, 0xFFBB, 0xFFFC, 
  0xF75A, 0xEA28, 0xF884, 0xF863, 0xF228, 0xF719, 0xFFFC, 0xFFBA, 0xFFBB, 0xFF9A, 0xFFBB, 0xFFBB, 
  0xFFBA, 0xFF9A, 0xFF9B, 0xFFBB, 0xFFBB, 0xFFBA, 0xFF9A, 0xFF9A, 0xFFBB, 0xFF9A, 0xFFBA, 0xFF9A, 
  0xFF9A, 0xFFFF, 0xF533, 0xE843, 0xFED8, 0xFFFE, 0xFF9A, 0xFFBB, 0xFF9A, 0xFFFE, 0xF5F6, 0xE802, 
  0xF8A4, 0xF925, 0xF802, 0xEAAA, 0xFFFF, 0xFFFC, 0xFFBB, 0xFF9B, 0xFFBB, 0xFFFD, 0xED32, 0xF001, 
  0xF800, 0xF42F, 0xFFFE, 0xFFBB, 0xFFBB, 0xFFBB, 0xFF9A, 0xFF9A, 0xFFFD, 0xFFFE, 0xFFFE, 0xFFFE, 
  0xFFFE, 0xFFFE, 0xFFFF, 0xF30B, 0xF842, 0xF925, 0xF966, 0x88A6, 0x0006, 0x0006, 0x2851, 0x202E, 
  0x0001, 0x0003, 0x5038, 0x5056, 0x0002, 0x0003, 0x5837, 0x5837, 0x0003, 0x0001, 0x3830, 0x807D, 
  0x180A, 0x0001, 0x0806, 0x5857, 0x4033, 0x0003, 0x0001, 0x3030, 0x687B, 0x180A, 0x0000, 0x1009, 
  0x601A, 0x280E, 0x0002, 0x0004, 0x4854, 0x68BA, 0x0807, 0x0001, 0x202B, 0x705C, 0x280F, 0x0001, 
  0x0006, 0x5057, 0x3852, 0x0003, 0x0003, 0x5056, 0x6079, 0x0005, 0x0001, 0x200D, 0x707C, 0x386E, 
  0x206B, 0x282F, 0x280E, 0x200D, 0x282F, 0x0006, 0x0004, 0x5836, 0x4013, 0x0001, 0x302F, 0x5054, 
  0x0004, 0x0807, 0x5055, 0x3050, 0x0006, 0x0008, 0xB1BB, 0xFB1F, 0x4051, 0x0005, 0x100A, 0x5036, 
  0x304F, 0x0808, 0x0807, 0x3831, 0x4835, 0x1009, 0x0804, 0x200D, 0x5897, 0x182A, 0x0003, 0x4032, 
  0x4052, 0x0808, 0x0808, 0x180C, 0x3813, 0x300D, 0x884D, 0x3029, 0x4053, 0x3850, 0x0808, 0x0807, 
  0x180B, 0x4034, 0x100A, 0x0808, 0x100A, 0x202D, 0x0006, 0x0003, 0x086C, 0x11D8, 0x11B7, 0x11B6, 
  0x11B6, 0x11B6, 0x00B5, 0x4338, 0xFFFD, 0xFFBA, 0xFFBB, 0xFF9A, 0xFFBB, 0xFFFB, 0xEF3C, 0x2257, 
  0x00D5, 0x00F3, 0xE71C, 0xFFFC, 0xFF9A, 0xFF9A, 0xFF9A, 0xFFBA, 0xFFBA, 0xFFFB, 0xAD99, 0x0115, 
  0x0014, 0x6C18, 0xFFFE, 0xFFBA, 0xFF9A, 0xFF9A, 0xFF9A, 0xFFBB, 0xFF9B, 0xFF9A, 0xFF9A, 0xFF9A, 
  0xFF9B, 0xFFBA, 0xFF9A, 0xFF9A, 0xFF9A, 0xFF9A, 0xFF9A, 0xFF9B, 0xFFBB, 0xFF9B, 0xFF9B, 0xFF9A, 
  0xFFDA, 0xFFFD, 0x63F8, 0x0033, 0x19D5, 0xEF5C, 0xFFFC, 0xFF9A, 0xFFBB, 0xFF9B, 0xFF9B, 0xFFFB, 
  0xCE7A, 0x19B5, 0x00F6, 0x0997, 0x0116, 0x2A56, 0xCEBB, 0xFFFB, 0xFF9A, 0xFFBA, 0xFFBA, 0xFF9A, 
  0xFFFB, 0xFFFD, 0x4B58, 0x00B7, 0x1219, 0x025A, 0x0259, 0x09F8, 0x11B7, 0x11D8, 0x1196, 0x0008, 
  0x0006, 0x382A, 0x702D, 0x2008, 0x2028, 0x2808, 0x882D, 0x602B, 0x2828, 0x502A, 0xB850, 0x782C, 
  0x2828, 0x3028, 0x904D, 0x782C, 0x0006, 0x882D, 0x6829, 0x4027, 0x3029, 0x700B, 0x700B, 0x582A, 
  0x504B, 0x480A, 0x680B, 0x782B, 0x682B, 0x2008, 0x402A, 0x582A, 0x2828, 0x0007, 0x3026, 0xF926, 
  0xF925, 0xF925, 0xF905, 0xF043, 0xEB6D, 0xFFFE, 0xFFDB, 0xFF9B, 0xFFBB, 0xFFFE, 0xFD12, 0xF001, 
  0xF8E5, 0xF822, 0xF228, 0xFFFD, 0xFFDB, 0xFFBA, 0xFFBB, 0xFFFD, 0xF697, 0xF863, 0xF8C4, 0xF925, 
  0xF000, 0xF40E, 0xFFFF, 0xFFBA, 0xFFBB, 0xFFBB, 0xFFBB, 0xFFBB, 0xFFBB, 0xFFBB, 0xFFBB, 0xFFBB, 
  0xFFBB, 0xFFBB, 0xFFBB, 0xFFBB, 0xFFBB, 0xFF9A, 0xFFBB, 0xFFBA, 0xFFFE, 0xF698, 0xE802, 0xF249, 
  0xFFFF, 0xFFDB, 0xFFBB, 0xFF9A, 0xFFDB, 0xFFFF, 0xF32D, 0xF801, 0xF946, 0xF925, 0xF8E4, 0xF842, 
  0xF698, 0xFFFF, 0xFFBA, 0xFFDB, 0xFFBA, 0xFFFD, 0xF7DC, 0xE208, 0xF000, 0xF3EE, 0xFFFF, 0xFFBB, 
  0xFFBB, 0xFFBB, 0xFFBB, 0xFFBB, 0xFFBB, 0xFFBB, 0xFFBB, 0xFFBB, 0xFFBB, 0xFFDC, 0xFFFE, 0xF30B, 
  0xF843, 0xF926, 0xF966, 0x90C6, 0x0006, 0x0006, 0x202E, 0x202E, 0x100A, 0x100A, 0x4012, 0x4032, 
  0x180A, 0x1009, 0x4051, 0x4032, 0x0807, 0x1028, 0x302F, 0x5876, 0x100A, 0x0808, 0x1809, 0x4052, 
  0x3030, 0x0809, 0x1008, 0x280E, 0x5055, 0x204C, 0x1008, 0x102A, 0x4855, 0x202D, 0x0806, 0x0807, 
  0x3831, 0x5075, 0x0809, 0x0007, 0x200B, 0x5857, 0x302F, 0x0807, 0x1009, 0x4033, 0x3030, 0x180A, 
  0x1009, 0x4051, 0x4853, 0x100A, 0x182A, 0x202C, 0x4855, 0x308F, 0x4091, 0x0004, 0x0807, 0x4856, 
  0x5076, 0x182C, 0x1008, 0x202D, 0x202C, 0x182A, 0x1008, 0x0007, 0x282F, 0x202C, 0x0004, 0x0007, 
  0x4834, 0x3010, 0x388E, 0x7935, 0x4053, 0x4877, 0x284E, 0x0003, 0x182B, 0x5096, 0x3872, 0x0808, 
  0x0006, 0x3851, 0x4875, 0x1007, 0x0004, 0x200D, 0x3050, 0x0806, 0x0007, 0x4835, 0x4014, 0x0807, 
  0x0003, 0x4050, 0xA0DC, 0x382E, 0x0003, 0x0807, 0x4895, 0x4874, 0x0808, 0x0005, 0x182B, 0x5058, 
  0x200D, 0x0004, 0x0006, 0x0004, 0x006B, 0x11D8, 0x11B7, 0x11B6, 0x11B6, 0x11B6, 0x00B4, 0x3A96, 
  0xFFFD, 0xFFDA, 0xFFBB, 0xFFBA, 0xFFBB, 0xFFFC, 0x7418, 0x0074, 0x0996, 0x00F5, 0x7C58, 0xFFFC, 
  0xFFDB, 0xFF9A, 0xFFBB, 0xFF9B, 0xFFFB, 0xFF7A, 0x1174, 0x00D6, 0x0116, 0x1994, 0xC61A, 0xFFFC, 
  0xFFBA, 0xFFBA, 0xFFBA, 0xFF9A, 0xFFBB, 0xFF9A, 0xFF9A, 0xFF9A, 0xFF9A, 0xFF9A, 0xFF9B, 0xFF9A, 
  0xFF9A, 0xFF9A, 0xFF9A, 0xFF9A, 0xFF9A, 0xFFBA, 0xFFBA, 0xFFBA, 0xFFFC, 0xFFFF, 0x2276, 0x0012, 
  0xADFA, 0xFFFD, 0xFF9A, 0xFFBB, 0xFFBB, 0xFFBB, 0xFF9A, 0xFFFE, 0xB63A, 0x0014, 0x09B8, 0x11B7, 
  0x0997, 0x0034, 0xBE5B, 0xFFFD, 0xFFDB, 0xFF9A, 0xFFBA, 0xFFBB, 0xFF9A, 0xFFFD, 0xB5FA, 0x0014, 
  0x0117, 0x1218, 0x09F8, 0x11D7, 0x11D7, 0x11D8, 0x1196, 0x0008, 0x0807, 0x0006, 0x0004, 0x402A, 
  0xD092, 0x482A, 0x0004, 0x2828, 0xE093, 0x904D, 0x0003, 0x1807, 0xC870, 0xB04F, 0x0806, 0x0827, 
  0x906E, 0xD030, 0x802B, 0x0005, 0x0006, 0xC02F, 0xB02F, 0x0006, 0x0004, 0x904E, 0xE092, 0x0806, 
  0x0002, 0x986D, 0xF092, 0x1007, 0x0006, 0x0008, 0x2826, 0xF925, 0xF925, 0xF925, 0xF883, 0xF1E8, 
  0xFFFE, 0xFFFE, 0xFFFD, 0xFFFD, 0xFFFD, 0xFFFF, 0xFDD5, 0xF821, 0xF8C4, 0xF801, 0xF2AA, 0xFFFF, 
  0xFFFD, 0xFFFD, 0xFFFD, 0xFFFF, 0xFF59, 0xF0E4, 0xF8A3, 0xF905, 0xF801, 0xF471, 0xFFFF, 0xFFFD, 
  0xFFFD, 0xFFFD, 0xFFFD, 0xFFFD, 0xFFFD, 0xFFFE, 0xFFFD, 0xFFFD, 0xFFFD, 0xFFFD, 0xFFFD, 0xFFFD, 
  0xFFFD, 0xFFFC, 0xFFFD, 0xFFFF, 0xF6F9, 0xE0A3, 0xF125, 0xFF7B, 0xFFFF, 0xFFFD, 0xFFFC, 0xFFFD, 
  0xFFFF, 0xECD2, 0xF022, 0xF905, 0xF925, 0xF945, 0xF925, 0xF842, 0xF125, 0xF699, 0xFFFF, 0xFFFD, 
  0xFFFD, 0xFFFD, 0xFFFF, 0xFFFD, 0xE842, 0xF38D, 0xFFFF, 0xFFFD, 0xFFFE, 0xFFFD, 0xFFFD, 0xFFFD, 
  0xFFFD, 0xFFFD, 0xFFFD, 0xFFFD, 0xFFFD, 0xFFFE, 0xFFFF, 0xF34C, 0xF802, 0xF926, 0xF966, 0x90C6, 
  0x0006, 0x0007, 0x0004, 0x1029, 0x4857, 0x4835, 0x0006, 0x0007, 0x5856, 0x5855, 0x0006, 0x0004, 
  0x3872, 0x5899, 0x100A, 0x0003, 0x1009, 0x5857, 0x3830, 0x0004, 0x0006, 0x3832, 0x4835, 0x1008, 
  0x0004, 0x3070, 0x609A, 0x200C, 0x0003, 0x204C, 0x5877, 0x3851, 0x0807, 0x0005, 0x4050, 0xB95E, 
  0x280C, 0x0003, 0x202B, 0x5057, 0x3050, 0x0005, 0x180A, 0x6098, 0x5076, 0x0006, 0x0003, 0x3050, 
  0x60BB, 0x282D, 0x0003, 0x206C, 0x40B2, 0x3051, 0x3051, 0x3052, 0x3852, 0x4052, 0x3052, 0x204D, 
  0x284D, 0x4874, 0x3050, 0x202C, 0x3833, 0x3852, 0x284E, 0x304F, 0x4034, 0x3853, 0x202F, 0x100E, 
  0x3873, 0x4875, 0x3071, 0x286F, 0x3070, 0x4874, 0x4053, 0x282F, 0x202E, 0x3851, 0x4073, 0x3070, 
  0x284E, 0x3871, 0x4074, 0x3071, 0x302F, 0x3832, 0x3833, 0x3030, 0x282E, 0x3852, 0x3853, 0x2830, 
  0x202E, 0x304F, 0x4074, 0x4074, 0x3070, 0x304F, 0x2850, 0x3854, 0x3031, 0x180B, 0x0006, 0x0003, 
  0x006B, 0x11D8, 0x11B7, 0x1196, 0x11B6, 0x0156, 0x11B6, 0xD6BB, 0xFFFB, 0xFFDB, 0xFFDA, 0xFFDB, 
  0xFFBA, 0xFFFC, 0x7C58, 0x0055, 0x1197, 0x00F6, 0x11B5, 0xFFFD, 0xFFFA, 0xFFBB, 0xFFDA, 0xFFDA, 
  0xFFFB, 0xFF9B, 0x11B5, 0x00F6, 0x1197, 0x0012, 0x7417, 0xFFFE, 0xFFDA, 0xFFBA, 0xFFBB, 0xFFBA, 
  0xFFBA, 0xFFBA, 0xFFBA, 0xFFBA, 0xFFBA, 0xFFBA, 0xFFBA, 0xFFBA, 0xFFBA, 0xFFBA, 0xFFBA, 0xFFBA, 
  0xFFDA, 0xFFBA, 0xFFFB, 0xFFFD, 0xCEBC, 0x6C19, 0x0136, 0x32D7, 0xFFFC, 0xFFFA, 0xFFDA, 0xFFBB, 
  0xFFBA, 0xFFBA, 0xFFFC, 0xDEDC, 0x42B7, 0x0136, 0x09B7, 0x09B7, 0x11B6, 0x0136, 0x32D7, 0xBE3A, 
  0xFFBA, 0xFFFA, 0xFFDB, 0xFFBA, 0xFFDA, 0xFFDA, 0xFFFC, 0x955A, 0x2237, 0x0177, 0x09D8, 0x11D7, 
  0x11D7, 0x11D8, 0x0996, 0x0008, 0x0006, 0x2009, 0x600D, 0x982F, 0xD071, 0x804E, 0x402B, 0x702D, 
  0xB050, 0x684D, 0x402B, 0x704D, 0xA02F, 0x902E, 0x580C, 0x680D, 0xA02F, 0x982E, 0x802C, 0x700B, 
  0x700B, 0x882D, 0x800E, 0x580C, 0x600C, 0x602C, 0x804D, 0x906E, 0x884E, 0xA84E, 0xB84F, 0x602D, 
  0x2009, 0x0007, 0x2827, 0xF925, 0xF925, 0xF925, 0xF884, 0xF229, 0xF79C, 0xF77A, 0xF739, 0xF718, 
  0xFEF9, 0xF79B, 0xF513, 0xF042, 0xF8E5, 0xF883, 0xF186, 0xF698, 0xFF9B, 0xF719, 0xF6F8, 0xF75B, 
  0xF5F5, 0xF0E4, 0xF8C4, 0xF925, 0xF842, 0xEBEF, 0xF77C, 0xF719, 0xFEF9, 0xF6F9, 0xF6F9, 0xF719, 
  0xF719, 0xFF1A, 0xF739, 0xF719, 0xFF19, 0xFF19, 0xF719, 0xF719, 0xF719, 0xFEF9, 0xF75A, 0xECF2, 
  0xE8C5, 0xF000, 0xFC10, 0xF7FF, 0xFF39, 0xFF39, 0xF719, 0xF719, 0xF75B, 0xE208, 0xF801, 0xF946, 
  0xF925, 0xF945, 0xF926, 0xF925, 0xF800, 0xEACB, 0xF77C, 0xFF19, 0xF6F9, 0xFED8, 0xFED9, 0xF75A, 
  0xE904, 0xF2CB, 0xF75C, 0xF719, 0xF719, 0xFF19, 0xF6F9, 0xF6F9, 0xF719, 0xF719, 0xF719, 0xFEF9, 
  0xFEF9, 0xF719, 0xF77B, 0xF2EB, 0xF862, 0xF946, 0xF986, 0x90A6, 0x0006, 0x0006, 0x100A, 0x282F, 
  0x3874, 0x4054, 0x282F, 0x284F, 0x3853, 0x5074, 0x6072, 0x382D, 0x3051, 0x3875, 0x3050, 0x282E, 
  0x282E, 0x4054, 0x4033, 0x302F, 0x282F, 0x2831, 0x4033, 0x304F, 0x282E, 0x3852, 0x4875, 0x3030, 
  0x280E, 0x3852, 0x5076, 0x4874, 0x304F, 0x180D, 0xB1FB, 0xFB5F, 0x8119, 0x100C, 0x3070, 0x4854, 
  0x4053, 0x204E, 0x202F, 0x4874, 0x4074, 0x284F, 0x284E, 0x3851, 0x4075, 0x3052, 0x284F, 0x38B1, 
  0x40B1, 0x3051, 0x4052, 0x7833, 0x4852, 0x2850, 0x3051, 0x3853, 0x3851, 0x3852, 0x3851, 0x3050, 
  0x3030, 0x2850, 0x3052, 0x3852, 0x3050, 0x3050, 0x3853, 0x2850, 0x3051, 0x3072, 0x3050, 0x3893, 
  0x3872, 0x3070, 0x3050, 0x2050, 0x2831, 0x304F, 0x304F, 0x3851, 0x4072, 0x3050, 0x3050, 0x3872, 
  0x3851, 0x9833, 0x6031, 0x2051, 0x3051, 0x282F, 0x284E, 0x3050, 0x3852, 0x3053, 0x3051, 0x3872, 
  0x3852, 0x3072, 0x304F, 0x3030, 0x2830, 0x200D, 0x0006, 0x0004, 0x006C, 0x11D8, 0x11B6, 0x1196, 
  0x1196, 0x00F5, 0x2A97, 0xFFFF, 0xFFFD, 0xFFFD, 0xFFFD, 0xFFFC, 0xFFFC, 0xFFFF, 0x8CB9, 0x0054, 
  0x1196, 0x00F6, 0x2A76, 0xFFFE, 0xFFFD, 0xFFFD, 0xFFFC, 0xFFFC, 0xFFFD, 0xFFFD, 0x19F6, 0x0116, 
  0x1196, 0x0073, 0x94F9, 0xFFFF, 0xFFFD, 0xFFFD, 0xFFFD, 0xFFFC, 0xFFFC, 0xFFFC, 0xFFFC, 0xFFFC, 
  0xFFFC, 0xFFFC, 0xFFFC, 0xFFFC, 0xFFFC, 0xFFFC, 0xFFFC, 0xFFFC, 0xFFFC, 0xFFFD, 0xFF9B, 0x7479, 
  0x09F7, 0x0014, 0x3B38, 0xFFFF, 0xFFFD, 0xFFFC, 0xFFFC, 0xFFFC, 0xFFFC, 0xFFFD, 0xEF5C, 0x1995, 
  0x0055, 0x11B7, 0x11B7, 0x1197, 0x11B6, 0x11D7, 0x00D5, 0x0093, 0xDF3B, 0xFFFE, 0xFFFD, 0xFFFC, 
  0xFFFC, 0xFFFC, 0xFFFC, 0xFFFF, 0x8CFA, 0x0075, 0x11D8, 0x11B7, 0x11B7, 0x11D8, 0x0996, 0x0808, 
  0x0006, 0x482C, 0x9850, 0x400A, 0x680D, 0x884E, 0x482C, 0xA04E, 0xC02F, 0xA02E, 0xD00F, 0xE00E, 
  0xC80D, 0xC00E, 0xD00F, 0xD00F, 0xC80D, 0xC00D, 0xC82D, 0xD80D, 0xD80E, 0xC00E, 0xC00E, 0xD00F, 
  0xE00F, 0xB80D, 0x682B, 0x984F, 0x700D, 0x400A, 0x700C, 0xA030, 0x300A, 0x0006, 0x2807, 0xF925, 
  0xF925, 0xF925, 0xF945, 0xF946, 0xF186, 0xE986, 0xE986, 0xE966, 0xF166, 0xF186, 0xF166, 0xF925, 
  0xF925, 0xF925, 0xF0C4, 0xF105, 0xE9C7, 0xE9A7, 0xF186, 0xE986, 0xF125, 0xF925, 0xF925, 0xF946, 
  0xF946, 0xF146, 0xE966, 0xE966, 0xE966, 0xE966, 0xE986, 0xE986, 0xE986, 0xF166, 0xF186, 0xF186, 
  0xE986, 0xF1A6, 0xE986, 0xE986, 0xF186, 0xF1A6, 0xF1A6, 0xF083, 0xF863, 0xF925, 0xF166, 0xE986, 
  0xF1A6, 0xF1A6, 0xF1A6, 0xF1A6, 0xE986, 0xF166, 0xF925, 0xF946, 0xF946, 0xF946, 0xF926, 0xF926, 
  0xF905, 0xF145, 0xF186, 0xE986, 0xF166, 0xF125, 0xF105, 0xF125, 0xF925, 0xF145, 0xF166, 0xE966, 
  0xF166, 0xF166, 0xE966, 0xE966, 0xE966, 0xF166, 0xF186, 0xE986, 0xF166, 0xF186, 0xF186, 0xF966, 
  0xF946, 0xF946, 0xF987, 0x90C6, 0x0005, 0x0006, 0x180C, 0x2811, 0x8053, 0x9033, 0x3032, 0x3052, 
  0x304F, 0x3050, 0x4872, 0x5052, 0x8812, 0x4850, 0x3051, 0x4073, 0x3872, 0x282F, 0x3030, 0x4054, 
  0x4054, 0x3831, 0x2830, 0x3031, 0x2830, 0x7814, 0x9033, 0x3031, 0x2832, 0x2850, 0x3050, 0x3871, 
  0x3873, 0x2830, 0x8957, 0xDA7E, 0x70F8, 0x2811, 0x3051, 0x3850, 0x3050, 0x4071, 0x4092, 0x3871, 
  0x3071, 0x3872, 0x3072, 0x7833, 0x7032, 0x2851, 0x3873, 0x38B2, 0x38B1, 0x2850, 0x3050, 0x6811, 
  0x4030, 0x284F, 0x2050, 0x284F, 0x282E, 0x282F, 0x282F, 0x282F, 0x3030, 0x282E, 0x202D, 0x3070, 
  0x2850, 0x284F, 0x284F, 0x284F, 0x202F, 0x2030, 0x302F, 0x304F, 0x304F, 0x284F, 0x284E, 0x7810, 
  0x600F, 0x202E, 0x284F, 0x202E, 0x204F, 0x3050, 0x302F, 0x204F, 0x304F, 0x7832, 0x4830, 0x202E, 
  0x284F, 0x202E, 0x282E, 0x304F, 0x3030, 0x2850, 0x282F, 0x304F, 0x2850, 0x3050, 0xB811, 0x8812, 
  0x102F, 0x180C, 0x0806, 0x0004, 0x006C, 0x11F9, 0x09B7, 0x11B6, 0x11B6, 0x0996, 0x11D6, 0x5379, 
  0x5BB9, 0x53B8, 0x5BB7, 0x5BB8, 0x5B98, 0x63B8, 0x3277, 0x0956, 0x1197, 0x0976, 0x11D6, 0x5357, 
  0x5BB8, 0x5B98, 0x5B77, 0x5B98, 0x5B98, 0x5358, 0x11D7, 0x0977, 0x1197, 0x0956, 0x3297, 0x5BB8, 
  0x5B98, 0x5398, 0x5398, 0x5398, 0x5398, 0x5398, 0x5398, 0x5398, 0x5B98, 0x5B98, 0x5BB8, 0x5398, 
  0x5398, 0x5BB8, 0x5BB8, 0x5BB8, 0x5B98, 0x5BB7, 0x3AB7, 0x0075, 0x0157, 0x0197, 0x2277, 0x6C19, 
  0x5377, 0x5398, 0x5378, 0x5B98, 0x5BB8, 0x63D9, 0x3256, 0x00B5, 0x11D7, 0x09B6, 0x11B6, 0x11B6, 
  0x11D6, 0x11D7, 0x0997, 0x0176, 0x4318, 0x5BB8, 0x5BB7, 0x5398, 0x5397, 0x5398, 0x5378, 0x5398, 
  0x3298, 0x0977, 0x11D7, 0x11D7, 0x11D7, 0x11D8, 0x1196, 0x0808, 0x0005, 0x382A, 0x686E, 0x380B, 
  0x480C, 0xA02E, 0x880C, 0xC00D, 0xF80E, 0xF80D, 0xF80D, 0xF80D, 0xF80D, 0xF80D, 0xF80D, 0xF80D, 
  0xF80C, 0xF80C, 0xF80C, 0xF80C, 0xF82C, 0xF82D, 0xF82C, 0xF84D, 0xF86C, 0xF82C, 0xB00F, 0x880F, 
  0x600A, 0x580A, 0x882D, 0x680D, 0x1809, 0x0007, 0x2827, 0xF926, 0xF925, 0xF946, 0xF946, 0xF946, 
  0xF8C4, 0xF8A4, 0xF8A4, 0xF8C4, 0xF8C4, 0xF8C4, 0xF904, 0xF945, 0xF925, 0xF125, 0xF925, 0xF8C4, 
  0xF8A4, 0xF8C4, 0xF8C4, 0xF8A4, 0xF8C4, 0xF925, 0xF925, 0xF945, 0xF946, 0xF905, 0xF8A4, 0xF8C4, 
  0xF8C4, 0xF8C4, 0xF8C4, 0xF8C4, 0xF8C4, 0xF8C4, 0xF8C4, 0xF8C4, 0xF8C4, 0xF8C4, 0xF8C4, 0xF8C4, 
  0xF8C4, 0xF8E4, 0xF8C4, 0xF925, 0xF946, 0xF946, 0xF905, 0xF8C4, 0xF8C4, 0xF8E4, 0xF8E4, 0xF8E4, 
  0xF8E4, 0xF925, 0xF946, 0xF946, 0xF945, 0xF946, 0xF945, 0xF925, 0xF945, 0xF905, 0xF8C4, 0xF8A4, 
  0xF8A4, 0xF8C4, 0xF8C4, 0xF8C4, 0xF945, 0xF905, 0xF8C4, 0xF8A4, 0xF8C4, 0xF8E4, 0xF8E4, 0xF8C4, 
  0xF8C4, 0xF8E4, 0xF8C4, 0xF8C4, 0xF8C4, 0xF8C4, 0xF8E4, 0xF925, 0xF966, 0xF966, 0xF987, 0x98A6, 
  0x0007, 0x0007, 0x100B, 0x282F, 0x8032, 0x8810, 0x3050, 0x282F, 0x304F, 0x282F, 0x200E, 0x3830, 
  0x8031, 0x402F, 0x2050, 0x3070, 0x206F, 0x182D, 0x280E, 0x204F, 0x6056, 0x903A, 0x282F, 0x282F, 
  0x202F, 0x6832, 0x7051, 0x182F, 0x4031, 0x9834, 0x4030, 0x286F, 0x3070, 0x282F, 0x300F, 0x4894, 
  0x2830, 0x284F, 0x284F, 0x304F, 0x184E, 0xC0B6, 0xB874, 0x184F, 0x3070, 0x3050, 0x284F, 0x6052, 
  0x5851, 0x202F, 0x2850, 0x38B1, 0x38B1, 0x3051, 0x2850, 0x204E, 0x2850, 0x3050, 0x3070, 0x284F, 
  0x282E, 0x3050, 0x284F, 0x302F, 0x100E, 0x9111, 0xF193, 0x386F, 0x2050, 0x3050, 0x284F, 0x284E, 
  0x384F, 0x4010, 0x302F, 0x306F, 0x304E, 0x286F, 0x282E, 0x8810, 0x602F, 0x182E, 0x282E, 0x4011, 
  0x4811, 0x304F, 0x3050, 0x3050, 0x284F, 0x182E, 0x202F, 0x304F, 0x284E, 0x284F, 0x284F, 0x204E, 
  0x582F, 0xA031, 0x380F, 0x2830, 0x2850, 0x2850, 0x8831, 0x6032, 0x2050, 0x100C, 0x0006, 0x0004, 
  0x086C, 0x11D9, 0x11B7, 0x11B6, 0x1196, 0x11B6, 0x1196, 0x00D5, 0x00D6, 0x00D6, 0x00D5, 0x00F6, 
  0x00D6, 0x00B5, 0x0137, 0x11D7, 0x09B7, 0x09B7, 0x0976, 0x00D5, 0x00B5, 0x00D5, 0x00D5, 0x00D5, 
  0x00D5, 0x00D6, 0x0997, 0x11B7, 0x1196, 0x11B7, 0x0137, 0x00B5, 0x00D5, 0x00D5, 0x00D5, 0x00D5, 
  0x00F5, 0x00F5, 0x00F5, 0x00F5, 0x00F5, 0x00F5, 0x00D6, 0x00D6, 0x00D6, 0x00F6, 0x00F6, 0x00F6, 
  0x00F6, 0x00D6, 0x0137, 0x11B8, 0x11B7, 0x11F7, 0x0177, 0x00B5, 0x00D5, 0x00D5, 0x00D5, 0x00D5, 
  0x00D5, 0x00B5, 0x0116, 0x11B7, 0x11B6, 0x11B6, 0x11B6, 0x11B6, 0x11B6, 0x11B6, 0x09B7, 0x11B8, 
  0x00F6, 0x00D5, 0x00D5, 0x00D5, 0x00D5, 0x00D6, 0x00F5, 0x00D6, 0x0156, 0x11F8, 0x11B6, 0x11D7, 
  0x11D7, 0x11D8, 0x09B6, 0x0808, 0x0005, 0x400B, 0x9030, 0xD810, 0xC80E, 0xF02D, 0xF80E, 0xF00E, 
  0xF1C9, 0xFAE6, 0xFA48, 0xFA28, 0xFA48, 0xFA68, 0xFA88, 0xFA88, 0xFAA8, 0xFAA8, 0xFAC8, 0xFAC8, 
  0xFAA7, 0xFA87, 0xFA67, 0xFAC8, 0xFB69, 0xF9AC, 0xE010, 0xE8AF, 0xF86C, 0xD80F, 0xB811, 0x600E, 
  0x1809, 0x0007, 0x2846, 0xF926, 0xF925, 0xF945, 0xF946, 0xF946, 0xF946, 0xF945, 0xF946, 0xF926, 
  0xF926, 0xF926, 0xF926, 0xF926, 0xF926, 0xF925, 0xF926, 0xF925, 0xF926, 0xF945, 0xF945, 0xF925, 
  0xF925, 0xF945, 0xF945, 0xF945, 0xF945, 0xF945, 0xF945, 0xF145, 0xF945, 0xF945, 0xF946, 0xF946, 
  0xF945, 0xF926, 0xF926, 0xF945, 0xF946, 0xF946, 0xF946, 0xF946, 0xF946, 0xF946, 0xF946, 0xF946, 
  0xF946, 0xF946, 0xF946, 0xF946, 0xF946, 0xF966, 0xF945, 0xF945, 0xF946, 0xF945, 0xF945, 0xF945, 
  0xF946, 0xF946, 0xF946, 0xF946, 0xF926, 0xF926, 0xF926, 0xF926, 0xF926, 0xF925, 0xF925, 0xF925, 
  0xF925, 0xF925, 0xF925, 0xF925, 0xF945, 0xF945, 0xF945, 0xF945, 0xF946, 0xF946, 0xF946, 0xF946, 
  0xF946, 0xF946, 0xF946, 0xF946, 0xF966, 0xF966, 0xF987, 0x90C6, 0x0006, 0x0007, 0x180C, 0x2830, 
  0x286F, 0x204E, 0x304F, 0x304F, 0x3050, 0x3030, 0x302F, 0x284F, 0x204F, 0x3050, 0x3050, 0x2850, 
  0x4810, 0x5010, 0x204F, 0x282F, 0x4833, 0x5834, 0x282F, 0x302F, 0x3030, 0x202F, 0x182E, 0x202F, 
  0x5011, 0xA834, 0x4851, 0x2050, 0x3050, 0x304F, 0x3871, 0x2830, 0x3050, 0x306F, 0x3070, 0x3050, 
  0x3070, 0x8894, 0x7853, 0x284F, 0x3050, 0x3070, 0x3070, 0x2070, 0x204F, 0x3050, 0x2850, 0x38B1, 
  0x38B1, 0x2850, 0x2850, 0x284F, 0x202F, 0x504F, 0xE8F2, 0x404F, 0x202F, 0x284F, 0x304F, 0x306F, 
  0x202E, 0x68D0, 0xA931, 0x386F, 0x2850, 0x284F, 0x284F, 0x182E, 0x500F, 0x7012, 0x302F, 0x286F, 
  0x284F, 0x284F, 0x282E, 0x202D, 0x282F, 0x200E, 0x000B, 0xB118, 0xC8FA, 0x100D, 0x182E, 0x3070, 
  0x284F, 0x282F, 0x282F, 0x304F, 0x304F, 0x282F, 0x2850, 0x204F, 0x482F, 0x9811, 0x382E, 0x202F, 
  0x284F, 0x302F, 0x184F, 0x2870, 0x302F, 0x302C, 0x0806, 0x0004, 0x006C, 0x09D9, 0x11B7, 0x11B7, 
  0x1196, 0x11B7, 0x09B6, 0x11B7, 0x11B7, 0x11B7, 0x11B7, 0x11B7, 0x11B7, 0x1197, 0x11B7, 0x11B7, 
  0x1196, 0x1197, 0x1197, 0x11B7, 0x11B7, 0x11B6, 0x11B7, 0x11B7, 0x11B7, 0x11B7, 0x1197, 0x11B7, 
  0x1197, 0x1197, 0x0997, 0x1197, 0x11B7, 0x11B7, 0x11B7, 0x11B7, 0x11B7, 0x11B7, 0x11B7, 0x11B7, 
  0x11B7, 0x11B7, 0x11B7, 0x11D7, 0x11D7, 0x11D7, 0x11D7, 0x11D7, 0x11B7, 0x11D7, 0x11D7, 0x11D7, 
  0x11B7, 0x09B7, 0x11B7, 0x09B7, 0x11B7, 0x11D7, 0x11B7, 0x11B7, 0x11B6, 0x11B7, 0x11B6, 0x09B7, 
  0x11B7, 0x11B6, 0x11B7, 0x11B7, 0x11B6, 0x11B6, 0x09B7, 0x11B6, 0x11B7, 0x11B7, 0x11B7, 0x11B7, 
  0x11D7, 0x11B7, 0x11B7, 0x11B7, 0x11B7, 0x11B7, 0x11B7, 0x11B7, 0x11B7, 0x11F8, 0x09B6, 0x0809, 
  0x0005, 0x700D, 0xF811, 0xF949, 0xF948, 0xF9C8, 0xF9C8, 0xF9A8, 0xFBA8, 0xFCA7, 0xFC68, 0xFCC8, 
  0xFCC8, 0xF4E8, 0xF4E8, 0xF4E8, 0xF4E8, 0xFCE9, 0xFD09, 0xF4E8, 0xF4C8, 0xFCA8, 0xF4E8, 0xFC07, 
  0xFAE5, 0xFA47, 0xF9C7, 0xFA66, 0xF9A7, 0xE80B, 0xE80C, 0xC80E, 0x4809, 0x0006, 0x2826, 0xF925, 
  0xF925, 0xF925, 0xF945, 0xF946, 0xF945, 0xF946, 0xF946, 0xF926, 0xF946, 0xF946, 0xF946, 0xF926, 
  0xF925, 0xF945, 0xF925, 0xF945, 0xF945, 0xF925, 0xF945, 0xF945, 0xF926, 0xF925, 0xF926, 0xF926, 
  0xF926, 0xF946, 0xF945, 0xF945, 0xF946, 0xF946, 0xF946, 0xF946, 0xF946, 0xF946, 0xF946, 0xF946, 
  0xF946, 0xF946, 0xF946, 0xF946, 0xF946, 0xF946, 0xF966, 0xF946, 0xF945, 0xF946, 0xF946, 0xF946, 
  0xF946, 0xF946, 0xF946, 0xF946, 0xF925, 0xF925, 0xF945, 0xF946, 0xF946, 0xF926, 0xF946, 0xF946, 
  0xF945, 0xF945, 0xF945, 0xF945, 0xF925, 0xF945, 0xF925, 0xF925, 0xF926, 0xF926, 0xF926, 0xF946, 
  0xF945, 0xF945, 0xF945, 0xF946, 0xF946, 0xF946, 0xF946, 0xF946, 0xF946, 0xF946, 0xF946, 0xF946, 
  0xF946, 0xF966, 0xF987, 0x90C6, 0x0006, 0x0007, 0x180B, 0x282F, 0x3070, 0x184E, 0x204F, 0x3050, 
  0x3050, 0x304F, 0x3050, 0x282F, 0x284F, 0x304F, 0x2830, 0x100D, 0xDA38, 0xEAFA, 0x180D, 0x200F, 
  0x280F, 0x200E, 0x282F, 0x2830, 0x3050, 0x2830, 0x3030, 0x302F, 0x302F, 0x284F, 0x2830, 0x3050, 
  0x3050, 0x3850, 0x3050, 0x3850, 0x3050, 0x3050, 0x3050, 0x3070, 0x3050, 0x204F, 0x204F, 0x3030, 
  0x3050, 0x3070, 0x3050, 0x2850, 0x2870, 0x2850, 0x3070, 0x3891, 0x38D1, 0x3070, 0x3050, 0x3070, 
  0x182F, 0x482F, 0xD0B1, 0x4830, 0x4033, 0x2850, 0x3070, 0x304F, 0x384F, 0x180E, 0x080D, 0x282F, 
  0x304F, 0x2870, 0x280E, 0x204F, 0x382F, 0x5831, 0x384F, 0x282E, 0x304F, 0x282F, 0x284F, 0x284F, 
  0x204E, 0x380E, 0x682E, 0xFD39, 0xECDA, 0x5850, 0x382F, 0x202E, 0x3850, 0x6897, 0x4052, 0x284F, 
  0x284F, 0x304F, 0x284E, 0x3050, 0x202F, 0x182E, 0x282F, 0x284F, 0x3070, 0x302F, 0x3850, 0x5053, 
  0x4030, 0x384C, 0x1006, 0x0003, 0x006B, 0x11F9, 0x1197, 0x11B7, 0x11B6, 0x11B6, 0x1197, 0x11B7, 
  0x11B7, 0x11B7, 0x11B7, 0x11B7, 0x11B7, 0x11B6, 0x11B6, 0x11B6, 0x11B6, 0x11B6, 0x1197, 0x11B6, 
  0x11B6, 0x11B6, 0x11B7, 0x11B7, 0x11B6, 0x11B7, 0x1197, 0x0996, 0x1196, 0x1197, 0x1196, 0x11B7, 
  0x11B6, 0x11B6, 0x11B6, 0x11B6, 0x11B6, 0x11B6, 0x11B7, 0x11B7, 0x11B7, 0x11B7, 0x11B7, 0x11B7, 
  0x11B7, 0x11D7, 0x11B7, 0x11B7, 0x11B7, 0x11B7, 0x11B7, 0x11B6, 0x11B6, 0x11B7, 0x11B6, 0x11B6, 
  0x11B7, 0x11B6, 0x1196, 0x11B7, 0x11B7, 0x11B6, 0x1196, 0x11B7, 0x11B7, 0x11B6, 0x11B6, 0x11B6, 
  0x11B7, 0x11B6, 0x11B6, 0x11B6, 0x11B7, 0x11B7, 0x11B7, 0x11B7, 0x11B7, 0x11B7, 0x11B7, 0x11B7, 
  0x11B7, 0x11B7, 0x1197, 0x11B7, 0x11B7, 0x11D8, 0x11B6, 0x0008, 0x0006, 0x7809, 0xF90A, 0xFB64, 
  0xFC07, 0xFCC9, 0xFCE9, 0xFC68, 0xFE2E, 0xFF52, 0xFF31, 0xFF92, 0xFF71, 0xFF91, 0xFF71, 0xFF71, 
  0xFF91, 0xFF92, 0xFF92, 0xFFB2, 0xFF92, 0xFF91, 0xFFF2, 0xFEAE, 0xF408, 0xFC48, 0xFCC8, 0xFCE9, 
  0xFBE9, 0xF9E6, 0xFA26, 0xE207, 0x6907, 0x0006, 0x2826, 0xF926, 0xF925, 0xF925, 0xF925, 0xF945, 
  0xF946, 0xF946, 0xF946, 0xF945, 0xF925, 0xF925, 0xF925, 0xF945, 0xF926, 0xF926, 0xF925, 0xF925, 
  0xF925, 0xF946, 0xF946, 0xF925, 0xF926, 0xF925, 0xF925, 0xF926, 0xF946, 0xF945, 0xF925, 0xF945, 
  0xF925, 0xF945, 0xF946, 0xF946, 0xF946, 0xF946, 0xF946, 0xF945, 0xF945, 0xF945, 0xF946, 0xF946, 
  0xF946, 0xF946, 0xF946, 0xF946, 0xF946, 0xF946, 0xF946, 0xF946, 0xF946, 0xF946, 0xF946, 0xF925, 
  0xF926, 0xF946, 0xF946, 0xF946, 0xF946, 0xF946, 0xF946, 0xF945, 0xF925, 0xF925, 0xF946, 0xF925, 
  0xF926, 0xF946, 0xF926, 0xF946, 0xF926, 0xF926, 0xF926, 0xF946, 0xF946, 0xF946, 0xF946, 0xF946, 
  0xF946, 0xF946, 0xF946, 0xF946, 0xF946, 0xF946, 0xF946, 0xF946, 0xF946, 0xF946, 0xF987, 0x90C6, 
  0x0006, 0x0007, 0x180B, 0x282F, 0x2870, 0x7070, 0x7051, 0x284F, 0x304F, 0x3050, 0x2830, 0x4030, 
  0x384F, 0x284E, 0x300E, 0x70D1, 0xFEBB, 0xFF3C, 0x90D1, 0x482F, 0x182E, 0x302F, 0x3830, 0x3030, 
  0x3871, 0x3871, 0x3070, 0x3030, 0x284F, 0x282F, 0x3050, 0x3050, 0x3851, 0x3871, 0x2850, 0x3030, 
  0x3851, 0x3050, 0x3050, 0x3850, 0x3050, 0x3071, 0x2850, 0x304F, 0x3071, 0x3070, 0x3070, 0x3071, 
  0x3092, 0x2850, 0x3050, 0x40D2, 0x38D1, 0x3050, 0x284F, 0x284F, 0x3070, 0x304F, 0x202F, 0x3030, 
  0x4033, 0x3050, 0x202E, 0x180C, 0x282F, 0x282F, 0x282F, 0x304F, 0x2850, 0x284F, 0x282F, 0x284F, 
  0x2870, 0x2870, 0x3070, 0x282F, 0x284F, 0x282F, 0x2830, 0x284F, 0x082D, 0x680E, 0xFC18, 0xFFF9, 
  0xFFF8, 0xFB5B, 0x7072, 0x080C, 0x3050, 0x5076, 0x3831, 0x284E, 0x284F, 0x284F, 0x282E, 0x282F, 
  0x2830, 0x204F, 0x284F, 0x3850, 0x3050, 0x304F, 0x3010, 0x4833, 0x3810, 0x180B, 0x0006, 0x0004, 
  0x086C, 0x11D9, 0x0997, 0x09B7, 0x09B7, 0x11B6, 0x11B7, 0x11B7, 0x11B6, 0x11B7, 0x11B7, 0x11B7, 
  0x11B7, 0x11B6, 0x11B7, 0x11B7, 0x11B7, 0x1197, 0x11B7, 0x1196, 0x11B6, 0x11B7, 0x11B6, 0x11B6, 
  0x11B7, 0x1197, 0x11B6, 0x1196, 0x1197, 0x1197, 0x11B7, 0x1197, 0x11B6, 0x11B6, 0x11B6, 0x11B6, 
  0x11B6, 0x11B6, 0x11B6, 0x11B6, 0x11B7, 0x11B7, 0x11B7, 0x11B7, 0x11B7, 0x11B7, 0x11B7, 0x11B7, 
  0x11B7, 0x11B7, 0x11B7, 0x11B7, 0x11B7, 0x11B7, 0x11B7, 0x11B6, 0x11B7, 0x11B6, 0x11B7, 0x11B7, 
  0x11B6, 0x11B6, 0x11B7, 0x11B7, 0x11B6, 0x11B6, 0x11B6, 0x11B7, 0x09B7, 0x11B7, 0x11B6, 0x11B7, 
  0x11B6, 0x11B7, 0x11B7, 0x11B7, 0x11B7, 0x11B7, 0x11B6, 0x11B7, 0x1197, 0x11B6, 0x11B7, 0x11B7, 
  0x11B7, 0x11F8, 0x11B7, 0x0808, 0x0006, 0x59C8, 0xD429, 0xFE0B, 0xFF30, 0xFFF3, 0xFFD3, 0xFFB3, 
  0xFFB2, 0xFFD2, 0xFFD2, 0xFFB2, 0xFFB2, 0xFFB2, 0xFFB2, 0xFF92, 0xFFB2, 0xFFB2, 0xFFB2, 0xFFB2, 
  0xFFB2, 0xFFB2, 0xFFB2, 0xFFD2, 0xFFF2, 0xFFF3, 0xFFF3, 0xFFF4, 0xFF92, 0xFDCB, 0xFE2C, 0xBD49, 
  0x5246, 0x0006, 0x2827, 0xF925, 0xF925, 0xF926, 0xF926, 0xF926, 0xF926, 0xF926, 0xF926, 0xF926, 
  0xF926, 0xF926, 0xF926, 0xF926, 0xF926, 0xF926, 0xF926, 0xF926, 0xF926, 0xF926, 0xF926, 0xF926, 
  0xF946, 0xF925, 0xF926, 0xF926, 0xF926, 0xF926, 0xF926, 0xF926, 0xF926, 0xF925, 0xF926, 0xF926, 
  0xF926, 0xF926, 0xF926, 0xF926, 0xF946, 0xF946, 0xF926, 0xF926, 0xF946, 0xF926, 0xF946, 0xF926, 
  0xF925, 0xF946, 0xF926, 0xF926, 0xF946, 0xF946, 0xF946, 0xF926, 0xF926, 0xF925, 0xF926, 0xF926, 
  0xF926, 0xF926, 0xF926, 0xF926, 0xF926, 0xF926, 0xF926, 0xF926, 0xF926, 0xF926, 0xF926, 0xF926, 
  0xF925, 0xF925, 0xF946, 0xF946, 0xF946, 0xF926, 0xF946, 0xF946, 0xF946, 0xF946, 0xF946, 0xF946, 
  0xF946, 0xF946, 0xF946, 0xF926, 0xF926, 0xF946, 0xF986, 0xA0E6, 0x0006, 0x0007, 0x100B, 0x202E, 
  0x2870, 0xA872, 0xA874, 0x204F, 0x282F, 0x202F, 0x2810, 0x9814, 0x6832, 0x082D, 0x600F, 0xFC9A, 
  0xFFFA, 0xFFF8, 0xFD9A, 0x9112, 0x000C, 0x3030, 0x7817, 0x4812, 0x284E, 0x304F, 0x304F, 0x282F, 
  0x282E, 0x200E, 0x3871, 0x3872, 0x304F, 0x3030, 0x180F, 0x100E, 0x2830, 0x282F, 0x302F, 0x202F, 
  0x104F, 0x204F, 0x3870, 0x3070, 0x304F, 0x3070, 0x304F, 0x3891, 0x3071, 0x3050, 0x284F, 0x38B0, 
  0x38B0, 0x3050, 0x284F, 0x284F, 0x3070, 0x284F, 0x182F, 0x200E, 0x282F, 0x3050, 0x200D, 0x180B, 
  0x180C, 0x204D, 0x204D, 0x282E, 0x382E, 0x202E, 0x2850, 0x284F, 0x282E, 0x284F, 0x282F, 0x2850, 
  0x282F, 0x180E, 0x200E, 0x284E, 0x204E, 0x382E, 0x89F2, 0xECD9, 0xFC17, 0xA153, 0x4870, 0x182D, 
  0x304F, 0x284F, 0x282E, 0x304F, 0x304F, 0x180D, 0x282E, 0x304E, 0x3050, 0x3071, 0x3050, 0x3050, 
  0x304F, 0x3070, 0x100D, 0x2810, 0x282F, 0x180A, 0x0006, 0x0004, 0x006C, 0x09FA, 0x11D9, 0x11B8, 
  0x11D8, 0x11B8, 0x11D8, 0x11B8, 0x11B8, 0x11B8, 0x11D8, 0x11B8, 0x11B8, 0x11D8, 0x11B8, 0x11D8, 
  0x11B8, 0x11D8, 0x09D8, 0x11B8, 0x11B8, 0x11B8, 0x11B7, 0x11B8, 0x11B8, 0x11D8, 0x09D8, 0x11B8, 
  0x11B8, 0x09B7, 0x11B8, 0x11B8, 0x11B8, 0x11B8, 0x11B8, 0x11B8, 0x11B8, 0x11B8, 0x11B8, 0x11B8, 
  0x11D8, 0x11D8, 0x11D8, 0x11D8, 0x11D8, 0x11D8, 0x11D8, 0x11D8, 0x11D8, 0x11D8, 0x11D8, 0x11D8, 
  0x11D8, 0x11B8, 0x09D8, 0x11B8, 0x11D8, 0x11D8, 0x11D8, 0x11D8, 0x11D8, 0x09D8, 0x11B8, 0x11B8, 
  0x11B8, 0x11D8, 0x11B8, 0x11B8, 0x11B8, 0x11B8, 0x11B8, 0x11B8, 0x11D8, 0x11D8, 0x11D8, 0x11D8, 
  0x11D8, 0x11D8, 0x11D8, 0x11D8, 0x11D8, 0x11B8, 0x11B8, 0x09D8, 0x09D8, 0x1219, 0x11D7, 0x0009, 
  0x0005, 0x6B6A, 0xF750, 0xFFF4, 0xFFF3, 0xFFD2, 0xFFB2, 0xFFD2, 0xFFB2, 0xFF91, 0xFF92, 0xFF92, 
  0xFFB2, 0xFF92, 0xFF92, 0xFF92, 0xFF92, 0xFFB2, 0xFF92, 0xFFB2, 0xFF92, 0xFF92, 0xFFB2, 0xFFB2, 
  0xFFD3, 0xFFD3, 0xFFD3, 0xFFD3, 0xFFD3, 0xFFF4, 0xFFF5, 0xC6B0, 0x5B0A, 0x0005, 0x2026, 0xF926, 
  0xF944, 0xF925, 0xF946, 0xF946, 0xF946, 0xF946, 0xF946, 0xF946, 0xF945, 0xF925, 0xF925, 0xF945, 
  0xF945, 0xF945, 0xF945, 0xF945, 0xF946, 0xF946, 0xF946, 0xF925, 0xF946, 0xF946, 0xF946, 0xF945, 
  0xF946, 0xF946, 0xF926, 0xF926, 0xF946, 0xF925, 0xF946, 0xF946, 0xF946, 0xF946, 0xF946, 0xF946, 
  0xF946, 0xF946, 0xF946, 0xF925, 0xF946, 0xF946, 0xF966, 0xF966, 0xF965, 0xF965, 0xF946, 0xF946, 
  0xF946, 0xF946, 0xF946, 0xF946, 0xF925, 0xF945, 0xF945, 0xF945, 0xF945, 0xF946, 0xF946, 0xF926, 
  0xF945, 0xF946, 0xF946, 0xF946, 0xF946, 0xF946, 0xF946, 0xF946, 0xF946, 0xF946, 0xF946, 0xF946, 
  0xF946, 0xF946, 0xF946, 0xF946, 0xF946, 0xF946, 0xF966, 0xF966, 0xF946, 0xF966, 0xF966, 0xF966, 
  0xF946, 0xF966, 0xF9A6, 0x98E7, 0x0006, 0x0007, 0x100A, 0x202E, 0x3050, 0x3850, 0x4030, 0x284F, 
  0x282E, 0x282F, 0x2830, 0x7012, 0x5810, 0x182E, 0x300E, 0x7970, 0xFDB8, 0xFD57, 0x91D2, 0x4890, 
  0x182E, 0x284F, 0x4813, 0x3830, 0x284E, 0x284E, 0x284E, 0x282F, 0x202F, 0x280F, 0x3852, 0x3871, 
  0x284E, 0x182E, 0x582F, 0xA871, 0x382F, 0x202F, 0x182E, 0x404F, 0x780D, 0x482E, 0x204E, 0x284F, 
  0x306F, 0x3050, 0x304F, 0x306F, 0x284F, 0x304F, 0x284F, 0x3090, 0x30AF, 0x284F, 0x284F, 0x284F, 
  0x282F, 0x282F, 0x180E, 0x180E, 0x202E, 0x3050, 0x282E, 0x180B, 0x180C, 0x180C, 0x080B, 0x404F, 
  0x704F, 0x280D, 0x204F, 0x284F, 0x284F, 0x284F, 0x284F, 0x284F, 0x282E, 0x300D, 0x304E, 0x284E, 
  0x304E, 0x204F, 0x000C, 0xC0D6, 0xD136, 0x100C, 0x202E, 0x304E, 0x284E, 0x304F, 0x284F, 0x284E, 
  0x282D, 0x812D, 0x408E, 0x284F, 0x284F, 0x282F, 0x3050, 0x304F, 0x282F, 0x282E, 0xBA51, 0x68F0, 
  0x100E, 0x180B, 0x0006, 0x0006, 0x0006, 0x0934, 0x11B8, 0x1197, 0x1196, 0x1197, 0x1196, 0x1196, 
  0x1196, 0x1196, 0x1196, 0x1196, 0x1196, 0x1197, 0x11B6, 0x1196, 0x1196, 0x1196, 0x11B6, 0x1196, 
  0x1196, 0x1196, 0x1196, 0x1196, 0x1196, 0x1196, 0x1196, 0x1196, 0x1176, 0x1176, 0x1196, 0x1176, 
  0x1196, 0x1196, 0x1196, 0x1196, 0x1196, 0x1196, 0x1196, 0x1196, 0x1196, 0x1196, 0x1196, 0x1196, 
  0x1196, 0x1196, 0x1196, 0x1196, 0x0996, 0x1196, 0x1196, 0x1196, 0x1196, 0x1196, 0x1176, 0x1196, 
  0x1196, 0x1196, 0x1196, 0x1196, 0x1196, 0x1196, 0x1196, 0x1196, 0x1196, 0x1196, 0x1196, 0x1196, 
  0x1197, 0x1197, 0x1196, 0x1196, 0x1197, 0x11B6, 0x11B7, 0x1196, 0x11B7, 0x11B7, 0x11B7, 0x11B7, 
  0x11B7, 0x09B7, 0x1197, 0x11B7, 0x11D7, 0x1219, 0x1112, 0x0807, 0x0005, 0x738C, 0xFF91, 0xFFF3, 
  0xFFF3, 0xFFF2, 0xFFF2, 0xFFF2, 0xFFD2, 0xFFD2, 0xFFD2, 0xFFD2, 0xFFD2, 0xFFD3, 0xFFF2, 0xFFD2, 
  0xFFD2, 0xFFF2, 0xFFD3, 0xFFD2, 0xFFD2, 0xFFD2, 0xFFB2, 0xFFD3, 0xFFD3, 0xFFF3, 0xFFF3, 0xFFF3, 
  0xFFF3, 0xFFF6, 0xFFF7, 0xDF32, 0x5B0B, 0x0005, 0x0006, 0xB8A6, 0xF946, 0xF126, 0xE926, 0xF146, 
  0xF147, 0xF126, 0xF126, 0xF126, 0xE926, 0xE926, 0xE926, 0xE926, 0xE926, 0xE926, 0xE926, 0xE926, 
  0xE946, 0xE947, 0xE926, 0xE927, 0xE926, 0xE926, 0xE926, 0xE926, 0xE926, 0xE927, 0xE927, 0xE906, 
  0xE906, 0xE926, 0xE926, 0xE926, 0xE947, 0xE947, 0xE947, 0xE947, 0xE947, 0xE926, 0xE926, 0xE926, 
  0xE927, 0xE927, 0xE926, 0xE947, 0xE947, 0xE926, 0xE926, 0xE926, 0xE926, 0xE946, 0xE926, 0xE926, 
  0xE926, 0xE926, 0xE926, 0xE126, 0xE126, 0xE926, 0xE926, 0xE126, 0xE906, 0xE926, 0xE926, 0xE946, 
  0xE947, 0xE947, 0xE926, 0xE926, 0xE926, 0xE926, 0xE926, 0xE927, 0xE947, 0xE927, 0xE927, 0xE927, 
  0xE926, 0xE947, 0xE947, 0xE947, 0xE947, 0xE946, 0xF126, 0xE946, 0xE947, 0xF947, 0xD927, 0x3827, 
  0x0007, 0x0007, 0x100A, 0x282E, 0x3050, 0x38B3, 0x3092, 0x282E, 0x286F, 0x282F, 0x282F, 0x284F, 
  0x284F, 0x304F, 0x204F, 0x000D, 0xD175, 0xE174, 0x000C, 0x100E, 0x304F, 0x284F, 0x184E, 0x284E, 
  0x284E, 0x284F, 0x204E, 0x282E, 0x282F, 0x3872, 0x3872, 0x284F, 0x284E, 0x182E, 0x7050, 0xE092, 
  0x402E, 0x182F, 0x000D, 0x886D, 0xF8AF, 0x984D, 0x084D, 0x284F, 0x3050, 0x3050, 0x284E, 0x284E, 
  0x284F, 0x284F, 0x284F, 0x38B0, 0x30B0, 0x284F, 0x284F, 0x284E, 0x282F, 0x180D, 0x594D, 0xA2B1, 
  0x100D, 0x282F, 0x282F, 0x182C, 0x180C, 0x180C, 0x180C, 0x282D, 0x382E, 0x200C, 0x204F, 0x284F, 
  0x284F, 0x284F, 0x284F, 0x202E, 0x200D, 0xFC56, 0xAA93, 0x000C, 0x284F, 0x284F, 0x204E, 0x4070, 
  0x406F, 0x202E, 0x282E, 0x204E, 0x282F, 0x304F, 0x284F, 0x284E, 0x304E, 0xDA71, 0x50AE, 0x182E, 
  0x284F, 0x284F, 0x304F, 0x284F, 0x200E, 0x200D, 0xFBD6, 0x9191, 0x000C, 0x180B, 0x0006, 0x0006, 
  0x0005, 0x0809, 0x082A, 0x0029, 0x0029, 0x0029, 0x0029, 0x0029, 0x0029, 0x0829, 0x0829, 0x0829, 
  0x0829, 0x0829, 0x0829, 0x0829, 0x0829, 0x0029, 0x0029, 0x0829, 0x0029, 0x0829, 0x0029, 0x0829, 
  0x0829, 0x0829, 0x0828, 0x0028, 0x0029, 0x0029, 0x0829, 0x0028, 0x0829, 0x0029, 0x0829, 0x0829, 
  0x0829, 0x0829, 0x0829, 0x0809, 0x0829, 0x0828, 0x0829, 0x0028, 0x0829, 0x0029, 0x0029, 0x0028, 
  0x0029, 0x0828, 0x0829, 0x0029, 0x0029, 0x0828, 0x0029, 0x0029, 0x0829, 0x0028, 0x0829, 0x0029, 
  0x0029, 0x0029, 0x0028, 0x0829, 0x0029, 0x0029, 0x0029, 0x0829, 0x0829, 0x0029, 0x0029, 0x0829, 
  0x0829, 0x0849, 0x0829, 0x0829, 0x0829, 0x0029, 0x0829, 0x0829, 0x0849, 0x0829, 0x082A, 0x084A, 
  0x084A, 0x104B, 0x0809, 0x0807, 0x0007, 0x8207, 0xFC66, 0xFD43, 0xFDC4, 0xFD26, 0xF506, 0xF526, 
  0xF505, 0xF505, 0xF4E5, 0xF4E5, 0xF4E5, 0xF4E5, 0xF4E5, 0xF4E5, 0xF4C5, 0xF4C5, 0xF4C5, 0xF4C5, 
  0xF4C5, 0xF4C5, 0xF4C5, 0xF4C5, 0xF4E5, 0xF505, 0xFD05, 0xFD46, 0xFDE5, 0xFDC5, 0xFD47, 0xE467, 
  0x61C7, 0x0007, 0x0008, 0x1007, 0x2827, 0x2027, 0x2027, 0x2807, 0x2027, 0x2027, 0x2007, 0x2027, 
  0x2007, 0x2007, 0x2027, 0x2027, 0x2007, 0x2007, 0x2007, 0x1807, 0x2007, 0x2027, 0x2027, 0x2007, 
  0x2007, 0x2026, 0x2027, 0x2007, 0x2007, 0x2007, 0x2026, 0x1806, 0x1807, 0x1806, 0x1827, 0x1807, 
  0x1807, 0x1807, 0x1807, 0x2027, 0x1827, 0x1827, 0x1807, 0x1827, 0x2007, 0x1807, 0x1807, 0x1806, 
  0x1806, 0x1807, 0x2007, 0x2007, 0x2007, 0x1807, 0x2007, 0x1827, 0x1807, 0x2007, 0x1807, 0x1806, 
  0x1807, 0x1807, 0x1806, 0x1806, 0x1806, 0x1807, 0x1827, 0x1827, 0x1827, 0x1827, 0x1807, 0x2007, 
  0x2007, 0x1827, 0x1826, 0x2027, 0x2006, 0x1806, 0x1807, 0x1827, 0x2026, 0x2006, 0x1806, 0x1806, 
  0x1826, 0x2026, 0x2007, 0x2006, 0x2006, 0x2827, 0x1806, 0x0006, 0x0807, 0x0806, 0x0009, 0x180D, 
  0x3850, 0x3891, 0x3070, 0x284E, 0x306F, 0x304F, 0x282E, 0x204F, 0x286F, 0x284F, 0x306F, 0x284F, 
  0x4050, 0x384E, 0x284E, 0x284E, 0x284E, 0x284E, 0x284E, 0x284E, 0x282E, 0x284E, 0x284E, 0x282F, 
  0x304F, 0x3070, 0x306F, 0x284F, 0x282F, 0x284F, 0x284F, 0x282E, 0x282E, 0x002C, 0x5009, 0xE12E, 
  0xFEFB, 0xEA10, 0x680A, 0x004D, 0x284F, 0x304F, 0x284E, 0x204E, 0x284E, 0x284F, 0x284E, 0x308F, 
  0x38B0, 0x3070, 0x284F, 0x284F, 0x180E, 0x384D, 0xFCB2, 0xFE35, 0x612E, 0x080E, 0x282F, 0x202E, 
  0x180C, 0x180C, 0x180D, 0x100C, 0x100B, 0x182D, 0x284E, 0x282E, 0x284E, 0x282F, 0x284F, 0x202F, 
  0x280E, 0xC2B4, 0x7170, 0x100D, 0x284E, 0x284E, 0x284E, 0x102D, 0x180D, 0x282F, 0x280E, 0x202E, 
  0x284E, 0x284E, 0x284E, 0x284E, 0x304F, 0x488F, 0x302F, 0x282F, 0x282F, 0x284E, 0x284F, 0x284F, 
  0x284E, 0x284E, 0x50D0, 0x386F, 0x202E, 0x180D, 0x0006, 0x0807, 0x0807, 0x0806, 0x0805, 0x0005, 
  0x0805, 0x0005, 0x0005, 0x0005, 0x0805, 0x0005, 0x0005, 0x0805, 0x0005, 0x0805, 0x0805, 0x0806, 
  0x0805, 0x0805, 0x0805, 0x0005, 0x0005, 0x0005, 0x0805, 0x0005, 0x0805, 0x0805, 0x0805, 0x0005, 
  0x0805, 0x0805, 0x0805, 0x0805, 0x0005, 0x0805, 0x0805, 0x0005, 0x0005, 0x0805, 0x0005, 0x0805, 
  0x0805, 0x0805, 0x0805, 0x0805, 0x0805, 0x0805, 0x0805, 0x0805, 0x0005, 0x0005, 0x0005, 0x0005, 
  0x0005, 0x0805, 0x0805, 0x0005, 0x0005, 0x0005, 0x0005, 0x0805, 0x0005, 0x0005, 0x0004, 0x0805, 
  0x0805, 0x0005, 0x0805, 0x0805, 0x0005, 0x0805, 0x0805, 0x0805, 0x1005, 0x0805, 0x0806, 0x0805, 
  0x0805, 0x1004, 0x0004, 0x0805, 0x1004, 0x1806, 0x1006, 0x1006, 0x1007, 0x1006, 0x1008, 0x1009, 
  0x0007, 0x98C3, 0xFA80, 0xFB20, 0xFA03, 0xFB00, 0xFB80, 0xFB60, 0xFB60, 0xFB40, 0xFB40, 0xFB40, 
  0xFB40, 0xFB40, 0xFB40, 0xFB20, 0xFB20, 0xFB20, 0xFB20, 0xFB40, 0xFB40, 0xFB40, 0xFB40, 0xFB60, 
  0xFB60, 0xFB80, 0xFBA0, 0xFB80, 0xFA03, 0xFB00, 0xFBE0, 0xEA40, 0x6104, 0x0008, 0x0809, 0x0008, 
  0x0008, 0x0008, 0x0009, 0x0009, 0x0009, 0x0008, 0x0008, 0x0008, 0x0008, 0x0008, 0x0007, 0x0008, 
  0x0007, 0x0007, 0x0008, 0x0008, 0x0008, 0x0008, 0x0008, 0x0007, 0x0007, 0x0008, 0x0007, 0x0007, 
  0x0007, 0x0007, 0x0008, 0x0007, 0x0008, 0x0008, 0x0008, 0x0007, 0x0008, 0x0008, 0x0007, 0x0007, 
  0x0007, 0x0007, 0x0007, 0x0007, 0x0007, 0x0007, 0x0007, 0x0007, 0x0007, 0x0007, 0x0007, 0x0007, 
  0x0007, 0x0008, 0x0008, 0x0007, 0x0007, 0x0007, 0x0007, 0x0007, 0x0007, 0x0007, 0x0007, 0x0007, 
  0x0007, 0x0007, 0x0008, 0x0008, 0x0008, 0x0008, 0x0007, 0x0007, 0x0007, 0x0007, 0x0007, 0x0007, 
  0x0007, 0x0007, 0x0007, 0x0007, 0x0007, 0x0007, 0x0007, 0x0007, 0x0007, 0x0007, 0x0007, 0x0007, 
  0x0007, 0x0007, 0x0007, 0x0007, 0x0807, 0x0806, 0x1008, 0x282C, 0x306F, 0x282D, 0x284E, 0x304E, 
  0x304F, 0x202F, 0x282E, 0x304E, 0x284E, 0x284E, 0x282F, 0x304F, 0x182E, 0x184E, 0x284E, 0x286E, 
  0x284E, 0x284E, 0x284E, 0x284E, 0x204E, 0x304F, 0x9056, 0x4051, 0x184E, 0x284E, 0x282E, 0x282F, 
  0x282F, 0x282F, 0x202E, 0x184E, 0x182E, 0x600B, 0xD10C, 0xFCF4, 0xFFFC, 0xFD34, 0xD94D, 0x502C, 
  0x282F, 0x284E, 0x304E, 0x402E, 0x282E, 0x284F, 0x282F, 0x308F, 0x38B0, 0x284E, 0x3050, 0x6016, 
  0x3010, 0x200D, 0xA270, 0xDBF2, 0x306D, 0x182E, 0x282F, 0x282F, 0x202E, 0x180C, 0x180C, 0x180B, 
  0x180C, 0x284E, 0x284E, 0x282F, 0x284E, 0x284E, 0x284F, 0x284E, 0x284F, 0x100D, 0x180D, 0x284E, 
  0x284E, 0x284E, 0x284E, 0x282E, 0x282E, 0x182E, 0x584F, 0xB030, 0x384D, 0x202E, 0x284F, 0x284F, 
  0x284F, 0x180E, 0x282F, 0x282E, 0x282F, 0x204E, 0x204E, 0x284F, 0x284E, 0x284E, 0x100D, 0x200E, 
  0x282F, 0x000C, 0x0005, 0x0805, 0x0006, 0x0006, 0x0006, 0x0006, 0x0806, 0x0006, 0x0006, 0x0806, 
  0x0006, 0x0806, 0x0806, 0x0006, 0x0806, 0x0005, 0x0004, 0x0006, 0x0806, 0x0006, 0x0806, 0x0006, 
  0x0806, 0x0006, 0x0006, 0x0806, 0x0806, 0x0806, 0x0006, 0x0806, 0x0806, 0x0806, 0x0806, 0x0006, 
  0x0806, 0x0806, 0x0006, 0x1806, 0x1006, 0x0006, 0x0806, 0x0806, 0x0006, 0x0006, 0x0806, 0x0006, 
  0x0806, 0x0806, 0x0806, 0x0806, 0x0006, 0x0806, 0x0006, 0x0006, 0x0806, 0x0006, 0x0006, 0x0806, 
  0x0006, 0x0806, 0x0006, 0x0006, 0x0006, 0x1005, 0x0006, 0x0006, 0x0806, 0x1006, 0x0006, 0x0006, 
  0x0005, 0x1806, 0x0006, 0x0006, 0x1007, 0x1806, 0x0005, 0x0006, 0x0006, 0x0005, 0x0005, 0x0006, 
  0x0807, 0x0007, 0x0007, 0x0007, 0x0008, 0x0008, 0x0008, 0x0008, 0x0007, 0x80A5, 0xFB40, 0xFAC3, 
  0xF00B, 0xFAC5, 0xFC40, 0xFBE0, 0xFBC0, 0xFBC0, 0xFBC0, 0xFBC0, 0xFBC0, 0xFBC0, 0xFBC0, 0xFBC0, 
  0xFBC0, 0xFBC0, 0xFBC0, 0xFBC0, 0xFBC0, 0xFBC0, 0xFBC0, 0xFBE0, 0xFBE0, 0xFC00, 0xFC60, 0xFB82, 
  0xE80D, 0xF207, 0xFCE0, 0xF2C2, 0x58A5, 0x0007, 0x0008, 0x0008, 0x0008, 0x0008, 0x0008, 0x0008, 
  0x0008, 0x0009, 0x0008, 0x0008, 0x0007, 0x0007, 0x0006, 0x0007, 0x0808, 0x0007, 0x0007, 0x0007, 
  0x1007, 0x0807, 0x0007, 0x0007, 0x1007, 0x0806, 0x0007, 0x0007, 0x1007, 0x0808, 0x0007, 0x0807, 
  0x0007, 0x0807, 0x0007, 0x0807, 0x0007, 0x0007, 0x0807, 0x0807, 0x0006, 0x0004, 0x0006, 0x0807, 
  0x0807, 0x0007, 0x0006, 0x0807, 0x0807, 0x0807, 0x0006, 0x0807, 0x0807, 0x0007, 0x0007, 0x0807, 
  0x0006, 0x0807, 0x0007, 0x0007, 0x0007, 0x0007, 0x0807, 0x0007, 0x0007, 0x0806, 0x0807, 0x0007, 
  0x0807, 0x0807, 0x0807, 0x0006, 0x0007, 0x2008, 0x1007, 0x0007, 0x0007, 0x0006, 0x0007, 0x0806, 
  0x0807, 0x0007, 0x0007, 0x0007, 0x0807, 0x0807, 0x0807, 0x0807, 0x0807, 0x0007, 0x0807, 0x0007, 
  0x0006, 0x0004, 0xDA31, 0xDA94, 0x180D, 0x284E, 0x284E, 0x284F, 0x286E, 0x304D, 0x384E, 0x284E, 
  0x284E, 0x282F, 0x284E, 0x282F, 0x284F, 0x284F, 0x304E, 0x284E, 0x184D, 0x284E, 0x284E, 0x284E, 
  0x204E, 0x302F, 0x8076, 0x4051, 0x184D, 0x284E, 0x284E, 0x202E, 0x100D, 0x282E, 0x282E, 0x202E, 
  0x080D, 0xC80C, 0xFC54, 0xFFFC, 0xFF16, 0xFFFC, 0xFD76, 0xD00B, 0x204D, 0x102E, 0x486F, 0xC8D6, 
  0x4850, 0x182E, 0x302F, 0x308F, 0x30AF, 0x284F, 0x302F, 0x5013, 0x302F, 0x182D, 0x200E, 0x304E, 
  0x180E, 0x284E, 0x284F, 0x282F, 0x282F, 0x202D, 0x202D, 0x202D, 0x202D, 0x284F, 0x284F, 0x204E, 
  0x202F, 0x284E, 0x282E, 0x284E, 0x284F, 0x284F, 0x204E, 0x182D, 0x282E, 0x284E, 0x284E, 0x284E, 
  0x284E, 0x182E, 0x584F, 0x982F, 0x384D, 0x204E, 0x284E, 0x284E, 0x284E, 0x284E, 0x284E, 0x284E, 
  0x204E, 0x404F, 0x6051, 0x282E, 0x282E, 0x284E, 0x284E, 0x202E, 0x304E, 0xA0CE, 0x506B, 0x0009, 
  0x1009, 0x1009, 0x1009, 0x1009, 0x1009, 0x1009, 0x1009, 0x1009, 0x1009, 0x100A, 0x1009, 0x1009, 
  0x0808, 0x284A, 0x60CF, 0x202B, 0x1008, 0x1009, 0x1009, 0x1009, 0x1009, 0x1009, 0x1009, 0x1009, 
  0x0809, 0x1009, 0x1009, 0x1009, 0x1009, 0x1009, 0x1009, 0x1009, 0x1009, 0x1009, 0x1009, 0x604C, 
  0x302A, 0x0808, 0x1009, 0x1009, 0x1009, 0x1009, 0x1009, 0x1009, 0x1008, 0x1009, 0x1009, 0x1009, 
  0x1009, 0x1009, 0x1009, 0x1008, 0x1009, 0x1009, 0x1008, 0x1009, 0x1009, 0x0809, 0x0808, 0x1008, 
  0x1808, 0x2008, 0x1008, 0x0807, 0x1807, 0x2807, 0x1028, 0x2829, 0x2808, 0x2008, 0x3828, 0x4829, 
  0x2007, 0x1807, 0x4009, 0x4809, 0x6008, 0x7807, 0x70E4, 0x6984, 0x5984, 0x71A2, 0x7963, 0x7163, 
  0x7983, 0x8183, 0x7983, 0x79A3, 0x71A3, 0xCA62, 0xFB80, 0xFBC0, 0xFAA3, 0xFBA2, 0xFC00, 0xFBC0, 
  0xFBC0, 0xFBC0, 0xFBC0, 0xFBC0, 0xFBC0, 0xFBE0, 0xFBE0, 0xFBE0, 0xFBE0, 0xFBC0, 0xFBC0, 0xFBE0, 
  0xFBE0, 0xFBE0, 0xFBE0, 0xFBE0, 0xFC01, 0xFC00, 0xFC20, 0xFBE1, 0xF2A5, 0xFBA2, 0xFC80, 0xF3C2, 
  0xBAC3, 0x7983, 0x7963, 0x7983, 0x7963, 0x7963, 0x7964, 0x7983, 0x7963, 0x7184, 0x6944, 0x6826, 
  0x7807, 0x7008, 0x480A, 0x1809, 0x1809, 0x2829, 0x3829, 0x2829, 0x1008, 0x1809, 0x2809, 0x2009, 
  0x1829, 0x1009, 0x1809, 0x1009, 0x100A, 0x2009, 0x180A, 0x080A, 0x100A, 0x100A, 0x180A, 0x100A, 
  0x100A, 0x100A, 0x100A, 0x0809, 0x180B, 0x602E, 0x400C, 0x080A, 0x0808, 0x0809, 0x1009, 0x100A, 
  0x100A, 0x100A, 0x100A, 0x100A, 0x100A, 0x100A, 0x0809, 0x0009, 0x100A, 0x482D, 0x280B, 0x0008, 
  0x0809, 0x1009, 0x1009, 0x1009, 0x0808, 0x0809, 0x0809, 0x1009, 0x1009, 0x1009, 0x100A, 0x100A, 
  0x100A, 0x402C, 0x280B, 0x100A, 0x100A, 0x080A, 0x100A, 0x100A, 0x100A, 0x100A, 0x1009, 0x1009, 
  0x100A, 0x0008, 0x0809, 0x100A, 0x100A, 0x100A, 0x180A, 0x100A, 0x100A, 0x1009, 0x894F, 0x8991, 
  0x182D, 0x284F, 0x284E, 0x282E, 0x182D, 0xE235, 0x8912, 0x080D, 0x284E, 0x204E, 0x284E, 0x500E, 
  0x500D, 0x282E, 0x204E, 0x384F, 0x7032, 0x384F, 0x204E, 0x284E, 0x284E, 0x284E, 0x202E, 0x284F, 
  0x284E, 0x284E, 0x202E, 0x386E, 0x70AF, 0x282E, 0x202E, 0x282E, 0x180E, 0x500D, 0xC9AC, 0xFD74, 
  0xFFFB, 0xFE16, 0xDA0F, 0x580C, 0x204D, 0x202D, 0x384F, 0x7072, 0x3050, 0x202E, 0x282E, 0x308F, 
  0x38B0, 0x284F, 0x284E, 0x204D, 0x206D, 0x284E, 0x200E, 0x180E, 0x284E, 0x284E, 0x284F, 0x204E, 
  0x282F, 0x282F, 0x282F, 0x284E, 0x284F, 0x282E, 0x284E, 0x202D, 0x180C, 0x284E, 0x282E, 0x282E, 
  0x282E, 0x282E, 0x384E, 0x406F, 0x284E, 0x282E, 0x304E, 0x284E, 0x284E, 0x284F, 0x282E, 0x202D, 
  0x284E, 0x282E, 0x284E, 0x284E, 0x284F, 0x284F, 0x284E, 0x282E, 0x104D, 0x6051, 0x9034, 0x282E, 
  0x204E, 0x284E, 0x284E, 0x182E, 0x304E, 0xF173, 0x88B1, 0x000C, 0x200D, 0x200D, 0x200C, 0x200D, 
  0x200D, 0x200D, 0x200D, 0x200D, 0x200C, 0x200D, 0x200D, 0x200C, 0x180C, 0x304E, 0x90F5, 0x404F, 
  0x100C, 0x180D, 0x200C, 0x200C, 0x180C, 0x200D, 0x180C, 0x280C, 0x300C, 0x200C, 0x180D, 0x200D, 
  0x200D, 0x200D, 0x200C, 0x200C, 0x200C, 0x200D, 0x200D, 0x380E, 0x280D, 0x200D, 0x200D, 0x080C, 
  0x100C, 0x200D, 0x200D, 0x180C, 0x100A, 0x180B, 0x180C, 0x200C, 0x200C, 0x200D, 0x200C, 0x200D, 
  0x180A, 0x1009, 0x180C, 0x180C, 0x180C, 0x180C, 0x180C, 0x300A, 0x200B, 0x180B, 0x382C, 0x400B, 
  0x1809, 0x0808, 0x302A, 0x804D, 0x400B, 0x0008, 0x884C, 0xB84D, 0x1808, 0x2008, 0xA80C, 0xC00D, 
  0xE00A, 0xF8A6, 0xFA24, 0xF2C3, 0xE302, 0xFBE0, 0xFBC0, 0xFBA0, 0xFBA0, 0xFBC0, 0xFBC0, 0xFBE0, 
  0xFC00, 0xFC40, 0xFC20, 0xFC40, 0xFCA0, 0xFC40, 0xFC00, 0xFC00, 0xFBE0, 0xFBE0, 0xFBE0, 0xFBE0, 
  0xFBE0, 0xFBE0, 0xFBE0, 0xFBE0, 0xFBE0, 0xFBE0, 0xFBE0, 0xFBE0, 0xFBE0, 0xFBE0, 0xFBE0, 0xFBE0, 
  0xFC00, 0xFC00, 0xFC00, 0xFC20, 0xFCC0, 0xFC80, 0xFC20, 0xFC61, 0xFCC0, 0xFC40, 0xFBC0, 0xFBE0, 
  0xFBC0, 0xFBA0, 0xFBC0, 0xFBC0, 0xFBC0, 0xFC00, 0xFB00, 0xF846, 0xF807, 0xF009, 0xB80C, 0x582B, 
  0x180A, 0x484B, 0xA86D, 0x500A, 0x000A, 0x302B, 0x802D, 0x482C, 0x002C, 0x180B, 0x580B, 0x300C, 
  0x080C, 0x200B, 0x280C, 0x200D, 0x200D, 0x200D, 0x200C, 0x080B, 0x180D, 0x200D, 0x200D, 0x080B, 
  0x3813, 0xC03A, 0x8033, 0x100C, 0x100B, 0x180C, 0x180D, 0x180D, 0x200D, 0x200D, 0x180D, 0x200D, 
  0x200D, 0x200D, 0x180C, 0x180D, 0x200E, 0x382F, 0x280D, 0x180C, 0x180C, 0x180B, 0x100B, 0x200D, 
  0x4811, 0x280E, 0x180C, 0x180C, 0x180C, 0x180D, 0x200D, 0x200D, 0x100B, 0x180C, 0x280E, 0x200D, 
  0x180D, 0x200D, 0x180D, 0x200D, 0x200C, 0x180C, 0x200D, 0x180C, 0x200D, 0x300F, 0x280E, 0x180D, 
  0x200E, 0x180D, 0x180D, 0x200D, 0x200E, 0x280E, 0x000B, 0x080B, 0x306F, 0x284E, 0x284E, 0x202E, 
  0x204E, 0xC1B4, 0x70D1, 0x100D, 0x282E, 0x204E, 0x202E, 0x602E, 0x600C, 0x202D, 0x182D, 0x4830, 
  0x9837, 0x384F, 0x202D, 0x284E, 0x282F, 0x282E, 0x204E, 0x282E, 0x284E, 0x284E, 0x182E, 0x508E, 
  0xD171, 0x302D, 0x182E, 0x282E, 0x282E, 0x004E, 0x4809, 0xE16E, 0xFF5B, 0xE231, 0x600A, 0x006D, 
  0x282E, 0x282E, 0x282E, 0x102E, 0x100C, 0x180E, 0x284F, 0x30AF, 0x30AF, 0x284F, 0x284E, 0x284E, 
  0x284E, 0x284E, 0x204E, 0x282E, 0x282E, 0x284F, 0x282E, 0x282E, 0x282E, 0x284E, 0x282E, 0x204E, 
  0x284E, 0x284F, 0x000D, 0x706D, 0xC90E, 0x100D, 0x202E, 0x282F, 0x282E, 0x102D, 0x8072, 0xC8B5, 
  0x284E, 0x204E, 0x282E, 0x284F, 0x284E, 0x282E, 0x282E, 0x284E, 0x284E, 0x284E, 0x282E, 0x284F, 
  0x284F, 0x302F, 0x282E, 0x282E, 0x282E, 0x282E, 0x302F, 0x284E, 0x284E, 0x282E, 0x282E, 0x282F, 
  0x302E, 0x282E, 0x282D, 0x282E, 0x204D, 0x202D, 0x282E, 0x202E, 0x202E, 0x202E, 0x202E, 0x202E, 
  0x282E, 0x282E, 0x282E, 0x200E, 0x282E, 0x282E, 0x282D, 0x284D, 0x282E, 0x280D, 0x280D, 0x282D, 
  0x200D, 0x280D, 0x182D, 0x482E, 0x682E, 0x282D, 0x202D, 0x202E, 0x202E, 0x282E, 0x200E, 0x100C, 
  0x282E, 0x282E, 0x282E, 0x202E, 0x204E, 0x202E, 0x180D, 0x58CE, 0x58AE, 0x200D, 0x200E, 0x304F, 
  0x5872, 0x280C, 0x180B, 0x282E, 0x284E, 0x202D, 0x282E, 0x200D, 0x282E, 0x3831, 0x180C, 0x200C, 
  0x302D, 0x200D, 0x200D, 0x482C, 0x280C, 0x100C, 0x382D, 0x582D, 0x504D, 0x484D, 0x482C, 0x602B, 
  0x682B, 0x682B, 0x600B, 0x802B, 0x804C, 0x980B, 0xE80A, 0xF069, 0xFAA5, 0xFC62, 0xFAC4, 0xFA07, 
  0xFBC1, 0xFC40, 0xFC21, 0xFC00, 0xFC00, 0xFC00, 0xFC20, 0xFC20, 0xFC20, 0xFC40, 0xFC40, 0xFC20, 
  0xFC20, 0xFC20, 0xFC20, 0xFC00, 0xFBE0, 0xFBE0, 0xFBE0, 0xFBE0, 0xFBE0, 0xFBE0, 0xFC00, 0xFC00, 
  0xFC00, 0xFC00, 0xFC00, 0xFC00, 0xFBE0, 0xFC00, 0xFC00, 0xFC00, 0xFC00, 0xFC00, 0xFC00, 0xFC20, 
  0xFC20, 0xFC21, 0xFC40, 0xFC40, 0xFC41, 0xFC42, 0xFC20, 0xFC20, 0xFC20, 0xFC20, 0xFC20, 0xFC40, 
  0xFC40, 0xFC40, 0xFBE1, 0xFA86, 0xF267, 0xF267, 0xF0E9, 0xD80D, 0xA82D, 0x806C, 0x684B, 0x602B, 
  0x504C, 0x584C, 0x584D, 0x404D, 0x282C, 0x382D, 0x582D, 0x402D, 0x282E, 0x000C, 0x200C, 0x402E, 
  0x202D, 0x202D, 0x282D, 0x5051, 0x280E, 0x182D, 0x202D, 0x202D, 0x3030, 0x3831, 0x284F, 0x282D, 
  0x202D, 0x282E, 0x180D, 0x180D, 0x284E, 0x202E, 0x282E, 0x282E, 0x202E, 0x202E, 0xB0B4, 0x7852, 
  0x100E, 0x202E, 0x202E, 0x202E, 0x202E, 0x202E, 0x182D, 0x3830, 0x987C, 0x4852, 0x182C, 0x202D, 
  0x280E, 0x202E, 0x202E, 0x282E, 0x38D3, 0x3091, 0x200E, 0x282E, 0x284E, 0x100D, 0x180D, 0x282D, 
  0x202D, 0x202D, 0x202D, 0x182D, 0x302F, 0x9059, 0x4833, 0x182C, 0x202E, 0x282E, 0x202D, 0x202D, 
  0x202D, 0x202E, 0x202E, 0x202E, 0x282F, 0x284E, 0x282E, 0x282E, 0x282E, 0x180D, 0x182D, 0x282E, 
  0x282E, 0x282E, 0x282E, 0x282E, 0x202D, 0x202E, 0x282E, 0x282E, 0x282E, 0x282E, 0x282E, 0x284E, 
  0x284E, 0x282E, 0x282F, 0x284E, 0x282E, 0x284E, 0x284E, 0x282E, 0x282E, 0x282D, 0x282E, 0x282E, 
  0x282E, 0x284E, 0x002E, 0x786C, 0xF8AE, 0x804D, 0x002D, 0x202D, 0x282D, 0x282E, 0x180E, 0x100D, 
  0xB8EF, 0x78AF, 0x080E, 0x30AF, 0x30AF, 0x284E, 0x284E, 0x284E, 0x284E, 0x284E, 0x284E, 0x284E, 
  0x284E, 0x284F, 0x180E, 0x200E, 0x284E, 0x284E, 0x282E, 0x284E, 0x282E, 0x182E, 0x504C, 0xDB91, 
  0xFCD3, 0x604D, 0x282E, 0x204E, 0x284E, 0x202E, 0x5050, 0x7071, 0x284D, 0x204D, 0x282E, 0x282E, 
  0x280E, 0x282E, 0x284E, 0x284E, 0x284F, 0x284F, 0x284E, 0x302F, 0x100E, 0x180D, 0x284E, 0x282E, 
  0x282E, 0x202E, 0x204E, 0x282E, 0x284E, 0x282E, 0x284E, 0x282E, 0x204E, 0x204E, 0x204E, 0x284E, 
  0x284E, 0x284E, 0x284E, 0x282E, 0x282E, 0x282E, 0x284E, 0x284E, 0x282E, 0x304F, 0x282D, 0x200C, 
  0x284E, 0x284E, 0x284E, 0x284E, 0x284F, 0x282E, 0x280D, 0x282E, 0x282E, 0x282E, 0x282E, 0x302E, 
  0x404E, 0x284E, 0x282E, 0x284E, 0x284E, 0x200E, 0x300C, 0x78EF, 0x180F, 0x304F, 0x284E, 0x284E, 
  0x284E, 0x202E, 0x200E, 0xDA35, 0xC1F3, 0x180D, 0x180D, 0x4871, 0xB8FC, 0x400E, 0x180B, 0x302E, 
  0x284E, 0x284E, 0x282E, 0x182C, 0x5074, 0x70BA, 0x200C, 0x280C, 0x280E, 0x400E, 0x382E, 0x282F, 
  0x302D, 0x582C, 0x280C, 0x180B, 0xA111, 0xC8F1, 0x584C, 0x0009, 0xC08D, 0xF8AF, 0x1007, 0x2809, 
  0xF82F, 0xF82A, 0xFAC5, 0xFC05, 0xFCE2, 0xFD40, 0xFB85, 0xF246, 0xFCA0, 0xFCC0, 0xFC80, 0xFC80, 
  0xFC60, 0xFC60, 0xFC80, 0xFC80, 0xFC60, 0xFC80, 0xFC60, 0xFC40, 0xFC40, 0xFC40, 0xFC40, 0xFC40, 
  0xFC40, 0xFC20, 0xFC20, 0xFC00, 0xFC20, 0xFC20, 0xFC20, 0xFC20, 0xFC40, 0xFC40, 0xFC20, 0xFC20, 
  0xFC20, 0xFC20, 0xFC20, 0xFC20, 0xFC40, 0xFC40, 0xFC40, 0xFC40, 0xFC40, 0xFC40, 0xFC40, 0xFC60, 
  0xFC80, 0xFCA0, 0xFC80, 0xFC81, 0xFCA0, 0xFC80, 0xFCA0, 0xFCC1, 0xFCA0, 0xFCA0, 0xFCA0, 0xFC44, 
  0xFC44, 0xFCE3, 0xFB25, 0xF84A, 0xF82E, 0xA02C, 0x0008, 0x804D, 0xC88E, 0x804D, 0x080D, 0x300E, 
  0x802E, 0x582E, 0x182E, 0x202E, 0x300D, 0x896E, 0x690E, 0x200D, 0x282D, 0x180C, 0x404F, 0xA8B8, 
  0x3830, 0x182D, 0x202E, 0x284E, 0x204D, 0x204D, 0x206E, 0x284F, 0x284F, 0x100E, 0x70F0, 0xCA12, 
  0x202E, 0x202E, 0x284E, 0x284E, 0x284E, 0x284E, 0x80B3, 0x5871, 0x202E, 0x284F, 0x284E, 0x284F, 
  0x284E, 0x282F, 0x284F, 0x284F, 0x3050, 0x284F, 0x284E, 0x284E, 0x202E, 0x284E, 0x284E, 0x204E, 
  0x69BD, 0x5138, 0x200C, 0x306F, 0x180E, 0x4850, 0x3870, 0x202E, 0x282E, 0x204D, 0x284E, 0x204E, 
  0x302E, 0x5053, 0x3850, 0x204E, 0x204E, 0x282E, 0x282E, 0x282E, 0x284E, 0x284E, 0x282E, 0x282F, 
  0x282E, 0x282E, 0x282F, 0x282E, 0x282E, 0x202E, 0x202E, 0x282E, 0x204E, 0x282E, 0x282D, 0x204E, 
  0x282E, 0x282E, 0x282E, 0x202E, 0x202D, 0x284E, 0x282E, 0x282E, 0x282E, 0x180F, 0x180E, 0x284E, 
  0x282E, 0x204E, 0x282E, 0x202E, 0x182E, 0x204E, 0x282E, 0x202E, 0x284E, 0x282E, 0x182E, 0x384D, 
  0x780C, 0x382D, 0x104E, 0x202E, 0x202D, 0x182E, 0x302D, 0x78CC, 0xFD15, 0xDB72, 0x280D, 0x308F, 
  0x30AF, 0x284E, 0x286E, 0x204E, 0x284E, 0x284F, 0x284E, 0x284F, 0x284E, 0x200D, 0x70F3, 0x68D2, 
  0x180D, 0x282E, 0x284E, 0x284E, 0x202E, 0x080D, 0xD12F, 0xFE74, 0xFF32, 0xFA11, 0x400E, 0x102E, 
  0x284E, 0x304E, 0x184E, 0x102D, 0x284D, 0x284D, 0x282E, 0x204E, 0x282E, 0x284E, 0x284E, 0x284E, 
  0x284E, 0x282F, 0x204E, 0x204D, 0x680C, 0x680D, 0x204E, 0x282E, 0x282E, 0x282E, 0x282E, 0x282E, 
  0x284E, 0x202E, 0x282E, 0x282E, 0x282E, 0x282E, 0x284E, 0x284E, 0x282E, 0x282E, 0x282E, 0x282E, 
  0x202E, 0x282D, 0x304D, 0x284D, 0x284E, 0x100D, 0x592F, 0xC2F3, 0x200D, 0x202E, 0x284E, 0x284E, 
  0x282E, 0x200C, 0x180C, 0x280D, 0x282E, 0x284E, 0x282E, 0x204E, 0x184E, 0x284E, 0x284D, 0x282E, 
  0x202E, 0x282D, 0xCB71, 0xFCD5, 0x7930, 0x100D, 0x284D, 0x284E, 0x282E, 0x282E, 0x282D, 0x50AF, 
  0x50AF, 0x202E, 0x282E, 0x304F, 0x4851, 0x282D, 0x280D, 0x284E, 0x284E, 0x204D, 0x284D, 0x282D, 
  0x284F, 0x4871, 0x582D, 0x280D, 0x080E, 0x800D, 0x602E, 0x0830, 0x384E, 0x988D, 0x300C, 0x000A, 
  0x88CE, 0xC110, 0x788E, 0x1809, 0x802C, 0xB86C, 0x6809, 0x800A, 0xF00D, 0xF988, 0xFD84, 0xFE04, 
  0xFD42, 0xFCE1, 0xF4C2, 0xFCA4, 0xFD21, 0xFD01, 0xFCC0, 0xFCC0, 0xFCA1, 0xFCC1, 0xFCA1, 0xFCC1, 
  0xFCC1, 0xFCC1, 0xFCC0, 0xFCA0, 0xFCA0, 0xFC81, 0xFC81, 0xFC81, 0xFC60, 0xFC60, 0xFC60, 0xFC40, 
  0xFC60, 0xFC60, 0xFC60, 0xFC60, 0xFC80, 0xFC80, 0xFC80, 0xFC80, 0xFC80, 0xFC80, 0xFC80, 0xFC80, 
  0xFC81, 0xFCA1, 0xFC81, 0xFCA0, 0xFC81, 0xFCA1, 0xFC81, 0xFCA1, 0xFCC2, 0xFCC2, 0xFCC1, 0xFCE1, 
  0xFCE1, 0xFCC1, 0xFCE1, 0xFCE1, 0xFD01, 0xFD01, 0xFD21, 0xFD42, 0xFD61, 0xFD41, 0xFD42, 0xF366, 
  0xF86B, 0xB80B, 0x400B, 0x802C, 0xC08E, 0x784D, 0x000C, 0x280D, 0x782E, 0x502D, 0x080D, 0x000C, 
  0x688D, 0xFC71, 0xEBD1, 0x182D, 0x202D, 0x380D, 0x300E, 0x4050, 0x282F, 0x202E, 0x202D, 0x204D, 
  0x204E, 0x284E, 0x284D, 0x284E, 0x282E, 0x182E, 0x58AF, 0x8971, 0x284E, 0x202E, 0x284E, 0x282E, 
  0x284E, 0x284E, 0x102C, 0x202D, 0x304E, 0x284E, 0x286E, 0x180D, 0x100D, 0x284E, 0x284E, 0x284E, 
  0x184D, 0x284E, 0x302D, 0x282D, 0x204D, 0x284E, 0x282E, 0x282E, 0x3090, 0x2870, 0x280E, 0x102D, 
  0x60CE, 0xFAB3, 0x8930, 0x080D, 0x204E, 0x204E, 0x202E, 0x202E, 0x204E, 0x182C, 0x204D, 0x284E, 
  0x282E, 0x204E, 0x202E, 0x284E, 0x282E, 0x284E, 0x204E, 0x282E, 0x282D, 0x282E, 0x284E, 0x282E, 
  0x282F, 0x282E, 0x202E, 0x202E, 0x282E, 0x282E, 0x282E, 0x282E, 0x282E, 0x282E, 0x282E, 0x202E, 
  0x282E, 0x282E, 0x282E, 0x202E, 0x200F, 0x300D, 0x380D, 0x202E, 0x284E, 0x284E, 0x284D, 0x284E, 
  0x282D, 0x202E, 0x202E, 0x282E, 0x284E, 0x284E, 0x284E, 0x184E, 0x004E, 0x184E, 0x284D, 0x202D, 
  0x202D, 0x080E, 0x604D, 0xFACE, 0xFFF4, 0xFED5, 0xA910, 0x104F, 0x30AF, 0x284F, 0x284E, 0x284E, 
  0x284E, 0x284E, 0x284F, 0x284E, 0x284E, 0x180D, 0x8955, 0x7914, 0x180D, 0x284E, 0x282E, 0x284E, 
  0x284E, 0x202E, 0x304C, 0xCAEE, 0xFC91, 0x588E, 0x280D, 0x202E, 0x282E, 0x284E, 0x284E, 0x284E, 
  0x282E, 0x284E, 0x282D, 0x202D, 0x6A99, 0x4973, 0x200C, 0x284E, 0x282E, 0x284E, 0x080C, 0x280A, 
  0xFC53, 0xF332, 0x080C, 0x182D, 0x282E, 0x284E, 0x282E, 0x284E, 0x282E, 0x202E, 0x284E, 0x282D, 
  0x282E, 0x284E, 0x282E, 0x282E, 0x282D, 0x080C, 0x200D, 0x284E, 0x282D, 0x284E, 0x284D, 0x284D, 
  0x284E, 0x182D, 0x40CE, 0x79B0, 0x202D, 0x204E, 0x284E, 0x284E, 0x180C, 0x4151, 0x8BFD, 0x30AF, 
  0x200D, 0x282E, 0x282E, 0x282E, 0x282D, 0x202D, 0x282D, 0x284E, 0x200E, 0x202D, 0x9A50, 0xE332, 
  0x50AE, 0x182E, 0x284E, 0x284D, 0x284D, 0x284E, 0x282D, 0x100D, 0x180D, 0x284E, 0x282E, 0x284E, 
  0x182C, 0x204D, 0x282D, 0x282D, 0x284E, 0x282D, 0x284E, 0x284D, 0x182D, 0x282C, 0x402D, 0x202D, 
  0x102E, 0x300D, 0x380E, 0x402E, 0x382E, 0x384D, 0x502C, 0x582B, 0x280A, 0x504C, 0xB0AF, 0xA82D, 
  0x3008, 0x4009, 0xE82C, 0xF82C, 0xF80C, 0xF0EA, 0xF1E9, 0xF1A9, 0xF189, 0xF169, 0xF189, 0xF1A9, 
  0xF1A9, 0xF1A9, 0xF169, 0xF188, 0xF188, 0xF188, 0xF188, 0xF1A8, 0xF188, 0xF188, 0xF168, 0xF168, 
  0xF168, 0xF168, 0xF168, 0xF949, 0xF949, 0xF148, 0xF148, 0xF148, 0xF149, 0xF129, 0xF129, 0xF149, 
  0xF949, 0xF149, 0xF149, 0xF169, 0xF149, 0xF168, 0xF169, 0xF168, 0xF168, 0xF189, 0xF189, 0xF189, 
  0xF168, 0xF969, 0xF189, 0xF169, 0xF189, 0xF16A, 0xF16A, 0xF169, 0xF169, 0xF169, 0xF189, 0xF188, 
  0xF9A9, 0xF1A8, 0xF1A8, 0xF189, 0xF1A8, 0xF188, 0xF1A8, 0xF1A9, 0xF88C, 0xF84D, 0xE82D, 0xC04C, 
  0x382B, 0x482B, 0x884C, 0x680C, 0x280C, 0x300C, 0x582C, 0x300B, 0x284B, 0xBA90, 0xAA70, 0x102D, 
  0x202C, 0x300D, 0x280D, 0x100C, 0x202D, 0x202E, 0x204D, 0x284D, 0x382D, 0x284E, 0x284E, 0x284E, 
  0x284E, 0x282E, 0x180D, 0x100D, 0x284E, 0x284E, 0x202E, 0x282E, 0x282E, 0x284D, 0x282E, 0x284E, 
  0x284E, 0x284E, 0x202E, 0x306D, 0x60EF, 0x180C, 0x284E, 0x202E, 0x282E, 0x202E, 0x282E, 0x284D, 
  0x202D, 0x204D, 0x284E, 0x282E, 0x200C, 0x200C, 0x202E, 0x080D, 0x892F, 0xFB95, 0x810E, 0x000C, 
  0x204E, 0x202E, 0x202E, 0x202E, 0x282E, 0x284D, 0x284D, 0x284E, 0x284E, 0x204D, 0x184C, 0x284E, 
  0x282E, 0x284E, 0x202D, 0x282F, 0x78FA, 0x5874, 0x200D, 0x282E, 0x282E, 0x282F, 0x282E, 0x202E, 
  0x284E, 0x284E, 0x282E, 0x284E, 0x282E, 0x282E, 0x282E, 0x282E, 0x202E, 0x282E, 0x282E, 0x282E, 
  0x000B, 0xC1EE, 0xDA10, 0x100C, 0x284E, 0x284E, 0x284E, 0x202C, 0x200C, 0x282E, 0x282E, 0x284E, 
  0x282E, 0x284E, 0x284E, 0x202D, 0x204D, 0x284E, 0x284E, 0x204E, 0x282E, 0x202E, 0x282D, 0x68AD, 
  0xFBD1, 0xDAF1, 0x404F, 0x2890, 0x30AF, 0x284F, 0x284E, 0x204E, 0x284E, 0x284E, 0x284E, 0x284E, 
  0x282E, 0x284E, 0x284E, 0x204D, 0x284E, 0x284E, 0x284E, 0x282E, 0x282E, 0x302F, 0x000C, 0x688C, 
  0xB16F, 0x080D, 0x202E, 0x284E, 0x284E, 0x284D, 0x202D, 0x284E, 0x284E, 0x284E, 0x282D, 0x202D, 
  0x5195, 0x38D1, 0x200D, 0x284E, 0x204E, 0x182D, 0x700B, 0xCA8D, 0xFFB4, 0xFE32, 0xB18E, 0x400D, 
  0x182E, 0x282D, 0x282E, 0x282D, 0x302E, 0x4831, 0x282E, 0x282E, 0x282E, 0x284D, 0x284D, 0x200E, 
  0x386E, 0xB2F1, 0x48CE, 0x180D, 0x284E, 0x282E, 0x282D, 0x202D, 0x282D, 0x284E, 0x200D, 0x080C, 
  0x284E, 0x284E, 0x204E, 0x284D, 0x200C, 0x38F0, 0x6A98, 0x308F, 0x200D, 0x204E, 0x282D, 0x202D, 
  0x200D, 0x48B6, 0x4094, 0x200C, 0x282E, 0x282E, 0x180C, 0x382D, 0x180D, 0x284E, 0x284D, 0x282E, 
  0x284D, 0x282D, 0x180D, 0x284D, 0x284D, 0x284E, 0x282E, 0x202D, 0x282D, 0x282E, 0x282E, 0x282D, 
  0x202D, 0x282D, 0x204E, 0x282E, 0x402D, 0x282D, 0x184D, 0x600E, 0x580E, 0x002C, 0x400D, 0xA00D, 
  0x400D, 0x000D, 0x802D, 0xB04D, 0x000A, 0x100A, 0xD06F, 0xF84F, 0x4809, 0x5008, 0xF82B, 0xF80C, 
  0xF00D, 0xF00D, 0xE80E, 0xF00F, 0xF00E, 0xF00F, 0xE80F, 0xF00F, 0xF00F, 0xF00F, 0xF00F, 0xF00E, 
  0xF00E, 0xF00E, 0xF80F, 0xF00E, 0xF00E, 0xF00E, 0xF00E, 0xF00E, 0xF00E, 0xF00F, 0xF00E, 0xF80E, 
  0xF80E, 0xF00E, 0xF00D, 0xF00D, 0xF80E, 0xF00E, 0xF00E, 0xF00F, 0xF00F, 0xF00E, 0xF00E, 0xF00E, 
  0xF00F, 0xF00E, 0xF00E, 0xF00E, 0xF00D, 0xF00E, 0xF80F, 0xF80E, 0xF00F, 0xF80F, 0xF80F, 0xF00F, 
  0xF00E, 0xF00F, 0xF00F, 0xF00E, 0xF00E, 0xF00E, 0xF00E, 0xF00E, 0xF80F, 0xF00E, 0xF00E, 0xF80F, 
  0xF80F, 0xF00E, 0xF00D, 0xF80E, 0xF80E, 0xF80D, 0xF82C, 0xE04B, 0x0008, 0x3009, 0xF06E, 0x984D, 
  0x000C, 0x302C, 0xA00C, 0x600C, 0x0009, 0x280D, 0x304E, 0x400D, 0x602C, 0x280D, 0x202D, 0x382D, 
  0x302E, 0x184D, 0x204D, 0x404C, 0x680B, 0x282D, 0x204F, 0x284E, 0x282E, 0x282E, 0x284E, 0x202E, 
  0x282D, 0x284E, 0x284E, 0x200D, 0x080C, 0x202E, 0x284E, 0x284E, 0x282E, 0x202E, 0x200D, 0xDB53, 
  0xFC76, 0x68CF, 0x100C, 0x282E, 0x282D, 0x282D, 0x282E, 0x202E, 0x284E, 0x282E, 0x282E, 0x202D, 
  0x202E, 0x282E, 0x282E, 0x202E, 0x284D, 0x710F, 0x386D, 0x182D, 0x204D, 0x204E, 0x100C, 0x200D, 
  0x282E, 0x282E, 0x282D, 0x204D, 0x204D, 0x382F, 0x5012, 0x282E, 0x204D, 0x282D, 0x204D, 0x284E, 
  0x60D7, 0x4873, 0x200D, 0x282E, 0x282E, 0x284E, 0x100C, 0x080C, 0x284D, 0x284E, 0x282E, 0x282E, 
  0x282E, 0x200C, 0x182C, 0x282D, 0x282E, 0x284E, 0x182E, 0x400C, 0xD24D, 0xFE71, 0xFE12, 0xB14E, 
  0x200E, 0x284E, 0x284E, 0x3892, 0x3893, 0x202E, 0x282E, 0x282E, 0x284E, 0x282E, 0x202D, 0x3031, 
  0x4833, 0x284D, 0x284D, 0x284E, 0x282E, 0x282E, 0x182E, 0x080E, 0xB0AF, 0x700E, 0x080F, 0x38B0, 
  0x308F, 0x282F, 0x284E, 0x284E, 0x284E, 0x204D, 0x204D, 0x282E, 0x284E, 0x284E, 0x202D, 0x284E, 
  0x284E, 0x284E, 0x284E, 0x282E, 0x282E, 0x282E, 0x280E, 0x200D, 0x180C, 0x284E, 0x284D, 0x284E, 
  0x284E, 0x382F, 0x4030, 0x284D, 0x284E, 0x284E, 0x284E, 0x284E, 0x200D, 0x280D, 0x284F, 0x282E, 
  0x282E, 0x100E, 0xB80B, 0xFDD1, 0xFFF4, 0xFFB3, 0xFB32, 0x680E, 0x080E, 0x282E, 0x282E, 0x282D, 
  0x302F, 0x4010, 0x282E, 0x284E, 0x284E, 0x284E, 0x282E, 0x180D, 0x408D, 0xFCB6, 0x6910, 0x100D, 
  0x284E, 0x282E, 0x282E, 0x3831, 0x282F, 0x204D, 0x284D, 0x284E, 0x284E, 0x284E, 0x282D, 0x284E, 
  0x284E, 0x202D, 0x180B, 0x284D, 0x284D, 0x204D, 0x282E, 0x282E, 0x282D, 0x50D6, 0x4093, 0x200C, 
  0x282E, 0x284E, 0x202E, 0x180D, 0x284E, 0x284E, 0x284E, 0x282E, 0x282E, 0x302D, 0x302C, 0x282D, 
  0x284E, 0x282E, 0x282E, 0x3871, 0x284E, 0x202D, 0x284D, 0x284E, 0x182E, 0x282D, 0x284D, 0x284E, 
  0x402D, 0x284D, 0x184D, 0x500E, 0x480E, 0x182D, 0x300D, 0x502C, 0x402D, 0x584D, 0x502C, 0x602C, 
  0x684D, 0x682C, 0x600B, 0x980C, 0xC02C, 0xD00B, 0xF80C, 0xF92A, 0xF2A5, 0xF247, 0xF1A8, 0xF1C7, 
  0xF1C7, 0xF1C8, 0xF9A8, 0xF1C8, 0xF1E8, 0xF1C8, 0xF9C8, 0xF1C8, 0xF1C7, 0xF1A8, 0xF1E7, 0xFA07, 
  0xF1C8, 0xF1E8, 0xF9C8, 0xF1C8, 0xF1A8, 0xF1C9, 0xF1E8, 0xF1A7, 0xF1C8, 0xF1C8, 0xF1C7, 0xF988, 
  0xF1A8, 0xF1E8, 0xF9C7, 0xF1E7, 0xF1E7, 0xF1C7, 0xF1C7, 0xF1E7, 0xF1C7, 0xF1C7, 0xF1E7, 0xF1E7, 
  0xF1C7, 0xF9C8, 0xF1E7, 0xF9C8, 0xF1A8, 0xF1C8, 0xF1E8, 0xF1C7, 0xF1E7, 0xF1E7, 0xF1C7, 0xF1C7, 
  0xF1C7, 0xF1C7, 0xF1C7, 0xF1C7, 0xF9E8, 0xF1E7, 0xF1A7, 0xF9C7, 0xF207, 0xF9E7, 0xF227, 0xFA67, 
  0xFA47, 0xFA28, 0xF88B, 0xE00C, 0x882B, 0x880B, 0x702B, 0x502C, 0x582C, 0x580C, 0x482C, 0x382C, 
  0x380C, 0x200C, 0x180C, 0x482C, 0x480C, 0x182D, 0x180D, 0x400D, 0x282D, 0x202E, 0x282E, 0x302D, 
  0x502D, 0x304F, 0x282E, 0x284E, 0x202F, 0x202E, 0x282E, 0x282E, 0x284E, 0x282E, 0x200D, 0x384E, 
  0x58CF, 0x304E, 0x202E, 0x284E, 0x282E, 0x282E, 0x200E, 0xA231, 0xDB14, 0x50CF, 0x180D, 0x282E, 
  0x282F, 0x282E, 0x282D, 0x282D, 0x282D, 0x3031, 0x3030, 0x300F, 0x302F, 0x204E, 0x202E, 0x284E, 
  0x202E, 0x080C, 0x202D, 0x284E, 0x282E, 0x200D, 0x716F, 0x40AF, 0x182D, 0x284E, 0x284D, 0x284E, 
  0x184C, 0x4032, 0x7838, 0x302E, 0x204D, 0x284E, 0x284E, 0x284E, 0x202C, 0x204D, 0x284E, 0x284E, 
  0x282E, 0x180D, 0x8191, 0xA1D1, 0x202D, 0x202E, 0x282E, 0x282E, 0x202E, 0x486E, 0x606F, 0x202D, 
  0x284E, 0x284E, 0x182E, 0x400C, 0xF26F, 0xFE51, 0xFD92, 0x992F, 0x200E, 0x206E, 0x282E, 0x5139, 
  0x513A, 0x282D, 0x284E, 0x284E, 0x282E, 0x284E, 0x202D, 0x4033, 0x5836, 0x204E, 0x284E, 0x284E, 
  0x284E, 0x282E, 0x284E, 0x284E, 0x180D, 0x202E, 0x282F, 0x30AF, 0x308F, 0x284F, 0x284E, 0x284E, 
  0x284E, 0x4012, 0x3852, 0x206E, 0x284E, 0x284F, 0x284E, 0x284F, 0x284E, 0x282E, 0x284E, 0x284F, 
  0x282E, 0x282E, 0x28F3, 0x20D2, 0x280D, 0x284E, 0x284E, 0x284E, 0x204D, 0x4011, 0x5032, 0x284D, 
  0x284E, 0x284F, 0x284E, 0x284E, 0x284F, 0x284E, 0x284E, 0x282F, 0x282E, 0x202E, 0x382D, 0x918F, 
  0xFCB3, 0xFB70, 0x608E, 0x282E, 0x202E, 0x282E, 0x282E, 0x282E, 0x284E, 0x202D, 0x204D, 0x284E, 
  0x284E, 0x284E, 0x284E, 0x282E, 0x282E, 0x508F, 0x306E, 0x204E, 0x284E, 0x204D, 0x302F, 0x6839, 
  0x3051, 0x202C, 0x284E, 0x284E, 0x284E, 0x284E, 0x284E, 0x284E, 0x284E, 0x284E, 0x284E, 0x284D, 
  0x302E, 0x4832, 0x302F, 0x282E, 0x284E, 0x202D, 0x202D, 0x282E, 0x282E, 0x284E, 0x282F, 0x284F, 
  0x284E, 0x284F, 0x182D, 0x080C, 0x000C, 0x8170, 0xFBD4, 0x48AE, 0x100D, 0x202D, 0x202D, 0x70DB, 
  0x58B7, 0x202C, 0x200D, 0x3870, 0x917A, 0x4090, 0x302D, 0x304E, 0x104E, 0x402E, 0x582D, 0x082E, 
  0x200E, 0x700D, 0x380D, 0x000D, 0x584E, 0xC08F, 0x300C, 0x000B, 0xE870, 0xC86E, 0x0007, 0x300A, 
  0xF82E, 0xF80D, 0xF00D, 0xFB86, 0xFCA1, 0xFBC3, 0xFCC0, 0xFC80, 0xFC81, 0xFCA1, 0xFCC0, 0xFCC1, 
  0xFCA1, 0xFCE0, 0xFCE0, 0xFCE0, 0xFCE1, 0xFCC1, 0xFC41, 0xFCA2, 0xFD00, 0xFCE0, 0xFCA2, 0xFBE3, 
  0xFC80, 0xFC61, 0xFBE3, 0xFCA0, 0xFCE0, 0xFD00, 0xFB63, 0xFBA3, 0xFCE2, 0xFCA2, 0xFCA0, 0xFCA0, 
  0xFC80, 0xFCA0, 0xFC80, 0xFCA1, 0xFC80, 0xFC80, 0xFCA1, 0xFCA0, 0xFC61, 0xFC61, 0xFC42, 0xFC61, 
  0xFC80, 0xFC80, 0xFCA0, 0xFCA0, 0xFC80, 0xFCA0, 0xFCA0, 0xFC80, 0xFC80, 0xFC80, 0xFC80, 0xFC81, 
  0xFC81, 0xFCA0, 0xFCC0, 0xFBC2, 0xFB63, 0xFCE0, 0xFC02, 0xF306, 0xFD01, 0xFC43, 0xF0EB, 0xF80E, 
  0xF80E, 0xE00E, 0x0009, 0x100A, 0xC84D, 0x882C, 0x002C, 0x186C, 0x604D, 0x580D, 0x582C, 0x200D, 
  0x080D, 0x682E, 0x600F, 0x100D, 0x282E, 0x4810, 0x302E, 0x182C, 0x3093, 0x4094, 0x280D, 0x184E, 
  0x200D, 0x200D, 0x184E, 0x282E, 0x284E, 0x284E, 0x100D, 0x60F0, 0xFB77, 0x50AE, 0x100E, 0x282E, 
  0x284E, 0x284E, 0x284E, 0x180D, 0x282D, 0x180D, 0x284E, 0x202D, 0x3053, 0x2854, 0x180D, 0x282E, 
  0x282D, 0x202E, 0x302F, 0x6818, 0x4833, 0x202D, 0x282E, 0x204E, 0x282E, 0x282E, 0x282E, 0x282E, 
  0x202D, 0x180C, 0xDAF2, 0x6910, 0x100D, 0x284E, 0x284E, 0x284E, 0x284E, 0x286E, 0x3050, 0x284E, 
  0x284E, 0x202E, 0x202E, 0x284E, 0x284E, 0x284E, 0x284E, 0x284D, 0x282E, 0x080C, 0xE2D5, 0xFB97, 
  0x180D, 0x202E, 0x282E, 0x282E, 0x100D, 0x88D1, 0xB0B2, 0x100C, 0x282E, 0x284E, 0x284E, 0x284E, 
  0x100C, 0xD18E, 0xE1EE, 0x080C, 0x284E, 0x284E, 0x284F, 0x3070, 0x3070, 0x284E, 0x284E, 0x182D, 
  0x282E, 0x284E, 0x282E, 0x282E, 0x282F, 0x284E, 0x284E, 0x284E, 0x284E, 0x284F, 0x284F, 0x284F, 
  0x282F, 0x2830, 0x4877, 0x48B4, 0x308F, 0x284E, 0x284E, 0x204E, 0x202D, 0x6817, 0x6037, 0x206E, 
  0x286E, 0x282E, 0x284F, 0x284E, 0x284E, 0x284E, 0x282E, 0x284E, 0x202E, 0x302E, 0x50B4, 0x3093, 
  0x282D, 0x284D, 0x284E, 0x282E, 0x282E, 0x282E, 0x284E, 0x204D, 0x284E, 0x282E, 0x284E, 0x284E, 
  0x284E, 0x284F, 0x282F, 0x282E, 0x284E, 0x284E, 0x102F, 0x200E, 0xF0CF, 0xD02C, 0x000C, 0x104D, 
  0x284E, 0x282E, 0x284E, 0x282E, 0x282E, 0x284E, 0x282E, 0x282E, 0x284E, 0x282E, 0x282E, 0x284E, 
  0x282E, 0x100D, 0x200D, 0x284E, 0x284E, 0x204E, 0x282E, 0x3831, 0x282F, 0x204E, 0x282E, 0x284E, 
  0x284E, 0x284E, 0x284E, 0x282E, 0x284E, 0x282E, 0x284E, 0x204D, 0x302F, 0x6814, 0x302F, 0x204D, 
  0x284E, 0x284E, 0x282E, 0x282E, 0x284E, 0x284E, 0x284E, 0x282E, 0x284E, 0x182E, 0x484D, 0xA0AE, 
  0x402C, 0x38AD, 0x81D0, 0x308E, 0x202D, 0x282D, 0x202E, 0x3852, 0x5052, 0x302D, 0x100C, 0x408F, 
  0xB176, 0x488E, 0x302C, 0x304E, 0x104D, 0x482D, 0x580D, 0x100D, 0x300D, 0x700D, 0x402D, 0x180C, 
  0x482D, 0x706D, 0x382C, 0x380B, 0x904D, 0x986C, 0x782B, 0x880B, 0xF02E, 0xF8CA, 0xF263, 0xFC42, 
  0xF96B, 0xF1E8, 0xFCE0, 0xFBE0, 0xFBC1, 0xFC60, 0xFBE0, 0xF186, 0xFB83, 0xFCA0, 0xFC60, 0xFC60, 
  0xFC61, 0xFCC0, 0xF225, 0xFA47, 0xFD00, 0xFCE0, 0xF361, 0xF1C5, 0xFC41, 0xFBE1, 0xF2C4, 0xFC40, 
  0xFCC0, 0xFC20, 0xFA26, 0xFB44, 0xFA85, 0xF265, 0xFC80, 0xFC40, 0xFC20, 0xFC01, 0xFC20, 0xFC20, 
  0xFC20, 0xFBE1, 0xFBA1, 0xFBE0, 0xFC20, 0xFBE1, 0xF2E2, 0xFBA1, 0xFC40, 0xFC00, 0xFB60, 0xFBE0, 
  0xFC20, 0xFC20, 0xFC20, 0xFC20, 0xFC20, 0xFC20, 0xFC20, 0xFC21, 0xFC20, 0xFC20, 0xFC80, 0xFAC3, 
  0xF147, 0xFC60, 0xFAE4, 0xF10A, 0xFB44, 0xF2C5, 0xFBA3, 0xFA06, 0xF86C, 0xC80E, 0x300A, 0x500A, 
  0x984C, 0x682C, 0x282B, 0x302D, 0x402C, 0x500D, 0x600D, 0x100E, 0x100D, 0x700D, 0x602F, 0x102E, 
  0x280E, 0x400F, 0x202D, 0x182C, 0x284F, 0x302F, 0x180D, 0x480C, 0xCA0D, 0xD1CD, 0x400D, 0x182F, 
  0x284E, 0x282F, 0x202D, 0x386E, 0x6910, 0x306F, 0x202D, 0x282E, 0x282E, 0x284E, 0x284E, 0x202D, 
  0x180C, 0x282E, 0x204E, 0x202E, 0x2831, 0x3852, 0x386E, 0x282D, 0x282D, 0x282D, 0x282E, 0x4813, 
  0x3831, 0x202D, 0x202D, 0x202E, 0x284E, 0x282E, 0x282E, 0x282E, 0x282D, 0x202E, 0x48AE, 0x304E, 
  0x204D, 0x284E, 0x204E, 0x282E, 0x302E, 0x284D, 0x204D, 0x284D, 0x282E, 0x300D, 0x302D, 0x284E, 
  0x284E, 0x284E, 0x282E, 0x282E, 0x202E, 0x200D, 0x488E, 0x58CE, 0x202D, 0x282E, 0x284E, 0x282E, 
  0x202E, 0x384E, 0x404E, 0x202D, 0x282E, 0x284E, 0x284E, 0x284E, 0x102E, 0x404D, 0x486D, 0x202E, 
  0x282E, 0x282F, 0x282F, 0x282D, 0x202D, 0x284E, 0x286E, 0x486F, 0x384E, 0x202D, 0x282E, 0x202E, 
  0x202E, 0x282E, 0x284E, 0x284E, 0x284E, 0x282E, 0x284F, 0x282F, 0x202E, 0x204F, 0x885B, 0x9097, 
  0x3090, 0x202D, 0x202D, 0x304D, 0x306D, 0x300F, 0x302E, 0x204D, 0x302E, 0x284E, 0x284E, 0x284D, 
  0x284E, 0x284E, 0x282E, 0x284D, 0x204D, 0x302E, 0x480E, 0x300E, 0x204E, 0x284E, 0x284E, 0x284E, 
  0x282E, 0x204D, 0x204D, 0x284E, 0x282E, 0x282E, 0x282D, 0x282E, 0x282E, 0x282E, 0x284F, 0x284D, 
  0x284E, 0x282E, 0x282E, 0x282E, 0x302D, 0x304D, 0x282E, 0x282E, 0x204D, 0x282E, 0x282E, 0x282E, 
  0x282D, 0x204E, 0x282E, 0x282E, 0x284E, 0x282E, 0x282D, 0x282E, 0x282E, 0x282D, 0x284E, 0x282E, 
  0x282E, 0x284E, 0x282E, 0x182D, 0x282D, 0x282E, 0x284E, 0x282E, 0x282D, 0x284E, 0x302E, 0x280E, 
  0x284D, 0x282E, 0x282E, 0x282E, 0x202C, 0x300D, 0x284E, 0x284E, 0x284E, 0x284D, 0x284E, 0x284E, 
  0x282E, 0x282E, 0x202E, 0x282E, 0x202D, 0x280B, 0xA02A, 0xFD92, 0xA0EC, 0x080B, 0x000C, 0x202D, 
  0x284E, 0x282E, 0x282E, 0x182C, 0x282C, 0x302D, 0x282E, 0x282D, 0x180B, 0x280C, 0x202D, 0x282E, 
  0x502E, 0x280C, 0x080C, 0x582E, 0x480C, 0x004B, 0x302C, 0x680C, 0x280B, 0x000A, 0x702B, 0xA02B, 
  0x0007, 0x2008, 0xF84C, 0xF80B, 0xF06A, 0xFB23, 0xFCE0, 0xFC21, 0xF9A6, 0xFB22, 0xFCC0, 0xFBE0, 
  0xFBE0, 0xFC60, 0xFB81, 0xF1C5, 0xFBE1, 0xFC40, 0xFC40, 0xFC40, 0xFC40, 0xFC60, 0xFBA1, 0xFBA2, 
  0xFC80, 0xFC80, 0xFBE1, 0xFB82, 0xFC20, 0xFC41, 0xFC60, 0xFC60, 0xFCA0, 0xFB41, 0xFAE3, 0xFBE1, 
  0xFAE3, 0xFB63, 0xFC40, 0xFC40, 0xFC00, 0xFC01, 0xFC20, 0xFC20, 0xFC20, 0xFBE1, 0xFB81, 0xFBC0, 
  0xFC00, 0xFBE0, 0xFB81, 0xFBE0, 0xFC20, 0xFBE0, 0xF2E2, 0xFBC1, 0xFC41, 0xFC20, 0xFC20, 0xFC20, 
  0xFC20, 0xFC20, 0xFC20, 0xFC20, 0xFC20, 0xFC20, 0xFC20, 0xFBC0, 0xFB81, 0xFC20, 0xFBC0, 0xFBC1, 
  0xF362, 0xF343, 0xFD00, 0xFC80, 0xFA67, 0xD02C, 0xE80C, 0xE02C, 0x0809, 0x0809, 0x982D, 0x800C, 
  0x080B, 0x100B, 0x200D, 0x502D, 0x400C, 0x100C, 0x182C, 0x402D, 0x300C, 0x102C, 0x182D, 0x302C, 
  0x280B, 0x180B, 0x180C, 0xB80B, 0xFC2F, 0xFD4F, 0xB00B, 0x280D, 0x182E, 0x302E, 0x302E, 0x202D, 
  0x100C, 0x282E, 0x286E, 0x282E, 0x204E, 0x282E, 0x282E, 0x282E, 0x204D, 0x284E, 0x282E, 0x282E, 
  0x100C, 0x888F, 0xB112, 0x100C, 0x202E, 0x282E, 0x282E, 0x202D, 0x202D, 0x282E, 0x202D, 0x282E, 
  0x282E, 0x282E, 0x282E, 0x282D, 0x282E, 0x282E, 0x100E, 0x182D, 0x284E, 0x284E, 0x382D, 0x282E, 
  0x202E, 0x282E, 0x284E, 0x202D, 0x080C, 0xC8CD, 0x88AE, 0x000D, 0x284E, 0x204D, 0x282E, 0x282E, 
  0x282E, 0x284E, 0x100C, 0x080C, 0x282E, 0x282E, 0x282D, 0x282E, 0x282F, 0x180E, 0x182E, 0x282E, 
  0x284E, 0x282E, 0x282E, 0x284E, 0x284E, 0x180E, 0x100E, 0x282E, 0x202E, 0x282E, 0x282F, 0x280E, 
  0x284E, 0x184E, 0x382F, 0xD894, 0x7070, 0x182D, 0x202E, 0x282E, 0x282E, 0x282E, 0x282E, 0x284E, 
  0x284E, 0x282E, 0x284E, 0x302E, 0x284E, 0x284E, 0x482E, 0x70AF, 0x308F, 0x3030, 0x3010, 0x384D, 
  0x406D, 0x182D, 0x280E, 0x282F, 0x284E, 0x282E, 0x286E, 0x284E, 0x204E, 0x282E, 0x282E, 0x282E, 
  0x282E, 0x282E, 0x282E, 0x282E, 0x284E, 0x284E, 0x282E, 0x282E, 0x284E, 0x284F, 0x284E, 0x282E, 
  0x282E, 0x204E, 0x282E, 0x282E, 0x282E, 0x302F, 0x282E, 0x282E, 0x284E, 0x282E, 0x282E, 0x282E, 
  0x182E, 0x182F, 0x282F, 0x284E, 0x202E, 0x202E, 0x284E, 0x282E, 0x282E, 0x282E, 0x284E, 0x282E, 
  0x282D, 0x282E, 0x282E, 0x284E, 0x300F, 0x284E, 0x282E, 0x284E, 0x282F, 0x282E, 0x282E, 0x282D, 
  0x282E, 0x282E, 0x284E, 0x284E, 0x282D, 0x282D, 0x304D, 0x284D, 0x284E, 0x282E, 0x282E, 0x282E, 
  0x204D, 0x202D, 0x282E, 0x282E, 0x284D, 0x284D, 0x282E, 0x284E, 0x282E, 0x284D, 0x204D, 0x200D, 
  0x080C, 0xA1AC, 0xFD70, 0xFF72, 0xFDB4, 0x8170, 0x080C, 0x284E, 0x284E, 0x284E, 0x282E, 0x282E, 
  0x202E, 0x282E, 0x282E, 0x282E, 0x200D, 0x282D, 0x202D, 0x282D, 0x580D, 0x200D, 0x002D, 0x702C, 
  0x580B, 0x002C, 0x302C, 0x680B, 0x280B, 0x100B, 0x780B, 0xA00B, 0x1808, 0x300A, 0xE80C, 0xF88A, 
  0xFB24, 0xFC80, 0xFCC0, 0xFC60, 0xFC00, 0xFC60, 0xFCA0, 0xFC60, 0xFC80, 0xFC60, 0xFC80, 0xFCC0, 
  0xFC80, 0xFC60, 0xFC60, 0xFC80, 0xFCA0, 0xFC80, 0xFCE0, 0xFCC0, 0xFC80, 0xFC80, 0xFCA0, 0xFCC0, 
  0xFC80, 0xFCA0, 0xFCC0, 0xFCA0, 0xFCA0, 0xFC60, 0xFC41, 0xFC40, 0xFCC0, 0xFCA0, 0xFC40, 0xFC60, 
  0xFC60, 0xFC60, 0xFC60, 0xFC41, 0xFC40, 0xFC40, 0xFC60, 0xFC40, 0xFC40, 0xFC60, 0xFC80, 0xFC40, 
  0xFC40, 0xFC20, 0xFC21, 0xFC60, 0xFC80, 0xFC60, 0xFC60, 0xFC60, 0xFC60, 0xFC60, 0xFC60, 0xFC60, 
  0xFC60, 0xFC40, 0xFC40, 0xFC60, 0xFCA0, 0xFC60, 0xFC80, 0xFCA0, 0xFCC0, 0xFCE0, 0xFCC0, 0xFD00, 
  0xFC63, 0xF9A8, 0xD80C, 0x980D, 0x1009, 0x1809, 0x880C, 0x700C, 0x102B, 0x180A, 0x200C, 0x680C, 
  0x580C, 0x082C, 0x102C, 0x484C, 0x302C, 0x182C, 0x180C, 0x302D, 0x302C, 0x200C, 0xA06B, 0xFB0D, 
  0xFD4E, 0xFD6D, 0xFBAC, 0xB86D, 0x380D, 0x182E, 0x282E, 0x282E, 0x284E, 0x284E, 0x284E, 0x284E, 
  0x282E, 0x282E, 0x282E, 0x282E, 0x282D, 0x282E, 0x284E, 0x202D, 0x180D, 0x606E, 0x6870, 0x180E, 
  0x282D, 0x202E, 0x204E, 0x282E, 0x282E, 0x202E, 0x282E, 0x282E, 0x280E, 0x282E, 0x284E, 0x284E, 
  0x284E, 0x282E, 0x282E, 0x282F, 0x282E, 0x202E, 0x686C, 0x584D, 0x180F, 0x282E, 0x202E, 0x200C, 
  0x88AB, 0xFDF2, 0xE3F1, 0x682D, 0x204D, 0x284F, 0x282E, 0x282E, 0x282E, 0x282D, 0x202E, 0x282D, 
  0x282E, 0x282E, 0x282E, 0x282E, 0x282E, 0x282E, 0x282E, 0x284E, 0x204E, 0x302F, 0x282E, 0x284E, 
  0x282E, 0x282E, 0x282E, 0x282E, 0x282E, 0x282E, 0x282E, 0x282E, 0x284E, 0x204E, 0x302E, 0x8030, 
  0x504F, 0x204E, 0x282E, 0x300F, 0x282E, 0x282F, 0x282E, 0x282E, 0x282E, 0x302E, 0x282F, 0x282E, 
  0x302F, 0x302E, 0x186B, 0x20CD, 0x3070, 0x6017, 0x6017, 0x202E, 0x102A, 0x3830, 0x7019, 0x3831, 
  0x184D, 0x204C, 0x204E, 0x5854, 0x4031, 0x182D, 0x102B, 0x3030, 0x7038, 0x3831, 0x184D, 0x182D, 
  0x4031, 0x5835, 0x204E, 0x182C, 0x284E, 0x6035, 0x4852, 0x182D, 0x184C, 0x284E, 0x5815, 0x4032, 
  0x184C, 0x182D, 0x4031, 0x6016, 0x302F, 0x204C, 0x204D, 0x5854, 0x5034, 0x202D, 0x184C, 0x302F, 
  0x6036, 0x3832, 0x182C, 0x204D, 0x4031, 0x5033, 0x202D, 0x182C, 0x202D, 0x5835, 0x4853, 0x182D, 
  0x184C, 0x3830, 0x6016, 0x304F, 0x184C, 0x182C, 0x4032, 0x5014, 0x202E, 0x184C, 0x302E, 0x6035, 
  0x4032, 0x102A, 0x182B, 0x304F, 0x6036, 0x302F, 0x184C, 0x182D, 0x4813, 0x5815, 0x282E, 0x202C, 
  0x202D, 0x5054, 0x4852, 0x182C, 0x182C, 0x304F, 0x6015, 0x4011, 0x000A, 0x898E, 0xFD72, 0xFFB4, 
  0xFCB2, 0x70ED, 0x000C, 0x4832, 0x5835, 0x282E, 0x202D, 0x282D, 0x5834, 0x5013, 0x202D, 0x182C, 
  0x300F, 0x6815, 0x384E, 0x184A, 0x300A, 0x6830, 0x3030, 0x0809, 0x280B, 0x8031, 0x402E, 0x000B, 
  0x884E, 0xC82E, 0x380A, 0x400A, 0xE88E, 0xD0AD, 0xB00E, 0xF16A, 0xFCE2, 0xFC82, 0xFC41, 0xFC22, 
  0xFC62, 0xFC62, 0xFC63, 0xFC62, 0xFC43, 0xFC42, 0xFC61, 0xFC61, 0xFC22, 0xFC22, 0xFC22, 0xFC22, 
  0xFC43, 0xFC42, 0xFC42, 0xFC22, 0xFC22, 0xFC23, 0xFC22, 0xFC22, 0xFC22, 0xFC22, 0xFC42, 0xFC43, 
  0xFC42, 0xFC62, 0xF462, 0xF463, 0xFBA2, 0xFB42, 0xFB62, 0xF245, 0xFC04, 0xFC61, 0xFC22, 0xDA28, 
  0xF305, 0xFC41, 0xFC01, 0xFC02, 0xFC02, 0xFC02, 0xFC21, 0xFC03, 0xFC23, 0xFC02, 0xFC23, 0xFC42, 
  0xFC42, 0xFC22, 0xFC22, 0xFC02, 0xFC02, 0xFC02, 0xFC02, 0xFC02, 0xFC02, 0xFC02, 0xFBE2, 0xFBE2, 
  0xFC02, 0xFBE2, 0xFBE2, 0xFC02, 0xFC42, 0xFC43, 0xFC42, 0xFC62, 0xFC23, 0xFA09, 0x880B, 0x080B, 
  0xC82B, 0xD80B, 0x180B, 0x102B, 0x902D, 0x680B, 0x100B, 0x280A, 0x402E, 0x6832, 0x400C, 0x1809, 
  0x200C, 0x5835, 0x4850, 0x200B, 0x200C, 0x400E, 0xE0AD, 0xFD2E, 0xFDED, 0xFD2C, 0xFDCF, 0xF150, 
  0x480D, 0x082C, 0x3850, 0x6035, 0x3030, 0x184D, 0x184D, 0x4833, 0x5835, 0x202E, 0x182C, 0x202D, 
  0x5014, 0x4011, 0x184C, 0x184C, 0x3831, 0x5836, 0x180E, 0x184C, 0x182C, 0x5014, 0x5034, 0x204D, 
  0x182D, 0x282E, 0x5014, 0x3030, 0x182C, 0x182D, 0x4032, 0x5835, 0x202E, 0x182C, 0x204E, 0x5815, 
  0x4012, 0x182C, 0x384C, 0x6052, 0x5816, 0x282F, 0x104D, 0x200A, 0xE1F0, 0xFFF6, 0xFDB2, 0xB8CE, 
  0x200F, 0x7039, 0x4052, 0x182C, 0x182C, 0x4011, 0x5814, 0x280E, 0x184C, 0x202E, 0x5014, 0x4833, 
  0x182C, 0x102C, 0x3831, 0x6035, 0x3030, 0x182D, 0x204C, 0x4812, 0x4813, 0x202D, 0x182D, 0x3030, 
  0x5816, 0x3030, 0x184C, 0x202D, 0x4813, 0x5835, 0x182D, 0x0009, 0x302F, 0x7838, 0x3851, 0x104C, 
  0x202D, 0x5034, 0x5035, 0x202E, 0x182E, 0x282F, 0x6836, 0x4032, 0x302E, 0x300F, 0x5074, 0x50B4, 
  0x4872, 0x4032, 0x3811, 0x3811, 0x4833, 0x4011, 0x4031, 0x3831, 0x4032, 0x3850, 0x284E, 0x4032, 
  0x4031, 0x302F, 0x284E, 0x3830, 0x5835, 0x3851, 0x284F, 0x3030, 0x4011, 0x4812, 0x282F, 0x3850, 
  0x3830, 0x4833, 0x4031, 0x282E, 0x304F, 0x302F, 0x4813, 0x3831, 0x302F, 0x302F, 0x3810, 0x4812, 
  0x3830, 0x3830, 0x302F, 0x4032, 0x4032, 0x302F, 0x302F, 0x3030, 0x4833, 0x3830, 0x3030, 0x302F, 
  0x3830, 0x4032, 0x302F, 0x302F, 0x302F, 0x4812, 0x3851, 0x302F, 0x302F, 0x3810, 0x4813, 0x3830, 
  0x384F, 0x302F, 0x4011, 0x4012, 0x282F, 0x302F, 0x302F, 0x4832, 0x4031, 0x300F, 0x380E, 0x382F, 
  0x4833, 0x302F, 0x304E, 0x302F, 0x4012, 0x4812, 0x302F, 0x302F, 0x300F, 0x4031, 0x3830, 0x302F, 
  0x302F, 0x304F, 0x5013, 0x4011, 0x282F, 0x200F, 0x88AE, 0xFBB0, 0x986B, 0x200E, 0x304F, 0x4031, 
  0x4832, 0x282F, 0x302F, 0x302E, 0x4832, 0x4031, 0x282E, 0x302F, 0x302F, 0x5831, 0x402F, 0x206E, 
  0x482D, 0x800D, 0x380E, 0x200D, 0x500E, 0xA053, 0x5050, 0x082E, 0xE070, 0xF891, 0x200D, 0x280C, 
  0xF8CE, 0xF8AE, 0xC00E, 0xF84C, 0xE8EA, 0xF0CA, 0xF0CA, 0xF0AA, 0xF0AA, 0xF0CA, 0xF0CA, 0xF0EA, 
  0xF0CA, 0xF0CA, 0xF0CA, 0xF0CA, 0xF0AA, 0xF0CA, 0xF0CA, 0xF0CA, 0xF0AA, 0xF0AA, 0xF0AA, 0xF0AA, 
  0xF0AA, 0xF0AA, 0xF0AA, 0xF0AA, 0xF0AA, 0xF0AA, 0xE8AA, 0xE8AA, 0xF0AA, 0xE8AA, 0xE8CA, 0xE8AA, 
  0xE86B, 0xF06A, 0xF04A, 0xF00C, 0xF08B, 0xF0C9, 0xF0AB, 0xD80E, 0xF04B, 0xF0A9, 0xF08A, 0xF08A, 
  0xF0AA, 0xF0AA, 0xF0A9, 0xE8C9, 0xE8C9, 0xE8C9, 0xF0C9, 0xF0AA, 0xF0AA, 0xF0AA, 0xF0AA, 0xF0AA, 
  0xF0AA, 0xF0AA, 0xF0AA, 0xF0AA, 0xF0AA, 0xF0A9, 0xF0A9, 0xF0AA, 0xF0AA, 0xF0A9, 0xE8A9, 0xF0AA, 
  0xF08B, 0xE8CA, 0xE8CA, 0xE8AA, 0xF08B, 0xF84C, 0xC80D, 0x500A, 0xF84D, 0xF84E, 0x382E, 0x400D, 
  0xA82D, 0x802E, 0x502F, 0x702E, 0x382E, 0x6030, 0x882E, 0x382D, 0x180E, 0x5033, 0x704F, 0x402E, 
  0x3030, 0x380F, 0x482E, 0xB92F, 0xFD6E, 0xFD8E, 0xF0CE, 0x7850, 0x3030, 0x300F, 0x3830, 0x4813, 
  0x3831, 0x302F, 0x282F, 0x3831, 0x4032, 0x282F, 0x302F, 0x302F, 0x4011, 0x3830, 0x302E, 0x302F, 
  0x3811, 0x4833, 0x282E, 0x302F, 0x282F, 0x4012, 0x4812, 0x282F, 0x3030, 0x300F, 0x3811, 0x3010, 
  0x282F, 0x300F, 0x3811, 0x4832, 0x300F, 0x302F, 0x302F, 0x4812, 0x4011, 0x302F, 0x3010, 0x3031, 
  0x4833, 0x300F, 0x302F, 0x300F, 0x302E, 0xFC8F, 0xD32F, 0x300F, 0x3030, 0x4854, 0x3831, 0x302F, 
  0x284F, 0x3811, 0x4012, 0x300F, 0x300F, 0x302F, 0x4032, 0x4011, 0x282F, 0x302F, 0x3831, 0x5033, 
  0x3030, 0x3010, 0x282F, 0x4031, 0x4032, 0x302F, 0x3830, 0x3030, 0x4813, 0x3830, 0x302F, 0x302F, 
  0x4012, 0x4833, 0x282F, 0x282E, 0x3831, 0x6036, 0x3831, 0x3030, 0x284F, 0x4813, 0x4813, 0x2830, 
  0x3031, 0x4031, 0x7036, 0x4852, 0x4831, 0x6013, 0x6055, 0x50B3, 0x7096, 0x182D, 0x102B, 0x5014, 
  0x883B, 0x4031, 0x082A, 0x304F, 0x7037, 0x7858, 0x4852, 0x080B, 0x100B, 0x5013, 0x905B, 0x4031, 
  0x002A, 0x302F, 0x7017, 0x6817, 0x282F, 0x102B, 0x3831, 0x7818, 0x5033, 0x104C, 0x284E, 0x5815, 
  0x6818, 0x3830, 0x102C, 0x282E, 0x6816, 0x6016, 0x282E, 0x102B, 0x3831, 0x7017, 0x5033, 0x184C, 
  0x204D, 0x5013, 0x7018, 0x4031, 0x102B, 0x284E, 0x6816, 0x6016, 0x202D, 0x182C, 0x4852, 0x7017, 
  0x5033, 0x184C, 0x204C, 0x5814, 0x7017, 0x3030, 0x104A, 0x3830, 0x7037, 0x5815, 0x202D, 0x104B, 
  0x4032, 0x7017, 0x4030, 0x102A, 0x202D, 0x6836, 0x6816, 0x282F, 0x104A, 0x302E, 0x7037, 0x6835, 
  0x202C, 0x102B, 0x4832, 0x7017, 0x4832, 0x102A, 0x202C, 0x5835, 0x7017, 0x3830, 0x082B, 0x302E, 
  0x7037, 0x6817, 0x400F, 0x600A, 0x482F, 0x5816, 0x6015, 0x284D, 0x104B, 0x4031, 0x7017, 0x4812, 
  0x184B, 0x182C, 0x5834, 0x7837, 0x302E, 0x2008, 0x482F, 0x8838, 0x5853, 0x182B, 0x3008, 0x8073, 
  0x6852, 0x180C, 0x680B, 0xA80B, 0x8832, 0x7854, 0xA00D, 0xA80B, 0xA02F, 0xC86F, 0xF00E, 0xF80E, 
  0xF80E, 0xF80E, 0xF80E, 0xF80E, 0xF80E, 0xF80E, 0xF80E, 0xF80E, 0xF80E, 0xF80E, 0xF80E, 0xF80E, 
  0xF80E, 0xF80E, 0xF80E, 0xF80E, 0xF80E, 0xF80E, 0xF80E, 0xF80E, 0xF80E, 0xF80E, 0xF80E, 0xF80E, 
  0xF80E, 0xF80E, 0xF80E, 0xF80E, 0xF80E, 0xF80E, 0xF80E, 0xF80E, 0xF80E, 0xF80E, 0xF80E, 0xF80F, 
  0xF80F, 0xF80F, 0xF80E, 0xF80F, 0xF80E, 0xF80E, 0xF80E, 0xF80E, 0xF80E, 0xF80E, 0xF80E, 0xF80D, 
  0xF00D, 0xF00D, 0xF80E, 0xF80E, 0xF80E, 0xF80E, 0xF80E, 0xF80E, 0xF80E, 0xF80E, 0xF80E, 0xF80E, 
  0xF80E, 0xF80E, 0xF80E, 0xF80E, 0xF80E, 0xF80E, 0xF80E, 0xF80F, 0xF80E, 0xF80E, 0xF80E, 0xF80E, 
  0xF80E, 0xF80E, 0xF80E, 0xF00D, 0x706E, 0x606F, 0xF80E, 0x980B, 0x000B, 0x6031, 0xC854, 0x6071, 
  0x080A, 0x1009, 0x7833, 0x6037, 0x2011, 0x382A, 0x382B, 0x6035, 0x7056, 0x284F, 0x000D, 0x580F, 
  0xF28E, 0xFB0D, 0x880D, 0x200E, 0x4032, 0x7837, 0x4031, 0x104B, 0x302F, 0x6816, 0x5014, 0x202C, 
  0x102A, 0x4011, 0x7017, 0x4031, 0x182C, 0x202D, 0x5814, 0x6015, 0x282E, 0x104B, 0x3810, 0x7016, 
  0x5034, 0x182C, 0x104B, 0x4833, 0x7018, 0x4011, 0x082A, 0x302F, 0x6815, 0x5815, 0x282E, 0x102B, 
  0x4812, 0x6817, 0x4812, 0x102C, 0x282E, 0x6016, 0x6016, 0x280E, 0x082A, 0x3030, 0x6816, 0x5014, 
  0x100D, 0x792C, 0x80B1, 0x5016, 0x3831, 0x084A, 0x282F, 0x6017, 0x6837, 0x282E, 0x082A, 0x3811, 
  0x7017, 0x4833, 0x182C, 0x202D, 0x5835, 0x7017, 0x3030, 0x082B, 0x3830, 0x7017, 0x5034, 0x202D, 
  0x182D, 0x5034, 0x7018, 0x3830, 0x104B, 0x4031, 0x7017, 0x5814, 0x202D, 0x102C, 0x5033, 0x7818, 
  0x3811, 0x082C, 0x3830, 0x7018, 0x5835, 0x082B, 0x282D, 0x6816, 0x7837, 0x4030, 0x204C, 0x4092, 
  0x88B8, 0x6855, 0x200E, 0x288F, 0x5094, 0x300F, 0x282F, 0x4032, 0x5834, 0x4051, 0x3030, 0x3830, 
  0x4831, 0x6035, 0x5013, 0x202D, 0x102B, 0x3811, 0x6837, 0x3830, 0x204D, 0x3030, 0x5814, 0x5814, 
  0x3030, 0x284F, 0x3831, 0x5835, 0x4032, 0x284E, 0x304F, 0x4812, 0x5034, 0x3830, 0x202D, 0x302F, 
  0x5033, 0x4813, 0x302F, 0x282D, 0x3831, 0x5034, 0x4032, 0x284E, 0x304E, 0x4031, 0x5013, 0x3850, 
  0x282E, 0x302F, 0x5034, 0x4832, 0x282F, 0x284E, 0x4051, 0x5834, 0x4032, 0x284E, 0x302E, 0x4812, 
  0x5014, 0x3050, 0x202D, 0x3831, 0x5034, 0x4032, 0x282E, 0x282E, 0x3830, 0x5813, 0x3830, 0x282D, 
  0x302F, 0x4832, 0x5013, 0x3030, 0x202D, 0x3030, 0x5034, 0x5033, 0x282E, 0x282E, 0x4011, 0x5834, 
  0x4030, 0x282D, 0x302F, 0x5033, 0x5014, 0x3830, 0x202D, 0x302F, 0x5834, 0x5834, 0x2810, 0x080E, 
  0x280F, 0x5012, 0x5012, 0x304F, 0x284E, 0x4030, 0x6014, 0x4032, 0x204D, 0x282E, 0x4812, 0x5834, 
  0x384E, 0x284C, 0x402E, 0x8014, 0x4872, 0x084E, 0x600C, 0x9093, 0x6052, 0x000C, 0x980C, 0xF80C, 
  0x2812, 0x0012, 0xF82A, 0xF82A, 0x3012, 0xA80F, 0xF80B, 0xF00C, 0xF00C, 0xF00D, 0xF00D, 0xF00D, 
  0xF80D, 0xF00D, 0xF00D, 0xF00D, 0xF00D, 0xF00D, 0xF00D, 0xF00D, 0xF00C, 0xF00D, 0xF00D, 0xF80D, 
  0xF00D, 0xF00D, 0xF00D, 0xF00D, 0xF00D, 0xF00D, 0xF00D, 0xF00D, 0xF00D, 0xF00D, 0xF00D, 0xF00D, 
  0xF00D, 0xF00D, 0xF80D, 0xF80D, 0xF80D, 0xF00D, 0xF00D, 0xF80D, 0xF00D, 0xF80D, 0xF00D, 0xF80D, 
  0xF80D, 0xF00D, 0xF00D, 0xF80D, 0xF00D, 0xF00D, 0xF00C, 0xF00C, 0xF00C, 0xF00C, 0xF00D, 0xF00D, 
  0xF80D, 0xF80D, 0xF00D, 0xF00D, 0xF00D, 0xF00D, 0xF00D, 0xF80D, 0xF00D, 0xF00D, 0xF00D, 0xF00D, 
  0xF00D, 0xF00D, 0xF00D, 0xF80D, 0xF00D, 0xF80D, 0xF00D, 0xF00D, 0xF00D, 0xF00D, 0xF80D, 0xF80D, 
  0x480E, 0x3870, 0xF80C, 0x900B, 0x000C, 0x580F, 0xA833, 0x3850, 0x100A, 0x400C, 0x5831, 0x4033, 
  0x482F, 0x402D, 0x280E, 0x4813, 0x5834, 0x302F, 0x202F, 0x180F, 0x880F, 0x982E, 0x204F, 0x182E, 
  0x4031, 0x5813, 0x3830, 0x204E, 0x302F, 0x5012, 0x4032, 0x284E, 0x202D, 0x3831, 0x4813, 0x3830, 
  0x282E, 0x282E, 0x4012, 0x4832, 0x302F, 0x204E, 0x3810, 0x5013, 0x4833, 0x284E, 0x202D, 0x4011, 
  0x5814, 0x3811, 0x202D, 0x302F, 0x4812, 0x4812, 0x304F, 0x284E, 0x3830, 0x5013, 0x3831, 0x204E, 
  0x302F, 0x4833, 0x4813, 0x302F, 0x282E, 0x3010, 0x5013, 0x4031, 0x302F, 0x100E, 0x3011, 0x5013, 
  0x3831, 0x204E, 0x302F, 0x4813, 0x4833, 0x282E, 0x202D, 0x3830, 0x5013, 0x4032, 0x282E, 0x282F, 
  0x4833, 0x5814, 0x3830, 0x204D, 0x382F, 0x5814, 0x4833, 0x282F, 0x282E, 0x4032, 0x5814, 0x3830, 
  0x202E, 0x4030, 0x5813, 0x4832, 0x282F, 0x282E, 0x4013, 0x6015, 0x3831, 0x202E, 0x3830, 0x6035, 
  0x5033, 0x182D, 0x302E, 0x6836, 0x6856, 0x302F, 0x182C, 0x5073, 0x80B8, 0x4852, 0x100D, 0x4071, 
  0x3070, 0x5835, 0x7037, 0x3831, 0x102C, 0x4032, 0x7818, 0x5013, 0x182D, 0x182D, 0x3831, 0x7856, 
  0x8016, 0x4012, 0x080B, 0x3811, 0x7017, 0x4812, 0x182C, 0x202D, 0x4813, 0x6016, 0x3831, 0x182D, 
  0x3030, 0x6835, 0x5834, 0x282E, 0x202C, 0x4031, 0x6015, 0x4812, 0x204D, 0x202D, 0x4012, 0x6015, 
  0x3830, 0x182D, 0x3030, 0x6035, 0x5835, 0x282E, 0x184C, 0x3810, 0x6816, 0x4812, 0x184D, 0x202E, 
  0x5014, 0x5815, 0x302F, 0x182C, 0x302F, 0x6035, 0x5834, 0x202D, 0x182C, 0x4031, 0x6816, 0x4012, 
  0x204D, 0x204E, 0x5013, 0x6015, 0x302F, 0x104C, 0x3830, 0x6837, 0x5833, 0x182D, 0x182D, 0x4812, 
  0x6816, 0x4812, 0x184D, 0x202E, 0x5814, 0x6816, 0x302F, 0x182C, 0x302F, 0x6836, 0x6054, 0x202E, 
  0x182C, 0x4031, 0x7016, 0x4812, 0x182D, 0x182D, 0x4812, 0x6816, 0x3830, 0x182B, 0x202D, 0x5834, 
  0x6835, 0x282F, 0x182C, 0x304F, 0x6035, 0x5813, 0x202E, 0x182D, 0x4052, 0x6036, 0x4831, 0x186A, 
  0x482D, 0x8032, 0x58B4, 0x282E, 0x580F, 0x9051, 0x8052, 0x6012, 0x982E, 0xC00B, 0x880E, 0x880F, 
  0xD0AB, 0xF205, 0xFA25, 0xF205, 0xF205, 0xF9E5, 0xF9E6, 0xF9E6, 0xFA05, 0xF9E5, 0xF9E5, 0xF9E5, 
  0xF9E5, 0xF9E6, 0xF9E6, 0xF9E6, 0xFA05, 0xFA06, 0xFA06, 0xFA06, 0xF9E6, 0xF9E6, 0xF9E5, 0xF1E6, 
  0xF9E5, 0xF1E5, 0xF9E5, 0xF9E6, 0xF9E6, 0xF9E5, 0xF9E5, 0xF9E5, 0xF1E5, 0xF1E5, 0xF205, 0xFA06, 
  0xFA06, 0xFA06, 0xFA06, 0xFA06, 0xF205, 0xFA05, 0xF1E6, 0xFA05, 0xF9E5, 0xF9E5, 0xF1E5, 0xF9E5, 
  0xFA06, 0xFA05, 0xF9E5, 0xF9E6, 0xF9E6, 0xF9E6, 0xF9E5, 0xF9E6, 0xFA06, 0xFA06, 0xF9E6, 0xF9E5, 
  0xF9E5, 0xF9E5, 0xF9E6, 0xF9E6, 0xFA05, 0xFA05, 0xFA05, 0xFA05, 0xFA05, 0xFA05, 0xF9E5, 0xF9E5, 
  0xF9E5, 0xF9E5, 0xFA05, 0xFA05, 0xFA05, 0xFA05, 0xFA05, 0xFA25, 0xD86A, 0xB00D, 0x604E, 0x88B1, 
  0xD04E, 0x580B, 0x000D, 0x5871, 0xB832, 0x6873, 0x104C, 0x580B, 0x7010, 0x5035, 0x4813, 0x282D, 
  0x182D, 0x4813, 0x6014, 0x3831, 0x180E, 0x200F, 0x5814, 0x5834, 0x282E, 0x182C, 0x3831, 0x6815, 
  0x4031, 0x184C, 0x282D, 0x5013, 0x6015, 0x302F, 0x184B, 0x302F, 0x5814, 0x5013, 0x204E, 0x204D, 
  0x5033, 0x6035, 0x3830, 0x182C, 0x282E, 0x5814, 0x5814, 0x280E, 0x182C, 0x3030, 0x6016, 0x3811, 
  0x182C, 0x202D, 0x4813, 0x6036, 0x3030, 0x180C, 0x282F, 0x6015, 0x5013, 0x202E, 0x182D, 0x4812, 
  0x6015, 0x3830, 0x182C, 0x282F, 0x5814, 0x5835, 0x282F, 0x184C, 0x4031, 0x7017, 0x4812, 0x204D, 
  0x184D, 0x4812, 0x6815, 0x382F, 0x104C, 0x282E, 0x5814, 0x5014, 0x282E, 0x202D, 0x4832, 0x7057, 
  0x3831, 0x102C, 0x282E, 0x5814, 0x5815, 0x2830, 0x182C, 0x4032, 0x6815, 0x3810, 0x182C, 0x282F, 
  0x5814, 0x6035, 0x280F, 0x100C, 0x4031, 0x7837, 0x4812, 0x102C, 0x282F, 0x7037, 0x4812, 0x182C, 
  0x3030, 0x5013, 0x6836, 0x3811, 0x182D, 0x4032, 0x7838, 0x6094, 0x3091, 0x5835, 0x6817, 0x3831, 
  0x184D, 0x4032, 0x6816, 0x5013, 0x282E, 0x102C, 0x282F, 0x8077, 0xA059, 0x4832, 0x002A, 0x3811, 
  0x7018, 0x4832, 0x182D, 0x204D, 0x4813, 0x6816, 0x3850, 0x184D, 0x3830, 0x6836, 0x5834, 0x202E, 
  0x184D, 0x4032, 0x6816, 0x5033, 0x184D, 0x184D, 0x4813, 0x6015, 0x3830, 0x184D, 0x3030, 0x5834, 
  0x5815, 0x282E, 0x182C, 0x4011, 0x6817, 0x4812, 0x184D, 0x204E, 0x5014, 0x6015, 0x304F, 0x184C, 
  0x282F, 0x6835, 0x5854, 0x202E, 0x184C, 0x4831, 0x6816, 0x4031, 0x204C, 0x282F, 0x4814, 0x6015, 
  0x3830, 0x104C, 0x3830, 0x6856, 0x5833, 0x182D, 0x182D, 0x5033, 0x7016, 0x4812, 0x184C, 0x204E, 
  0x5814, 0x6816, 0x3030, 0x104C, 0x302F, 0x6856, 0x6074, 0x204D, 0x182C, 0x4031, 0x7816, 0x4812, 
  0x184C, 0x202D, 0x4812, 0x6835, 0x4030, 0x184C, 0x204D, 0x5834, 0x6856, 0x284F, 0x102B, 0x302F, 
  0x7016, 0x5813, 0x204D, 0x204C, 0x5032, 0x8018, 0x5032, 0x008A, 0x680C, 0xE012, 0x58B4, 0x080E, 
  0x580E, 0xF871, 0x7831, 0x0011, 0xD86C, 0xF849, 0x5011, 0x5812, 0xF9E4, 0xFB60, 0xFB22, 0xFB01, 
  0xFB01, 0xFAE1, 0xFB01, 0xFB01, 0xFB01, 0xFB01, 0xFB01, 0xFAE1, 0xFAE1, 0xFAE1, 0xFB01, 0xFB01, 
  0xFB01, 0xFB02, 0xFB02, 0xFB01, 0xFB02, 0xFB02, 0xFB01, 0xFB01, 0xFB01, 0xFB01, 0xFB01, 0xFB22, 
  0xFB22, 0xFB01, 0xFB01, 0xFB01, 0xFAE1, 0xFB01, 0xFB01, 0xFB02, 0xFB01, 0xFB01, 0xFB01, 0xFB01, 
  0xFB01, 0xFB01, 0xFB01, 0xFB01, 0xFB01, 0xFB01, 0xFB01, 0xFB02, 0xFB22, 0xFB21, 0xFB01, 0xFB01, 
  0xFB01, 0xFB01, 0xFB01, 0xFB02, 0xFB02, 0xFB22, 0xFB02, 0xFB01, 0xFB01, 0xFB01, 0xFB01, 0xFB01, 
  0xFB01, 0xFB02, 0xFB02, 0xFB02, 0xFB02, 0xFB01, 0xFB01, 0xFB01, 0xFB01, 0xFAE1, 0xFB01, 0xFB21, 
  0xFB21, 0xFB21, 0xFB41, 0xFB80, 0xF965, 0xF00B, 0x1070, 0x80B2, 0xF86C, 0x680B, 0x000C, 0x800F, 
  0xF012, 0x7094, 0x286C, 0x680A, 0x600F, 0x6015, 0x6032, 0x204C, 0x182C, 0x5013, 0x6815, 0x3010, 
  0x102D, 0x280F, 0x6014, 0x6034, 0x284E, 0x182C, 0x3831, 0x6815, 0x4031, 0x184D, 0x202E, 0x5013, 
  0x6015, 0x302F, 0x184C, 0x3030, 0x5814, 0x5013, 0x284E, 0x202E, 0x5034, 0x6036, 0x3830, 0x182D, 
  0x282E, 0x6015, 0x5814, 0x202E, 0x104C, 0x3830, 0x6816, 0x3811, 0x182C, 0x202D, 0x4813, 0x6836, 
  0x3030, 0x182D, 0x302F, 0x6015, 0x5013, 0x202D, 0x204D, 0x4813, 0x6816, 0x3831, 0x102C, 0x282E, 
  0x5814, 0x5835, 0x284F, 0x104D, 0x4051, 0x7037, 0x4812, 0x182D, 0x202D, 0x4814, 0x6816, 0x3830, 
  0x184C, 0x282F, 0x6014, 0x5013, 0x284E, 0x202D, 0x5032, 0x7837, 0x4032, 0x102D, 0x282F, 0x6014, 
  0x6015, 0x3050, 0x184D, 0x4833, 0x7016, 0x3831, 0x184C, 0x282E, 0x5815, 0x6836, 0x282F, 0x102C, 
  0x4012, 0x7817, 0x4832, 0x104B, 0x282F, 0x7838, 0x5834, 0x002A, 0x280F, 0x6836, 0x7857, 0x3030, 
  0x000B, 0x4012, 0x8079, 0x5893, 0x68B5, 0x3830, 0x202F, 0x4832, 0x7056, 0x4832, 0x282E, 0x280F, 
  0x4852, 0x6895, 0x4031, 0x282F, 0x3850, 0x5032, 0x6834, 0x3830, 0x280F, 0x3831, 0x6055, 0x5033, 
  0x3010, 0x282F, 0x4031, 0x6055, 0x4852, 0x302F, 0x3030, 0x5013, 0x5854, 0x3830, 0x282F, 0x3831, 
  0x5834, 0x5013, 0x3010, 0x280E, 0x4051, 0x5854, 0x4031, 0x284E, 0x282F, 0x4832, 0x6034, 0x4031, 
  0x202E, 0x3030, 0x5854, 0x5033, 0x3030, 0x284F, 0x4051, 0x5854, 0x4832, 0x282F, 0x3850, 0x5833, 
  0x5833, 0x3830, 0x282E, 0x3830, 0x6034, 0x5033, 0x2830, 0x302F, 0x4051, 0x5854, 0x3830, 0x202E, 
  0x3830, 0x5854, 0x5833, 0x3030, 0x282E, 0x3810, 0x6034, 0x5854, 0x3010, 0x280E, 0x4832, 0x6054, 
  0x3830, 0x200E, 0x3830, 0x5853, 0x6033, 0x382F, 0x280E, 0x3830, 0x5853, 0x5833, 0x300F, 0x282E, 
  0x4050, 0x5853, 0x5033, 0x282F, 0x282E, 0x4852, 0x6034, 0x4010, 0x280E, 0x302E, 0x5872, 0x68B4, 
  0x484F, 0x400D, 0x484F, 0x6853, 0x5850, 0x404E, 0x602E, 0x6852, 0x6853, 0x6810, 0x800D, 0x900D, 
  0xB02D, 0xB84F, 0xB80F, 0xE069, 0xFAC2, 0xFAE1, 0xFAA2, 0xFAA2, 0xFA82, 0xFAA2, 0xFA82, 0xFA83, 
  0xFA82, 0xFA82, 0xFA82, 0xFA82, 0xFA82, 0xFA82, 0xFA82, 0xFA82, 0xFA82, 0xFAA2, 0xFAA2, 0xFA82, 
  0xFA82, 0xFA82, 0xFA82, 0xFA82, 0xFA82, 0xFA82, 0xFAA2, 0xFAA2, 0xFAA2, 0xFAA2, 0xFA82, 0xFA82, 
  0xFA82, 0xFAA2, 0xFAA2, 0xFAA2, 0xFA82, 0xFA82, 0xFA82, 0xFA82, 0xFA82, 0xFA82, 0xFA82, 0xFA82, 
  0xFA82, 0xFA82, 0xFA82, 0xFAA2, 0xFAA2, 0xFAA2, 0xFAA2, 0xFA82, 0xFA82, 0xFA82, 0xFA82, 0xFAA2, 
  0xFAA2, 0xFAA2, 0xFAA2, 0xFA82, 0xFA82, 0xFAA2, 0xFAA2, 0xFAA2, 0xFAA2, 0xFA82, 0xFA82, 0xFA82, 
  0xFAA2, 0xFAA2, 0xFAA2, 0xFAA2, 0xFA82, 0xFAA2, 0xFAA2, 0xFA82, 0xFAA2, 0xFAA2, 0xFAC2, 0xFAE2, 
  0xFAC3, 0xE069, 0xC80F, 0x900F, 0x6050, 0x9071, 0xB80E, 0x700F, 0x282F, 0x5030, 0x8853, 0x5832, 
  0x384D, 0x382C, 0x300E, 0x5031, 0x6052, 0x382F, 0x202F, 0x4031, 0x5815, 0x4012, 0x280E, 0x280E, 
  0x4832, 0x5834, 0x3810, 0x202D, 0x3830, 0x6034, 0x4812, 0x282E, 0x282E, 0x4812, 0x5834, 0x3831, 
  0x282E, 0x302F, 0x5052, 0x5833, 0x304F, 0x284F, 0x3830, 0x5814, 0x4812, 0x302F, 0x282F, 0x4832, 
  0x5814, 0x4011, 0x282E, 0x3830, 0x5013, 0x4832, 0x302F, 0x282F, 0x4032, 0x5815, 0x4833, 0x202E, 
  0x302F, 0x5013, 0x5813, 0x3030, 0x280F, 0x3830, 0x5834, 0x4032, 0x280F, 0x282F, 0x4032, 0x6034, 
  0x4031, 0x282E, 0x3030, 0x5033, 0x5834, 0x3030, 0x282E, 0x4011, 0x5834, 0x4831, 0x300E, 0x302F, 
  0x5853, 0x5834, 0x3010, 0x280E, 0x4852, 0x6035, 0x4832, 0x282F, 0x280F, 0x4833, 0x6055, 0x3830, 
  0x282E, 0x4031, 0x5854, 0x4833, 0x280F, 0x282F, 0x5053, 0x6855, 0x3010, 0x202E, 0x4052, 0x7056, 
  0x3830, 0x180E, 0x4032, 0x5054, 0x4052, 0x3010, 0x3030, 0x5874, 0x6075, 0x3010, 0x200E, 0x4891, 
  0x80D7, 0x282E, 0x100B, 0x5033, 0x907A, 0x4852, 0x180D, 0x100E, 0x4052, 0xA0DA, 0x5853, 0x080C, 
  0x000C, 0x6075, 0xB0DB, 0x302F, 0x000B, 0x3831, 0x8858, 0x7056, 0x202F, 0x082C, 0x4032, 0x9059, 
  0x5854, 0x082C, 0x202E, 0x6856, 0x8058, 0x384F, 0x084B, 0x282F, 0x7818, 0x7037, 0x282F, 0x100C, 
  0x4032, 0x8058, 0x5053, 0x102C, 0x102C, 0x5034, 0x8839, 0x4831, 0x002A, 0x282F, 0x7838, 0x7037, 
  0x204E, 0x102C, 0x5053, 0x7838, 0x5854, 0x102C, 0x182D, 0x6836, 0x8058, 0x282F, 0x082B, 0x3851, 
  0x8059, 0x6055, 0x182D, 0x102C, 0x4832, 0x7837, 0x4011, 0x080B, 0x300F, 0x7858, 0x8037, 0x202E, 
  0x000B, 0x3030, 0x8038, 0x7057, 0x182D, 0x082B, 0x5033, 0x8058, 0x4011, 0x080B, 0x200E, 0x7037, 
  0x8038, 0x300F, 0x000A, 0x282F, 0x8058, 0x7856, 0x282E, 0x084B, 0x3850, 0x8057, 0x6835, 0x182C, 
  0x080A, 0x5834, 0x8838, 0x4010, 0x102A, 0x282C, 0x7075, 0x98DA, 0x4870, 0x1807, 0x502D, 0xB037, 
  0x5032, 0x002D, 0x900C, 0xC8B2, 0x7895, 0x0011, 0x982D, 0xF88A, 0x5811, 0x3033, 0xF82B, 0xF9A2, 
  0xFB21, 0xFAC1, 0xFAA2, 0xFAA2, 0xFAA2, 0xFAA2, 0xFA82, 0xFAA2, 0xFAA2, 0xFA82, 0xFA82, 0xFA82, 
  0xFA82, 0xFA82, 0xFA82, 0xFA82, 0xFA83, 0xFA82, 0xFA82, 0xFA82, 0xFA82, 0xFA82, 0xFA82, 0xFA82, 
  0xFA83, 0xFA82, 0xFAA2, 0xFAA3, 0xFAA3, 0xFAA2, 0xFA82, 0xFA83, 0xFAA2, 0xFAA3, 0xFA82, 0xFA82, 
  0xFA82, 0xFA82, 0xFA82, 0xFA82, 0xFA82, 0xFA82, 0xFA82, 0xFA82, 0xFAA2, 0xFA82, 0xFAA2, 0xFAA2, 
  0xFAA2, 0xFAA2, 0xFA82, 0xFA82, 0xFA82, 0xFA82, 0xFA82, 0xFAA2, 0xFAA2, 0xFAA2, 0xFAA2, 0xFA82, 
  0xFA82, 0xFA82, 0xFA82, 0xFAA2, 0xFAA2, 0xFAA2, 0xFA82, 0xFA82, 0xFA82, 0xFAA2, 0xFAA3, 0xFAA3, 
  0xFA82, 0xFA82, 0xFA83, 0xFA83, 0xFAA2, 0xFAA2, 0xFAA2, 0xFAC2, 0xFB02, 0xFA25, 0xF80B, 0x900F, 
  0x0052, 0xA892, 0xF831, 0x3051, 0x002C, 0x480A, 0x8853, 0x50B9, 0x6870, 0x4029, 0x080C, 0x6834, 
  0x8856, 0x284E, 0x002B, 0x4812, 0x8018, 0x5813, 0x182D, 0x180C, 0x5834, 0x7818, 0x300F, 0x002A, 
  0x3030, 0x8018, 0x6034, 0x102C, 0x080B, 0x5013, 0x7818, 0x4032, 0x102C, 0x202E, 0x6035, 0x7036, 
  0x204D, 0x082B, 0x3831, 0x7817, 0x5834, 0x104C, 0x102D, 0x5815, 0x8019, 0x4031, 0x084B, 0x3030, 
  0x7817, 0x6835, 0x282E, 0x102B, 0x5013, 0x8019, 0x5834, 0x082B, 0x202E, 0x7037, 0x7017, 0x280F, 
  0x082B, 0x3030, 0x7838, 0x5834, 0x100D, 0x100C, 0x5033, 0x8039, 0x3811, 0x002B, 0x202E, 0x6837, 
  0x7038, 0x284E, 0x082A, 0x4032, 0x7818, 0x5814, 0x182C, 0x202E, 0x7056, 0x7857, 0x282E, 0x080A, 
  0x4031, 0x8038, 0x5834, 0x102C, 0x100C, 0x6015, 0x8059, 0x302F, 0x080B, 0x4031, 0x8057, 0x6035, 
  0x182D, 0x100C, 0x5855, 0x9059, 0x3011, 0x000B, 0x4031, 0x905B, 0x4032, 0x000A, 0x3831, 0x98DA, 
  0x4833, 0x080C, 0x180C, 0x7077, 0x8899, 0x280F, 0x000B, 0x48B2, 0x4891, 0x4851, 0x5873, 0x4852, 
  0x3851, 0x4872, 0x58B4, 0x5072, 0x4830, 0x4872, 0x3830, 0x5073, 0x5052, 0x3851, 0x4071, 0x4071, 
  0x58B3, 0x4852, 0x4032, 0x3831, 0x4872, 0x5893, 0x3831, 0x4051, 0x4071, 0x60B4, 0x5072, 0x3810, 
  0x4031, 0x4871, 0x5872, 0x4031, 0x3831, 0x3831, 0x4871, 0x5873, 0x3830, 0x4051, 0x4051, 0x5893, 
  0x4852, 0x4010, 0x3830, 0x4051, 0x5853, 0x4031, 0x3831, 0x4031, 0x5072, 0x5052, 0x3851, 0x4031, 
  0x4051, 0x5892, 0x4871, 0x3830, 0x3831, 0x4051, 0x5853, 0x4031, 0x3851, 0x3831, 0x4852, 0x5053, 
  0x3830, 0x3830, 0x3851, 0x5893, 0x4872, 0x3831, 0x3850, 0x4852, 0x5852, 0x3811, 0x3831, 0x4051, 
  0x5052, 0x5051, 0x3830, 0x3830, 0x4871, 0x58B3, 0x4051, 0x3030, 0x3810, 0x4051, 0x5852, 0x4831, 
  0x3831, 0x3831, 0x4872, 0x5072, 0x3830, 0x3830, 0x4030, 0x50B2, 0x5092, 0x3830, 0x4030, 0x3851, 
  0x5892, 0x5051, 0x4050, 0x5071, 0x4891, 0x4892, 0x506F, 0x500E, 0x482E, 0x5852, 0x7852, 0x7050, 
  0x6850, 0x600E, 0x904F, 0xB86E, 0x902F, 0xA00F, 0xF889, 0xFA82, 0xFB21, 0xFAC1, 0xFAA2, 0xFAA2, 
  0xFAC2, 0xFAA2, 0xFAA2, 0xFAA2, 0xFAA2, 0xFAA2, 0xFAA2, 0xFAA2, 0xFAA2, 0xFA82, 0xFA82, 0xFAA2, 
  0xFAA2, 0xFAA2, 0xFAA2, 0xFAA2, 0xFAA2, 0xFAA2, 0xFAA2, 0xFAA2, 0xFAA2, 0xFAA2, 0xFAA2, 0xFAA2, 
  0xFAA2, 0xFAA2, 0xFAA2, 0xFAA2, 0xFAC2, 0xFAA2, 0xFAA2, 0xFAA2, 0xFAA2, 0xFA82, 0xFA82, 0xFA82, 
  0xFA82, 0xFAA1, 0xFAA2, 0xFAA2, 0xFAA2, 0xFAA2, 0xFAA2, 0xFAA2, 0xFAA2, 0xFAA2, 0xFAA2, 0xFAA2, 
  0xFAA2, 0xFAA2, 0xFAA2, 0xFAA2, 0xFAA2, 0xFAA2, 0xFAA2, 0xFAA2, 0xFAA2, 0xFAA2, 0xFAA2, 0xFAA2, 
  0xFAA2, 0xFAA2, 0xFAA2, 0xFAA2, 0xFAA2, 0xFAC2, 0xFAC2, 0xFAC3, 0xFAA2, 0xFAA2, 0xFAA2, 0xFAA2, 
  0xFAA2, 0xFAA2, 0xFAC2, 0xFAC2, 0xFAE1, 0xFA82, 0xF0AA, 0xB071, 0x904F, 0x980D, 0x6871, 0x4092, 
  0x880C, 0x782E, 0x302E, 0x484E, 0x604F, 0x6092, 0x484F, 0x4030, 0x3830, 0x4871, 0x5072, 0x3831, 
  0x3811, 0x3831, 0x4872, 0x4872, 0x3830, 0x3810, 0x3031, 0x4893, 0x4051, 0x3830, 0x3030, 0x4831, 
  0x5052, 0x3831, 0x3831, 0x3831, 0x5052, 0x4852, 0x3830, 0x3851, 0x5072, 0x5893, 0x4011, 0x3831, 
  0x3851, 0x4832, 0x4812, 0x3831, 0x4031, 0x4031, 0x5053, 0x4031, 0x3830, 0x3831, 0x4872, 0x5873, 
  0x3831, 0x3831, 0x3830, 0x5053, 0x4832, 0x4031, 0x3830, 0x4051, 0x5053, 0x3831, 0x3830, 0x3030, 
  0x4852, 0x5093, 0x3830, 0x3811, 0x4852, 0x5873, 0x4031, 0x3811, 0x3830, 0x4051, 0x5052, 0x3831, 
  0x3810, 0x4031, 0x5073, 0x4871, 0x3830, 0x3831, 0x4872, 0x60B4, 0x3850, 0x3830, 0x4051, 0x4873, 
  0x4853, 0x4031, 0x4031, 0x4051, 0x5073, 0x3831, 0x3830, 0x4051, 0x58B3, 0x5072, 0x3030, 0x3831, 
  0x5053, 0x6074, 0x3830, 0x302F, 0x4032, 0x6094, 0x4871, 0x302F, 0x4071, 0x68D4, 0x4872, 0x3030, 
  0x3830, 0x48B2, 0x60D4, 0x4892, 0x204D, 0x6874, 0xA0BA, 0x3871, 0x000C, 0x3871, 0x8939, 0xA0D5, 
  0x700D, 0x080C, 0x182D, 0xB17B, 0x98FA, 0x100D, 0x000A, 0x5093, 0xC15B, 0x5894, 0x080C, 0x100D, 
  0x68B6, 0xA0FA, 0x3830, 0x000B, 0x3030, 0xB13B, 0x80B6, 0x100D, 0x000B, 0x5093, 0xB0BB, 0x5853, 
  0x082C, 0x082C, 0x6895, 0xA0D9, 0x304F, 0x080B, 0x284F, 0x9919, 0x88D8, 0x202D, 0x000B, 0x4051, 
  0xB07B, 0x5854, 0x002C, 0x182E, 0x7076, 0x8898, 0x3050, 0x082B, 0x204E, 0xA11A, 0x80D7, 0x082C, 
  0x000B, 0x6053, 0xA8BB, 0x4832, 0x000C, 0x180E, 0x7876, 0x8898, 0x284F, 0x000A, 0x3871, 0xA93B, 
  0x6094, 0x000B, 0x080B, 0x7896, 0xB8BA, 0x4831, 0x000B, 0x180D, 0x8897, 0x9098, 0x282E, 0x000A, 
  0x5092, 0xB15A, 0x60B3, 0x000C, 0x000A, 0x5873, 0xB0BB, 0x6054, 0x080C, 0x100D, 0x6895, 0x90B9, 
  0x4031, 0x000A, 0x102C, 0x8917, 0x9939, 0x280E, 0x000A, 0x4050, 0xA0FB, 0x70B7, 0x280C, 0x3808, 
  0x4890, 0x793E, 0x5052, 0x0808, 0x500C, 0xA896, 0x68F5, 0x080D, 0x580C, 0xF86B, 0x9050, 0x0834, 
  0xE02D, 0xF809, 0xFA05, 0xFC40, 0xFB61, 0xFB41, 0xFB21, 0xFB01, 0xFB01, 0xFB01, 0xFB01, 0xFB02, 
  0xFAE2, 0xFAE2, 0xFAE2, 0xFAE2, 0xFAE1, 0xFAC2, 0xFAE2, 0xFAE2, 0xFAE2, 0xFB01, 0xFB02, 0xFB02, 
  0xFB01, 0xFB01, 0xFAE1, 0xFAE2, 0xFAE2, 0xFAE2, 0xFAE2, 0xFAE1, 0xFB02, 0xFB01, 0xFB01, 0xFB01, 
  0xFB02, 0xFB01, 0xFAE1, 0xFAE1, 0xFAE1, 0xFAE1, 0xFAE1, 0xFAE1, 0xFAE1, 0xFB01, 0xFB01, 0xFB01, 
  0xFB01, 0xFB01, 0xFB01, 0xFB01, 0xFB01, 0xFB01, 0xFB01, 0xFAE1, 0xFAE1, 0xFB01, 0xFB01, 0xFB01, 
  0xFAE1, 0xFB01, 0xFAE1, 0xFAE2, 0xFAE2, 0xFAE2, 0xFB01, 0xFB02, 0xFB01, 0xFB02, 0xFB02, 0xFB02, 
  0xFB02, 0xFB02, 0xFB02, 0xFB02, 0xFAE1, 0xFAE1, 0xFAE2, 0xFB02, 0xFB02, 0xFB02, 0xFB01, 0xFB01, 
  0xFB01, 0xFB60, 0xE1E7, 0xE090, 0xF80B, 0x880D, 0x0072, 0x6851, 0xE810, 0x7897, 0x384F, 0x8805, 
  0x4030, 0x68D9, 0x9093, 0x200A, 0x000A, 0x7075, 0xA87A, 0x3030, 0x080B, 0x202E, 0x8097, 0x7897, 
  0x182D, 0x0809, 0x8134, 0xB99C, 0x5074, 0x000B, 0x080C, 0x8036, 0x9879, 0x282F, 0x082B, 0x302F, 
  0x9079, 0x7055, 0x102B, 0x104C, 0x7897, 0xA09B, 0x4030, 0x000B, 0x282E, 0x9039, 0x7837, 0x180D, 
  0x080B, 0x4832, 0x9859, 0x5032, 0x082B, 0x100C, 0x6896, 0xA0FB, 0x304F, 0x000A, 0x280E, 0x9059, 
  0x7857, 0x182C, 0x080A, 0x5053, 0xA07A, 0x4031, 0x082B, 0x100D, 0x7097, 0x9119, 0x202E, 0x000A, 
  0x5073, 0xA8BD, 0x5053, 0x000B, 0x080B, 0x6035, 0x907A, 0x302F, 0x000A, 0x284F, 0x90B9, 0x7096, 
  0x100C, 0x080B, 0x6095, 0xB11C, 0x3851, 0x000A, 0x202F, 0x9079, 0x9099, 0x202E, 0x000A, 0x6074, 
  0xA0DC, 0x4051, 0x080B, 0x202E, 0x9119, 0x88F7, 0x100D, 0x000B, 0x6855, 0xB0FC, 0x3030, 0x0009, 
  0x5853, 0xD19E, 0x5072, 0x0008, 0x4892, 0xC9FE, 0x7116, 0x080B, 0x000B, 0x7915, 0xC9BC, 0x4892, 
  0x4090, 0x5873, 0x7055, 0x5051, 0x4050, 0x5092, 0x6094, 0x7871, 0x780C, 0x200E, 0x200D, 0x70F4, 
  0x78D4, 0x400D, 0x200D, 0x4031, 0x80D6, 0x4872, 0x3050, 0x3030, 0x5052, 0x6894, 0x3830, 0x384F, 
  0x4051, 0x6894, 0x5872, 0x4030, 0x4030, 0x5052, 0x7875, 0x5851, 0x482F, 0x4050, 0x5052, 0x6874, 
  0x4050, 0x4070, 0x4050, 0x6893, 0x6092, 0x3830, 0x400F, 0x4051, 0x6854, 0x5051, 0x502E, 0x480F, 
  0x5052, 0x5893, 0x4070, 0x4050, 0x4050, 0x6072, 0x5891, 0x382E, 0x300E, 0x5031, 0x6054, 0x4030, 
  0x4050, 0x3830, 0x5052, 0x7072, 0x5050, 0x404F, 0x4050, 0x6074, 0x5072, 0x3850, 0x384F, 0x5053, 
  0x6874, 0x4830, 0x482E, 0x4030, 0x5873, 0x6073, 0x4070, 0x4850, 0x4851, 0x6093, 0x4871, 0x3830, 
  0x4850, 0x5052, 0x6054, 0x6031, 0x5830, 0x4851, 0x5072, 0x6072, 0x4050, 0x3870, 0x4050, 0x5872, 
  0x5893, 0x4030, 0x4030, 0x4830, 0x6873, 0x4072, 0x584F, 0x600D, 0x406E, 0x50B6, 0x5051, 0x280D, 
  0x700E, 0xA831, 0x4870, 0x200E, 0x582F, 0xC84E, 0x9810, 0x6010, 0xC00D, 0xF00B, 0xF967, 0xF225, 
  0xF9A7, 0xF1A7, 0xF187, 0xF987, 0xF167, 0xF167, 0xF187, 0xF187, 0xF167, 0xF167, 0xF167, 0xF167, 
  0xF167, 0xF167, 0xF167, 0xF167, 0xF167, 0xF167, 0xF167, 0xF167, 0xF167, 0xF167, 0xF167, 0xF167, 
  0xF167, 0xF167, 0xF167, 0xF167, 0xF167, 0xF167, 0xF187, 0xF187, 0xF187, 0xF187, 0xF187, 0xF987, 
  0xF987, 0xF167, 0xF167, 0xF167, 0xF987, 0xF987, 0xF186, 0xF987, 0xF987, 0xF987, 0xF167, 0xF167, 
  0xF167, 0xF167, 0xF987, 0xF987, 0xF987, 0xF167, 0xF187, 0xF187, 0xF987, 0xF987, 0xF167, 0xF167, 
  0xF987, 0xF987, 0xF187, 0xF187, 0xF187, 0xF187, 0xF187, 0xF187, 0xF167, 0xF187, 0xF187, 0xF167, 
  0xF167, 0xF167, 0xF167, 0xF167, 0xF167, 0xF167, 0xF187, 0xF187, 0xF967, 0xF1C6, 0xF109, 0xD04E, 
  0xC84E, 0x804F, 0x5070, 0xB80B, 0x680F, 0x1852, 0x7010, 0xA00C, 0x180F, 0x2873, 0x506F, 0x400D, 
  0x380D, 0x5031, 0x5873, 0x4871, 0x4051, 0x4830, 0x6032, 0x4872, 0x3850, 0x484F, 0xA0F1, 0xA0F3, 
  0x5030, 0x3830, 0x300F, 0x6032, 0x6853, 0x4050, 0x3851, 0x4051, 0x5852, 0x5870, 0x4830, 0x3831, 
  0x5052, 0x6072, 0x4830, 0x3010, 0x4030, 0x5833, 0x5032, 0x382F, 0x3850, 0x4831, 0x5852, 0x4871, 
  0x3870, 0x382F, 0x5052, 0x6093, 0x4051, 0x4030, 0x3830, 0x5833, 0x5033, 0x4050, 0x3851, 0x4832, 
  0x6853, 0x4050, 0x4050, 0x3811, 0x5052, 0x5873, 0x4030, 0x4830, 0x4831, 0x6074, 0x4831, 0x402F, 
  0x3830, 0x4832, 0x5853, 0x4030, 0x4050, 0x4051, 0x5072, 0x4872, 0x4051, 0x4011, 0x4852, 0x5893, 
  0x4071, 0x3830, 0x4030, 0x6053, 0x6052, 0x4050, 0x3850, 0x4852, 0x6074, 0x4851, 0x4051, 0x4031, 
  0x6073, 0x5893, 0x3830, 0x3850, 0x5052, 0x6875, 0x404F, 0x300E, 0x5872, 0x80D3, 0x5051, 0x3830, 
  0x4871, 0x70D6, 0x5093, 0x280E, 0x282F, 0x6872, 0x88B4, 0x40B1, 0x7976, 0x4051, 0x200D, 0x9891, 
  0xB157, 0x98B4, 0x400E, 0x180D, 0x382E, 0x6094, 0x5093, 0x180D, 0x280C, 0x8852, 0x9917, 0x5871, 
  0x180C, 0x404F, 0x80F6, 0x70B5, 0x400E, 0x280C, 0x5091, 0x98F8, 0x6093, 0x100D, 0x282F, 0x8895, 
  0x90B7, 0x4850, 0x400C, 0x586F, 0x9116, 0x88B5, 0x500E, 0x300C, 0x58B3, 0x90D7, 0x6072, 0x380C, 
  0x382E, 0x6893, 0x8896, 0x4871, 0x200C, 0x584F, 0xA894, 0x7893, 0x302D, 0x282C, 0x70D2, 0xA0D8, 
  0x6893, 0x300B, 0x384D, 0x9854, 0xA015, 0x302F, 0x100C, 0x4070, 0x8137, 0x68F5, 0x384D, 0x500C, 
  0x7093, 0x8917, 0x5072, 0x180C, 0x3850, 0x80F6, 0x80B5, 0x282F, 0x080C, 0x5870, 0xB896, 0x78F5, 
  0x304E, 0x280C, 0x7093, 0xA0F8, 0x6051, 0x180D, 0x304F, 0x8917, 0xA119, 0x6031, 0x100C, 0x682F, 
  0xC0B6, 0x8116, 0x384D, 0x280C, 0x4870, 0x88F6, 0x78B4, 0x302E, 0x200C, 0x6093, 0x88B7, 0x5853, 
  0x300B, 0x500B, 0x7852, 0x7099, 0x5050, 0x5809, 0x584F, 0x70B7, 0x9094, 0x600D, 0x400B, 0xC84C, 
  0xA873, 0x3018, 0xC00F, 0xF848, 0x9032, 0xA053, 0xF80D, 0xE80E, 0xF00E, 0xF00E, 0xF00E, 0xF00E, 
  0xF00E, 0xF00E, 0xF00D, 0xF00D, 0xF00D, 0xF00D, 0xF00D, 0xF00D, 0xF00D, 0xF00E, 0xF00E, 0xF00E, 
  0xF00D, 0xF00D, 0xF00D, 0xF00D, 0xF00D, 0xF00D, 0xF00D, 0xF00D, 0xF00E, 0xF00D, 0xF00E, 0xF00E, 
  0xF00E, 0xF00D, 0xF00E, 0xF00E, 0xF00D, 0xF00D, 0xF00D, 0xF00D, 0xF00D, 0xF00E, 0xF00E, 0xF00E, 
  0xF00D, 0xF00D, 0xF00D, 0xF00D, 0xF00D, 0xF00D, 0xF00D, 0xE80D, 0xF00D, 0xF00D, 0xF00E, 0xF00E, 
  0xF00D, 0xF00D, 0xF00D, 0xF00D, 0xF00E, 0xF00E, 0xF00E, 0xF00E, 0xF00E, 0xF00E, 0xF00E, 0xF00E, 
  0xF00D, 0xF00D, 0xF00E, 0xF00E, 0xF00D, 0xF00D, 0xF00D, 0xE80D, 0xF00D, 0xF00E, 0xF00E, 0xF00E, 
  0xE80D, 0xE80D, 0xF00D, 0xF00D, 0xF00D, 0xF00E, 0xF80E, 0xB830, 0x38D6, 0xC0D1, 0xF84C, 0xB851, 
  0x3873, 0x480B, 0x680E, 0x6095, 0x4051, 0x500A, 0x300B, 0x6874, 0x9074, 0x402D, 0x280A, 0x6093, 
  0x80F8, 0x7073, 0x480C, 0x282E, 0x6095, 0x80B7, 0x500F, 0x380B, 0x684F, 0x88B7, 0x6894, 0x302D, 
  0x204C, 0x5073, 0x7877, 0x5854, 0x280D, 0x384D, 0x6815, 0x6817, 0x100C, 0x0008, 0x4812, 0x7819, 
  0x5015, 0x080C, 0x100C, 0x5814, 0x7817, 0x4011, 0x080B, 0x3830, 0x7056, 0x6855, 0x300E, 0x180B, 
  0x5853, 0x8878, 0x5053, 0x100D, 0x280F, 0x7096, 0x8098, 0x4031, 0x180B, 0x4030, 0x8078, 0x6836, 
  0x400E, 0x400A, 0x6074, 0x88B9, 0x4851, 0x182B, 0x4850, 0x9076, 0x7875, 0x404E, 0x300B, 0x5892, 
  0x80B8, 0x6074, 0x200D, 0x304F, 0x70B6, 0x8057, 0x382F, 0x100A, 0x5892, 0x90B9, 0x6053, 0x282C, 
  0x302C, 0x6073, 0x78D8, 0x3850, 0x180D, 0x5093, 0x88F8, 0x70B5, 0x282F, 0x200E, 0x70B4, 0x90D6, 
  0x3850, 0x180B, 0x684F, 0xA877, 0x5872, 0x1008, 0x502F, 0x88D8, 0x58B3, 0x200C, 0x280F, 0x68D6, 
  0x78D6, 0x4050, 0x100B, 0x48D1, 0x8176, 0x3850, 0x180B, 0x68AF, 0x7A18, 0x8115, 0x480E, 0x180E, 
  0x204F, 0x70F6, 0x70F6, 0x180D, 0x180C, 0x50F5, 0x8A1A, 0x58D1, 0x180B, 0x4090, 0x7936, 0x70D5, 
  0x404F, 0x280C, 0x48B2, 0x8157, 0x58B3, 0x202E, 0x304F, 0x68D4, 0x70F6, 0x4070, 0x380B, 0x38B0, 
  0x4239, 0x6916, 0x502E, 0x300C, 0x48D3, 0x7917, 0x5892, 0x380D, 0x384D, 0x58B3, 0x70D7, 0x3051, 
  0x300C, 0x4870, 0x59B8, 0x5135, 0x382D, 0x302C, 0x5952, 0x71B8, 0x6093, 0x300C, 0x384D, 0x68D5, 
  0x70D6, 0x304E, 0x180C, 0x4070, 0x6196, 0x4996, 0x402D, 0x384D, 0x50B1, 0x78F6, 0x4892, 0x200D, 
  0x3870, 0x70F6, 0x68D5, 0x304F, 0x180C, 0x4870, 0x8157, 0x6155, 0x302D, 0x280D, 0x58B2, 0x8936, 
  0x5071, 0x280E, 0x384F, 0x6915, 0x8139, 0x6871, 0x200C, 0x486F, 0x7116, 0x6115, 0x404E, 0x300B, 
  0x4870, 0x7116, 0x60D4, 0x304F, 0x282C, 0x5892, 0x78D7, 0x48B4, 0x302D, 0x680C, 0x4872, 0x50FB, 
  0x7872, 0x500A, 0x4070, 0x80F8, 0x88D4, 0x302F, 0x380E, 0xF86C, 0xE0B2, 0x3838, 0xC84E, 0xF88A, 
  0xA052, 0xB853, 0xF80E, 0xF00E, 0xF00F, 0xF00E, 0xF00E, 0xF00E, 0xF00E, 0xF00E, 0xF00E, 0xF00D, 
  0xF00E, 0xF00E, 0xF00E, 0xF00E, 0xF00E, 0xF00E, 0xF00E, 0xF00E, 0xF00E, 0xF00E, 0xF00E, 0xF00E, 
  0xF00E, 0xF00E, 0xF00E, 0xF00E, 0xF00E, 0xF00E, 0xF00E, 0xF00E, 0xF00E, 0xF00E, 0xF00E, 0xF00E, 
  0xF00E, 0xF00E, 0xF00E, 0xF00E, 0xF00E, 0xF00E, 0xF00E, 0xF00F, 0xF00E, 0xF00E, 0xF00E, 0xF00E, 
  0xF00E, 0xF00E, 0xF00E, 0xF00E, 0xF00E, 0xF00E, 0xF00E, 0xF00E, 0xF00E, 0xF00E, 0xF00E, 0xF00E, 
  0xF00E, 0xF00E, 0xF00E, 0xF00E, 0xF00E, 0xF00E, 0xF00E, 0xF00E, 0xF00E, 0xF00E, 0xF80F, 0xF00E, 
  0xF00E, 0xF00E, 0xF00E, 0xF00E, 0xF00E, 0xF00E, 0xF00E, 0xF00E, 0xF00E, 0xF00E, 0xF00E, 0xF00E, 
  0xF00E, 0xF00E, 0xF80F, 0xC811, 0x6094, 0xD0D0, 0xF0AE, 0x50F6, 0x8896, 0xF80D, 0x502F, 0x18D6, 
  0xB851, 0x9809, 0x280B, 0x58B3, 0x60D6, 0x602C, 0x6809, 0x48B2, 0x6137, 0x58B3, 0x400C, 0x382D, 
  0x5895, 0x70D7, 0x3891, 0x180C, 0x4890, 0x70D7, 0x60D4, 0x282C, 0x282D, 0x5874, 0x7878, 0x3810, 
  0x080B, 0x180C, 0x7996, 0x9A78, 0x59F0, 0x41AD, 0x69B3, 0x89B7, 0x7193, 0x392D, 0x38EE, 0x60D4, 
  0x70B6, 0x5091, 0x282C, 0x4050, 0x6054, 0x5854, 0x300E, 0x180B, 0x4811, 0x7016, 0x4812, 0x100C, 
  0x200D, 0x5814, 0x6016, 0x300F, 0x080A, 0x300F, 0x6016, 0x5013, 0x380D, 0x380B, 0x4055, 0x5879, 
  0x4010, 0x200B, 0x4030, 0x6895, 0x6094, 0x484D, 0x380C, 0x4872, 0x60D7, 0x5094, 0x282D, 0x304F, 
  0x60D6, 0x68B7, 0x384F, 0x180B, 0x4871, 0x78D8, 0x5893, 0x302B, 0x382C, 0x5093, 0x6117, 0x3850, 
  0x280D, 0x40F3, 0x6978, 0x60D4, 0x302F, 0x202F, 0x50D5, 0x7116, 0x3870, 0x280B, 0x5090, 0x7117, 
  0x48B2, 0x1009, 0x404F, 0x70D7, 0x60F4, 0x200C, 0x202E, 0x68D6, 0x78F7, 0x3871, 0x100D, 0x50B1, 
  0x7155, 0x58B3, 0x4891, 0x48D3, 0x5915, 0x68F4, 0x5892, 0x5092, 0x58B2, 0x60B4, 0x58B4, 0x5093, 
  0x4871, 0x58B4, 0x6915, 0x58F2, 0x50D2, 0x58D3, 0x60D4, 0x60D4, 0x50B2, 0x50B2, 0x58D3, 0x6115, 
  0x58D3, 0x50B2, 0x5892, 0x60B3, 0x58D4, 0x50B2, 0x4891, 0x50D3, 0x5136, 0x60B4, 0x5871, 0x5071, 
  0x58B3, 0x58F4, 0x50B3, 0x48B2, 0x5091, 0x50B3, 0x7114, 0x8131, 0x5090, 0x50B2, 0x5135, 0x58F4, 
  0x5092, 0x5072, 0x4913, 0x41B6, 0x50D4, 0x50B1, 0x50B2, 0x50D3, 0x50D4, 0x5092, 0x5092, 0x5092, 
  0x58F4, 0x58F3, 0x5091, 0x5091, 0x58D3, 0x68D3, 0x60B1, 0x50D2, 0x58D2, 0x60F4, 0x58D4, 0x4072, 
  0x4871, 0x50B2, 0x6115, 0x6114, 0x50B2, 0x50B2, 0x58D3, 0x60F4, 0x58B3, 0x5092, 0x58B3, 0x60D4, 
  0x60D4, 0x60B3, 0x4892, 0x50B2, 0x58D3, 0x60B3, 0x5851, 0x68F3, 0x7114, 0x60F3, 0x60F3, 0x58B1, 
  0x58B2, 0x58B3, 0x60B5, 0x68B4, 0x4870, 0x5873, 0x6094, 0x7053, 0x7852, 0x5851, 0x8851, 0x6894, 
  0x7892, 0xB08F, 0xA88F, 0xA094, 0xB0B2, 0xD089, 0xB82F, 0x9833, 0xD80F, 0xF00E, 0xF00E, 0xF00E, 
  0xF00E, 0xF00E, 0xF00E, 0xF00E, 0xF00E, 0xF00D, 0xF00D, 0xF00D, 0xF00D, 0xF00D, 0xF00D, 0xF00E, 
  0xF00D, 0xF00D, 0xF00D, 0xF00D, 0xE80D, 0xF00D, 0xF00D, 0xF00D, 0xF00D, 0xF00D, 0xF00D, 0xF00D, 
  0xF00D, 0xF00D, 0xF00D, 0xF00D, 0xF00D, 0xF00D, 0xF00D, 0xF00D, 0xF00D, 0xF00D, 0xF00D, 0xF00D, 
  0xF00D, 0xF00D, 0xF00D, 0xF00D, 0xF00D, 0xF00D, 0xF00D, 0xE80D, 0xE80D, 0xE80D, 0xE80D, 0xE80D, 
  0xE80D, 0xE80D, 0xF00D, 0xF00D, 0xF00D, 0xF00D, 0xF00D, 0xF00D, 0xF00D, 0xF00D, 0xF00D, 0xF00D, 
  0xF00E, 0xF00E, 0xF00E, 0xF00D, 0xF00D, 0xF00D, 0xF00E, 0xF00E, 0xF00E, 0xF00D, 0xF00D, 0xF00D, 
  0xE80D, 0xE80D, 0xE80D, 0xE80D, 0xE80D, 0xE80D, 0xE80D, 0xE80D, 0xE80D, 0xF00E, 0xE80E, 0xE80E, 
  0xE00F, 0xB051, 0x80F3, 0xB04F, 0xC80E, 0xB050, 0x8050, 0x7870, 0xB872, 0x7050, 0x604E, 0x6030, 
  0x2872, 0x5870, 0x7070, 0x50D3, 0x58D4, 0x58B3, 0x5092, 0x4892, 0x58B5, 0x68B5, 0x58B3, 0x48B1, 
  0x50D2, 0x60B5, 0x5894, 0x4812, 0x300F, 0x180C, 0x400F, 0x9313, 0x9BD2, 0x93B3, 0xA474, 0xB535, 
  0xB515, 0xB4F5, 0xACD4, 0xA494, 0xA494, 0xAC74, 0xA474, 0x9C34, 0x9C15, 0x93F4, 0x93B3, 0x93B3, 
  0x9373, 0x8B94, 0x8B73, 0x8352, 0x8B33, 0x8B14, 0x8B14, 0x82F3, 0x82D3, 0x82D4, 0x8AB5, 0x7A72, 
  0x6211, 0x69F3, 0x71B5, 0x6153, 0x5131, 0x5132, 0x5934, 0x58F4, 0x58B2, 0x5070, 0x5051, 0x5053, 
  0x5052, 0x4810, 0x4811, 0x4812, 0x4813, 0x4812, 0x4811, 0x4812, 0x4813, 0x4814, 0x4812, 0x4011, 
  0x4812, 0x5833, 0x5073, 0x5892, 0x5092, 0x58B3, 0x58D4, 0x5092, 0x5092, 0x50F3, 0x5134, 0x58D3, 
  0x50B2, 0x5092, 0x58F5, 0x50D5, 0x5092, 0x5092, 0x48B3, 0x58D5, 0x58B3, 0x4891, 0x50B2, 0x60D4, 
  0x50B4, 0x70D1, 0xC110, 0x88D3, 0x58D5, 0x58B2, 0x50B2, 0x6114, 0x6934, 0x68F4, 0x68F4, 0x60B4, 
  0x6093, 0x6093, 0x68D4, 0x68D4, 0x68D5, 0x5893, 0x6093, 0x68D5, 0x68D5, 0x60B3, 0x6093, 0x60F3, 
  0x60F4, 0x60D3, 0x58B3, 0x58B3, 0x68D4, 0x68F4, 0x68D4, 0x58D3, 0x60D3, 0x68D4, 0x60D4, 0x58B3, 
  0x5893, 0x60B3, 0x60B4, 0x60B4, 0x6072, 0x6872, 0x6894, 0x60D4, 0x58D3, 0x58B2, 0x58B3, 0x60D4, 
  0x68B4, 0x4853, 0x99B3, 0xFBB5, 0x68D3, 0x5894, 0x60B3, 0x60B3, 0x60D4, 0x68B4, 0x58D4, 0x4913, 
  0x58D4, 0x68D5, 0x60B4, 0x58B3, 0x6093, 0x68D4, 0x68D4, 0x60B3, 0x5052, 0x5872, 0x60D3, 0x68D4, 
  0x5093, 0x9953, 0xE232, 0x60D2, 0x60D4, 0x58B4, 0x70B2, 0x98D2, 0x70B4, 0x60B3, 0x60D3, 0x60D4, 
  0x60D4, 0x68D3, 0x68B3, 0x60B3, 0x60D3, 0x68D4, 0x68B4, 0x60B2, 0x60B2, 0x60B4, 0x68D4, 0x60B3, 
  0x5893, 0x5872, 0x6054, 0x89D9, 0x89F7, 0x58B1, 0x60D2, 0x60D3, 0x70D4, 0xB8D5, 0xA0D4, 0x6092, 
  0x9053, 0x40D5, 0x7073, 0xB80F, 0x5053, 0x48B6, 0xC851, 0xC08F, 0x4096, 0xB0B2, 0xF88C, 0x60B6, 
  0x70B3, 0xF8A7, 0xB010, 0x8813, 0xF1A6, 0xFA05, 0xF9C6, 0xF1A6, 0xF1A6, 0xF1A6, 0xF1A6, 0xF9A6, 
  0xF1A6, 0xF1A6, 0xF186, 0xF186, 0xF1A6, 0xF1A6, 0xF1A6, 0xF9A6, 0xF1A6, 0xF186, 0xF186, 0xF1A6, 
  0xF185, 0xF185, 0xF1A5, 0xF185, 0xF185, 0xF1A6, 0xF1A6, 0xF9A6, 0xF1A6, 0xF9A6, 0xF1A6, 0xF1A6, 
  0xF1A6, 0xF1A5, 0xF1A6, 0xF1A6, 0xF9A6, 0xF9A5, 0xF1A5, 0xF1A5, 0xF1C6, 0xF1C6, 0xF1A6, 0xF1A5, 
  0xF186, 0xF1A6, 0xF1A6, 0xF1A6, 0xF1A6, 0xF1A6, 0xF1A6, 0xF1A5, 0xF1A6, 0xF1A6, 0xF1A6, 0xF1A6, 
  0xF186, 0xF1A5, 0xF1A6, 0xF9A6, 0xF1A6, 0xF1A6, 0xF1A6, 0xF1A6, 0xF1A6, 0xF9A6, 0xF1A6, 0xF1A6, 
  0xF1A6, 0xF1A6, 0xF9A6, 0xF9A6, 0xF9A6, 0xF1A6, 0xF186, 0xF186, 0xF186, 0xF186, 0xF186, 0xF186, 
  0xF186, 0xF186, 0xF186, 0xF186, 0xF185, 0xF186, 0xF986, 0xF9C6, 0xF9A7, 0xB06F, 0x40B5, 0xF80D, 
  0xD02D, 0x08F5, 0xC850, 0xF80D, 0x38D6, 0x58B5, 0x8872, 0x5871, 0x780E, 0x68B3, 0x60F6, 0x68B3, 
  0x6093, 0x60B3, 0x68D4, 0x68D3, 0x60D4, 0x60B3, 0x68D4, 0x70B5, 0x7096, 0x6896, 0x5894, 0x6952, 
  0xB454, 0xA511, 0xB553, 0xE658, 0xD5D6, 0xC576, 0x8BF2, 0x8350, 0x8371, 0x8B71, 0x8B91, 0x8391, 
  0x8BB2, 0x8BB2, 0x8BD1, 0x8BD1, 0x8BF1, 0x8BF1, 0x8BF2, 0x8BF1, 0x9412, 0x9412, 0x9432, 0x9C33, 
  0x9C52, 0x9452, 0x9C53, 0xA474, 0xAC94, 0x9C93, 0x9C93, 0xA4B4, 0xA4B5, 0xA474, 0x9C73, 0xA474, 
  0xA494, 0xACB5, 0xB4D5, 0xA494, 0xA455, 0xAC16, 0xA3D6, 0x9BB5, 0x93B5, 0x9B96, 0x9B76, 0x9334, 
  0x8B14, 0x8AD4, 0x92D6, 0x8AB5, 0x8254, 0x79F4, 0x81D5, 0x91D6, 0x7934, 0x68B3, 0x78D5, 0x7895, 
  0x5813, 0x5031, 0x5811, 0x6833, 0x70B5, 0x6093, 0x5873, 0x5893, 0x5093, 0xA956, 0xF9D4, 0x7091, 
  0x5093, 0x60B4, 0x60D3, 0x58B2, 0x58B3, 0x60D4, 0x60D3, 0x58B3, 0x50B4, 0x80D3, 0xF911, 0xA0F3, 
  0x40B3, 0x60D4, 0x68D5, 0x6934, 0x6934, 0x68B4, 0x60D3, 0x6893, 0x6893, 0x60B3, 0x60B3, 0x60D3, 
  0x5093, 0xA9F0, 0xE2D0, 0x6892, 0x58B3, 0x60B3, 0x60B3, 0x58B3, 0x60B2, 0x6093, 0x58B3, 0x60B3, 
  0x60D3, 0x5894, 0x5893, 0x60D3, 0x60D3, 0x6872, 0x41B4, 0x31F5, 0x60B2, 0x6092, 0x5893, 0x5893, 
  0x6093, 0x6092, 0x58B4, 0x31F6, 0x50F3, 0x6893, 0x6093, 0x6093, 0x60B3, 0x5892, 0x7112, 0x9193, 
  0x60D3, 0x58B3, 0x60B3, 0x60B3, 0x60B3, 0x58B3, 0x58B3, 0x60B3, 0x58B3, 0x60B3, 0x60B3, 0x60B3, 
  0x60B3, 0x60D3, 0x58B3, 0x58B3, 0x78D1, 0x68B2, 0x58B3, 0x60D3, 0x58B3, 0x78F3, 0x9953, 0x58B2, 
  0x58B3, 0x4873, 0xA973, 0xFA33, 0x60B2, 0x58B3, 0x60D3, 0x6812, 0x6873, 0x60B3, 0x6893, 0x60B3, 
  0x60D2, 0x60B3, 0x6093, 0x6113, 0x49F6, 0x58B3, 0x6093, 0x60B4, 0x68D3, 0x70B2, 0x6093, 0x6115, 
  0x6114, 0x68B2, 0x60B2, 0x5072, 0x58B2, 0xC0F4, 0xB915, 0x50B2, 0x7872, 0x7052, 0x7031, 0x6053, 
  0x6073, 0x7051, 0x7892, 0x8893, 0xA052, 0xB051, 0x9092, 0xB86E, 0xC84F, 0x9873, 0xC06F, 0xF08A, 
  0xFAC2, 0xFB60, 0xFB01, 0xFAE1, 0xFAE1, 0xFAE1, 0xFAE1, 0xFAE2, 0xFAE2, 0xFAE2, 0xFAE1, 0xFAE1, 
  0xFAE1, 0xFAE1, 0xFAE1, 0xFAE1, 0xFAE1, 0xFAC1, 0xFAC1, 0xFAC1, 0xFAC1, 0xFAE1, 0xFAE1, 0xFAC1, 
  0xFAC1, 0xFAC1, 0xFAC1, 0xFAE1, 0xFAE1, 0xFAE1, 0xFAE1, 0xFAE1, 0xFAE1, 0xFAE1, 0xFAE1, 0xFAE1, 
  0xFAE1, 0xFAE1, 0xFAE1, 0xFAE1, 0xFAE2, 0xFAE2, 0xFAE2, 0xFAC1, 0xFAC1, 0xFAE1, 0xFAE2, 0xFAE2, 
  0xFAE2, 0xFAE2, 0xFAE2, 0xFAE1, 0xFAE2, 0xFAE2, 0xFAE2, 0xFAE2, 0xFAE1, 0xFAC1, 0xFAC1, 0xFAC1, 
  0xFAC1, 0xFAC1, 0xFAC1, 0xFAC1, 0xFAC1, 0xFAC1, 0xFAC1, 0xFAE1, 0xFAE2, 0xFAE2, 0xFAE2, 0xFAE2, 
  0xFAE1, 0xFAC1, 0xFAC1, 0xFAC1, 0xFAC1, 0xFAC1, 0xFAC1, 0xFAC1, 0xFAC1, 0xFAC1, 0xFAC1, 0xFAC1, 
  0xFAC1, 0xFAC1, 0xFAE1, 0xFB01, 0xFB22, 0xE08C, 0xC830, 0xB051, 0xA871, 0xA86F, 0xA050, 0x9051, 
  0x6092, 0x8072, 0x5094, 0x6891, 0xB00F, 0x68B3, 0x68B3, 0x6093, 0x60B3, 0x60B3, 0x58B3, 0xEA92, 
  0xB9B1, 0x5053, 0x60B4, 0x78F6, 0x5872, 0x1007, 0x7B4F, 0xBDF3, 0xEF16, 0xFFBA, 0xE657, 0x7330, 
  0x7352, 0x8392, 0x8BD2, 0x93F3, 0x8BD3, 0x93D2, 0x93F3, 0x9C13, 0x9C14, 0x9C34, 0xA454, 0xA453, 
  0xA433, 0x9C14, 0x93F3, 0x93D2, 0x93D3, 0x93D3, 0x93D2, 0x93D2, 0x8BD2, 0x8BB2, 0x8BB2, 0x8BB2, 
  0x8BB1, 0x8391, 0x8391, 0x8351, 0x7B71, 0x8371, 0x8391, 0x8BB1, 0x8BB2, 0x8BF2, 0x9412, 0x9412, 
  0x9412, 0x9432, 0x9C53, 0x9C73, 0x9C73, 0x9C73, 0x9C73, 0xA474, 0xA494, 0xA494, 0xA494, 0xA494, 
  0x9C94, 0x9C74, 0xA474, 0xA4B5, 0x9C55, 0x9BF4, 0xA3D5, 0x7A93, 0x5151, 0x6992, 0x71B2, 0x6951, 
  0x4850, 0x58D4, 0x5892, 0x5051, 0x5853, 0x90F6, 0xA914, 0x68B2, 0x58B3, 0x60B3, 0x58B3, 0x58B3, 
  0x58B4, 0x58B2, 0x58B3, 0x58B3, 0x58B3, 0x5893, 0x80B3, 0x80F4, 0x68B3, 0x60B3, 0x60B3, 0x6914, 
  0x6934, 0x68B4, 0x6893, 0x5134, 0x5154, 0x60B3, 0x60D3, 0x4873, 0x8993, 0xFC71, 0xFC6F, 0xA1B2, 
  0x4853, 0x58D3, 0x58D3, 0x68B2, 0x9852, 0x7092, 0x50B3, 0x58B3, 0x60D3, 0x7913, 0x70F3, 0x60B3, 
  0x60B3, 0x60B3, 0x5113, 0x4933, 0x58B3, 0x60B3, 0x60B2, 0x6092, 0x6093, 0x6093, 0x58B3, 0x4914, 
  0x58B3, 0x6094, 0x4853, 0x5873, 0x60B3, 0x60D3, 0x58B3, 0x4853, 0x60B3, 0x60B3, 0x60B3, 0x60B3, 
  0x60B3, 0x6893, 0x60B3, 0x60B3, 0x60B3, 0x60B3, 0x58B2, 0x58B3, 0x60B3, 0x60B3, 0x60B3, 0x50B2, 
  0xDA11, 0x9112, 0x5093, 0x60D2, 0x60D3, 0x58B3, 0x5073, 0x60B3, 0x60B2, 0x58B3, 0x78F3, 0x8133, 
  0x60B3, 0x50B3, 0x5811, 0xEBB2, 0xC1D1, 0x4012, 0x60B3, 0x60B3, 0x60B3, 0x60B3, 0x60B3, 0x58D2, 
  0x5113, 0x60B3, 0x60B3, 0x5093, 0xA152, 0xE9D1, 0x60D2, 0x5092, 0x5893, 0x60B4, 0x68B2, 0xA171, 
  0x70F2, 0x60D2, 0x60D3, 0x58D3, 0x4196, 0xA052, 0x7810, 0x28B5, 0x9830, 0xD80B, 0x5053, 0x3075, 
  0xE84D, 0xB850, 0x38B7, 0xF86C, 0xF80D, 0x4057, 0xD0AE, 0xF8A8, 0xFA83, 0xFAE2, 0xFAA2, 0xFA82, 
  0xFA82, 0xFA82, 0xFA82, 0xFA82, 0xFA82, 0xFA82, 0xFA82, 0xFA82, 0xFA82, 0xFA82, 0xFA82, 0xFA82, 
  0xFA82, 0xFA82, 0xFA82, 0xFA82, 0xFA82, 0xFA82, 0xFA82, 0xFA82, 0xFA82, 0xFA82, 0xFA82, 0xFA82, 
  0xFA82, 0xFA82, 0xFA82, 0xFA82, 0xFA82, 0xFA82, 0xFA82, 0xFA82, 0xFA82, 0xFA82, 0xFA82, 0xFA82, 
  0xFA82, 0xFA82, 0xFA82, 0xFA82, 0xFA82, 0xFA82, 0xFA82, 0xFAA2, 0xFAA2, 0xFAA2, 0xFA82, 0xFA82, 
  0xFA82, 0xFA82, 0xFA82, 0xFA82, 0xFA82, 0xFA82, 0xFA82, 0xFA82, 0xFA82, 0xFA82, 0xFA82, 0xFA82, 
  0xFA82, 0xFA82, 0xFA82, 0xFA82, 0xFA82, 0xFA82, 0xFAA2, 0xFAA2, 0xFA82, 0xFA82, 0xFA82, 0xFA62, 
  0xFA62, 0xFA62, 0xFA62, 0xFA62, 0xFA82, 0xFA82, 0xFA82, 0xFA62, 0xFA82, 0xFA82, 0xFAA2, 0xFAA2, 
  0xFAA2, 0xF089, 0xF80C, 0x6891, 0x80B2, 0xF80C, 0x6871, 0x18F3, 0xE80D, 0x9051, 0x6092, 0x904F, 
  0x5072, 0x5892, 0x7072, 0x60B3, 0x68D4, 0x68B3, 0x60D3, 0x9192, 0xA910, 0x7092, 0x60F5, 0x60D2, 
  0x1865, 0x29A3, 0x4A68, 0x3187, 0x20E6, 0x2106, 0x20C5, 0x18C6, 0x20E6, 0x2106, 0x20E6, 0x18C6, 
  0x20C6, 0x20E5, 0x20C6, 0x20E6, 0x2107, 0x3129, 0x3149, 0x39AB, 0x41EC, 0x49ED, 0x524D, 0x5A8E, 
  0x62AF, 0x62CF, 0x6AD0, 0x6B10, 0x7330, 0x7B50, 0x7B71, 0x8391, 0x8BB2, 0x8BD2, 0x93F3, 0x93F4, 
  0x9C14, 0x9BF3, 0x9C13, 0x9C14, 0x9C13, 0x93F3, 0x93D2, 0x93D2, 0x8BD2, 0x8BD2, 0x93B2, 0x93B2, 
  0x8BB2, 0x8B92, 0x8B71, 0x8371, 0x8371, 0x8371, 0x8371, 0x8391, 0x8371, 0x8391, 0x8391, 0x8392, 
  0x83B2, 0x8BD2, 0x83F2, 0x8BD2, 0x8BF3, 0x9413, 0xA475, 0x8392, 0x294C, 0x30EB, 0x9333, 0xABB5, 
  0x71D2, 0x5072, 0x5834, 0x5894, 0x60B3, 0x6093, 0x58B3, 0x60B3, 0x58B2, 0x58B3, 0x5892, 0x58B2, 
  0x58B2, 0x58D3, 0x48B4, 0x70B2, 0x8892, 0x60B3, 0x60B3, 0x6913, 0x6934, 0x60B3, 0x6893, 0x41D5, 
  0x41B5, 0x6093, 0x60D3, 0x58B4, 0x60B3, 0xD331, 0xFBF1, 0x70D2, 0x4872, 0x58B2, 0x58D3, 0x70B2, 
  0xA051, 0x6893, 0x50B3, 0x50B2, 0x50B2, 0xFB75, 0xD2D5, 0x4072, 0x58D3, 0x58D3, 0x6092, 0x6092, 
  0x60B2, 0x4893, 0xB152, 0xF9D2, 0x60B2, 0x5893, 0x58D3, 0x6093, 0x58B4, 0x5052, 0xA0EF, 0x70D2, 
  0x5893, 0x60D3, 0x60B3, 0x68D3, 0x5872, 0x4892, 0x60D3, 0x60B3, 0x70B3, 0xA054, 0x7894, 0x58B3, 
  0x6093, 0x58B3, 0x60B2, 0x68B2, 0x60B3, 0x58B3, 0x60D3, 0x58B2, 0x8112, 0x70D3, 0x58B3, 0x60D3, 
  0x60D3, 0x60D3, 0x60D3, 0x60B3, 0x5072, 0x6092, 0x58B3, 0x5094, 0x50B4, 0x6832, 0xB98F, 0xFF34, 
  0xECF2, 0x9170, 0x6092, 0x60B3, 0x60B3, 0x60B3, 0x60B3, 0x48B3, 0x5092, 0x6093, 0x60B3, 0x58B3, 
  0x78F2, 0x9132, 0x60D3, 0x60D4, 0x60B3, 0x58B3, 0x60B2, 0xEA91, 0x7932, 0x48B2, 0x58D3, 0x68B2, 
  0x329B, 0x31BA, 0x7011, 0x8032, 0x5872, 0x7871, 0x9894, 0xB052, 0x5072, 0x9871, 0xE04D, 0x9073, 
  0x9091, 0xD86B, 0xC02F, 0xE0AB, 0xFAC2, 0xFAC2, 0xFAA3, 0xFA83, 0xFA82, 0xFA83, 0xFA83, 0xFA83, 
  0xFA83, 0xFA83, 0xFA83, 0xFA83, 0xFA82, 0xFA82, 0xFA83, 0xFA83, 0xFA83, 0xFA83, 0xFA83, 0xFA83, 
  0xFA83, 0xFA82, 0xFA82, 0xFA82, 0xFA82, 0xFA82, 0xFA82, 0xFA63, 0xFA83, 0xFA83, 0xFA83, 0xFA83, 
  0xFA83, 0xFA83, 0xFA83, 0xFA82, 0xFA83, 0xFA82, 0xFA83, 0xFA83, 0xFA83, 0xFA83, 0xFA83, 0xFA83, 
  0xFA83, 0xFA82, 0xFA83, 0xFAA2, 0xFAA3, 0xFA83, 0xFA83, 0xFA83, 0xFA83, 0xFA83, 0xFA83, 0xFA83, 
  0xFA83, 0xFA83, 0xFA82, 0xFA82, 0xFA82, 0xFA82, 0xFA82, 0xFA82, 0xFA82, 0xFA82, 0xFA82, 0xFA83, 
  0xFA83, 0xFA82, 0xFA83, 0xFA83, 0xFA83, 0xFA82, 0xFA82, 0xFA62, 0xFA83, 0xFA63, 0xFA83, 0xFA83, 
  0xFA82, 0xFA82, 0xFA82, 0xFA82, 0xFA83, 0xFA82, 0xFAA2, 0xFAA2, 0xFAA2, 0xE968, 0x8830, 0xB86E, 
  0xC04E, 0x8872, 0xA090, 0xA86E, 0x9030, 0x4073, 0xB973, 0xA8B1, 0x3052, 0x6850, 0x8050, 0xC153, 
  0x9154, 0x60D3, 0x68D3, 0x5093, 0x60B3, 0x68F3, 0x78F6, 0x1008, 0x4AC7, 0xFFBD, 0xC578, 0xB4D7, 
  0xA496, 0xA475, 0xACB5, 0xACD5, 0xB4F5, 0xACF5, 0xA494, 0x9C32, 0x9412, 0x93F1, 0x8BD0, 0x7B4F, 
  0x6ACE, 0x62AD, 0x420B, 0x2929, 0x18E8, 0x18C7, 0x2107, 0x2108, 0x18C7, 0x1086, 0x0846, 0x0025, 
  0x0005, 0x0005, 0x0005, 0x0006, 0x0008, 0x0029, 0x0868, 0x10CA, 0x210B, 0x294C, 0x296C, 0x41EE, 
  0x628F, 0x62CF, 0x6B10, 0x8391, 0x8392, 0x8BB2, 0x8BB2, 0x93D3, 0x93D3, 0x93D2, 0x8BB2, 0x93D3, 
  0x93F3, 0x93F3, 0x9BF4, 0x9C14, 0x9C14, 0x9C14, 0x9C14, 0x9C14, 0x9C14, 0x9C14, 0x93F4, 0x93F4, 
  0x9BF3, 0x93F3, 0x93F3, 0x9BF3, 0xA454, 0x7B90, 0x6B2F, 0x4A8D, 0x3A4C, 0x21AA, 0x4910, 0x6894, 
  0x6093, 0x60B3, 0x58B4, 0x60B2, 0x5893, 0x4092, 0x50B2, 0x58B2, 0x58B3, 0x58D3, 0x58D3, 0x60B3, 
  0x60B2, 0x60D3, 0x60D3, 0x6913, 0x6934, 0x68D3, 0x60D3, 0x58D3, 0x58F3, 0x60D3, 0x60D3, 0x60D3, 
  0x5873, 0x60F3, 0x8132, 0x5872, 0x58D3, 0x60B2, 0x58D3, 0x58D3, 0x58B2, 0x58D3, 0x58B3, 0x58B3, 
  0x58B3, 0x8992, 0x8173, 0x58B3, 0x60D3, 0x60B3, 0x58B2, 0x58B2, 0x58D3, 0x5093, 0x9933, 0xD9D2, 
  0x60B3, 0x50B3, 0x58B3, 0x6093, 0x58B3, 0xB9EE, 0xFB8C, 0xD1F0, 0x4873, 0x58D3, 0x60F3, 0x5893, 
  0x9973, 0xC1F2, 0x58B3, 0x58B3, 0x70B3, 0xA054, 0x7894, 0x5113, 0x58D4, 0x50B2, 0x78B2, 0xC892, 
  0x70B2, 0x50D3, 0x60D3, 0x60D3, 0x4893, 0x58B3, 0x60D3, 0x60F3, 0x60D3, 0x60D3, 0x60B3, 0x70D2, 
  0x8933, 0x60D4, 0x6093, 0x60B3, 0x50B4, 0x800F, 0xFC72, 0xFFF5, 0xFF14, 0xFC52, 0x6852, 0x58B3, 
  0x60B3, 0x60B3, 0x68B3, 0xA175, 0x7933, 0x5072, 0x60B2, 0x60B3, 0x58B3, 0x5093, 0x60D3, 0x60B3, 
  0x60D3, 0x60B3, 0x58B3, 0x7112, 0x68D3, 0x60D3, 0x60D2, 0x60D3, 0x7135, 0x60D6, 0x5852, 0xB00F, 
  0x8031, 0x30F4, 0xA8B2, 0xF810, 0x2054, 0x8050, 0xF80A, 0x6095, 0x60B3, 0xF869, 0xC010, 0xE1C8, 
  0xFAE0, 0xFAA2, 0xFAA3, 0xFAA2, 0xFA83, 0xFA82, 0xFA82, 0xFA83, 0xFA83, 0xFA82, 0xFA82, 0xFA82, 
  0xFA82, 0xFA82, 0xFA82, 0xFA82, 0xFA82, 0xFA82, 0xFA82, 0xFA82, 0xFA82, 0xFA82, 0xFA82, 0xFA82, 
  0xFA82, 0xFA82, 0xFA82, 0xFA82, 0xFA82, 0xFA82, 0xFA82, 0xFA82, 0xFA82, 0xFA82, 0xFA82, 0xFA82, 
  0xFA82, 0xFA83, 0xFA82, 0xFA83, 0xFA82, 0xFA82, 0xFA82, 0xFA82, 0xFA82, 0xFA82, 0xFA82, 0xFA82, 
  0xFA83, 0xFA83, 0xFA82, 0xFA82, 0xFA82, 0xFA82, 0xFA82, 0xFA82, 0xFA82, 0xFA82, 0xFA82, 0xFA82, 
  0xFA82, 0xFA82, 0xFA82, 0xFA82, 0xFA82, 0xFA82, 0xFA82, 0xFA82, 0xFA82, 0xFA82, 0xFA83, 0xFA83, 
  0xFA83, 0xFA82, 0xFA82, 0xFA82, 0xFA62, 0xFA62, 0xFA62, 0xFA82, 0xFA82, 0xFA82, 0xFA82, 0xFA82, 
  0xFA82, 0xFA82, 0xFA83, 0xFA82, 0xFAC1, 0xE206, 0x6071, 0xF82C, 0xE80D, 0x20D3, 0xC06E, 0xF80B, 
  0x48F5, 0x8995, 0xD193, 0x88F3, 0x6810, 0x7830, 0x5890, 0xD933, 0xB135, 0x58B3, 0x60D3, 0x60D3, 
  0x60B3, 0x60D2, 0x78F6, 0x1008, 0x6B6A, 0xCE1A, 0x4A0E, 0x730E, 0x72EE, 0x6AED, 0x7B4E, 0x838F, 
  0x83AF, 0x8BD0, 0x83D0, 0x93D0, 0x8BD1, 0x93F2, 0xA473, 0xB4F4, 0xB515, 0xC556, 0xCDB8, 0xCD97, 
  0xC576, 0xCD96, 0xCD96, 0xCD97, 0xCD96, 0xD5F6, 0xD5F7, 0xD5F7, 0xBD76, 0xACF6, 0xACD5, 0x9433, 
  0x7372, 0x6B51, 0x62EF, 0x4A4C, 0x31CA, 0x31AA, 0x31AB, 0x31AB, 0x39AA, 0x39A9, 0x2949, 0x088A, 
  0x18CA, 0x18CA, 0x1089, 0x1089, 0x10A9, 0x10A9, 0x10C9, 0x18E9, 0x210A, 0x292A, 0x314B, 0x318B, 
  0x39CC, 0x41CC, 0x49EC, 0x524D, 0x5A6D, 0x628F, 0x6ACF, 0x72F0, 0x7B30, 0x8BB3, 0x8BB3, 0x7B32, 
  0x6AB0, 0x62F0, 0x31ED, 0x0047, 0x21AB, 0x2A0B, 0x29CC, 0x50D2, 0x60B4, 0x60B4, 0x60B3, 0x50B3, 
  0x70D2, 0xB151, 0x68D2, 0x5893, 0x58B3, 0x60D3, 0x60D3, 0x60B3, 0x60B3, 0x60B2, 0x60D3, 0x6914, 
  0x6934, 0x68B4, 0x60D3, 0x60D3, 0x60D3, 0x58D3, 0x60B3, 0x60D4, 0x60D3, 0x5093, 0x4833, 0x60B3, 
  0x60B3, 0x60B3, 0x60D2, 0x7092, 0x6892, 0x58B3, 0x60B3, 0x6093, 0x58B3, 0x4853, 0x5093, 0x68D3, 
  0x60D2, 0x60D3, 0x60D3, 0x60B3, 0x60B3, 0x60B3, 0x5893, 0x4893, 0x58D3, 0x60B3, 0x58B3, 0x5893, 
  0x58B3, 0xEACF, 0xFBCD, 0xC9EF, 0x5893, 0x60D3, 0x60D3, 0x5093, 0xA993, 0xE213, 0x5093, 0x58D3, 
  0x60D3, 0x68D3, 0x68B3, 0x49B6, 0x4976, 0x5872, 0x70B3, 0xA092, 0x68D2, 0x58D3, 0x60B3, 0x58D2, 
  0x60D3, 0x60D3, 0x60D3, 0x60D2, 0x60B2, 0x60D3, 0x58D3, 0x8112, 0xAA74, 0x41F6, 0x5873, 0x60B3, 
  0x58B3, 0x6092, 0x9050, 0xFDD3, 0xFB71, 0x9031, 0x58D3, 0x60D3, 0x60B3, 0x58B3, 0x68B3, 0xB974, 
  0x9113, 0x5872, 0x6093, 0x60B3, 0x60B3, 0x60B3, 0x60B3, 0x60B3, 0x60B3, 0x60B3, 0x60B3, 0x5093, 
  0x58B3, 0x60B3, 0x58D3, 0x58F3, 0x7872, 0x8812, 0x5892, 0x6092, 0x7073, 0x7071, 0x6851, 0x6093, 
  0xA030, 0xA030, 0x60B4, 0xD04F, 0xD84E, 0x8034, 0xD88F, 0xFAA2, 0xFAE0, 0xFAC2, 0xFAA2, 0xFAA2, 
  0xFAA2, 0xFAA2, 0xFAA2, 0xFAA2, 0xFAA2, 0xFAA2, 0xFAA2, 0xFAA2, 0xFAA2, 0xFAA2, 0xFA82, 0xFA82, 
  0xFAA1, 0xFAA1, 0xFAA1, 0xFAA1, 0xFAA1, 0xFAA1, 0xFA81, 0xFA81, 0xFA81, 0xFAA1, 0xFAA1, 0xFA82, 
  0xFAA2, 0xFAA2, 0xFAA2, 0xFAA2, 0xFAA2, 0xFAA2, 0xFAA2, 0xFAA2, 0xFAA1, 0xFAA2, 0xFAA2, 0xFAA2, 
  0xFAA2, 0xFAA1, 0xFAA2, 0xFAA1, 0xFAA1, 0xFAA2, 0xFAA1, 0xFAA2, 0xFAA2, 0xFAA2, 0xFAA1, 0xFAA1, 
  0xFAA1, 0xFAA1, 0xFAA2, 0xFAA2, 0xFAA2, 0xFAA2, 0xFAA2, 0xFAA2, 0xFAA1, 0xFAA1, 0xFAA2, 0xFAA1, 
  0xFAA1, 0xFAA1, 0xFAA1, 0xFAA1, 0xFAA1, 0xFAA2, 0xFAA2, 0xFAA2, 0xFAA2, 0xFAA2, 0xFAA1, 0xFAA1, 
  0xFAA1, 0xFAA1, 0xFAA1, 0xFAA1, 0xFAA1, 0xFAA1, 0xFAA1, 0xFA81, 0xFAA1, 0xFAA2, 0xFAA2, 0xFAA1, 
  0xFAC1, 0xFA83, 0xF08B, 0xC030, 0xA070, 0xC84D, 0xA050, 0x904F, 0xB8B3, 0xB114, 0x5072, 0x5072, 
  0x8011, 0x6092, 0x5091, 0x98B3, 0x80B3, 0x58B3, 0x60B3, 0x60D3, 0x60D3, 0x60D3, 0x70D6, 0x1809, 
  0x6309, 0xD63A, 0x0005, 0x0000, 0x0000, 0x0003, 0x0002, 0x0000, 0x0000, 0x0000, 0x0000, 0x0000, 
  0x0000, 0x0000, 0x0000, 0x0000, 0x0000, 0x0001, 0x0021, 0x1062, 0x18A3, 0x18C4, 0x2105, 0x2926, 
  0x3166, 0x4A07, 0x5A89, 0x6B0A, 0x838C, 0x8BCD, 0x93EE, 0x9C4F, 0xACD1, 0xBD33, 0xCD75, 0xCDB6, 
  0xD5D6, 0xDDF6, 0xDE18, 0xDDF8, 0xD5F8, 0xF6B9, 0xE63A, 0x9C57, 0x9C56, 0x9456, 0x8BD4, 0x6B10, 
  0x62AF, 0x5A8F, 0x524D, 0x49EC, 0x41CB, 0x41CC, 0x41CB, 0x41CB, 0x398A, 0x316A, 0x294A, 0x10A8, 
  0x0047, 0x0007, 0x0007, 0x0028, 0x0006, 0x18E9, 0x5270, 0x3A0D, 0x21AB, 0x29AB, 0x322E, 0x292A, 
  0x298C, 0x296C, 0x18EA, 0x108B, 0x60D4, 0x68B4, 0x60B3, 0x50B4, 0x78F3, 0xE1B2, 0x70D2, 0x50D3, 
  0x60D3, 0x60B3, 0x60D3, 0x60D3, 0x60B3, 0x60B3, 0x60D3, 0x6913, 0x6934, 0x60D3, 0x60D3, 0x60D3, 
  0x60D3, 0x60D3, 0x60D3, 0x60D3, 0x60D3, 0x58B3, 0x58B3, 0x60B3, 0x58B3, 0x58D3, 0x60D3, 0x9072, 
  0x7873, 0x50B3, 0x60B3, 0x58B3, 0x60B3, 0x6894, 0x60B4, 0x6893, 0x6892, 0x60B3, 0x60D3, 0x60B3, 
  0x60B3, 0x60B3, 0x58B3, 0x58B3, 0x60B3, 0x60D3, 0x60B3, 0x60B3, 0x58B4, 0x70B1, 0xC1B0, 0x68F2, 
  0x58B3, 0x60D3, 0x60F3, 0x68D3, 0x5892, 0x5093, 0x60D3, 0x60D3, 0x60D3, 0x60F3, 0x60D3, 0x5935, 
  0x58F5, 0x60B3, 0x58B3, 0x58B2, 0x60D3, 0x60B3, 0x60B3, 0x60D3, 0x60B3, 0x60B3, 0x60B3, 0x60D3, 
  0x60D3, 0x58F3, 0x60F3, 0x68F3, 0x5912, 0x5134, 0x60D3, 0x60B3, 0x60D3, 0x50F3, 0x5012, 0xCA32, 
  0xB971, 0x4812, 0x58D3, 0x60B3, 0x68B3, 0x5892, 0x5892, 0x6092, 0x60B2, 0x60B2, 0x60B2, 0x58D3, 
  0x58B3, 0x60B3, 0x60B2, 0x60D3, 0x58B2, 0x60B3, 0x60B3, 0x6093, 0x6093, 0x60B3, 0x58B3, 0x58D3, 
  0x60D3, 0x6893, 0x8832, 0x48B4, 0x48D3, 0xB00F, 0x7071, 0x18F4, 0xE02E, 0xC82F, 0x20D7, 0xF04D, 
  0xF82C, 0x7035, 0xE04D, 0xFA62, 0xFB02, 0xFAA3, 0xFAA2, 0xFAA2, 0xFAA2, 0xFAA2, 0xFAA2, 0xFAA2, 
  0xFAA2, 0xFAA2, 0xFAA2, 0xFAA2, 0xFAA2, 0xFAA2, 0xFA82, 0xFA82, 0xFA82, 0xFAA2, 0xFAA2, 0xFAA2, 
  0xFAA2, 0xFAA2, 0xFAA2, 0xFA82, 0xFA82, 0xFAA2, 0xFAA2, 0xFA82, 0xFAA2, 0xFAA2, 0xFAA2, 0xFAA2, 
  0xFAA2, 0xFAA2, 0xFAA2, 0xFAA2, 0xFAA2, 0xFAA2, 0xFAA2, 0xFAA2, 0xFAA2, 0xFAA2, 0xFAA2, 0xFAA2, 
  0xFAA2, 0xFAA2, 0xFAA2, 0xFAA2, 0xFAA2, 0xFAA2, 0xFAA2, 0xFAA2, 0xFAA2, 0xFAA2, 0xFAA2, 0xFAA2, 
  0xFAA2, 0xFAA2, 0xFAA2, 0xFAA2, 0xFAA2, 0xFAA2, 0xFAA2, 0xFAA2, 0xFAA2, 0xFAA2, 0xFAA2, 0xFAA2, 
  0xFA82, 0xFA82, 0xFA82, 0xFAA2, 0xFAA2, 0xFAA2, 0xFAA2, 0xFAA2, 0xFAA2, 0xFAA2, 0xFA82, 0xFAA2, 
  0xFA82, 0xFA82, 0xFAA2, 0xFA82, 0xFAA2, 0xFAA2, 0xFAA2, 0xFAC3, 0xFAC2, 0xFAA3, 0xF8CA, 0x8092, 
  0x78D2, 0xF80A, 0x8091, 0x30F4, 0xF82B, 0xA00F, 0x2872, 0x8031, 0x6073, 0x50B2, 0x7872, 0x6092, 
  0x58B3, 0x60B4, 0x60B3, 0x60B3, 0x68B3, 0x60B3, 0x70F6, 0x1809, 0x6309, 0xD619, 0x0028, 0x0004, 
  0x0002, 0x0869, 0x5230, 0x6AD2, 0x5A90, 0x5A90, 0x524F, 0x4A2E, 0x41EC, 0x39CD, 0x316C, 0x290A, 
  0x18C9, 0x10A8, 0x1066, 0x0046, 0x0006, 0x0006, 0x0004, 0x0003, 0x0003, 0x0002, 0x0000, 0x0000, 
  0x0000, 0x0000, 0x0000, 0x0000, 0x0000, 0x0000, 0x0000, 0x0000, 0x0001, 0x1063, 0x1063, 0x18A4, 
  0x20E5, 0x41E8, 0x5A8A, 0x62EC, 0x62ED, 0x6B2E, 0x736F, 0x7B71, 0x7B92, 0x7BB2, 0x83B3, 0x83D3, 
  0x8BF4, 0x9436, 0x9C55, 0xA496, 0xBD18, 0xC539, 0xB4F8, 0x9C56, 0x83B4, 0x6B13, 0x62D2, 0x62B2, 
  0x62D2, 0x1087, 0x0005, 0x3A2E, 0x3A2D, 0x296C, 0x212B, 0x10A8, 0x1889, 0x1089, 0x104A, 0x0048, 
  0x308C, 0x70F5, 0x60D4, 0x60D3, 0x60D3, 0x5093, 0x58D2, 0x60D2, 0x60D3, 0x60D3, 0x60B3, 0x60B3, 
  0x60D2, 0x60B3, 0x60B3, 0x6913, 0x6934, 0x60D3, 0x60D3, 0x60D3, 0x60D3, 0x60D3, 0x60B3, 0x60D3, 
  0x58D4, 0x68B2, 0x68D2, 0x58D3, 0x60B3, 0x60B2, 0x60D3, 0x60D3, 0x58D3, 0x60B3, 0x58B3, 0x5873, 
  0x60B4, 0x68B3, 0x70D4, 0x4218, 0x4196, 0x6893, 0x60B3, 0x50B3, 0x60D3, 0x60D3, 0x60B3, 0x60B3, 
  0x60B3, 0x60D3, 0x58D3, 0x58D3, 0x60D3, 0x50D3, 0x4893, 0x60D3, 0x60F3, 0x60D3, 0x60F3, 0x5913, 
  0x58F4, 0x58D3, 0x60D3, 0x60D3, 0x60D3, 0x60D3, 0x60D4, 0x60B3, 0x5072, 0x5893, 0x60D3, 0x58D3, 
  0x60D3, 0x60D3, 0x60B3, 0x60D3, 0x60D3, 0x50D3, 0x60B3, 0x68B3, 0x60D3, 0x7011, 0x6892, 0x6112, 
  0x60D3, 0x60B3, 0x60D3, 0x60D3, 0x70B2, 0x70B2, 0x60F3, 0x5052, 0x5072, 0x60D3, 0x60D3, 0x60D3, 
  0x5893, 0xC1F3, 0xA193, 0x4892, 0x58D3, 0x60D3, 0x68D2, 0x90B3, 0x70B3, 0x58D3, 0x60B3, 0x58B3, 
  0x58D3, 0x58B3, 0x60B3, 0x60B3, 0x58B4, 0x7093, 0xC012, 0x8872, 0x4913, 0x60D3, 0x6093, 0x60B3, 
  0x7072, 0x48B3, 0x7892, 0xB050, 0x5892, 0xA071, 0xE04D, 0x70B1, 0x8091, 0xF82B, 0xF84B, 0xF109, 
  0xF10A, 0xF0EA, 0xF0EA, 0xF0EA, 0xF0EA, 0xF0EA, 0xF0EA, 0xF0EA, 0xF0EA, 0xF0CA, 0xF0CA, 0xF0CA, 
  0xF0EA, 0xF0CA, 0xF0CA, 0xF0CA, 0xF0CA, 0xF0CA, 0xF0CA, 0xF0CA, 0xF0CA, 0xF0CA, 0xF0CA, 0xF0CA, 
  0xF0CA, 0xF0CA, 0xF0EA, 0xF0CA, 0xF0CA, 0xF0CA, 0xF0CA, 0xF0CA, 0xF0CA, 0xF0CA, 0xF0CA, 0xF0CA, 
  0xF0EA, 0xF0CA, 0xF0CA, 0xF0CA, 0xF0CA, 0xF0CA, 0xF0CA, 0xF0CA, 0xF0CA, 0xF0CA, 0xF0CA, 0xF0CA, 
  0xF0EA, 0xF0CA, 0xF0CA, 0xF0CA, 0xF0CA, 0xF0CA, 0xF0CA, 0xF0EA, 0xF0EA, 0xF0CA, 0xF0CA, 0xF0CA, 
  0xF0CA, 0xF0CA, 0xF0CA, 0xF0CA, 0xF0CA, 0xF0CA, 0xF0CA, 0xF0CA, 0xF0CA, 0xF0CA, 0xE8CA, 0xF0CA, 
  0xF0EA, 0xF0EA, 0xF0EA, 0xF0EA, 0xF0CA, 0xF0CA, 0xF0CA, 0xF0CA, 0xF0CA, 0xF0CA, 0xF0CA, 0xF0CA, 
  0xF0EA, 0xF0EA, 0xF0EB, 0xF0EA, 0xF10A, 0xF0EB, 0xF86E, 0xE86D, 0xB090, 0x78D3, 0xC08F, 0xD0AE, 
  0x8092, 0x6072, 0x7090, 0x6872, 0x6093, 0x6892, 0x58B3, 0x58D3, 0x60D3, 0x68D3, 0x58B3, 0x5052, 
  0x60B3, 0x60D3, 0x70F6, 0x1809, 0x62E9, 0xD5F8, 0x0828, 0x0005, 0x0867, 0x290C, 0x396C, 0x7B32, 
  0x8BB3, 0x83B3, 0x8BD3, 0x8BD4, 0x93F5, 0x93F5, 0x93F5, 0x93F5, 0x93F5, 0x9416, 0x9BF6, 0x93D6, 
  0x8BB5, 0x8BB5, 0x7B73, 0x7333, 0x7313, 0x6B13, 0x62F2, 0x5270, 0x4210, 0x41CE, 0x41CE, 0x318D, 
  0x292C, 0x210B, 0x18CA, 0x1088, 0x0027, 0x0006, 0x0005, 0x0004, 0x0003, 0x0002, 0x0000, 0x0000, 
  0x0000, 0x0000, 0x0000, 0x0001, 0x0002, 0x0002, 0x0003, 0x0003, 0x0003, 0x0004, 0x0004, 0x0845, 
  0x2107, 0x3989, 0x41CA, 0x420B, 0x522C, 0x526C, 0x5AAD, 0x62CE, 0x7B52, 0x7352, 0x2109, 0x210A, 
  0x18A8, 0x0848, 0x1028, 0x0827, 0x1069, 0x18AA, 0x18AA, 0x0066, 0x1826, 0x78F7, 0x68D4, 0x68D4, 
  0x60D3, 0x58D3, 0x60D4, 0x60D3, 0x60D3, 0x60B3, 0x60B3, 0x68D3, 0x5893, 0x5873, 0x60F3, 0x7114, 
  0x6954, 0x60D4, 0x60D3, 0x60D3, 0x60D3, 0x60D3, 0x60D3, 0x60D4, 0x4894, 0xC1D2, 0xA991, 0x48B3, 
  0x60D3, 0x60D3, 0x60B3, 0x60D3, 0x58D3, 0x60B3, 0x68D3, 0x7913, 0x68B3, 0x68B3, 0x68D3, 0x2AD8, 
  0x3217, 0x6093, 0x8093, 0xA8D1, 0x68B3, 0x60D3, 0x60B4, 0x60B4, 0x60D4, 0x68D3, 0x8892, 0x6955, 
  0x5914, 0x58D3, 0x60F3, 0x60F3, 0x60F3, 0x60D4, 0x68D3, 0x6296, 0x41D6, 0x6092, 0x60D4, 0x60B4, 
  0x60D4, 0x60D3, 0x60D3, 0x60D3, 0x8132, 0x70F3, 0x58B3, 0x60D3, 0x60D3, 0x60F3, 0x60D3, 0x60D4, 
  0x60D3, 0x78F3, 0x68D3, 0x50B3, 0x60B2, 0xE1B2, 0x9932, 0x48B3, 0x68D3, 0x60D3, 0x60D4, 0x5913, 
  0xA071, 0xB852, 0x60F3, 0x5913, 0x60D3, 0x68D3, 0x60D3, 0x60B3, 0x58B3, 0xA1B3, 0x8953, 0x58B3, 
  0x60D3, 0x60D3, 0x60F3, 0xA893, 0xA852, 0x60D3, 0x60B3, 0x60B2, 0x6093, 0x60B3, 0x60B4, 0x60D3, 
  0x4873, 0x7871, 0xFD16, 0xB9B2, 0x5010, 0x48F3, 0x50D3, 0xA832, 0xA811, 0x28F4, 0x8872, 0xF80E, 
  0x3895, 0x8071, 0xF80B, 0x70D3, 0x78B2, 0xF84B, 0xF84C, 0xF00F, 0xF00F, 0xF00F, 0xF00F, 0xF00F, 
  0xF00F, 0xF00F, 0xF00F, 0xF00F, 0xF00F, 0xE80F, 0xE80F, 0xE80F, 0xF00F, 0xF00F, 0xF00F, 0xF00F, 
  0xF00F, 0xF00F, 0xF00F, 0xF00F, 0xF00F, 0xF00F, 0xF00F, 0xF00F, 0xF00F, 0xF00F, 0xF00F, 0xF00F, 
  0xE80F, 0xF00F, 0xF00F, 0xF00F, 0xF00F, 0xF00F, 0xF00F, 0xF00F, 0xF00F, 0xF00F, 0xF00F, 0xF00F, 
  0xF00F, 0xF00F, 0xF00F, 0xF00E, 0xF00F, 0xF00F, 0xF00F, 0xF00F, 0xF00F, 0xF00F, 0xF00F, 0xF00F, 
  0xF00F, 0xF00F, 0xF00F, 0xF00F, 0xF00F, 0xF00F, 0xF00F, 0xF00F, 0xF00F, 0xF00F, 0xF00F, 0xF00F, 
  0xF00F, 0xF00F, 0xF00F, 0xE80F, 0xF00F, 0xF00F, 0xF00F, 0xF00F, 0xF00F, 0xF00F, 0xF00F, 0xF00F, 
  0xF00F, 0xF00F, 0xF00F, 0xF00F, 0xF00F, 0xF00F, 0xF00F, 0xF00F, 0xF00F, 0xF00F, 0xF00F, 0xF00F, 
  0xF00F, 0xF010, 0xE82F, 0xF84B, 0xD04F, 0x20F7, 0xD08E, 0xF82A, 0x38F9, 0x9915, 0xE82D, 0x5892, 
  0x9051, 0x7872, 0x48D3, 0x60B3, 0x60B3, 0x58B3, 0x70B2, 0xA0F2, 0x68D3, 0x60B4, 0x78D6, 0x1809, 
  0x5AE8, 0xCDB8, 0x0026, 0x0004, 0x10A8, 0x52D2, 0x10EA, 0x0005, 0x0843, 0x0822, 0x0001, 0x0002, 
  0x0802, 0x1823, 0x2063, 0x28C5, 0x3106, 0x3968, 0x41CA, 0x524C, 0x628E, 0x62CE, 0x6B10, 0x7310, 
  0x7B31, 0x7B51, 0x7B92, 0x7B92, 0x6B52, 0x6B32, 0x6B31, 0x6B31, 0x6B12, 0x6B32, 0x7352, 0x6B12, 
  0x6312, 0x62F2, 0x6B13, 0x6B12, 0x62D2, 0x6AB2, 0x62D2, 0x5A91, 0x4A2F, 0x41EF, 0x39AD, 0x296B, 
  0x190B, 0x190B, 0x10E9, 0x10C8, 0x08A7, 0x0886, 0x0887, 0x0045, 0x0003, 0x0002, 0x0002, 0x0002, 
  0x0001, 0x0002, 0x0001, 0x0000, 0x1044, 0x8372, 0x4A6F, 0x10A9, 0x0004, 0x108A, 0x108A, 0x1088, 
  0x1089, 0x188A, 0x18AA, 0x0065, 0x1806, 0x7037, 0x70B5, 0x68F3, 0x68D3, 0x60D3, 0x68D4, 0x68B4, 
  0x60D3, 0x60D3, 0x60D4, 0x58B4, 0x88D1, 0xA910, 0x58F4, 0x6934, 0x7154, 0x60D4, 0x68F4, 0x60B3, 
  0x5893, 0x60B3, 0x60D3, 0x68D3, 0x60B3, 0x8913, 0x80F2, 0x58D3, 0x60B3, 0x60B3, 0x60D3, 0x60B3, 
  0x60B4, 0x5894, 0x8132, 0xF272, 0x70D3, 0x60B4, 0x60D3, 0x60D3, 0x60D3, 0x58B3, 0x88D3, 0xD132, 
  0x68B3, 0x58B4, 0x60B4, 0x60B3, 0x60D4, 0x68D3, 0xA892, 0x7976, 0x5914, 0x60D3, 0x60D3, 0x60F3, 
  0x60F3, 0x6114, 0x68F3, 0x7973, 0x5914, 0x60B3, 0x60D3, 0x60D3, 0x60B3, 0x60D3, 0x60B4, 0x60B2, 
  0xFB14, 0xCA34, 0x4852, 0x60D3, 0x60D3, 0x68B4, 0x68D3, 0x58D4, 0x80D3, 0xE0F2, 0x68D3, 0x5032, 
  0x8030, 0xFF99, 0xC315, 0x5011, 0x60D3, 0x68D3, 0x60D3, 0x60F3, 0x78B3, 0x7893, 0x60F3, 0x68F3, 
  0x60D3, 0x60D3, 0x60D3, 0x68D4, 0x68B4, 0x5893, 0x58B3, 0x68D3, 0x60D3, 0x68D3, 0x60D3, 0x70B3, 
  0x8874, 0x68B3, 0x68B3, 0x5093, 0x6092, 0x68B3, 0x60D4, 0x6093, 0x9071, 0xC2F2, 0xFFF8, 0xE4B4, 
  0xB951, 0x8091, 0x60B2, 0x8071, 0x6092, 0x7871, 0x7891, 0x6073, 0xB050, 0x9050, 0x5075, 0xF06F, 
  0xE08C, 0x50B1, 0xD00F, 0xF80E, 0xF00F, 0xF00F, 0xF00F, 0xF00F, 0xF00F, 0xF00E, 0xF00E, 0xF00E, 
  0xF00E, 0xF00E, 0xF00E, 0xF00E, 0xF00E, 0xF00E, 0xF00E, 0xF00F, 0xF00F, 0xF00F, 0xF00F, 0xF00F, 
  0xF00F, 0xF00F, 0xF00E, 0xF00F, 0xF00E, 0xF00E, 0xF00E, 0xF00E, 0xF00E, 0xF00E, 0xF00E, 0xF00E, 
  0xF00E, 0xF00E, 0xF00E, 0xF00E, 0xF00E, 0xF00E, 0xF00E, 0xF00E, 0xF00E, 0xF00E, 0xF00E, 0xF00E, 
  0xF00E, 0xF00E, 0xF00E, 0xF00E, 0xF00E, 0xF00E, 0xF00E, 0xF00E, 0xF00E, 0xF00E, 0xF00E, 0xF00F, 
  0xF00F, 0xF00F, 0xF00F, 0xF00F, 0xF00E, 0xF00E, 0xF00E, 0xF00E, 0xF00E, 0xF00E, 0xF00E, 0xF00F, 
  0xF00E, 0xF00E, 0xF00E, 0xF00E, 0xF00E, 0xF00E, 0xF00E, 0xF00E, 0xF00E, 0xF00E, 0xF00E, 0xF00E, 
  0xF00E, 0xF00E, 0xF00E, 0xF00E, 0xF00F, 0xF00E, 0xF00E, 0xF00F, 0xF00F, 0xF80F, 0xF80F, 0xB852, 
  0xB070, 0xC84F, 0x9870, 0x8871, 0xB871, 0xB0B2, 0x9092, 0x8032, 0x6811, 0x8852, 0x8072, 0x5093, 
  0x6093, 0x4812, 0x9173, 0xFCB7, 0x7852, 0x6073, 0x78D6, 0x1809, 0x5AE8, 0xC5B8, 0x0006, 0x0004, 
  0x1087, 0x4A6F, 0x52AF, 0x2948, 0x0000, 0x0023, 0x018B, 0x0904, 0x08E2, 0x00A4, 0x0043, 0x0002, 
  0x0001, 0x0000, 0x0000, 0x0000, 0x0000, 0x0000, 0x0000, 0x0000, 0x0000, 0x0000, 0x0000, 0x0800, 
  0x0800, 0x0802, 0x1043, 0x1864, 0x2084, 0x20C6, 0x2929, 0x316A, 0x398B, 0x41CB, 0x4A2D, 0x5AAF, 
  0x6AF0, 0x7B30, 0x8352, 0x7B73, 0x7352, 0x7353, 0x7333, 0x6B32, 0x62F2, 0x5AB3, 0x52B2, 0x4A91, 
  0x4A90, 0x52B1, 0x52B1, 0x52B1, 0x52B1, 0x5271, 0x4A50, 0x4230, 0x4A51, 0x41EE, 0x0003, 0x0003, 
  0x1064, 0x7B32, 0x4A4F, 0x18CA, 0x1089, 0x18CA, 0x1889, 0x18AA, 0x18AA, 0x18A9, 0x18AA, 0x0045, 
  0x28E6, 0xA237, 0x6092, 0x5832, 0x6894, 0x68D4, 0x68D4, 0x68D3, 0x58B3, 0x58B3, 0x68D4, 0x5094, 
  0xA171, 0xE270, 0x6114, 0x6914, 0x7154, 0x68D4, 0x60D3, 0x68D3, 0x68D3, 0x68D3, 0x68D4, 0x68D3, 
  0x68D3, 0x58B3, 0x58B3, 0x68D3, 0x60B3, 0x60B3, 0x68B3, 0x60D4, 0x60D4, 0x60B4, 0x68D3, 0xA132, 
  0x70D3, 0x60D4, 0x60D4, 0x68B3, 0x68B3, 0x68D3, 0x68B4, 0x5093, 0x60B3, 0x60D4, 0x60B3, 0x60B4, 
  0x68B3, 0x68D3, 0x68D3, 0x60D3, 0x60D3, 0x60D3, 0x60D3, 0x60F3, 0x60D3, 0x68F3, 0x6113, 0x68B3, 
  0x60B2, 0x60D3, 0x60D3, 0x60B3, 0x5893, 0x58B3, 0x60B3, 0x68D3, 0xA193, 0x8133, 0x58B3, 0x68F3, 
  0x68B3, 0x5853, 0x68B4, 0x68D4, 0x70D3, 0x88D3, 0x58B3, 0xA04F, 0xFCB3, 0xFFF7, 0xFD35, 0xD0F3, 
  0x5872, 0x60D3, 0x60D3, 0x68B4, 0x60D3, 0x58F3, 0x68D3, 0x68D3, 0x68D3, 0x68D3, 0x68D3, 0x60B3, 
  0x68B4, 0x68D4, 0x60B3, 0x60B3, 0x60D3, 0x60D4, 0x68B4, 0x60D3, 0x60D4, 0x68B3, 0x60B3, 0x80F2, 
  0x70D2, 0x60B2, 0x58B3, 0x6851, 0xF8F1, 0xFF79, 0xFF97, 0xFFF8, 0xFDF6, 0xD811, 0x5051, 0x58D1, 
  0x48D2, 0xD00E, 0x9050, 0x28D5, 0xD02E, 0xA070, 0x3896, 0xF06E, 0xE08C, 0x70D1, 0xE06E, 0xF82C, 
  0xF04C, 0xF06C, 0xF06C, 0xF06C, 0xF06C, 0xE86C, 0xE86C, 0xF06C, 0xE86C, 0xE84C, 0xE84C, 0xE84C, 
  0xF04C, 0xF06C, 0xF06C, 0xF06C, 0xF06D, 0xF06D, 0xF06D, 0xF06D, 0xF06D, 0xF06C, 0xF06C, 0xF04C, 
  0xF04C, 0xF04C, 0xF04C, 0xF04C, 0xE84C, 0xF04C, 0xF04C, 0xE84D, 0xE84C, 0xE84C, 0xF04C, 0xF04C, 
  0xF04C, 0xE84C, 0xE84C, 0xE84C, 0xF06C, 0xF04C, 0xE84C, 0xE84C, 0xF04C, 0xE84C, 0xE84C, 0xF06C, 
  0xF06C, 0xF06D, 0xF06C, 0xF04C, 0xF04C, 0xF04C, 0xF06C, 0xF06C, 0xF06C, 0xF06C, 0xF06C, 0xF06C, 
  0xF06C, 0xF06C, 0xF06C, 0xF06C, 0xE84C, 0xE84C, 0xE84C, 0xF04C, 0xF04D, 0xF04C, 0xE84C, 0xE84C, 
  0xE84C, 0xF06C, 0xF04C, 0xF04C, 0xE84C, 0xF06C, 0xF06C, 0xF06C, 0xF06C, 0xF06C, 0xF06C, 0xF06C, 
  0xF06C, 0xF06C, 0xF04D, 0xF06C, 0xF06D, 0xF06D, 0xF82E, 0x8892, 0x8073, 0xF809, 0x8050, 0x30B5, 
  0xF82A, 0x8090, 0x4915, 0xB031, 0x6011, 0x7092, 0x7894, 0x58B2, 0x5032, 0xC0B1, 0xFCF3, 0xFFD7, 
  0xFC54, 0x9072, 0x68B7, 0x1809, 0x5AC8, 0xC598, 0x0006, 0x0003, 0x10A7, 0x4A4F, 0x528F, 0x31CA, 
  0x0000, 0x00E8, 0xAB11, 0x7476, 0x1DDE, 0x0D5F, 0x04FF, 0x04BF, 0x049E, 0x047D, 0x043B, 0x1439, 
  0x2438, 0x2437, 0x0B55, 0x02B4, 0x0291, 0x022F, 0x022F, 0x024E, 0x018B, 0x0109, 0x0108, 0x00C6, 
  0x0084, 0x0002, 0x0000, 0x0000, 0x0000, 0x0000, 0x0001, 0x0000, 0x0000, 0x0000, 0x0000, 0x0000, 
  0x0800, 0x1001, 0x1001, 0x1002, 0x1024, 0x1065, 0x18C7, 0x20E8, 0x2109, 0x316B, 0x39AC, 0x39CC, 
  0x39EE, 0x422F, 0x4A30, 0x4A50, 0x5AD1, 0x39AD, 0x0826, 0x0005, 0x20A6, 0x8372, 0x4A4E, 0x18CA, 
  0x106A, 0x1889, 0x18A9, 0x18A9, 0x18A9, 0x18A9, 0x18AA, 0x0005, 0x4A28, 0xF6F9, 0xB4B6, 0x8293, 
  0x68D2, 0x7094, 0x70B4, 0x68D3, 0x70B3, 0x68B3, 0x68D4, 0x68D4, 0x68F4, 0x7114, 0x68D4, 0x6934, 
  0x7134, 0x68D4, 0x5094, 0x9993, 0xFBD4, 0x7933, 0x58B3, 0x60D4, 0x60D4, 0x60D3, 0x60D3, 0x60D3, 
  0x6052, 0x6073, 0x60D4, 0x60D4, 0x60D4, 0x68D3, 0x60D4, 0x58B4, 0x68D4, 0x68D4, 0x68D4, 0x68D4, 
  0x68D4, 0x60B4, 0x78F3, 0x9132, 0x60F3, 0x5072, 0x5072, 0x5872, 0x5892, 0x58B3, 0x60F3, 0x60D3, 
  0x68D3, 0x60F3, 0x60F4, 0x68D3, 0x60D3, 0x60F3, 0x60F4, 0x60F3, 0x60D3, 0x60D3, 0x60B3, 0x60D3, 
  0x80F2, 0x78F2, 0x60D3, 0x68D3, 0x5093, 0x58B3, 0x68F3, 0x58B3, 0x5852, 0xA9B2, 0x6093, 0x58B3, 
  0x68D3, 0x50D3, 0x58B3, 0x8891, 0xE435, 0xFF36, 0xECB5, 0xA0D3, 0x5892, 0x60B3, 0x60D3, 0x68D4, 
  0x68B4, 0x68D4, 0x68D3, 0x68D3, 0x68D3, 0x68B4, 0x68D4, 0x70D3, 0x70B4, 0x68B4, 0x60D4, 0x68D3, 
  0x60D3, 0x68D3, 0x68B4, 0x68D4, 0x60D4, 0x68D4, 0x5892, 0xE291, 0xA172, 0x4872, 0x60B3, 0x60B2, 
  0x7872, 0xCAB3, 0xFFFA, 0xE4B3, 0xB0EF, 0x9051, 0x9872, 0x78B1, 0x78B1, 0x5892, 0x9871, 0xD04E, 
  0x48B3, 0x88B1, 0xF86B, 0x7091, 0x8832, 0xF96A, 0xFAC4, 0xFA44, 0xFA44, 0xFA44, 0xFA45, 0xFA45, 
  0xFA45, 0xFA45, 0xFA45, 0xFA45, 0xFA45, 0xFA45, 0xFA45, 0xFA45, 0xFA45, 0xFA45, 0xFA45, 0xFA45, 
  0xFA45, 0xFA45, 0xFA45, 0xFA45, 0xFA45, 0xFA45, 0xFA45, 0xFA45, 0xFA25, 0xFA45, 0xFA45, 0xFA45, 
  0xFA45, 0xFA45, 0xFA45, 0xFA45, 0xFA45, 0xFA25, 0xFA25, 0xFA25, 0xFA25, 0xFA25, 0xFA45, 0xFA45, 
  0xFA25, 0xFA25, 0xFA25, 0xFA25, 0xFA44, 0xFA45, 0xFA45, 0xFA45, 0xFA45, 0xFA45, 0xFA45, 0xFA25, 
  0xFA25, 0xFA25, 0xFA45, 0xFA25, 0xFA25, 0xFA45, 0xFA45, 0xFA45, 0xFA25, 0xFA25, 0xFA45, 0xFA45, 
  0xFA45, 0xFA45, 0xFA45, 0xFA45, 0xFA45, 0xFA45, 0xFA45, 0xFA24, 0xFA24, 0xFA45, 0xFA45, 0xFA25, 
  0xFA25, 0xFA25, 0xFA24, 0xFA25, 0xFA25, 0xFA25, 0xFA45, 0xFA45, 0xFA45, 0xFA45, 0xFA25, 0xFA45, 
  0xFA45, 0xFA45, 0xFAC4, 0xF9E7, 0xB811, 0x7873, 0xB86F, 0xC06E, 0x70B2, 0x9070, 0x7891, 0x78F3, 
  0xA0D2, 0x5154, 0x9931, 0xA830, 0x4832, 0xB890, 0xF4B1, 0xFFF5, 0xE3D4, 0x8073, 0x68B6, 0x1808, 
  0x5AC8, 0xC578, 0x0005, 0x0004, 0x18A7, 0x5270, 0x5A90, 0x2989, 0x0000, 0x00A6, 0x828F, 0x2BDA, 
  0x04FF, 0x04FF, 0x047F, 0x041F, 0x045F, 0x04BF, 0x155F, 0xCFDE, 0xEFFE, 0xF7FF, 0x8EFF, 0x051F, 
  0x055F, 0x053F, 0x053F, 0x051F, 0x053F, 0x053F, 0x051F, 0x04DF, 0x047F, 0x4CB7, 0x7CB0, 0x5D79, 
  0x2D38, 0x04DA, 0x3B2F, 0x71C6, 0x0334, 0x0313, 0x0291, 0x020E, 0x01CC, 0x016A, 0x0108, 0x00C6, 
  0x00A4, 0x0041, 0x0001, 0x0000, 0x0000, 0x0000, 0x0000, 0x0000, 0x0000, 0x0000, 0x0000, 0x0003, 
  0x0045, 0x296C, 0x296B, 0x0005, 0x20C6, 0x8B93, 0x4A2D, 0x18AA, 0x1069, 0x18A9, 0x18A9, 0x18A9, 
  0x18A9, 0x18A9, 0x18AA, 0x0846, 0x1084, 0x52CE, 0x6370, 0x73D1, 0x5A4E, 0x38AF, 0x70B4, 0x6854, 
  0xE2D3, 0xBA13, 0x5874, 0x68F4, 0x68F4, 0x60D4, 0x68D4, 0x7134, 0x7154, 0x68F4, 0x58B4, 0x8953, 
  0xD2B3, 0x7913, 0x58B3, 0x68D3, 0x60D3, 0x60D3, 0x60D3, 0x4873, 0xE1F2, 0xA112, 0x3853, 0x68F4, 
  0x68D4, 0x68D4, 0x68D4, 0x68D4, 0x68D4, 0x68D3, 0x60D3, 0x60D4, 0x60D4, 0x4053, 0xB171, 0xFA91, 
  0x8932, 0x7975, 0x8155, 0x8155, 0x8975, 0x7934, 0x58B2, 0x60D3, 0x60D3, 0x60D3, 0x68D3, 0x6134, 
  0x6134, 0x68D3, 0x60D3, 0x60D3, 0x60F3, 0x60D3, 0x60D4, 0x60B2, 0xF1D0, 0xB972, 0x48D4, 0x68D3, 
  0x68D3, 0x68D3, 0x60B3, 0x7092, 0xBAB2, 0xFD32, 0xB9F2, 0x7072, 0x58D3, 0x68D3, 0x68D3, 0x5093, 
  0x7053, 0xFD57, 0xBA34, 0x3812, 0x68D3, 0x60D3, 0x68D4, 0x6893, 0x68B3, 0x68D4, 0x70D4, 0x58B3, 
  0x5094, 0x68F4, 0x5053, 0xC212, 0xB1D3, 0x5094, 0x68D3, 0x60B4, 0x4893, 0x58D3, 0x68D4, 0x68D3, 
  0x68F4, 0x68D4, 0x68D3, 0x8132, 0x70D3, 0x60B3, 0x60B3, 0x60B3, 0x4873, 0x8050, 0xFC53, 0xD990, 
  0x4010, 0x58D2, 0xB892, 0x8872, 0xA051, 0x30D4, 0x9071, 0xD84E, 0x50D3, 0x9870, 0xF82C, 0x7093, 
  0x9052, 0xF989, 0xFB22, 0xFAC2, 0xFAA2, 0xFAC2, 0xFAA2, 0xFAA3, 0xFAC3, 0xFAA2, 0xFAC3, 0xFAA2, 
  0xFAA3, 0xFAA2, 0xFAA3, 0xFAA3, 0xFAC3, 0xFAC3, 0xFAC3, 0xFAA2, 0xFAA2, 0xFAA3, 0xFAA2, 0xFAA2, 
  0xFAC3, 0xFAC2, 0xFAA2, 0xFAA3, 0xFAA3, 0xFAC3, 0xFAC3, 0xFAC3, 0xFAC2, 0xFAC2, 0xFAC3, 0xFAC3, 
  0xFAC3, 0xFAC3, 0xFAC3, 0xFAA2, 0xFAA2, 0xFAA2, 0xFAA3, 0xFAA3, 0xFAA2, 0xFAA2, 0xFAA2, 0xFAA2, 
  0xFAA2, 0xFAA3, 0xFAA3, 0xFAA3, 0xFAA3, 0xFAA3, 0xFAA3, 0xFAA2, 0xFAA3, 0xFAA3, 0xFAA3, 0xFAA3, 
  0xFAA3, 0xFAA3, 0xFAA3, 0xFAA3, 0xFAA3, 0xFAA2, 0xFAA2, 0xFAA2, 0xFAA2, 0xFAA2, 0xFAA3, 0xFAA3, 
  0xFAC3, 0xFAC3, 0xFAA3, 0xFAA2, 0xFAA2, 0xFAA2, 0xFAA2, 0xFAA2, 0xFAA2, 0xFAA2, 0xFAA2, 0xFAA2, 
  0xFAA2, 0xFAA3, 0xFAA3, 0xFAC3, 0xFAC3, 0xFAC2, 0xFAA2, 0xFAA2, 0xFAC2, 0xFAA2, 0xFB21, 0xFAA4, 
  0xE82E, 0x2877, 0xB0AF, 0xF849, 0x50B4, 0x58B4, 0xA80E, 0x70B3, 0x50D4, 0x98D0, 0xD0F1, 0x8092, 
  0x48B2, 0x3811, 0x9991, 0xFD73, 0x8032, 0x5074, 0x78F6, 0x1808, 0x5AE8, 0xBD78, 0x0006, 0x0004, 
  0x10A8, 0x526F, 0x5A90, 0x31AA, 0x0000, 0x00E7, 0x051F, 0x04BF, 0x045F, 0x03FF, 0x4D7D, 0xAE7B, 
  0x75FD, 0x559E, 0xF7DB, 0xFFF8, 0xFF98, 0xFFB8, 0xFFD9, 0x65BD, 0x045F, 0x045F, 0x14BF, 0x6DFE, 
  0x1CDF, 0x03FF, 0x04DF, 0x04BF, 0x049F, 0x14FF, 0x253F, 0x2D9F, 0x159F, 0x05FF, 0x4CBB, 0x7BF8, 
  0x05BF, 0x059F, 0x059F, 0x057F, 0x057F, 0x0D5F, 0x053F, 0x04FF, 0x1D5F, 0x1D3C, 0x3B75, 0x2376, 
  0x1438, 0xA4AF, 0x5411, 0x23B3, 0x0AEF, 0x124C, 0x020F, 0x0062, 0x1865, 0x62F4, 0x2129, 0x0005, 
  0x20C6, 0x8B72, 0x420D, 0x18CA, 0x1069, 0x18A9, 0x18A9, 0x18A9, 0x18A9, 0x18A9, 0x18CA, 0x1067, 
  0x0863, 0x29AC, 0x198B, 0x216A, 0x21CA, 0x1189, 0x490F, 0x7896, 0xC212, 0xA193, 0x6094, 0x68F4, 
  0x68D4, 0x68F3, 0x68F3, 0x7134, 0x7135, 0x68D4, 0x70F4, 0x60D4, 0x5893, 0x68D4, 0x68D4, 0x68D3, 
  0x68B3, 0x60B3, 0x6093, 0xA931, 0xFD72, 0xEC51, 0x9132, 0x6093, 0x60D4, 0x68D3, 0x68B3, 0x68B4, 
  0x68D4, 0x68D3, 0x68D4, 0x60B3, 0x5093, 0x88F1, 0xF1F0, 0xFA2F, 0xE1D1, 0xEB1B, 0xF33D, 0xDADB, 
  0xE2FC, 0xC279, 0x60B1, 0x6092, 0x58B3, 0x60D3, 0x60D3, 0x6114, 0x6113, 0x60B2, 0x58B3, 0x60D3, 
  0x68D3, 0x60F3, 0x68D3, 0x68B3, 0x8112, 0x8113, 0x60D3, 0x60D3, 0x68D3, 0x60D3, 0x5873, 0x90B1, 
  0xFCF3, 0xFEF2, 0xFB11, 0x8831, 0x50D3, 0x68D3, 0x68D3, 0x68B3, 0x70F4, 0xA215, 0x8133, 0x60B3, 
  0x68D3, 0x60D3, 0x68D3, 0x6174, 0x6134, 0x68B3, 0x60B3, 0x9952, 0xA172, 0x60B3, 0x60B3, 0x9972, 
  0x8952, 0x60B3, 0x6093, 0x6892, 0xA8F1, 0x78B3, 0x58B3, 0x68D3, 0x68D4, 0x68D3, 0x68D4, 0x5893, 
  0x60B3, 0x68D3, 0x68B3, 0x68B3, 0x68D4, 0x68B2, 0xB00F, 0x7831, 0x7154, 0x70D2, 0x7092, 0x5893, 
  0x48B3, 0xB08F, 0x8052, 0x20D5, 0xD88D, 0xD02F, 0x3096, 0xE86E, 0xE02C, 0xB14E, 0xFAC4, 0xFAA2, 
  0xFAA2, 0xFAA3, 0xFA83, 0xFA83, 0xFA83, 0xFA83, 0xFA83, 0xFAA3, 0xFA83, 0xFA83, 0xFA83, 0xFA83, 
  0xFA83, 0xFA83, 0xFA83, 0xFA83, 0xFA83, 0xFA83, 0xFA83, 0xFA83, 0xFA83, 0xFAA3, 0xFA83, 0xFA83, 
  0xFA83, 0xFA83, 0xFA83, 0xFA83, 0xFA83, 0xFA83, 0xFA83, 0xFA83, 0xFA83, 0xFA83, 0xFA83, 0xFA83, 
  0xFA83, 0xFA83, 0xFA83, 0xFA83, 0xFA83, 0xFA83, 0xFA83, 0xFA63, 0xFA83, 0xFA83, 0xFA63, 0xFA63, 
  0xFA63, 0xFA83, 0xFA83, 0xFA83, 0xFA83, 0xFA83, 0xFA83, 0xFA83, 0xFA83, 0xFA83, 0xFA83, 0xFA83, 
  0xFA83, 0xFA83, 0xFA83, 0xFA83, 0xFA83, 0xFA83, 0xFA83, 0xFA83, 0xFA83, 0xFA83, 0xFA83, 0xFA83, 
  0xFA83, 0xFA83, 0xFA83, 0xFA83, 0xFA83, 0xFA83, 0xFA83, 0xFA83, 0xFA83, 0xFA83, 0xFA83, 0xFA83, 
  0xFA83, 0xFA83, 0xFA83, 0xFA83, 0xFA63, 0xFA83, 0xFAE1, 0xD9C9, 0xA811, 0xD86D, 0x88B0, 0x8071, 
  0xC82E, 0x8892, 0xA070, 0x8853, 0x5094, 0xB030, 0x9093, 0x60D3, 0x8070, 0x5073, 0x70D3, 0xA953, 
  0x70B3, 0x60B4, 0x70D7, 0x1008, 0x5AE9, 0xC578, 0x0006, 0x0004, 0x10A7, 0x5250, 0x5A4F, 0x318A, 
  0x0000, 0x00C8, 0x04DF, 0x047F, 0x149E, 0x863D, 0xFFFC, 0xFFF9, 0xFF19, 0xD679, 0xFF98, 0xF718, 
  0xFF99, 0xFF98, 0xFF97, 0xFF99, 0xC6DC, 0xB67B, 0xE75B, 0xFFFA, 0xCF1A, 0x1C5E, 0x039F, 0x041F, 
  0x043F, 0x047F, 0x047F, 0x045F, 0x045F, 0x045F, 0x047F, 0x049F, 0x049F, 0x049F, 0x049F, 0x043F, 
  0x047F, 0x047F, 0x03FF, 0x043F, 0x04DF, 0x057F, 0x5C19, 0x445B, 0x05BF, 0x6E3F, 0x2E3F, 0x1E5F, 
  0x1DFE, 0x7495, 0x457F, 0x01EB, 0x1844, 0x6B14, 0x20E9, 0x0005, 0x18C6, 0x8372, 0x420E, 0x18CA, 
  0x1069, 0x1889, 0x18A9, 0x10A9, 0x18A9, 0x18A9, 0x18AA, 0x1067, 0x0864, 0x3A4D, 0x322C, 0x320C, 
  0x29EB, 0x21EA, 0x216B, 0x6111, 0x70B5, 0x60B3, 0x70F4, 0x70F4, 0x68F4, 0x68D3, 0x68D3, 0x6934, 
  0x7154, 0x68F4, 0x68F4, 0x68F3, 0x68F4, 0x68D4, 0x68D4, 0x60D4, 0x60D4, 0x60D3, 0x6873, 0xFA51, 
  0xFED1, 0xFE52, 0xEA73, 0x5873, 0x60D4, 0x68D3, 0x60F4, 0x68F3, 0x68D4, 0x68B3, 0x60B3, 0x5072, 
  0x9111, 0xFA50, 0xFA4F, 0xFA30, 0xFA31, 0x712F, 0xCADB, 0xFAFD, 0xD2BA, 0xCA99, 0xCA99, 0xB218, 
  0x68F3, 0x5091, 0x60B2, 0x68B2, 0x6873, 0x60B3, 0x78B2, 0x68D2, 0x58D3, 0x70D2, 0x906F, 0x70D2, 
  0x50B4, 0x58B3, 0x68D3, 0x60F3, 0x60D3, 0x68D3, 0x68D3, 0x6093, 0x8912, 0xFBD2, 0xA191, 0x5893, 
  0x68D3, 0x68B4, 0x7093, 0x70D3, 0x68B4, 0x5032, 0x60B3, 0x70F3, 0x68D3, 0x68D3, 0x68D3, 0x42D6, 
  0x4A15, 0x7073, 0x58B3, 0xD1F2, 0xDA12, 0x60B3, 0x68F3, 0x6093, 0x60B3, 0x70D4, 0x6092, 0x9950, 
  0xFB51, 0xB930, 0x6072, 0x68D3, 0x68D3, 0x68D3, 0x68D3, 0x68D3, 0x68D3, 0x68D4, 0x60D4, 0x68D4, 
  0x68D3, 0x68D3, 0x58B3, 0x58F4, 0xB154, 0x8870, 0x6092, 0x6871, 0x8050, 0x8091, 0x8092, 0x70B1, 
  0xB84F, 0xB052, 0x60B3, 0xE86D, 0xC02C, 0xA94E, 0xFAC3, 0xFAA2, 0xFA83, 0xFA83, 0xFA83, 0xFA83, 
  0xFA83, 0xFA83, 0xFA83, 0xFA83, 0xFA83, 0xFA83, 0xFA83, 0xFA83, 0xFA83, 0xFA83, 0xFA83, 0xFA83, 
  0xFA83, 0xFA83, 0xFA83, 0xFA83, 0xFAA3, 0xFAA3, 0xFA83, 0xFA83, 0xFA83, 0xFA83, 0xFA83, 0xFA83, 
  0xFA83, 0xFA83, 0xFA83, 0xFA83, 0xFA83, 0xFA83, 0xFA83, 0xFA83, 0xFA83, 0xFA83, 0xFA83, 0xFA83, 
  0xFA83, 0xFA63, 0xFA83, 0xFA83, 0xFA83, 0xFA83, 0xFA83, 0xFA83, 0xFA83, 0xFA83, 0xFA83, 0xFA83, 
  0xFA83, 0xFA83, 0xFA83, 0xFAA3, 0xFAA3, 0xFA83, 0xFA83, 0xFA83, 0xFA83, 0xFA83, 0xFA83, 0xFA83, 
  0xFA83, 0xFA83, 0xFA83, 0xFA83, 0xFA83, 0xFA83, 0xFA83, 0xFA83, 0xFA83, 0xFA83, 0xFA83, 0xFA83, 
  0xFA83, 0xFA83, 0xFA83, 0xFA83, 0xFA83, 0xFA83, 0xFA83, 0xFA83, 0xFA83, 0xFA83, 0xFA63, 0xFA83, 
  0xFA82, 0xFA83, 0xFAE1, 0xC96A, 0x8813, 0xF88A, 0xB04D, 0x3077, 0xD84E, 0xD84C, 0x48D4, 0x8892, 
  0xB030, 0x50B3, 0x6092, 0x7892, 0x8892, 0x7093, 0x5893, 0x5013, 0x60B3, 0x68B3, 0x90D6, 0x2007, 
  0x6329, 0xC577, 0x0005, 0x0004, 0x10A7, 0x4A2F, 0x524E, 0x316A, 0x0000, 0x00C9, 0x04BF, 0x043F, 
  0x5DDC, 0xFFD7, 0xF6D7, 0xE698, 0xCDD7, 0xCDB7, 0xCDD7, 0xBD97, 0xDE99, 0xFF79, 0xFF97, 0xFF97, 
  0xFF97, 0xFF96, 0xFFF8, 0xFFB8, 0xFFFA, 0xCF5C, 0x44DE, 0x34DD, 0x2CFF, 0x049F, 0x041F, 0x047F, 
  0x04BF, 0x04BF, 0x049F, 0x047F, 0x043F, 0x03FF, 0x043F, 0xAE9B, 0x7DFC, 0x1CFD, 0xAE9D, 0x8E5D, 
  0x043F, 0x041F, 0x043F, 0x047F, 0x047F, 0x043F, 0x045F, 0x047F, 0x04BE, 0x4314, 0x7B2F, 0x0189, 
  0x1864, 0x6312, 0x20EA, 0x0005, 0x20C5, 0x8372, 0x41EE, 0x18AA, 0x1069, 0x1889, 0x10A9, 0x1889, 
  0x18A9, 0x18A9, 0x18AA, 0x1067, 0x0843, 0x322C, 0x322C, 0x320C, 0x320B, 0x320C, 0x19AA, 0x214B, 
  0x68F3, 0x78D5, 0x70D3, 0x70D4, 0x68D3, 0x68D3, 0x68D4, 0x7114, 0x7154, 0x70F4, 0x68F3, 0x68F3, 
  0x68F4, 0x68D3, 0x7093, 0x49B6, 0x3A36, 0x68B3, 0x60B3, 0x70F2, 0xFB72, 0xEA72, 0x6093, 0x68D3, 
  0x7093, 0x5195, 0x3276, 0x68D3, 0x68B3, 0x68B4, 0x5894, 0xA952, 0xFA50, 0xFA30, 0xFA2F, 0xFA30, 
  0xFA91, 0x4868, 0x30AF, 0xD27A, 0xDABA, 0xD2BA, 0xDADB, 0xDAFB, 0xD2D9, 0x8153, 0x4830, 0x5072, 
  0x60B3, 0x60B3, 0xE972, 0xA931, 0x40D2, 0x70D2, 0x9071, 0x68B3, 0x60D3, 0x60D3, 0x60F3, 0x70B3, 
  0x70B2, 0x60D3, 0x68D3, 0x60B3, 0x6093, 0x90F3, 0x68D3, 0x60B3, 0x70B3, 0x68D3, 0x5954, 0x70D4, 
  0x70B3, 0x68D3, 0x68D3, 0x68D3, 0x68D3, 0x68D3, 0x68D3, 0x5954, 0x6134, 0x70D3, 0x70D4, 0x7913, 
  0x70F3, 0x68D3, 0x70F3, 0x70D3, 0x68D4, 0x5854, 0xA152, 0xFDD4, 0xFFF3, 0xFC50, 0xB090, 0x5052, 
  0x6153, 0x6173, 0x68B4, 0x68D3, 0x70D3, 0x70D3, 0x78B3, 0x70B3, 0x68D3, 0x68D3, 0x68B4, 0x90F4, 
  0x7114, 0x6051, 0x6052, 0x7070, 0xA830, 0x4094, 0x70D2, 0xF86C, 0x5853, 0x6073, 0xF8CB, 0x68AF, 
  0x6850, 0xF90B, 0xFAE3, 0xFA82, 0xFA83, 0xFA83, 0xFA83, 0xFA83, 0xFA83, 0xFA83, 0xFA83, 0xFA83, 
  0xFA83, 0xFA83, 0xFA83, 0xFA83, 0xFA83, 0xFA83, 0xFA83, 0xFA83, 0xFA83, 0xFA83, 0xFA83, 0xFA83, 
  0xFA83, 0xFA83, 0xFA83, 0xFA83, 0xFA83, 0xFA83, 0xFA83, 0xFA83, 0xFA83, 0xFA83, 0xFA83, 0xFA83, 
  0xFA83, 0xFA83, 0xFA83, 0xFA83, 0xFA83, 0xFA83, 0xFA63, 0xFA63, 0xFA63, 0xFA63, 0xFA83, 0xFA83, 
  0xFA83, 0xFA63, 0xFA63, 0xFA63, 0xFA63, 0xFA83, 0xFA83, 0xFA83, 0xFA83, 0xFA83, 0xFA83, 0xFA83, 
  0xFAA3, 0xFA83, 0xFA83, 0xFA83, 0xFA83, 0xFA83, 0xFA83, 0xFA83, 0xFA83, 0xFA83, 0xFA83, 0xFA83, 
  0xFA83, 0xFA83, 0xFA83, 0xFA83, 0xFA83, 0xFA83, 0xFA63, 0xFA63, 0xFA83, 0xFA83, 0xFA83, 0xFA83, 
  0xFA83, 0xFA83, 0xFA83, 0xFA83, 0xFA83, 0xFA83, 0xFA83, 0xFA63, 0xFA83, 0xFA63, 0xFAE2, 0xF9A6, 
  0xD010, 0x68D3, 0xD84C, 0xC00F, 0x80B2, 0x80D2, 0x6892, 0x80B1, 0x98D2, 0x48D3, 0x6871, 0x8052, 
  0x78D3, 0x90B2, 0x6893, 0x68B3, 0x60B3, 0x70B2, 0xD0B4, 0x3807, 0x636A, 0xC558, 0x0005, 0x0004, 
  0x18A7, 0x4A0F, 0x522F, 0x318A, 0x0000, 0x00A8, 0x04BF, 0x049F, 0x149E, 0xA5D9, 0xEE15, 0xE616, 
  0xE657, 0xDE58, 0xCE19, 0xD618, 0xBD97, 0xCDD8, 0xF759, 0xFFB7, 0xFF97, 0xFFD8, 0xF718, 0xDE78, 
  0xE6B7, 0xF6F8, 0xFFF9, 0xFFF9, 0xFFFA, 0x657D, 0x3D1F, 0x24FF, 0x047F, 0x049F, 0x047F, 0x3D5D, 
  0xBF1D, 0x4D3D, 0x7D99, 0xFFF9, 0xFFBA, 0xEF79, 0xFFF9, 0xFFF9, 0xA63C, 0x3CFD, 0x049F, 0x043F, 
  0x049F, 0x049F, 0x049F, 0x049F, 0x04BF, 0x045F, 0x04BD, 0x01AC, 0x2044, 0x6B12, 0x20E9, 0x0005, 
  0x20C5, 0x8372, 0x39ED, 0x18CA, 0x1069, 0x1089, 0x10A9, 0x1889, 0x1889, 0x10A9, 0x18A9, 0x1088, 
  0x0824, 0x18C9, 0x18CA, 0x18CA, 0x18EA, 0x212A, 0x296A, 0x1169, 0x48EF, 0x78B5, 0x70F4, 0x78F4, 
  0x78D3, 0x68D3, 0x68D4, 0x7134, 0x7154, 0x68F4, 0x68F4, 0x68D3, 0x68F4, 0x68D3, 0x7094, 0x5155, 
  0x4995, 0x68B3, 0x68B4, 0x60B4, 0xB153, 0x88F3, 0x5894, 0x68F3, 0x70B4, 0x5934, 0x51B5, 0x68D3, 
  0x68B3, 0x5073, 0x88F3, 0xFA51, 0xFA2F, 0xFA10, 0xFA30, 0xFA30, 0xFA51, 0xD9CF, 0x0008, 0x080C, 
  0xCA99, 0xEAFB, 0xD299, 0xD2BA, 0xDADA, 0xD2DA, 0x91D5, 0x68F2, 0x4851, 0x60B2, 0x9112, 0x78F2, 
  0x58D3, 0x60D3, 0x58F3, 0x60D3, 0x60D3, 0x60D3, 0x58F3, 0x8092, 0x8092, 0x58F4, 0x60D3, 0x68F2, 
  0x68B3, 0x5874, 0x60B3, 0x68D3, 0x7872, 0x6913, 0x2296, 0x60F4, 0x70B3, 0x68D3, 0x68D3, 0x68D3, 
  0x68D3, 0x68D3, 0x68D3, 0x7093, 0x70B3, 0x68F3, 0x70D4, 0x60D3, 0x68B3, 0x70D3, 0x68D3, 0x68D3, 
  0x68D3, 0x6093, 0x80D3, 0xCAF1, 0xFDB0, 0xE311, 0x8052, 0x5873, 0x6113, 0x6932, 0x68B3, 0x68D4, 
  0x68F4, 0x78D3, 0xA052, 0x78B2, 0x68D3, 0x68B4, 0x68D4, 0x70B3, 0x9830, 0x48B2, 0x7071, 0x8071, 
  0x3894, 0xA88D, 0x9090, 0x4075, 0xA070, 0xB88D, 0xA890, 0x78B1, 0xB04E, 0xF90A, 0xFAE2, 0xFA82, 
  0xFA83, 0xFA82, 0xFA83, 0xFA83, 0xFA83, 0xFA83, 0xFA83, 0xFA83, 0xFA83, 0xFA83, 0xFA83, 0xFA83, 
  0xFA83, 0xFA83, 0xFA83, 0xFA83, 0xFA83, 0xFA83, 0xFA83, 0xFA83, 0xFAA3, 0xFA83, 0xFA83, 0xFA83, 
  0xFA83, 0xFA83, 0xFA83, 0xFAA3, 0xFA83, 0xFA83, 0xFA83, 0xFA83, 0xFA83, 0xFA83, 0xFA83, 0xFA83, 
  0xFA83, 0xFA83, 0xFA83, 0xFA83, 0xFA83, 0xFA83, 0xFA83, 0xFA83, 0xFA83, 0xFA63, 0xFA63, 0xFA63, 
  0xFA63, 0xFA83, 0xFA63, 0xFA63, 0xFA83, 0xFA83, 0xFA83, 0xFA83, 0xFA83, 0xFA83, 0xFA83, 0xFA83, 
  0xFA83, 0xFA83, 0xFA83, 0xFA83, 0xFA83, 0xFA83, 0xFA83, 0xFA83, 0xFA83, 0xFA83, 0xFA83, 0xFA83, 
  0xFA83, 0xFA83, 0xFA83, 0xFA63, 0xFA83, 0xFA83, 0xFA83, 0xFA83, 0xFA83, 0xFA83, 0xFA83, 0xFA83, 
  0xFA83, 0xFA63, 0xFA83, 0xFA63, 0xFA83, 0xFA83, 0xFAC2, 0xF9A6, 0xE80F, 0x58D4, 0x80F2, 0xF829, 
  0x9890, 0x2117, 0xB870, 0x9851, 0x30F5, 0xA830, 0x8051, 0x68B2, 0xB050, 0x60D2, 0x7893, 0x60B3, 
  0x60B3, 0x68B4, 0x98B6, 0x1808, 0x6BAA, 0xC557, 0x0005, 0x0003, 0x18C7, 0x4A2F, 0x522E, 0x318A, 
  0x0000, 0x00A7, 0x04BF, 0x04BF, 0x045F, 0x0C9F, 0x95DB, 0xADFA, 0xBE39, 0x7D7B, 0x2C3E, 0x7D5A, 
  0xFE97, 0xDDF7, 0xD5F7, 0xFF38, 0xFF57, 0xFF97, 0xEE97, 0xC557, 0xCDB8, 0xCDB8, 0xEE77, 0xFF56, 
  0xEE97, 0xFEB8, 0xE6FA, 0x555E, 0x043F, 0x043F, 0x2D3E, 0xF758, 0xFFB8, 0xFFDB, 0xF717, 0xFF98, 
  0xFFB8, 0xFFB8, 0xFF57, 0xFF77, 0xFFB8, 0xFFF9, 0xB6DB, 0x043F, 0x045F, 0x049F, 0x049F, 0x049F, 
  0x04BF, 0x04FF, 0x05DF, 0x018B, 0x2843, 0x6B12, 0x18E9, 0x0005, 0x20C6, 0x8352, 0x3A0D, 0x18CA, 
  0x1069, 0x1089, 0x10A9, 0x10A9, 0x1889, 0x1089, 0x18A9, 0x1088, 0x0824, 0x1069, 0x106A, 0x1069, 
  0x1049, 0x1069, 0x1089, 0x10C8, 0x28CC, 0x70D5, 0x78F4, 0x90B2, 0x70B2, 0x60D4, 0x68D4, 0x7134, 
  0x6954, 0x68D4, 0x68F3, 0x68D3, 0x68D3, 0x68D4, 0x68D4, 0x7093, 0x7093, 0x68D4, 0x68B4, 0x68D3, 
  0x5073, 0x6093, 0x70D3, 0x68D4, 0x68D4, 0x70B3, 0x70B3, 0x68D3, 0x5893, 0x80D1, 0xF9F0, 0xFA0F, 
  0xFA10, 0xFA30, 0xFA2F, 0xFA30, 0xFA30, 0xFA52, 0x58CC, 0x0009, 0x5931, 0xDB5C, 0xDADB, 0xCA99, 
  0xCA99, 0xCA99, 0xEB3B, 0xC298, 0x68B1, 0x5871, 0x4871, 0x60B2, 0x68D3, 0x60B3, 0x60D3, 0x60D3, 
  0x60D3, 0x68D3, 0x68D3, 0x68D3, 0x58F3, 0x60D3, 0x60D3, 0x68D3, 0x68D3, 0x68B3, 0x68D3, 0x68B3, 
  0x7093, 0x70B3, 0x5914, 0x68D3, 0x70B3, 0x68D3, 0x68B3, 0x68D3, 0x68D3, 0x68D3, 0x68D3, 0x68D3, 
  0x68D3, 0x68D3, 0x68D3, 0x68D3, 0x68D3, 0x68D3, 0x68D3, 0x68D3, 0x68D3, 0x70D4, 0x5873, 0x7011, 
  0xF9B0, 0x90F2, 0x5053, 0x70B3, 0x6893, 0x7093, 0x68D3, 0x70D4, 0x68D4, 0x68F3, 0x70D2, 0x68F3, 
  0x70D3, 0x78B3, 0x60B3, 0x58D3, 0x9030, 0x7872, 0x5893, 0x7071, 0x7071, 0x98CF, 0xA070, 0x7814, 
  0xD0EF, 0xE92C, 0x4815, 0xE80F, 0xF80B, 0xE909, 0xFB22, 0xFAA2, 0xFA82, 0xFA82, 0xFA82, 0xFA82, 
  0xFA82, 0xFA82, 0xFA83, 0xFA83, 0xFA82, 0xFAA2, 0xFAA2, 0xFA82, 0xFA82, 0xFA82, 0xFA82, 0xFA82, 
  0xFA82, 0xFA82, 0xFAA2, 0xFA82, 0xFAA3, 0xFAA2, 0xFA82, 0xFA82, 0xFA82, 0xFAA2, 0xFAA2, 0xFAA2, 
  0xFAA2, 0xFA82, 0xFA82, 0xFA82, 0xFA82, 0xFA82, 0xFA82, 0xFA82, 0xFA82, 0xFA82, 0xFA82, 0xFA82, 
  0xFA82, 0xFA82, 0xFA82, 0xFA82, 0xFA82, 0xFA82, 0xFA82, 0xFA82, 0xFA82, 0xFA82, 0xFA82, 0xFA82, 
  0xFAA2, 0xFAA2, 0xFA82, 0xFA83, 0xFA83, 0xFA82, 0xFA82, 0xFA82, 0xFA82, 0xFA82, 0xFA82, 0xFA82, 
  0xFA82, 0xFA82, 0xFA82, 0xFA82, 0xFA82, 0xFA82, 0xFA82, 0xFA82, 0xFA82, 0xFA82, 0xFA82, 0xFA82, 
  0xFA82, 0xFA83, 0xFA83, 0xFA83, 0xFA82, 0xFA82, 0xFA82, 0xFA82, 0xFA82, 0xFA83, 0xFA82, 0xFA82, 
  0xFA82, 0xFA62, 0xFAC1, 0xF1A6, 0xE80F, 0xD02F, 0xA0B1, 0x98D1, 0xA890, 0xB870, 0x9091, 0x6093, 
  0x6851, 0x902F, 0x6893, 0x70B3, 0x8871, 0x8052, 0x58B3, 0x60B3, 0x60B3, 0x60B4, 0x68D7, 0x1008, 
  0x73AA, 0xC5B9, 0x0005, 0x0004, 0x10C7, 0x4A2F, 0x524F, 0x318B, 0x0000, 0x00C8, 0x04BF, 0x04BF, 
  0x049F, 0x047F, 0x047F, 0x047F, 0x047F, 0x045F, 0x03DF, 0x1CBE, 0xA5FB, 0x959A, 0xADB9, 0xDE79, 
  0xE678, 0xCE18, 0xADD9, 0xCE3A, 0x5D1C, 0x3CBD, 0xD639, 0xE637, 0xEE58, 0xA5DB, 0x1C5C, 0x043F, 
  0x049F, 0x049F, 0x0C9F, 0x4CDB, 0xBDD8, 0xEE97, 0xF6F7, 0xF737, 0xFF78, 0xFFB9, 0xFF78, 0xFF77, 
  0xFF77, 0xFFD7, 0xFFF9, 0xB6FC, 0x041F, 0x047F, 0x047F, 0x049F, 0x049F, 0x04BF, 0x057F, 0x018C, 
  0x2843, 0x6B12, 0x20E9, 0x0004, 0x20C5, 0x8352, 0x422E, 0x18CA, 0x1069, 0x1089, 0x1089, 0x10A9, 
  0x10A9, 0x1089, 0x18A9, 0x1088, 0x0844, 0x188A, 0x188A, 0x188A, 0x188A, 0x188A, 0x1889, 0x0868, 
  0x288B, 0x70F6, 0x70D4, 0x80B2, 0x68B3, 0x68D4, 0x68D3, 0x7114, 0x7134, 0x70D4, 0x68D3, 0x68B4, 
  0x68B4, 0x68D3, 0x68D3, 0x68B4, 0x68B3, 0x68B3, 0x68B4, 0x68B4, 0x68B3, 0x68B4, 0x70B3, 0x70D3, 
  0x70D3, 0x70B3, 0x78D4, 0x5894, 0x6891, 0xF1EF, 0xFA2F, 0xF9F0, 0xF9F0, 0xFA10, 0xFA10, 0xFA30, 
  0xFA0F, 0xFA52, 0x790B, 0x000C, 0x200F, 0x48F1, 0xDADA, 0xE2DB, 0xCA79, 0xCA79, 0xCA9A, 0xD2DA, 
  0xD2BA, 0x9175, 0x58B1, 0x5892, 0x68B3, 0x68B3, 0x68B3, 0x68B3, 0x60B3, 0x68B3, 0x68D3, 0x68D3, 
  0x60D3, 0x68D3, 0x68B3, 0x68D3, 0x68B3, 0x70B3, 0x70B4, 0x68B3, 0x70B3, 0x7093, 0x7873, 0x70B3, 
  0x70B3, 0x68B3, 0x68B3, 0x68B3, 0x68B3, 0x7093, 0x70B3, 0x68B3, 0x68B4, 0x68D3, 0x70D3, 0x70B3, 
  0x70B3, 0x68D3, 0x70B3, 0x68B3, 0x68B4, 0x70B3, 0x70B3, 0x68B3, 0x7893, 0x68B3, 0x68B3, 0x68B3, 
  0x70B4, 0x7094, 0x68B4, 0x70B3, 0x70D3, 0x70D3, 0x6913, 0x68F3, 0x7092, 0x9031, 0x6893, 0x6873, 
  0x68B1, 0x6892, 0x5094, 0x6072, 0xB82F, 0x4096, 0x78B2, 0xF80B, 0x8892, 0x6933, 0xF00D, 0xB82F, 
  0x8831, 0xF929, 0xFB41, 0xFAE1, 0xFAC2, 0xFAA2, 0xFAA2, 0xFAC2, 0xFAA2, 0xFAA2, 0xFAC2, 0xFAC2, 
  0xFAC2, 0xFAC2, 0xFAC2, 0xFAC2, 0xFAC2, 0xFAC2, 0xFAC2, 0xFAC2, 0xFAC2, 0xFAC2, 0xFAC2, 0xFAC2, 
  0xFAC2, 0xFAC2, 0xFAC2, 0xFAC2, 0xFAC2, 0xFAC2, 0xFAC2, 0xFAE2, 0xFAE2, 0xFAC2, 0xFAC2, 0xFAC2, 
  0xFAC2, 0xFAC2, 0xFAC2, 0xFAC2, 0xFAC2, 0xFAC2, 0xFAC2, 0xFAC2, 0xFAC2, 0xFAC2, 0xFAC2, 0xFAA2, 
  0xFAC2, 0xFAC2, 0xFAC2, 0xFAC2, 0xFAC2, 0xFAC2, 0xFAC2, 0xFAC2, 0xFAE2, 0xFAE2, 0xFAC2, 0xFAC2, 
  0xFAC2, 0xFAC2, 0xFAC2, 0xFAC2, 0xFAC2, 0xFAC2, 0xFAC2, 0xFAC2, 0xFAC2, 0xFAC2, 0xFAC2, 0xFAC2, 
  0xFAC2, 0xFAC2, 0xFAE2, 0xFAC2, 0xFAE2, 0xFAC2, 0xFAC2, 0xFAA2, 0xFAC2, 0xFAC2, 0xFAC3, 0xFAC2, 
  0xFAC2, 0xFAC2, 0xFAC2, 0xFAC2, 0xFAA3, 0xFAC3, 0xFAA2, 0xFAC2, 0xFAA2, 0xFAA1, 0xFAE0, 0xF9A7, 
  0x7891, 0xD84D, 0xF80D, 0x30F6, 0xA0B2, 0xF80C, 0x60B3, 0x38D4, 0xC00E, 0x6891, 0x6091, 0x6852, 
  0x5893, 0x7071, 0x6093, 0x6893, 0x68B4, 0x60B4, 0x70D6, 0x1008, 0x738A, 0xCDD9, 0x0005, 0x0003, 
  0x18A7, 0x524F, 0x524E, 0x31AB, 0x0000, 0x00A7, 0x04BF, 0x04BF, 0x049F, 0x04BF, 0x049F, 0x049F, 
  0x049F, 0x049F, 0x049F, 0x047F, 0x043F, 0x041F, 0x0C7E, 0x353E, 0x451E, 0x24BD, 0x047E, 0x14DE, 
  0x045F, 0x03FF, 0x353E, 0x451E, 0x5D3D, 0x047F, 0x047F, 0x049F, 0x049F, 0x049F, 0x047F, 0x043F, 
  0x1C9E, 0xC618, 0xEE77, 0xDE38, 0xE678, 0xE6D8, 0xFF99, 0xFFD8, 0xFF99, 0xE6B8, 0xFF17, 0xF75A, 
  0x047F, 0x045F, 0x047F, 0x045F, 0x043F, 0x043F, 0x051F, 0x018D, 0x2863, 0x62F2, 0x2109, 0x0005, 
  0x20C5, 0x8372, 0x422E, 0x18CA, 0x1069, 0x10A9, 0x10A9, 0x10A9, 0x10A9, 0x10A9, 0x18A9, 0x10A8, 
  0x0824, 0x188A, 0x188A, 0x188A, 0x188A, 0x188A, 0x188A, 0x0868, 0x28AD, 0x7115, 0x70D4, 0x68F4, 
  0x68D4, 0x70B4, 0x68D4, 0x6934, 0x6155, 0x68D5, 0x70D4, 0x70D3, 0x60D4, 0x60D4, 0x68B3, 0x70B4, 
  0x68B3, 0x58D4, 0x68B4, 0x70B4, 0x68B3, 0x58D4, 0x68B4, 0x70B3, 0x70B3, 0x68D4, 0x60B4, 0x60B3, 
  0xD98F, 0xFA30, 0xF9EF, 0xF9D0, 0xFA0F, 0xFA0F, 0xF9F0, 0xF9D0, 0xF9CF, 0xF9EF, 0xEA0F, 0x50AF, 
  0x2831, 0x100E, 0x58D1, 0xE2BA, 0xDABA, 0xCA99, 0xCA99, 0xCA99, 0xD2BA, 0xDABA, 0xBA38, 0x50B1, 
  0x5871, 0x70B3, 0x60D3, 0x60D3, 0x6893, 0x68B3, 0x68D3, 0x50F3, 0x58F3, 0x68D3, 0x68B3, 0x60D3, 
  0x60D3, 0x68D3, 0x68B3, 0x70B4, 0x60B4, 0x60D4, 0x70B4, 0x7093, 0x6893, 0x58B3, 0x68B3, 0x68B3, 
  0x70B3, 0x58B3, 0x60D4, 0x68B3, 0x68B3, 0x68D3, 0x60D4, 0x68B4, 0x70B3, 0x68B3, 0x70B3, 0x60D3, 
  0x60B3, 0x70B3, 0x70B3, 0x60B3, 0x48B3, 0x60B4, 0x70B3, 0x6893, 0x58B4, 0x60B5, 0x70B4, 0x70B4, 
  0x68D4, 0x60D3, 0x68B3, 0x6175, 0x3B1B, 0x5196, 0x6011, 0x7052, 0x5872, 0x4072, 0x900F, 0x7011, 
  0x4874, 0x9071, 0x986F, 0x886F, 0x8050, 0x90B1, 0xE86D, 0xA86F, 0x9091, 0xF0AD, 0xF188, 0xF148, 
  0xF928, 0xF128, 0xF128, 0xF128, 0xF128, 0xF129, 0xF129, 0xF129, 0xF128, 0xF148, 0xF149, 0xF149, 
  0xF128, 0xF129, 0xF149, 0xF149, 0xF149, 0xF129, 0xF129, 0xF129, 0xF129, 0xF129, 0xF129, 0xF149, 
  0xF149, 0xF149, 0xF149, 0xF149, 0xF149, 0xF149, 0xF149, 0xF149, 0xF149, 0xF129, 0xF129, 0xF129, 
  0xF129, 0xF129, 0xF129, 0xF149, 0xF149, 0xF128, 0xF128, 0xF128, 0xF128, 0xF128, 0xF129, 0xF129, 
  0xF129, 0xF129, 0xF129, 0xF129, 0xF148, 0xF149, 0xF148, 0xF148, 0xF149, 0xF129, 0xF129, 0xF129, 
  0xF129, 0xF129, 0xF129, 0xF149, 0xF128, 0xF128, 0xF128, 0xF128, 0xF128, 0xF148, 0xF128, 0xF148, 
  0xF148, 0xF148, 0xF128, 0xF128, 0xF129, 0xF149, 0xF149, 0xF129, 0xF129, 0xF129, 0xF129, 0xF129, 
  0xF129, 0xF929, 0xF129, 0xF129, 0xF148, 0xF928, 0xF948, 0xE8CD, 0x90B1, 0xA88E, 0xA86F, 0xA870, 
  0x90B0, 0x80B0, 0x906E, 0x8050, 0x6074, 0x5892, 0x7870, 0x80D2, 0x6093, 0x5052, 0x5852, 0x5073, 
  0x5073, 0x50B3, 0x6097, 0x0007, 0x73AA, 0xCDD9, 0x0005, 0x0003, 0x10A7, 0x4A4F, 0x526F, 0x31AC, 
  0x0000, 0x0123, 0x0556, 0x051B, 0x0577, 0x0559, 0x04FE, 0x053B, 0x0578, 0x04FC, 0x049F, 0x049F, 
  0x047F, 0x049F, 0x047F, 0x043F, 0x043F, 0x045F, 0x049F, 0x047F, 0x049F, 0x047F, 0x043F, 0x043F, 
  0x043F, 0x047F, 0x04BF, 0x047F, 0x049F, 0x049F, 0x049F, 0x049F, 0x043F, 0x24BD, 0x553D, 0x44DD, 
  0x855B, 0xEE37, 0xF696, 0xF6F7, 0xF697, 0xCDB8, 0xCE18, 0x5D3B, 0x043F, 0x049F, 0x03FF, 0x14FE, 
  0x9EF8, 0x9ED7, 0x461D, 0x014B, 0x2864, 0x62F1, 0x20E9, 0x0005, 0x20E5, 0x8371, 0x3A0D, 0x18CA, 
  0x1069, 0x10A9, 0x10A9, 0x10A9, 0x10A9, 0x18A9, 0x18A9, 0x1088, 0x0824, 0x1889, 0x108A, 0x188A, 
  0x188A, 0x1889, 0x108A, 0x0888, 0x28AD, 0x78F6, 0x78B4, 0x68D4, 0x60D5, 0x68B4, 0x70B4, 0x7134, 
  0xB8B2, 0x70D4, 0x58D5, 0x60D5, 0x9891, 0x9071, 0x58B4, 0x60B5, 0x78B3, 0xA051, 0x60D4, 0x60B5, 
  0x68B4, 0xA850, 0x9072, 0x58F4, 0x68D4, 0x78B3, 0x8851, 0xC951, 0xFA30, 0xF9F0, 0xF9EF, 0xFA10, 
  0xFA0F, 0xFA4F, 0xFA31, 0x68D0, 0xA92F, 0xFA2E, 0xFA4F, 0x508D, 0x1810, 0x3872, 0x080D, 0x48B0, 
  0xE31A, 0xDADA, 0xC279, 0xCA99, 0xCA7A, 0xCA79, 0xDA9A, 0xB259, 0x7914, 0x5072, 0x9070, 0x9071, 
  0x60B4, 0x60B4, 0x60D4, 0xA870, 0x8092, 0x50F3, 0x58B4, 0x8092, 0xA870, 0x70D3, 0x60D4, 0x60B4, 
  0x9092, 0x9091, 0x60B4, 0x60B4, 0x7892, 0xA830, 0x7092, 0x58D4, 0x60D3, 0x8891, 0x9870, 0x60D4, 
  0x60B4, 0x58D3, 0x9091, 0x9072, 0x60B3, 0x60D3, 0x60D3, 0xA850, 0x8072, 0x58D4, 0x58D3, 0x8092, 
  0xB84F, 0x9072, 0x60B4, 0x7873, 0xA850, 0x9851, 0x68B4, 0x5895, 0x80B3, 0xA933, 0xA8D3, 0xA196, 
  0x6B9E, 0x6238, 0xA8B2, 0x98D3, 0xA0B2, 0xB8B0, 0xD06F, 0xB871, 0x88B4, 0xE86C, 0xD84D, 0x68F2, 
  0xD08E, 0xF80B, 0xA0B1, 0xE06E, 0xF82C, 0xC84E, 0xD051, 0xF80E, 0xF00E, 0xF00E, 0xF00E, 0xF00E, 
  0xF00E, 0xF00E, 0xF00E, 0xF00E, 0xF00D, 0xF00D, 0xF00E, 0xE80E, 0xF00E, 0xF00E, 0xF00E, 0xF00E, 
  0xF00E, 0xF00E, 0xF00E, 0xF00E, 0xF00E, 0xF00E, 0xF00E, 0xF00E, 0xF00E, 0xF00E, 0xF00E, 0xF00E, 
  0xF00E, 0xF00E, 0xF00E, 0xF00E, 0xF00E, 0xF00E, 0xF00E, 0xF00E, 0xF00E, 0xF00E, 0xF00E, 0xF00E, 
  0xF00E, 0xF00E, 0xF00E, 0xF00E, 0xF00E, 0xF00E, 0xF00E, 0xF00E, 0xF00E, 0xF00E, 0xF00E, 0xF00E, 
  0xF00E, 0xF00E, 0xF00E, 0xF00E, 0xF00E, 0xF00E, 0xF00E, 0xF00E, 0xF00E, 0xF00E, 0xF00E, 0xF00E, 
  0xF00E, 0xF00E, 0xF00E, 0xF00E, 0xF00E, 0xF00E, 0xF00E, 0xF00E, 0xF00E, 0xF00E, 0xF00E, 0xF00E, 
  0xF00E, 0xF00E, 0xF00E, 0xF00E, 0xF00E, 0xF00E, 0xF00E, 0xF00E, 0xE80E, 0xF00E, 0xF00E, 0xF00E, 
  0xF00E, 0xF00F, 0xF00F, 0xD810, 0xF84F, 0xD04E, 0x90CF, 0xF82C, 0xC86F, 0x68F2, 0xE04C, 0xE04F, 
  0x9072, 0xA84E, 0x9932, 0xD993, 0xB0B2, 0xA0B4, 0xA0B3, 0x98D3, 0xA113, 0x98F3, 0xC136, 0x3008, 
  0x6B8A, 0xCDD9, 0x0005, 0x0003, 0x10A7, 0x4A2F, 0x526F, 0x31AB, 0x0000, 0x0141, 0x06A4, 0x05C5, 
  0x04E4, 0x05E9, 0x2FED, 0x3768, 0x15EB, 0x04FB, 0x047F, 0x049F, 0x049F, 0x049F, 0x049F, 0x049F, 
  0x049F, 0x049F, 0x04BF, 0x043F, 0x041F, 0x047F, 0x045F, 0x045F, 0x045F, 0x03FF, 0x041F, 0x047F, 
  0x047F, 0x049F, 0x049F, 0x047F, 0x049F, 0x045F, 0x041F, 0x03FF, 0x045E, 0x857A, 0x8559, 0x855A, 
  0xA59A, 0x655C, 0x1C7E, 0x045F, 0x047F, 0x045F, 0x1CBE, 0xCF71, 0xFFA4, 0xFEE3, 0xFFA8, 0x3A24, 
  0x0026, 0x62D2, 0x20E9, 0x0006, 0x20E6, 0x8372, 0x420D, 0x18CA, 0x1069, 0x10A9, 0x18A9, 0x18A9, 
  0x1889, 0x10A9, 0x18A9, 0x1088, 0x0824, 0x188A, 0x1889, 0x188A, 0x18AA, 0x1889, 0x1889, 0x0068, 
  0x40AE, 0x80F6, 0x60D5, 0x80B3, 0x9871, 0x68D4, 0x60D4, 0x7135, 0xD092, 0x9092, 0x70B3, 0x70B3, 
  0xA070, 0xA070, 0x6893, 0x68B3, 0x80B2, 0xA851, 0x68B3, 0x6894, 0x6893, 0xB050, 0x9071, 0x70B3, 
  0x78B2, 0x6892, 0xB04E, 0xF9AF, 0xFA10, 0xFA0F, 0xF9EF, 0xFA0F, 0xFA2F, 0xD970, 0x9132, 0x48B3, 
  0x68F1, 0xE210, 0xFA2F, 0x588C, 0x100E, 0x284F, 0x3871, 0x180D, 0x58D0, 0xC298, 0xDAFB, 0xCA79, 
  0xCA59, 0xCA79, 0xC279, 0xD2BA, 0xD2BA, 0x8133, 0x800D, 0x7891, 0x7893, 0x7093, 0x68B2, 0xB830, 
  0x8092, 0x68B3, 0x68B2, 0x80B1, 0xB870, 0x78B2, 0x70D2, 0x60D3, 0xA070, 0xA870, 0x68B3, 0x60B3, 
  0x8071, 0xD00E, 0x8071, 0x5892, 0x60B3, 0xB850, 0xC02F, 0x58B2, 0x8071, 0x9070, 0xD04D, 0x7870, 
  0x68B2, 0xE02E, 0x9091, 0x6892, 0x9071, 0xC84F, 0x8071, 0x70B1, 0xE84F, 0xB030, 0x6872, 0x9870, 
  0xE02E, 0xD02F, 0x7091, 0x8071, 0xC0B1, 0xC975, 0xB954, 0xC913, 0xB115, 0xC134, 0xD953, 0xA914, 
  0xD913, 0xF952, 0xB916, 0xD135, 0xF910, 0xF06D, 0xE850, 0xE8D1, 0xE090, 0xE830, 0xE80D, 0xE84E, 
  0xE82E, 0xD88F, 0xD890, 0xF82E, 0xF00E, 0xF02D, 0xF02D, 0xF00D, 0xF02D, 0xF00D, 0xF00D, 0xF00D, 
  0xF00D, 0xF00D, 0xF00D, 0xF00D, 0xF02D, 0xF02D, 0xF00E, 0xF00E, 0xF00E, 0xF00E, 0xF00D, 0xF00D, 
  0xF02D, 0xF00D, 0xF00D, 0xF02D, 0xF02D, 0xF02D, 0xF02D, 0xF02D, 0xF02D, 0xF00D, 0xF00D, 0xF00D, 
  0xF00D, 0xF02E, 0xF02D, 0xF00D, 0xF02D, 0xF02D, 0xF00D, 0xF00D, 0xF00D, 0xF00D, 0xF00D, 0xF00D, 
  0xF00D, 0xF00D, 0xF00D, 0xF02D, 0xF02D, 0xF00E, 0xF02D, 0xF02D, 0xF00D, 0xF02E, 0xF00D, 0xF02D, 
  0xF02D, 0xF00D, 0xF00D, 0xF00D, 0xF00E, 0xF02E, 0xF02E, 0xF02D, 0xF02D, 0xF02D, 0xF02D, 0xF00D, 
  0xF00D, 0xF00D, 0xF00D, 0xF00D, 0xF00D, 0xF00D, 0xF02D, 0xF00D, 0xF00D, 0xF00D, 0xF00D, 0xF02D, 
  0xF00E, 0xF00E, 0xF00E, 0xF00D, 0xF00D, 0xF00E, 0xF02E, 0xF00E, 0xF02E, 0xF82E, 0xE0AF, 0xD8B1, 
  0xF00E, 0xF00E, 0xF84F, 0xE84F, 0xF82E, 0xF84D, 0xF02E, 0xD132, 0xD16F, 0xD8CF, 0xB974, 0xE132, 
  0xD913, 0xD154, 0xC974, 0xB956, 0xD9D5, 0xD974, 0xF9B7, 0x5809, 0x636A, 0xCDD9, 0x0006, 0x0003, 
  0x10A7, 0x4A2F, 0x524F, 0x318B, 0x0000, 0x0021, 0x6CA7, 0x5C46, 0x2144, 0x01C1, 0x0D23, 0x05AA, 
  0x055E, 0x049F, 0x049F, 0x049F, 0x049F, 0x049F, 0x049F, 0x049F, 0x041F, 0x03DF, 0x039F, 0x149F, 
  0xAEDC, 0xD73B, 0xC71C, 0xAEDC, 0x1C7D, 0x969D, 0x761E, 0x03FF, 0x047F, 0x049F, 0x049F, 0x049F, 
  0x047F, 0x047F, 0x047F, 0x049F, 0x047F, 0x043F, 0x043F, 0x045F, 0x045F, 0x045F, 0x043F, 0x047F, 
  0x049F, 0x041F, 0x8EFC, 0xFC63, 0xF940, 0xF960, 0xFAA0, 0x70E0, 0x00C9, 0x62D1, 0x18E9, 0x0005, 
  0x20E6, 0x8372, 0x41ED, 0x18CA, 0x1069, 0x1889, 0x18A9, 0x18A9, 0x1889, 0x1889, 0x18AA, 0x18A8, 
  0x0844, 0x188A, 0x188A, 0x1888, 0x1086, 0x18AA, 0x1889, 0x0088, 0x488D, 0x90B4, 0x70D5, 0x88B3, 
  0xA851, 0x68B4, 0x70B3, 0x8134, 0x6117, 0xA072, 0xF82C, 0xB84F, 0x58B3, 0x58B2, 0xB84F, 0xE02E, 
  0x8871, 0x48D3, 0xA86F, 0xE80E, 0x9091, 0x40F4, 0x78B1, 0xF80E, 0xC02F, 0x60F0, 0xDA10, 0xFA0F, 
  0xF9EF, 0xF9F0, 0xF9F0, 0xFA50, 0xFA11, 0x78B2, 0x58D3, 0x7912, 0x68F2, 0x8151, 0xB98F, 0xA92F, 
  0x302F, 0x180E, 0x304F, 0x3890, 0x100E, 0x4090, 0xD29A, 0xE2DB, 0xC278, 0xCA7A, 0xCA79, 0xC279, 
  0xD29A, 0xD279, 0x98F2, 0x704F, 0x9892, 0xD050, 0xE00D, 0x6892, 0x50D4, 0xC82F, 0xF00E, 0x80B1, 
  0x48F4, 0x9871, 0xE82D, 0xA090, 0x60D3, 0x68D3, 0xC06F, 0xD80E, 0x8871, 0x50B2, 0x9850, 0xE80D, 
  0xA82F, 0x60B3, 0x70B2, 0xB86E, 0xF00D, 0xB02F, 0x7892, 0x9071, 0xD04E, 0xE02E, 0xA092, 0x80D1, 
  0xA06F, 0xD00E, 0xD00E, 0xB870, 0x7093, 0x8071, 0xE82D, 0xC82E, 0x78B3, 0x78B3, 0xD02C, 0xF80C, 
  0xC892, 0xA0F4, 0xA934, 0xB154, 0xC113, 0xD0F3, 0xB134, 0xC133, 0xC913, 0xC8D4, 0xC113, 0xD8F3, 
  0xE88E, 0xE08F, 0xD854, 0xF06D, 0xE030, 0xE812, 0xF80C, 0xF00D, 0xE810, 0xF030, 0xF00F, 0xF00F, 
  0xF00F, 0xF00E, 0xF00E, 0xF00D, 0xF00E, 0xF00E, 0xF00E, 0xF00E, 0xF00E, 0xF00E, 0xF00E, 0xF00E, 
  0xF00E, 0xF00E, 0xF00E, 0xF00E, 0xF00E, 0xF00E, 0xF00E, 0xF00E, 0xF00E, 0xF00E, 0xF00E, 0xF00E, 
  0xF00E, 0xF00E, 0xF00E, 0xF00E, 0xF00E, 0xF00E, 0xF00E, 0xF00E, 0xF00E, 0xF00E, 0xF00E, 0xF00E, 
  0xF00E, 0xF00E, 0xF00E, 0xF00E, 0xF00E, 0xF00E, 0xF00E, 0xF00E, 0xF00E, 0xF00E, 0xF00E, 0xF00E, 
  0xF00E, 0xF00E, 0xF00E, 0xF00E, 0xF00E, 0xF00E, 0xF00E, 0xF00E, 0xF00E, 0xF00E, 0xF00E, 0xF00E, 
  0xF00E, 0xF00E, 0xF00E, 0xF00E, 0xF00E, 0xF00E, 0xF00E, 0xF00E, 0xF00E, 0xF00E, 0xF00E, 0xF00E, 
  0xF00E, 0xF00E, 0xF00E, 0xF00E, 0xF00E, 0xF00E, 0xF00E, 0xF00E, 0xF00E, 0xF00E, 0xF00E, 0xF00E, 
  0xF00E, 0xF00E, 0xF00E, 0xF00F, 0xF00F, 0xF80F, 0xE86F, 0xE06F, 0xF010, 0xE810, 0xE84F, 0xD892, 
  0xE84D, 0xF80A, 0xE811, 0xE8AE, 0xE18E, 0xC933, 0xB913, 0xB135, 0xA935, 0xC993, 0xB954, 0xB955, 
  0xC174, 0xB954, 0xE998, 0x500A, 0x636A, 0xCDB9, 0x0006, 0x0003, 0x1887, 0x4A2F, 0x4A4F, 0x318A, 
  0x0000, 0x0800, 0xE3CA, 0xBAA9, 0xAA68, 0xE3E8, 0x81C4, 0x41C4, 0x44F7, 0x04DF, 0x049F, 0x047F, 
  0x049F, 0x04BF, 0x049F, 0x03FF, 0x2D1C, 0x9E7C, 0x85FC, 0xD73B, 0xFFF8, 0xFFB7, 0xFFD7, 0xFFD8, 
  0xD6FA, 0xFFFA, 0xFFFA, 0x453D, 0x039F, 0x043F, 0x04BF, 0x049F, 0x049F, 0x047F, 0x049F, 0x049F, 
  0x049F, 0x049F, 0x049F, 0x047F, 0x049F, 0x049F, 0x049F, 0x049F, 0x049F, 0x045F, 0x8E9A, 0xF960, 
  0xC008, 0xB8AA, 0xD806, 0x5800, 0x0948, 0x62D1, 0x18E9, 0x0006, 0x28E7, 0x8B92, 0x3A0D, 0x18A9, 
  0x1069, 0x1889, 0x18A9, 0x1889, 0x18A9, 0x18A9, 0x18AA, 0x18A8, 0x0024, 0x18A9, 0x18AC, 0x0845, 
  0x0001, 0x1888, 0x20AB, 0x08A9, 0x286B, 0xD850, 0xE030, 0x70D3, 0x4913, 0x9892, 0xF010, 0xB0D2, 
  0x70D6, 0x8094, 0xF82D, 0xC02F, 0x5893, 0x6093, 0xC82E, 0xF80D, 0x9070, 0x48B3, 0xC82F, 0xF80C, 
  0x9871, 0x3913, 0x78B1, 0xF80E, 0xD02E, 0xB96F, 0xFA6F, 0xFA0F, 0xF9EF, 0xF9EF, 0xFA0F, 0xFA30, 
  0xA952, 0x6914, 0x7913, 0x78F2, 0x7112, 0x7950, 0xA150, 0xA950, 0x304E, 0x200F, 0x282E, 0x286F, 
  0x304F, 0x180E, 0x50D0, 0xD2BA, 0xDADB, 0xC279, 0xCA79, 0xC259, 0xC258, 0xCA9A, 0xDA7A, 0xD0F1, 
  0x6870, 0xD82F, 0xF80D, 0x7071, 0x5092, 0xD050, 0xF80E, 0x8891, 0x50D3, 0xA871, 0xF80D, 0xA870, 
  0x60B2, 0x68B3, 0xD82F, 0xF80C, 0x8870, 0x40B3, 0xA050, 0xF80C, 0xC02E, 0x48B2, 0x68B2, 0xE82E, 
  0xF80D, 0x7891, 0x38B3, 0xE02F, 0xF80D, 0x5892, 0x7892, 0xF80C, 0xC02D, 0x2093, 0xB04F, 0xF82E, 
  0x6873, 0x7093, 0xF82E, 0xD82E, 0x6872, 0x7092, 0xE00D, 0xF8AF, 0xD153, 0xB8D2, 0xB8B3, 0xB954, 
  0xC934, 0xB933, 0xC932, 0xD133, 0xB954, 0xC0F3, 0xE90E, 0xD8F1, 0xD011, 0xE10E, 0xE0EF, 0xE80F, 
  0xE8AF, 0xF0AD, 0xE010, 0xF0AF, 0xF8CC, 0xF02F, 0xF06F, 0xF109, 0xF0E9, 0xF0CB, 0xF0CA, 0xF0CA, 
  0xF0C9, 0xF0E9, 0xF0E9, 0xF0E9, 0xF0E9, 0xF0E9, 0xF0E9, 0xF0E9, 0xF0E9, 0xF0E9, 0xF0E9, 0xF0E9, 
  0xF0E9, 0xF0EA, 0xF0C9, 0xF0C9, 0xF0C9, 0xF0E9, 0xF0C9, 0xF0C9, 0xF0E9, 0xF0E9, 0xF0E9, 0xF0E9, 
  0xF0E9, 0xF0C9, 0xF0C9, 0xF0C9, 0xF0C9, 0xF0E9, 0xF0E9, 0xF0E9, 0xF0C9, 0xF0C9, 0xF0C9, 0xF0C9, 
  0xF0C9, 0xF0C9, 0xF0C9, 0xF0C9, 0xF0C9, 0xF0C9, 0xF0C9, 0xF0C9, 0xF0E9, 0xF0C9, 0xF0C9, 0xF0C9, 
  0xF0C9, 0xF0C9, 0xF0EA, 0xF0EA, 0xF0EA, 0xF0CA, 0xF0CA, 0xF0CA, 0xF0EA, 0xF0EA, 0xF0EA, 0xF0EA, 
  0xF0E9, 0xF0E9, 0xF0E9, 0xF0C9, 0xF0C9, 0xF0E9, 0xF0E9, 0xF0E9, 0xF0C9, 0xF0C9, 0xF0C9, 0xF0A9, 
  0xF0C9, 0xF0C9, 0xF0C9, 0xF0EA, 0xF0EA, 0xF0EA, 0xF0EA, 0xF0EA, 0xF8EA, 0xF0EA, 0xF8EA, 0xF10A, 
  0xF129, 0xF10A, 0xF80E, 0xF80E, 0xE90C, 0xE88E, 0xE84F, 0xE0EC, 0xD8EF, 0xD0B1, 0xD92F, 0xE0CF, 
  0xC0F5, 0xE111, 0xE0F0, 0xA955, 0xC135, 0xC153, 0xB954, 0xB954, 0xC153, 0xC134, 0xF177, 0x5809, 
  0x636A, 0xCD98, 0x0006, 0x0003, 0x1087, 0x4A0F, 0x4A2E, 0x318A, 0x0000, 0x30A1, 0xB2A6, 0xDC4A, 
  0x7225, 0xDBE8, 0xF3C7, 0xB243, 0x5C90, 0x057A, 0x0D1E, 0x0CDF, 0x049F, 0x047F, 0x0C9E, 0xA6FD, 
  0xFFFB, 0xFFF9, 0xFFF9, 0xFFB8, 0xFF57, 0xFF58, 0xFF58, 0xFF58, 0xFFD8, 0xFF98, 0xFFD9, 0x8E1A, 
  0x7E1D, 0x75DD, 0x041F, 0x049F, 0x049F, 0x049F, 0x049F, 0x049F, 0x049F, 0x049F, 0x049F, 0x049F, 
  0x049F, 0x049F, 0x04BF, 0x049F, 0x04BF, 0x047F, 0xAE75, 0xEC4C, 0x043F, 0x04DF, 0x763F, 0x59E6, 
  0x0844, 0x62B1, 0x18E9, 0x0006, 0x20E8, 0x8B92, 0x41ED, 0x18C9, 0x1069, 0x1889, 0x18A9, 0x1889, 
  0x18A9, 0x1889, 0x18AA, 0x1087, 0x0023, 0x20AB, 0x1089, 0x0867, 0x0867, 0x0845, 0x20CB, 0x0889, 
  0x286B, 0xD84F, 0xF80F, 0x78B2, 0x50F4, 0x9871, 0xF810, 0xB092, 0xC8B0, 0xB070, 0x78B2, 0x8092, 
  0xB86F, 0xC84E, 0xA050, 0x8871, 0xB06F, 0xC02E, 0xA850, 0x9091, 0xB84F, 0xC82D, 0xA06F, 0x70B1, 
  0xB0D0, 0xA951, 0xB1B1, 0xFA30, 0xF9EF, 0xFA0F, 0xFA0E, 0xB971, 0x7113, 0x7953, 0x8112, 0x7912, 
  0x7931, 0x8950, 0xA170, 0x9150, 0x282E, 0x200F, 0x284F, 0x202F, 0x3050, 0x3850, 0x100D, 0x48B0, 
  0xD2B9, 0xEB1C, 0xC279, 0xCA79, 0xC279, 0xCA59, 0xCA9B, 0xCA9B, 0xC153, 0xA00D, 0x60D1, 0xB04F, 
  0xD00D, 0xB090, 0x80B2, 0xB06E, 0xC04E, 0xA070, 0x7891, 0x9890, 0xC04E, 0xC04E, 0x9870, 0x9070, 
  0xB06F, 0xB86E, 0xB84F, 0x9850, 0xA06F, 0xB86E, 0xB88F, 0xB090, 0x9870, 0xA06F, 0xB86F, 0xB04F, 
  0xA84F, 0xA06F, 0xB84F, 0xD80D, 0xC04D, 0x80B2, 0x9093, 0xB02F, 0xE00C, 0xB84F, 0x7072, 0x9850, 
  0xD06D, 0xC82F, 0xC88E, 0xFB4B, 0xEAF3, 0xCA19, 0xD1B4, 0xB913, 0xB114, 0xC133, 0xC953, 0xC112, 
  0xC953, 0xC913, 0xC132, 0xC133, 0xD0D2, 0xE0ED, 0xE94B, 0xD071, 0xF16C, 0xF9AA, 0xC032, 0xF1CE, 
  0xFA2A, 0xD892, 0xF16E, 0xFA66, 0xFA65, 0xFAA3, 0xFA83, 0xFA84, 0xFA83, 0xFA83, 0xFA83, 0xFA83, 
  0xFA83, 0xFA83, 0xFA83, 0xFA83, 0xFA83, 0xFA83, 0xFA83, 0xFAA3, 0xFAA3, 0xFA83, 0xFA83, 0xFA83, 
  0xFA83, 0xFA83, 0xFA83, 0xFA83, 0xFA83, 0xFA83, 0xFA83, 0xFA83, 0xFA83, 0xFA83, 0xFA62, 0xFA62, 
  0xFA62, 0xFA62, 0xFA83, 0xFA83, 0xFA62, 0xFA62, 0xFA63, 0xFA63, 0xFA83, 0xFA83, 0xFA83, 0xFA83, 
  0xFA83, 0xFA83, 0xFA83, 0xFA83, 0xFA83, 0xFA83, 0xFA83, 0xFA83, 0xFA63, 0xFA63, 0xFA83, 0xFA83, 
  0xFA83, 0xFA83, 0xFA83, 0xFA83, 0xFA83, 0xFA83, 0xFA83, 0xFA83, 0xFA83, 0xFA83, 0xFA83, 0xFA83, 
  0xFA82, 0xFA83, 0xFAA3, 0xFA83, 0xFA83, 0xFA63, 0xFA63, 0xFA62, 0xFA62, 0xFA83, 0xFA83, 0xFA83, 
  0xFAA3, 0xFAA3, 0xFAA3, 0xFAA3, 0xFA83, 0xFAA3, 0xFAA3, 0xFAC2, 0xFAC4, 0xFAC7, 0xF0CF, 0xE8EF, 
  0xFAC7, 0xE90D, 0xD0D2, 0xF8C8, 0xD10F, 0xB8F5, 0xE94B, 0xB9B2, 0x9956, 0xD0F1, 0xB133, 0xB934, 
  0xB134, 0xA954, 0xB154, 0xA955, 0xB155, 0xD133, 0xE156, 0x3809, 0x636A, 0xC578, 0x0006, 0x0004, 
  0x10A7, 0x4A2F, 0x4A2E, 0x318A, 0x0000, 0x2861, 0xCA24, 0xEAC5, 0xBAC6, 0x2021, 0xC284, 0xFD43, 
  0x7B31, 0x3335, 0x0CFE, 0x04DF, 0x04BF, 0x045F, 0x14BF, 0xFFBA, 0xFFB7, 0xCD94, 0xDE97, 0xFFF9, 
  0xFF77, 0xFF78, 0xFF58, 0xFF98, 0xFFB8, 0xFFB8, 0xFFB8, 0xFF59, 0xFFFA, 0xFFD7, 0x9598, 0x047F, 
  0x04BF, 0x043F, 0x045F, 0x04BF, 0x04BF, 0x047F, 0x03FF, 0x045F, 0x049F, 0x04DE, 0x057F, 0x059F, 
  0x04DF, 0x253E, 0xF7DA, 0x5E1D, 0x04DF, 0x043F, 0xB7FF, 0xAC6B, 0x0003, 0x5AB1, 0x18C8, 0x0006, 
  0x20C7, 0x8B92, 0x41ED, 0x18A9, 0x1069, 0x1889, 0x18A9, 0x1889, 0x1889, 0x1889, 0x18AA, 0x0866, 
  0x0002, 0x20AB, 0x1888, 0x1086, 0x0869, 0x0002, 0x1067, 0x0088, 0x78EE, 0xA8F3, 0x70B3, 0xA891, 
  0xD090, 0xA871, 0x60B3, 0x98D2, 0xF8AD, 0xE84D, 0x40B2, 0x58B3, 0xF86E, 0xF82B, 0x9070, 0x28B3, 
  0xB84E, 0xF80B, 0x8070, 0x2114, 0xC84D, 0xF80A, 0xD80E, 0x7112, 0x8932, 0x8933, 0x7913, 0xD9D0, 
  0xFA4F, 0xFA0F, 0xC190, 0x7112, 0x7952, 0x8133, 0x9153, 0x9953, 0x8930, 0x814F, 0x8970, 0x9971, 
  0x60AF, 0x200E, 0x2830, 0x282F, 0x282F, 0x4091, 0x3871, 0x100D, 0x408F, 0xB256, 0xE2DB, 0xC259, 
  0xCA59, 0xCA59, 0xCA59, 0xCA7A, 0xEABA, 0xA173, 0x3890, 0xE06E, 0xF84C, 0xB06F, 0x38D2, 0xC84E, 
  0xF80B, 0xB04E, 0x30D2, 0x986F, 0xF80B, 0xF80C, 0x78B0, 0x30D2, 0xC86E, 0xF82B, 0xC82E, 0x20B3, 
  0x8090, 0xF84C, 0xF84C, 0x7890, 0x4090, 0xD84D, 0xF80C, 0x888F, 0x5090, 0xF02D, 0xF80C, 0x884E, 
  0x982F, 0xF82C, 0xD86E, 0x882F, 0xE00C, 0xE00B, 0x7092, 0x8870, 0xF88D, 0xF8ED, 0xFB49, 0xFC24, 
  0xFB50, 0xDA9C, 0xE2B9, 0xB1B5, 0xA8B3, 0xB134, 0xB953, 0xB134, 0xB933, 0xC8F3, 0x9118, 0xC112, 
  0xF98A, 0xB076, 0xC0F4, 0xFA48, 0xD892, 0xC851, 0xFA46, 0xE12B, 0xE0ED, 0xFA27, 0xF18C, 0xC0F6, 
  0xF24B, 0xFAE0, 0xFA82, 0xFA64, 0xFA63, 0xFA63, 0xFA63, 0xFA63, 0xFA63, 0xFA63, 0xFA63, 0xFA63, 
  0xFA63, 0xFA63, 0xFA63, 0xFA63, 0xFA63, 0xFA63, 0xFA43, 0xFA43, 0xFA42, 0xFA42, 0xFA42, 0xFA42, 
  0xFA62, 0xFA62, 0xFA62, 0xFA62, 0xFA62, 0xFA42, 0xFA42, 0xFA42, 0xFA42, 0xFA42, 0xFA42, 0xFA42, 
  0xFA42, 0xFA42, 0xFA42, 0xFA42, 0xFA62, 0xFA62, 0xFA42, 0xFA42, 0xFA42, 0xFA42, 0xFA42, 0xFA42, 
  0xFA62, 0xFA62, 0xFA62, 0xFA62, 0xFA42, 0xFA62, 0xFA62, 0xFA62, 0xFA62, 0xFA62, 0xFA62, 0xFA62, 
  0xFA62, 0xFA62, 0xFA62, 0xFA62, 0xFA62, 0xFA62, 0xFA62, 0xFA62, 0xFA62, 0xFA62, 0xFA62, 0xFA62, 
  0xFA42, 0xFA42, 0xFA42, 0xFA42, 0xFA62, 0xFA62, 0xFA62, 0xFA63, 0xFA63, 0xFA63, 0xFA63, 0xFA63, 
  0xFA83, 0xFA83, 0xFA82, 0xFAE0, 0xF1EA, 0xD0F5, 0xFA0A, 0xF9CB, 0xD894, 0xE90C, 0xF92C, 0xC954, 
  0xE12E, 0xF0C7, 0xA875, 0xC911, 0xF86A, 0x8116, 0xA174, 0xC952, 0xC133, 0xA954, 0xA954, 0xB155, 
  0xB975, 0xB133, 0xE998, 0x380B, 0x6B6A, 0xCD78, 0x0007, 0x0003, 0x1887, 0x4A2F, 0x4A2F, 0x318B, 
  0x0000, 0x08A2, 0x4B89, 0x4305, 0x94E9, 0x5407, 0x49A2, 0x6860, 0x3A74, 0x143E, 0x049F, 0x04BF, 
  0x04BF, 0x04BF, 0x045F, 0x1C3C, 0xCE59, 0xDDF7, 0xD5F6, 0xFF58, 0xFFB9, 0xFF98, 0xFFB8, 0xDEF9, 
  0xE6D9, 0xFF58, 0xFF38, 0xFFB8, 0xF6D7, 0xA576, 0x751A, 0x043F, 0x5DB7, 0xBF8E, 0xAEF1, 0x24DC, 
  0x045F, 0x1CFF, 0x4D7F, 0x1D1F, 0x049F, 0x04DA, 0x62C8, 0x7B0E, 0x059D, 0x053F, 0x251F, 0x04DF, 
  0x04DF, 0x047F, 0x5E9F, 0x536D, 0x0823, 0x5AB1, 0x18C8, 0x0006, 0x18C6, 0x8B92, 0x39ED, 0x18A9, 
  0x1069, 0x1889, 0x10A9, 0x1889, 0x1889, 0x18A9, 0x18CA, 0x0865, 0x0003, 0x20CA, 0x1889, 0x1889, 
  0x0847, 0x0001, 0x0846, 0x08AA, 0x80EE, 0xB113, 0x40D4, 0xB091, 0xF84E, 0xD870, 0x30F4, 0x8932, 
  0xE08D, 0xF84D, 0xB80D, 0xA82E, 0xD86F, 0xE84D, 0xB80E, 0x980F, 0xB82E, 0xC00D, 0xA80E, 0x982F, 
  0xB80E, 0xD02E, 0xC071, 0x9932, 0x8953, 0x8932, 0x78D2, 0xB151, 0xFA0F, 0xA171, 0x7132, 0x8132, 
  0x8952, 0xA193, 0x60D0, 0x488E, 0x9170, 0x8150, 0x8150, 0x9970, 0x70F0, 0x200F, 0x2830, 0x282F, 
  0x2830, 0x3050, 0x4071, 0x3851, 0x100E, 0x180C, 0xBA78, 0xE2FB, 0xC259, 0xCA59, 0xCA59, 0xCA59, 
  0xC27A, 0xCADC, 0xE131, 0xF82B, 0xD0CF, 0xC84E, 0xB80E, 0xC00E, 0xC02E, 0xC82D, 0xA82E, 0xC80D, 
  0xD82E, 0xC84F, 0xB80D, 0xA02E, 0xC84E, 0xE84D, 0xD02D, 0x800E, 0xA80E, 0xF80C, 0xF02C, 0xA84D, 
  0xA82D, 0xD80D, 0xF82D, 0xC82E, 0xA02E, 0xF80D, 0xF82C, 0xB88E, 0xB84D, 0xE00B, 0xE08C, 0xD96F, 
  0xC12F, 0xE92E, 0xF96F, 0xE0EF, 0xF92E, 0xFB4A, 0xFC45, 0xFBE6, 0xFBC6, 0xF2B2, 0xDA3B, 0xE2B8, 
  0xC9F5, 0xB8D3, 0xB913, 0xC133, 0xB913, 0x9935, 0xC172, 0xD910, 0xD110, 0xC8B2, 0xD111, 0xE20E, 
  0xD8D0, 0xD88E, 0xFA08, 0xD8AD, 0xD88D, 0xFA07, 0xE94D, 0xB0F4, 0xFA2C, 0xFA48, 0xFA82, 0xFA83, 
  0xFA63, 0xFA63, 0xFA63, 0xFA63, 0xFA63, 0xFA63, 0xFA63, 0xFA63, 0xFA63, 0xFA63, 0xFA63, 0xFA63, 
  0xFA63, 0xFA42, 0xFA42, 0xFA42, 0xFA22, 0xFA42, 0xFA42, 0xFA41, 0xFA41, 0xFA42, 0xFA62, 0xFA41, 
  0xFA41, 0xFA41, 0xFA41, 0xFA41, 0xFA41, 0xFA41, 0xFA21, 0xFA21, 0xFA21, 0xFA21, 0xFA22, 0xFA42, 
  0xFA42, 0xFA41, 0xFA41, 0xFA41, 0xFA41, 0xFA42, 0xFA42, 0xFA42, 0xFA41, 0xFA41, 0xFA62, 0xFA62, 
  0xFA41, 0xFA61, 0xFA61, 0xFA61, 0xFA61, 0xFA61, 0xFA62, 0xFA62, 0xFA62, 0xFA62, 0xFA62, 0xFA42, 
  0xFA42, 0xFA42, 0xFA42, 0xFA42, 0xFA41, 0xFA41, 0xFA42, 0xFA42, 0xFA42, 0xFA42, 0xFA42, 0xFA42, 
  0xFA63, 0xFA63, 0xFA63, 0xFA63, 0xFA63, 0xFA63, 0xFA63, 0xFA63, 0xFA63, 0xFA63, 0xFA81, 0xFA83, 
  0xF9AD, 0xD113, 0xFA4B, 0xF96B, 0xD814, 0xE0EE, 0xF8ED, 0xB196, 0xD170, 0xE90B, 0xA0F5, 0xC8AE, 
  0xE88C, 0xA934, 0xC152, 0xD932, 0xC933, 0xB953, 0xA933, 0xC134, 0xC973, 0xB8F2, 0xE177, 0x480B, 
  0x6B8A, 0xCDB9, 0x0006, 0x0004, 0x10A6, 0x4A2F, 0x4A2E, 0x318B, 0x0000, 0x0904, 0x2D6E, 0x1509, 
  0x0C88, 0x3D2B, 0x14CD, 0x0BE6, 0x0538, 0x053F, 0x049F, 0x04BF, 0x04BF, 0x04BF, 0x047F, 0x03FF, 
  0x34FF, 0x4D1D, 0xA5B9, 0xF677, 0xFED7, 0xFED7, 0xFED8, 0xD659, 0xD618, 0x9D7A, 0x9D9A, 0xB5BA, 
  0x9DBA, 0x0C9E, 0x043F, 0x047F, 0xB30A, 0xFB40, 0xFB40, 0xB2EC, 0x049F, 0x35BF, 0xE7DF, 0x6E3E, 
  0x045F, 0x051E, 0x690A, 0xE800, 0x73AB, 0x0D3D, 0x049F, 0x04DF, 0x049F, 0x04BE, 0x053F, 0x018D, 
  0x2843, 0x5AB1, 0x18A8, 0x0006, 0x20C6, 0x8B92, 0x3A0D, 0x18AA, 0x1069, 0x18A9, 0x18A9, 0x18A9, 
  0x1889, 0x1889, 0x18AA, 0x0845, 0x1047, 0x188A, 0x0865, 0x18AA, 0x0847, 0x0002, 0x1067, 0x18EB, 
  0x28AC, 0xD070, 0xB830, 0xC070, 0xC8B0, 0xD06F, 0xA870, 0xB0AF, 0xD930, 0x802F, 0xD82D, 0xF94C, 
  0xC8EE, 0x6812, 0xD02E, 0xF90D, 0xA80E, 0x600E, 0xF08D, 0xF82E, 0xC02F, 0x88F2, 0x8173, 0x8953, 
  0x8933, 0x8932, 0x8933, 0x9132, 0x9911, 0x7932, 0x8132, 0x8932, 0x9952, 0x70EF, 0x100B, 0x0009, 
  0x690E, 0x8970, 0x7950, 0x9990, 0x60CF, 0x200E, 0x284F, 0x2830, 0x3050, 0x282F, 0x3050, 0x4892, 
  0x4071, 0x280F, 0x384F, 0xBA58, 0xE2DB, 0xCA59, 0xCA79, 0xCA79, 0xCA59, 0xC29A, 0xE2BA, 0xE9D3, 
  0x882E, 0xA80F, 0xF92F, 0xE06E, 0x7810, 0xC08F, 0xF8EE, 0xF84D, 0x902E, 0x606F, 0xF0AD, 0xF90D, 
  0xD06D, 0x700D, 0xA84D, 0xF96F, 0xF94E, 0xB84E, 0x904E, 0xF9AF, 0xF9EF, 0xC8CE, 0x880D, 0xF0EE, 
  0xF9EF, 0xD00C, 0xD090, 0xF9CF, 0xF9EF, 0xC96F, 0xC9F0, 0xFA90, 0xFA30, 0xFA2F, 0xF9F0, 0xF9EE, 
  0xFB69, 0xFC66, 0xFC46, 0xFC08, 0xFBC5, 0xFB86, 0xEA72, 0xD25A, 0xE318, 0xB9D6, 0xA8F4, 0xC153, 
  0xB153, 0xB934, 0xE16F, 0xD132, 0x80FA, 0xF909, 0xF92B, 0x7917, 0xF1AB, 0xF9E6, 0xB816, 0xF94E, 
  0xFA08, 0xB114, 0xE9AC, 0xFA64, 0xD0F0, 0xC8D6, 0xFA66, 0xFA82, 0xFA83, 0xFA63, 0xFA63, 0xFA63, 
  0xFA63, 0xFA63, 0xFA63, 0xFA64, 0xFA63, 0xFA63, 0xFA63, 0xFA63, 0xFA43, 0xFA42, 0xFA61, 0xFA41, 
  0xFA41, 0xFA41, 0xFA41, 0xFA41, 0xFA41, 0xFA61, 0xFA60, 0xFA61, 0xFA61, 0xFA41, 0xFA41, 0xFA41, 
  0xFA41, 0xFA41, 0xFA41, 0xFA41, 0xFA41, 0xFA41, 0xFA41, 0xFA41, 0xFA41, 0xFA41, 0xFA41, 0xFA41, 
  0xFA61, 0xFA61, 0xFA61, 0xFA41, 0xFA61, 0xFA61, 0xFA61, 0xFA61, 0xFA61, 0xFA61, 0xFA61, 0xFA61, 
  0xFA61, 0xFA61, 0xFA61, 0xFA61, 0xFA61, 0xFA61, 0xFA41, 0xFA41, 0xFA41, 0xFA41, 0xFA61, 0xFA61, 
  0xFA41, 0xFA61, 0xFA41, 0xFA62, 0xFA42, 0xFA62, 0xFA42, 0xFA62, 0xFA63, 0xFA63, 0xFA63, 0xFA63, 
  0xFA63, 0xFA63, 0xFA44, 0xFA63, 0xFA64, 0xFA82, 0xFAA1, 0xD912, 0xE94F, 0xFB24, 0xD0F5, 0xD852, 
  0xF9A4, 0xC933, 0xB0F7, 0xF929, 0xD112, 0xA119, 0xF8AC, 0xD8D0, 0x9156, 0xD930, 0xD132, 0xA935, 
  0xB154, 0xB153, 0xB933, 0xB934, 0xB134, 0xD133, 0xD936, 0x4809, 0x6BAA, 0xCDB8, 0x0007, 0x0004, 
  0x18A7, 0x4A2F, 0x4A4F, 0x31AB, 0x0000, 0x0106, 0x4DD5, 0x85ED, 0x3530, 0x13F1, 0x03D4, 0x5E83, 
  0x46EB, 0x049F, 0x049F, 0x04BF, 0x049F, 0x049F, 0x2D3F, 0x0CBF, 0x03DF, 0x041F, 0x0C9F, 0x6D3B, 
  0x7D1A, 0x853A, 0x8539, 0x5D1C, 0x551D, 0x045E, 0x043F, 0x045F, 0x047F, 0x047F, 0x049F, 0x055F, 
  0x90CA, 0xF800, 0xF800, 0xB0A6, 0x05DF, 0x051F, 0x0CFF, 0x0CBF, 0x04BF, 0x051F, 0x049F, 0x40E9, 
  0x9020, 0x5390, 0x055F, 0x04BF, 0xAE75, 0xEEF1, 0x05DF, 0x020E, 0x2044, 0x5AB1, 0x18A9, 0x0006, 
  0x20C6, 0x8B92, 0x420E, 0x18AA, 0x1069, 0x1889, 0x18A9, 0x10A9, 0x1889, 0x10A9, 0x18AA, 0x0844, 
  0x1067, 0x1868, 0x0846, 0x18AC, 0x1068, 0x0002, 0x1888, 0x18EC, 0x310C, 0xC00D, 0xF88D, 0xF92F, 
  0x5890, 0x982F, 0xF86F, 0xF9D2, 0xC972, 0xA131, 0xC130, 0xC94F, 0xE1B0, 0xB930, 0xD10F, 0xD9B0, 
  0xE191, 0xD951, 0xF970, 0xF171, 0xD193, 0x9912, 0x8933, 0x8933, 0x8932, 0x8932, 0x8932, 0x8132, 
  0x7932, 0x8152, 0x8932, 0xA152, 0x80D0, 0x080B, 0x100C, 0x080B, 0x388C, 0x99B1, 0x796F, 0x8170, 
  0x7951, 0x406F, 0x282F, 0x2830, 0x302F, 0x284F, 0x282F, 0x3050, 0x2830, 0x4072, 0x280F, 0x300E, 
  0xAA37, 0xE2BB, 0xD259, 0xE27B, 0xDA7A, 0xCA78, 0xC2BB, 0xCB1C, 0xC9F5, 0xC8D0, 0xA0EF, 0xD14E, 
  0xE1AF, 0xF1B1, 0xA8EE, 0xC8ED, 0xD98F, 0xD170, 0xE18F, 0xE12F, 0xE9B0, 0xB92F, 0xD170, 0xFA90, 
  0xFA70, 0xD1AF, 0xC1AF, 0xFA4F, 0xFA70, 0xF20F, 0xB92E, 0xEA0F, 0xFAD0, 0xD96E, 0xD96F, 0xFA30, 
  0xFA4F, 0xFA70, 0xFA50, 0xF9EE, 0xF9EF, 0xFA0E, 0xFA4C, 0xFBE7, 0xFCC5, 0xFC67, 0xA22C, 0xA1CC, 
  0xFC27, 0xFC04, 0xFBA6, 0xE294, 0xDA9A, 0xF316, 0xD1B4, 0x98D5, 0xA932, 0xC0F4, 0xB0F4, 0xA8F5, 
  0xD131, 0xB1B1, 0xC190, 0xC96F, 0xD150, 0xE1AE, 0xD90E, 0xF12B, 0xF16B, 0xC151, 0xF1AC, 0xF9E7, 
  0xD94F, 0xD171, 0xFA0D, 0xFA82, 0xFA83, 0xFA83, 0xFA83, 0xFA63, 0xFA63, 0xFA63, 0xFA63, 0xFA63, 
  0xFA63, 0xFA62, 0xFA62, 0xFA63, 0xFA43, 0xFA41, 0xFA61, 0xFA60, 0xFA61, 0xFA60, 0xFA40, 0xFA41, 
  0xFA41, 0xFA60, 0xFA60, 0xFA61, 0xFA61, 0xFA61, 0xFA61, 0xFA61, 0xFA60, 0xFA40, 0xFA40, 0xFA40, 
  0xFA41, 0xFA41, 0xFA40, 0xFA60, 0xFA60, 0xFA60, 0xFA61, 0xFA61, 0xFA60, 0xFA60, 0xFA60, 0xFA60, 
  0xFA60, 0xFA60, 0xFA60, 0xFA60, 0xFA61, 0xFA61, 0xFA81, 0xFA61, 0xFA60, 0xFA60, 0xFA61, 0xFA61, 
  0xFA61, 0xFA61, 0xFA41, 0xFA41, 0xFA41, 0xFA61, 0xFA41, 0xFA41, 0xFA60, 0xFA60, 0xFA60, 0xFA61, 
  0xFA61, 0xFA61, 0xFA62, 0xFA62, 0xFA43, 0xFA63, 0xFA63, 0xFA63, 0xFA63, 0xFA63, 0xFA63, 0xFA64, 
  0xFA62, 0xFA61, 0xFA0B, 0xD992, 0xE1AC, 0xF9C9, 0xD8D0, 0xD0F1, 0xF1AA, 0xD911, 0xB8D3, 0xD90E, 
  0xC931, 0xC0F3, 0xD8D1, 0xD132, 0xB934, 0xA934, 0xB933, 0xC912, 0xB935, 0xB134, 0xB113, 0xA954, 
  0xA955, 0xA935, 0xF936, 0x8809, 0x63AB, 0xC5B8, 0x0006, 0x0004, 0x18C7, 0x4A2F, 0x4A4E, 0x31AB, 
  0x0000, 0x00E5, 0x1D97, 0xAE4D, 0x75CD, 0x0C53, 0x0393, 0x6560, 0x46AC, 0x047F, 0x049F, 0x049F, 
  0x043F, 0xB6F7, 0xFFF4, 0xE7F3, 0x253D, 0x045F, 0x045F, 0x041F, 0x041F, 0x03FF, 0x043F, 0x043F, 
  0x043F, 0x04FF, 0x04FF, 0x04BF, 0x047F, 0x045F, 0x049F, 0x04BF, 0x23DC, 0x5A11, 0x690D, 0x2338, 
  0x057F, 0x053F, 0x053A, 0x053A, 0x04FF, 0x04BF, 0x055F, 0x32F4, 0x3A55, 0x13FC, 0x04FF, 0x04DF, 
  0xBD94, 0xDE12, 0x05FF, 0x01EE, 0x2843, 0x62B1, 0x18C9, 0x0006, 0x18A5, 0x8B92, 0x4A2E, 0x18CA, 
  0x1048, 0x1889, 0x18A9, 0x1889, 0x1889, 0x10A9, 0x18AA, 0x0844, 0x1047, 0x1889, 0x0025, 0x0005, 
  0x0823, 0x0021, 0x18C9, 0x08CC, 0x81F0, 0xE9F1, 0xD90F, 0xD110, 0xC930, 0xD9B1, 0xFA92, 0xF213, 
  0xB98F, 0xF9F0, 0xF94E, 0xB02F, 0xF98F, 0xFA6E, 0xF94E, 0xC8CF, 0xFA91, 0xFA30, 0xF96F, 0xE971, 
  0xA132, 0x9112, 0x9112, 0x9133, 0x8932, 0x8932, 0x9132, 0x8932, 0x8952, 0x8932, 0x9973, 0x9131, 
  0x280C, 0x080D, 0x200D, 0x100C, 0x386D, 0x8970, 0x7970, 0x692F, 0x8191, 0x6110, 0x280F, 0x282F, 
  0x284F, 0x284F, 0x3050, 0x282F, 0x3030, 0x3050, 0x4071, 0x280F, 0x282E, 0x58F3, 0x50B2, 0x488F, 
  0xAA17, 0xEAFC, 0xCA99, 0xC29A, 0xCB3D, 0xFA12, 0xC00A, 0xE1CE, 0xFAAE, 0xFA0E, 0xC94E, 0xE1CE, 
  0xFA10, 0xFA0F, 0xF9CF, 0xE96E, 0xFA6E, 0xFAAE, 0xFA4E, 0xF9EE, 0xFA0E, 0xFA2F, 0xFA4E, 0xF9ED, 
  0xF9CE, 0xFA4E, 0xFA6F, 0xFA0E, 0xFA0F, 0xFA4F, 0xFA0F, 0xFA0F, 0xFA0F, 0xFA0F, 0xFA0F, 0xF9CF, 
  0xFA2D, 0xFA8A, 0xF348, 0xF467, 0xD3AB, 0x814F, 0x5031, 0x4810, 0xA1AC, 0xFC09, 0xFC43, 0xFBA8, 
  0xEAB2, 0xFAF0, 0xF26F, 0xB912, 0xB0D2, 0xC913, 0xA117, 0xB914, 0xF94B, 0xA176, 0xB195, 0xF96B, 
  0xC134, 0x9955, 0xFA26, 0xD90E, 0xB872, 0xFA4A, 0xF16E, 0xD80E, 0xFAC7, 0xFA89, 0xE0D2, 0xF1C8, 
  0xFAA3, 0xFAA4, 0xFA83, 0xFA64, 0xFA83, 0xFA83, 0xFA63, 0xFA63, 0xFA63, 0xFA43, 0xFA62, 0xFA62, 
  0xFA42, 0xFA61, 0xFA60, 0xFA60, 0xFA60, 0xFA60, 0xFA60, 0xFA60, 0xFA60, 0xFA60, 0xFA60, 0xFA60, 
  0xFA60, 0xFA60, 0xFA60, 0xFA60, 0xFA60, 0xFA60, 0xFA60, 0xFA60, 0xFA60, 0xFA60, 0xFA60, 0xFA60, 
  0xFA60, 0xFA60, 0xFA60, 0xFA60, 0xFA60, 0xFA60, 0xFA60, 0xFA60, 0xFA60, 0xFA60, 0xFA60, 0xFA80, 
  0xFA80, 0xFA80, 0xFA80, 0xFA60, 0xFA60, 0xFA60, 0xFA60, 0xFA60, 0xFA60, 0xFA60, 0xFA60, 0xFA60, 
  0xFA60, 0xFA60, 0xFA60, 0xFA60, 0xFA60, 0xFA60, 0xFA80, 0xFA60, 0xFA61, 0xFA61, 0xFA62, 0xFA62, 
  0xFA62, 0xFA63, 0xFA63, 0xFA63, 0xFA63, 0xFA63, 0xFA63, 0xFA82, 0xFA83, 0xE9CA, 0xE092, 0xFA87, 
  0xF9AA, 0xE012, 0xF9E6, 0xF229, 0xB87C, 0xF14C, 0xF909, 0x78BA, 0xD170, 0xF9AC, 0xA137, 0xB973, 
  0xF92E, 0xB934, 0x78D3, 0xC912, 0xC975, 0xB954, 0xC931, 0xB954, 0xB994, 0xC151, 0xF950, 0x7006, 
  0x6BAC, 0xC577, 0x0007, 0x0004, 0x10A7, 0x4A4F, 0x524F, 0x318B, 0x0000, 0x00C6, 0x3E16, 0x9E8C, 
  0xC62D, 0x4C6F, 0x03F1, 0x7622, 0x3E71, 0x045F, 0x049F, 0x047F, 0x0C9F, 0xFEA8, 0xFE80, 0xFEA1, 
  0xDDF0, 0x047F, 0x047F, 0x045F, 0x047F, 0x047F, 0x047F, 0x049F, 0x049F, 0x055D, 0x0F2E, 0x1710, 
  0x05F7, 0x1E36, 0x0DB8, 0x04FC, 0x05FE, 0x0556, 0x2416, 0x05DF, 0x04FF, 0x0E72, 0x3762, 0x2E84, 
  0x050A, 0x054F, 0x0596, 0x24E9, 0x23D6, 0x04BF, 0x04BF, 0x04DD, 0x043A, 0x0C7E, 0x05FF, 0x01EB, 
  0x2844, 0x5AB1, 0x18C9, 0x0005, 0x20C6, 0x93B3, 0x4A4E, 0x18EA, 0x1069, 0x18A9, 0x1889, 0x1889, 
  0x18A9, 0x18A9, 0x18AA, 0x0845, 0x1067, 0x1889, 0x1083, 0x10A4, 0x1064, 0x10A7, 0x0866, 0x0068, 
  0x69AF, 0xFA93, 0xB8D0, 0xB8B0, 0xFA0F, 0xFA70, 0xDA11, 0xD96F, 0xF9CF, 0xF96D, 0xF9CC, 0xFA2B, 
  0xFA2A, 0xFAAB, 0xFAAA, 0xFACB, 0xFA2D, 0xF92E, 0xF92F, 0xD0F0, 0x7871, 0x8892, 0x80B3, 0x9113, 
  0x9132, 0x8932, 0x9132, 0x9152, 0x8972, 0xA1B3, 0x9952, 0x200C, 0x100D, 0x200E, 0x202D, 0x202D, 
  0x100C, 0x48CE, 0x7191, 0x6930, 0x7150, 0x58F0, 0x280F, 0x3030, 0x3030, 0x282F, 0x302F, 0x3030, 
  0x3030, 0x3851, 0x3831, 0x3030, 0x180D, 0x100C, 0x082C, 0x0003, 0x1869, 0xD2DB, 0xE2DB, 0xC279, 
  0xC27A, 0xCA79, 0xF275, 0xFA0C, 0xF9EB, 0xF9EC, 0xFA2C, 0xF9EE, 0xF9CF, 0xF9EF, 0xFA2D, 0xFAEB, 
  0xFB0A, 0xFB68, 0xFB28, 0xFA0C, 0xF9CD, 0xFA0D, 0xFA0C, 0xF9EC, 0xFA0D, 0xF9EE, 0xFA0E, 0xF9EE, 
  0xF9EE, 0xF9EF, 0xF9EF, 0xF9EE, 0xFA0E, 0xF9EF, 0xF9CF, 0xFA4C, 0xFAEA, 0x914F, 0x60B0, 0x68CF, 
  0x68D2, 0x5853, 0x6072, 0x6072, 0x4011, 0xA9EE, 0xFC28, 0xFC03, 0xFB65, 0xFAC8, 0xFB08, 0xFB68, 
  0xF1CF, 0xF910, 0xF950, 0xF96E, 0xD0D1, 0xE952, 0xE1B0, 0xB090, 0xD950, 0xE1B0, 0xD911, 0xE1B3, 
  0xE9D1, 0xF12E, 0xE8CE, 0xE04E, 0xFA28, 0xFA2C, 0xC810, 0xC80F, 0xFAA7, 0xFAE1, 0xFAA2, 0xFAA3, 
  0xFAA3, 0xFA82, 0xFAA2, 0xFA82, 0xFA82, 0xFA81, 0xFA82, 0xFA81, 0xFA82, 0xFA80, 0xFA80, 0xFA80, 
  0xFA80, 0xFA80, 0xFA80, 0xFA80, 0xFA80, 0xFA80, 0xFA80, 0xFA80, 0xFA80, 0xFA80, 0xFA80, 0xFA80, 
  0xFA80, 0xFA80, 0xFA80, 0xFA80, 0xFA80, 0xFA80, 0xFA60, 0xFA60, 0xFA80, 0xFA80, 0xFA80, 0xFA80, 
  0xFA60, 0xFA60, 0xFA80, 0xFA80, 0xFA80, 0xFA80, 0xFA80, 0xFA80, 0xFA80, 0xFA80, 0xFA80, 0xFA80, 
  0xFA80, 0xFA80, 0xFA80, 0xFA80, 0xFA80, 0xFA80, 0xFA80, 0xFA80, 0xFA80, 0xFA80, 0xFA80, 0xFA80, 
  0xFA80, 0xFA80, 0xFA80, 0xFAA0, 0xFA81, 0xFA81, 0xFA81, 0xFA81, 0xFAA2, 0xFA82, 0xFAA2, 0xFAA1, 
  0xFAA1, 0xFAA2, 0xFA62, 0xFAA0, 0xFAC7, 0xB917, 0xD00F, 0xF9E8, 0xF94E, 0xD832, 0xF98A, 0xF94B, 
  0xD095, 0xC8F1, 0xD98F, 0xC192, 0xD8F0, 0xD110, 0xE1D0, 0xE9B0, 0xD0F0, 0xD950, 0xC14F, 0xE9B0, 
  0xFA2F, 0xFA0E, 0xFA2E, 0xF9EE, 0xFA2E, 0xFA4F, 0xF1EE, 0x2823, 0x73AC, 0xC577, 0x0006, 0x0004, 
  0x18A7, 0x4A4E, 0x4A4E, 0x31AB, 0x0000, 0x0083, 0xA50D, 0xBD8C, 0xFE10, 0xC52F, 0x042D, 0x7663, 
  0x3654, 0x045F, 0x049F, 0x049F, 0x04DF, 0x93B0, 0xF8A0, 0xF800, 0xFAC1, 0x457F, 0x043F, 0x047F, 
  0x047F, 0x047F, 0x047F, 0x049F, 0x04BF, 0x0517, 0x1563, 0x05A2, 0x0645, 0x2F23, 0x1E03, 0x0403, 
  0x05C5, 0x27A7, 0x276A, 0x0FB2, 0x178E, 0x1EA2, 0x26C4, 0x3F06, 0x5760, 0x26C0, 0x0F01, 0x27A6, 
  0x1EA8, 0x0DCC, 0x1EA9, 0x0667, 0x06C9, 0x0ECA, 0x0EEA, 0x0282, 0x2828, 0x5AB1, 0x18A9, 0x0004, 
  0x3148, 0x9BF4, 0x4A6E, 0x18EA, 0x1069, 0x18A9, 0x1889, 0x18A9, 0x18A9, 0x18A9, 0x18CA, 0x0845, 
  0x1067, 0x1888, 0x18C6, 0x18C8, 0x0826, 0x0006, 0x0004, 0x0006, 0x208B, 0xE9B0, 0xFA0F, 0xF9EF, 
  0xFA50, 0xD96E, 0xA0AC, 0xFAB1, 0xFAAB, 0xFA8B, 0xFB09, 0xFB47, 0xFB88, 0xD20B, 0xC9ED, 0xC1EC, 
  0xF2AB, 0xFB2C, 0xFAAC, 0xE9CD, 0xC96D, 0xC98F, 0xC9CE, 0xA130, 0x8112, 0x8932, 0x9111, 0x9172, 
  0x9193, 0x8952, 0x406D, 0x000B, 0x180D, 0x200D, 0x200D, 0x200E, 0x100D, 0x40CF, 0x6971, 0x5931, 
  0x6131, 0x6111, 0x384F, 0x282F, 0x302F, 0x284F, 0x302F, 0x302F, 0x302F, 0x280E, 0x202C, 0x080A, 
  0x100A, 0x0808, 0x0007, 0x0807, 0x0004, 0x30AB, 0xE2FC, 0xEABB, 0xCA59, 0xBA7A, 0xBA9A, 0xD235, 
  0xDA35, 0xE255, 0xF22F, 0xFA2A, 0xFAAB, 0xFAEA, 0xFB29, 0xFBA8, 0xFBE7, 0xFC26, 0xFBE8, 0xFAAB, 
  0xFA2E, 0xFA4F, 0xFA0D, 0xFA2C, 0xFA2B, 0xF9EC, 0xF9ED, 0xF9EE, 0xF9CE, 0xF9CF, 0xF9CF, 0xF9CF, 
  0xF9AF, 0xF9CE, 0xFA4C, 0xFB48, 0xC1ED, 0x4834, 0x5873, 0x5872, 0x6072, 0x68B2, 0x6891, 0x6091, 
  0x70F3, 0x6052, 0xB9CE, 0xFBAA, 0xFB2A, 0xF2CE, 0xEAD0, 0xEB30, 0xE294, 0xE9D4, 0xEA14, 0xEA13, 
  0xF14F, 0xF9AE, 0xE20E, 0x992F, 0xE9D0, 0xF1B0, 0x9872, 0xEA31, 0xFA6F, 0xD090, 0xE970, 0xFA50, 
  0xE8AF, 0xF0EE, 0xE92F, 0xE0D0, 0xFA0C, 0xFA65, 0xFAA4, 0xFAA3, 0xFAA3, 0xFA81, 0xFAA1, 0xFAA3, 
  0xFA81, 0xFA80, 0xFAA1, 0xFA82, 0xFAA2, 0xFA81, 0xFA80, 0xFA80, 0xFA80, 0xFA80, 0xFA80, 0xFA80, 
  0xFA81, 0xFA80, 0xFA80, 0xFA80, 0xFA81, 0xFA81, 0xFA80, 0xFA80, 0xFA80, 0xFA80, 0xFA80, 0xFA81, 
  0xFA60, 0xFA80, 0xFA80, 0xFA80, 0xFA80, 0xFA80, 0xFA80, 0xFA80, 0xFA80, 0xFA60, 0xFA80, 0xFA80, 
  0xFA80, 0xFA80, 0xFA80, 0xFA80, 0xFA80, 0xFA80, 0xFA81, 0xFA81, 0xFA80, 0xFA80, 0xFA80, 0xFA80, 
  0xFA80, 0xFA80, 0xFA81, 0xFA81, 0xFA81, 0xFA80, 0xFA80, 0xFA80, 0xFAA0, 0xFAA1, 0xFAA1, 0xFAA1, 
  0xFAA1, 0xFA81, 0xFAA1, 0xFAC0, 0xFAC1, 0xFA83, 0xFAA3, 0xFAA3, 0xFA83, 0xFA64, 0xFAA2, 0xFA63, 
  0xF1AC, 0xE1B3, 0xF1ED, 0xE8AD, 0xF8EF, 0xFA4F, 0xD8B0, 0xE08E, 0xFA2C, 0xD9B0, 0xB172, 0xF20D, 
  0xE9AF, 0xB132, 0xF1EF, 0xFA2E, 0xC150, 0xD16F, 0xFA2F, 0xFA0D, 0xFA2D, 0xFA2E, 0xFA0E, 0xFA2D, 
  0xFA0D, 0xFA0E, 0xFA72, 0x7866, 0x6B8B, 0xBD77, 0x0006, 0x0004, 0x18A6, 0x4A4F, 0x4A4E, 0x31CB, 
  0x0000, 0x08C0, 0x4B83, 0x4345, 0x4B25, 0x4B25, 0x0D6B, 0x66E5, 0x2E55, 0x043F, 0x047F, 0x047F, 
  0x04BF, 0x049F, 0xA9CD, 0xC108, 0x6B75, 0x14BF, 0x047F, 0x047F, 0x047F, 0x049F, 0x047F, 0x047F, 
  0x053F, 0x0315, 0x5000, 0xBA62, 0x7AE3, 0x0322, 0x6B65, 0x69E1, 0x6404, 0x1C03, 0x14E4, 0x2544, 
  0x3586, 0x1365, 0x0243, 0x0304, 0x35A6, 0x04E3, 0x04C3, 0x1467, 0x05C5, 0x2FE5, 0x17A4, 0x0562, 
  0x16E4, 0x1F82, 0x17E1, 0x0320, 0x2808, 0x6291, 0x18C9, 0x0003, 0x41CC, 0xA435, 0x4A2E, 0x20EA, 
  0x1069, 0x18A9, 0x1889, 0x1889, 0x18A9, 0x18A9, 0x18CA, 0x0866, 0x0005, 0x0827, 0x0005, 0x0006, 
  0x0007, 0x0807, 0x0004, 0x0000, 0x1046, 0xF1D1, 0xFA30, 0xFA0F, 0xF9EF, 0xFA0E, 0xFA0F, 0xFA6F, 
  0xFBEA, 0xFBA8, 0xFBA8, 0xFBC8, 0xFBC7, 0x890F, 0x3813, 0x3812, 0x810E, 0xFBEA, 0xFCCA, 0xFBCA, 
  0xFBC8, 0xFC28, 0xFB29, 0x912F, 0x78F1, 0x90F1, 0x68F1, 0x68F1, 0xC971, 0x910D, 0x000B, 0x180C, 
  0x180D, 0x180D, 0x180D, 0x100C, 0x306F, 0x5132, 0x5111, 0x5132, 0x5911, 0x6111, 0x4890, 0x280F, 
  0x304F, 0x304F, 0x3050, 0x282E, 0x100B, 0x0008, 0x0809, 0x308E, 0x4090, 0x386F, 0x0809, 0x0007, 
  0x0007, 0x0004, 0x308D, 0xBA58, 0xEABB, 0xC258, 0xC258, 0xBA7A, 0xB27B, 0xB29C, 0xBA7A, 0xEA70, 
  0xFB87, 0xFC45, 0xFC06, 0xFC86, 0xFD68, 0xCAEC, 0x914F, 0xA990, 0xA950, 0xA0F0, 0xE255, 0xFB76, 
  0xFAAD, 0xFA6C, 0xFA8B, 0xFA2C, 0xF9ED, 0xF9ED, 0xF9EE, 0xF9EE, 0xFA4C, 0xFACA, 0xFBE6, 0xFB89, 
  0x70D2, 0x6074, 0x68B2, 0x68B2, 0x68B2, 0x68B2, 0x68B2, 0x6051, 0x80F4, 0x9155, 0x8091, 0xD297, 
  0xD2DB, 0xC29B, 0xBA9B, 0xBA7D, 0xBA9C, 0xC2DB, 0xC2DB, 0xCABB, 0xEA55, 0xF9CD, 0xFA0F, 0xFA50, 
  0xFA4F, 0xE190, 0xB131, 0xFA6F, 0xF9EF, 0xC8CE, 0xE98F, 0xFA92, 0xD82E, 0xD80C, 0xFAAE, 0xFA6F, 
  0xD80C, 0xE92D, 0xFAAE, 0xF0E9, 0xE889, 0xEA94, 0xF14E, 0xF845, 0xF0CB, 0xE8ED, 0xF0A8, 0xF0C9, 
  0xF0CA, 0xF0CA, 0xF0C9, 0xF0CA, 0xF0C9, 0xF0C9, 0xF0C9, 0xF0C9, 0xF0C9, 0xF0C9, 0xF0C9, 0xF0CA, 
  0xF0CA, 0xF0CA, 0xF0C9, 0xF0C9, 0xF0C9, 0xF0C9, 0xF0C9, 0xF0C9, 0xF0C9, 0xF0C9, 0xF0C9, 0xF0E9, 
  0xF0E9, 0xF0C9, 0xF0C9, 0xF0C9, 0xF0C9, 0xF0C9, 0xF0C9, 0xF0A9, 0xF0C9, 0xF0C9, 0xF0C9, 0xF0C9, 
  0xF0C9, 0xF0C9, 0xF0C9, 0xF0C9, 0xF0C9, 0xF0C9, 0xF0C9, 0xF0C9, 0xF0C9, 0xF0C9, 0xF0CA, 0xF0CA, 
  0xF0CA, 0xF0CA, 0xF0C9, 0xF0C9, 0xF0CA, 0xF0CA, 0xF0EA, 0xF0EA, 0xF8E9, 0xF8CA, 0xF8CA, 0xF8CB, 
  0xF0EA, 0xE8CD, 0xE8AD, 0xF293, 0xE90E, 0xD809, 0xFACA, 0xFA0E, 0xE00D, 0xF9CB, 0xFB8E, 0xD00E, 
  0xE8EE, 0xFB8F, 0xD0CD, 0xC04C, 0xFAAE, 0xFA6F, 0xD190, 0xE18F, 0xFA6F, 0xFA6F, 0xFA0F, 0xFA0F, 
  0xFA2F, 0xFA2F, 0xFA0E, 0xFA2E, 0xFA0E, 0xFA2E, 0xFA2E, 0xFA0E, 0xFA2E, 0xFA0E, 0xFA72, 0x7845, 
  0x6B8B, 0xBD77, 0x0006, 0x0003, 0x18C6, 0x4A4F, 0x524F, 0x31CB, 0x0000, 0x0902, 0x0CC8, 0x0446, 
  0x0405, 0x04A4, 0x13C5, 0x1D63, 0x0DF2, 0x045F, 0x047F, 0x047F, 0x047F, 0x04BF, 0x04FF, 0x053F, 
  0x051F, 0x049F, 0x047F, 0x047F, 0x047F, 0x047F, 0x047F, 0x047F, 0x04BF, 0x045D, 0x3A8F, 0x7984, 
  0xFA43, 0x84A6, 0x4D47, 0xFB68, 0x89E5, 0xAA88, 0xCAE7, 0x8163, 0x7165, 0xA2E8, 0xA265, 0x70C3, 
  0x3041, 0x736B, 0x72A9, 0x3002, 0x1922, 0x0AA3, 0x3B66, 0x3A86, 0x32E5, 0x1324, 0x0CE6, 0x09A1, 
  0x20A8, 0x5AB1, 0x18C9, 0x0004, 0x41CC, 0x9C14, 0x4A4E, 0x20EA, 0x1069, 0x18A9, 0x18A9, 0x1889, 
  0x1889, 0x18A9, 0x18CA, 0x1066, 0x0004, 0x0009, 0x0828, 0x0005, 0x0003, 0x0001, 0x0022, 0x0864, 
  0x0046, 0x50CB, 0xF20F, 0xFA2F, 0xFA0E, 0xFA0E, 0xFA2E, 0xFA4F, 0xFC09, 0xFBA8, 0xFBA7, 0xFC28, 
  0xFC49, 0x816E, 0x4014, 0x60D3, 0x4012, 0x894D, 0xFCA9, 0xFC68, 0xFC87, 0xF308, 0x896F, 0x7132, 
  0x9130, 0x80F1, 0x58D2, 0x70D1, 0xA90C, 0x688C, 0x080C, 0x180D, 0x200D, 0x200D, 0x180C, 0x284E, 
  0x5112, 0x5112, 0x5911, 0x6132, 0x6132, 0x6112, 0x50B1, 0x302F, 0x282E, 0x302F, 0x3030, 0x202E, 
  0x080A, 0x0809, 0x0808, 0x50F1, 0x6935, 0x58F4, 0x38B0, 0x0007, 0x0007, 0x0007, 0x0009, 0x4070, 
  0xC259, 0xE2FB, 0xCA79, 0xC259, 0xC279, 0xC279, 0xBA9B, 0xC27B, 0xCA70, 0xD308, 0xFCA8, 0xFC68, 
  0xBACF, 0x68D3, 0x4014, 0x6073, 0x7094, 0x5032, 0x8976, 0xE339, 0xFB6F, 0xFB0C, 0xFB0C, 0xFB2A, 
  0xFB48, 0xFB08, 0xFA6B, 0xFAAA, 0xFB67, 0xFC25, 0xFC45, 0xA1CE, 0x5053, 0x68B2, 0x68D2, 0x68B2, 
  0x6892, 0x6892, 0x68B2, 0x88F4, 0x88F3, 0x9955, 0x80D4, 0xB218, 0xE33C, 0xCA9A, 0xC29A, 0xC27A, 
  0xC29A, 0xCA9A, 0xCA9A, 0xCA9A, 0xC2BC, 0xEA55, 0xF9EE, 0xF9EF, 0xFA0F, 0xFA0F, 0xFA4F, 0xFA2F, 
  0xFA0F, 0xF1CE, 0xF1AF, 0xF12E, 0xE90E, 0xE92E, 0xF18B, 0xF96C, 0xE90E, 0xF10E, 0xE90E, 0xF0CE, 
  0xF0AF, 0xE155, 0xE0F1, 0xF06C, 0xE872, 0xE075, 0xE80A, 0xF00D, 0xF010, 0xF00E, 0xF00F, 0xF00E, 
  0xF00F, 0xF00F, 0xF00F, 0xF00F, 0xF00F, 0xF00F, 0xF00F, 0xF00F, 0xF00E, 0xF00E, 0xF00E, 0xF00E, 
  0xF00E, 0xF00E, 0xF00E, 0xF00E, 0xF00E, 0xF00E, 0xF00F, 0xF00F, 0xF00F, 0xF00F, 0xF00E, 0xF00E, 
  0xF00F, 0xF00F, 0xF00F, 0xF00F, 0xF00F, 0xF00E, 0xF00E, 0xF00E, 0xF00E, 0xF00E, 0xF00E, 0xF00E, 
  0xF00E, 0xF00F, 0xF00F, 0xF00F, 0xF00E, 0xF00E, 0xF00E, 0xF00E, 0xF00F, 0xF00F, 0xF00E, 0xF00F, 
  0xF00F, 0xF00F, 0xF00F, 0xF00F, 0xF02F, 0xF00E, 0xE810, 0xE834, 0xF010, 0xE030, 0xE930, 0xE8D3, 
  0xE0CF, 0xE8EE, 0xF130, 0xF0F0, 0xF14D, 0xF94D, 0xF10E, 0xF10E, 0xF18D, 0xF9CE, 0xF18E, 0xF16D, 
  0xFA0F, 0xFA0F, 0xFA2F, 0xFA2F, 0xFA0E, 0xFA0F, 0xFA0F, 0xFA0E, 0xF9EE, 0xFA0F, 0xFA0F, 0xF9EE, 
  0xF9EF, 0xF9EF, 0xF9EE, 0xF9EE, 0xFA0E, 0xFA0E, 0xFA71, 0x7845, 0x6B8B, 0xC597, 0x0006, 0x0004, 
  0x18C7, 0x524F, 0x526F, 0x31CB, 0x0000, 0x0086, 0x037B, 0x037A, 0x0379, 0x03F8, 0x02B5, 0x03D3, 
  0x051B, 0x047F, 0x047F, 0x047F, 0x049F, 0x049F, 0x055F, 0x057F, 0x053F, 0x053F, 0x04FF, 0x049F, 
  0x047F, 0x049F, 0x047F, 0x047F, 0x047F, 0x04DF, 0x051F, 0x039A, 0x7942, 0xD2E5, 0x2AA2, 0x9366, 
  0xC368, 0x8A25, 0xFCAB, 0xBB07, 0x8AE6, 0x81E5, 0xDB67, 0xFD2A, 0xAA65, 0x7248, 0x8986, 0x8922, 
  0xF3E6, 0xA1A3, 0x99C6, 0xB2A7, 0xB1C5, 0xA1A6, 0x9146, 0x2800, 0x1928, 0x5AB1, 0x10A9, 0x0004, 
  0x41CB, 0xA435, 0x422D, 0x18AA, 0x1069, 0x1889, 0x18A9, 0x18A9, 0x18A9, 0x18A9, 0x18AA, 0x1066, 
  0x0003, 0x0005, 0x0003, 0x0003, 0x0845, 0x1087, 0x20EA, 0x210C, 0x18EB, 0x0048, 0x712A, 0xFA6F, 
  0xFA2E, 0xFA0E, 0xFA0E, 0xFA4F, 0xFC2A, 0xFC49, 0xFBCA, 0xA1EA, 0x898B, 0x1828, 0x284E, 0x70F2, 
  0x68D2, 0x4831, 0x99AE, 0xFC8A, 0xEB8B, 0x80F0, 0x70F2, 0x9151, 0x8111, 0x60D2, 0x60D1, 0xA132, 
  0x486C, 0x0009, 0x180D, 0x200D, 0x180D, 0x180C, 0x202E, 0x5111, 0x5112, 0x5112, 0x5912, 0x386F, 
  0x388F, 0x6132, 0x6113, 0x4892, 0x280F, 0x280F, 0x3010, 0x3050, 0x202E, 0x180C, 0x100B, 0x182C, 
  0x48D1, 0x50F2, 0x50F3, 0x308F, 0x0007, 0x0808, 0x0829, 0x180B, 0x4890, 0x89B5, 0xD29A, 0xD299, 
  0xC259, 0xC279, 0xCA79, 0xCABB, 0xA1DA, 0x6872, 0xBA4F, 0xAA11, 0x5014, 0x60B5, 0x60B3, 0x382F, 
  0x58B2, 0x8935, 0x6893, 0x68B2, 0xD290, 0xFB6C, 0xFB0B, 0xFB89, 0xFC08, 0xFBA7, 0xFB68, 0xFBE7, 
  0xFCA5, 0xFC45, 0xA9CE, 0x6053, 0x68B2, 0x70B2, 0x70B3, 0x6892, 0x6892, 0x6892, 0x68B2, 0x80F3, 
  0x88F3, 0x9135, 0x9115, 0x70B3, 0xB1D7, 0xDAFB, 0xD2BA, 0xCA99, 0xCA79, 0xCA9A, 0xD29A, 0xD279, 
  0xC2BB, 0xC2DD, 0xEA57, 0xFA0D, 0xFA0D, 0xF9EF, 0xF9EF, 0xF9EF, 0xF9EF, 0xFA50, 0xF1AF, 0xD00A, 
  0xFA11, 0xFB13, 0xE02A, 0xE009, 0xFB13, 0xF18E, 0xD008, 0xF9F0, 0xFAB3, 0xE00A, 0xE8AC, 0xF297, 
  0xE890, 0xE80D, 0xE0F2, 0xE892, 0xF00E, 0xF80E, 0xF80D, 0xF02E, 0xF00E, 0xF00E, 0xF00E, 0xF00E, 
  0xF00E, 0xF80E, 0xF80E, 0xF80E, 0xF80E, 0xF80E, 0xF80E, 0xF00E, 0xF80E, 0xF80E, 0xF80E, 0xF80E, 
  0xF82E, 0xF80E, 0xF80E, 0xF80E, 0xF80E, 0xF80E, 0xF80E, 0xF80E, 0xF00E, 0xF80E, 0xF80E, 0xF80E, 
  0xF80E, 0xF00E, 0xF00E, 0xF00E, 0xF80E, 0xF80E, 0xF80E, 0xF80E, 0xF00E, 0xF00E, 0xF00E, 0xF00E, 
  0xF82E, 0xF00E, 0xF00E, 0xF80E, 0xF80E, 0xF80E, 0xF80E, 0xF80E, 0xF80F, 0xF82E, 0xF82E, 0xF80E, 
  0xE8D1, 0xE80D, 0xE191, 0xD9F4, 0xE00D, 0xE8CE, 0xFA31, 0xE00D, 0xF12C, 0xFB91, 0xE80D, 0xE80C, 
  0xFBB0, 0xF16F, 0xD00A, 0xFA4E, 0xF9ED, 0xE00C, 0xFA2F, 0xFA2F, 0xF9CF, 0xF9EF, 0xF9EF, 0xF9EE, 
  0xF9EE, 0xF9EE, 0xF9CF, 0xFA0D, 0xFA6D, 0xFA4D, 0xFA2D, 0xFA0E, 0xFA6C, 0xFA8B, 0xFA4D, 0xFA2D, 
  0xF9EE, 0xF9EE, 0xFA71, 0x7825, 0x73AB, 0xCDD9, 0x0006, 0x0003, 0x10A6, 0x524F, 0x524F, 0x31CB, 
  0x0000, 0x00C8, 0x051F, 0x04FF, 0x04BF, 0x04BF, 0x04FF, 0x049F, 0x045F, 0x047F, 0x047F, 0x047F, 
  0x049F, 0x057F, 0x049F, 0x398D, 0x4149, 0x198C, 0x049E, 0x053F, 0x049F, 0x043F, 0x041F, 0x049F, 
  0x049F, 0x049F, 0x04DF, 0x0CFF, 0x7123, 0xA840, 0xFA64, 0xEAE4, 0xFB86, 0xB221, 0x4921, 0xBBC6, 
  0xFE2C, 0xC367, 0x61E4, 0xE467, 0x7A64, 0x71E3, 0xC306, 0x71E5, 0xF527, 0xFCA7, 0x7A65, 0x8225, 
  0xBB07, 0xFDAA, 0xF387, 0x1000, 0x1128, 0x52B0, 0x10A8, 0x0004, 0x49CB, 0xA455, 0x41ED, 0x1089, 
  0x1089, 0x18A9, 0x18A9, 0x1889, 0x1089, 0x1089, 0x18AA, 0x1087, 0x0002, 0x0844, 0x1067, 0x188A, 
  0x18CC, 0x20ED, 0x20CC, 0x1889, 0x18A9, 0x0048, 0x490B, 0xFA6F, 0xFA0E, 0xFA0E, 0xF9EE, 0xFA4F, 
  0xEB4D, 0x91AC, 0x714E, 0x000C, 0x000C, 0x080B, 0x0009, 0x50AF, 0x70F3, 0x60D2, 0x4832, 0xA9D1, 
  0x9931, 0x78B2, 0x9152, 0x9131, 0x68D2, 0x60D2, 0x70B1, 0xB0F1, 0x608E, 0x000B, 0x180D, 0x180E, 
  0x180D, 0x182D, 0x48F1, 0x5112, 0x48F2, 0x5133, 0x306F, 0x080B, 0x080B, 0x306F, 0x58F3, 0x60F3, 
  0x50B1, 0x4090, 0x280E, 0x282F, 0x2830, 0x200E, 0x200D, 0x100B, 0x180C, 0x40D1, 0x48F2, 0x50F2, 
  0x288D, 0x0808, 0x0808, 0x0808, 0x102B, 0x180D, 0x50D1, 0xAA17, 0xE2BB, 0xD29A, 0xCA79, 0xCA7A, 
  0xDADB, 0x9157, 0x6834, 0x6074, 0x6093, 0x5891, 0x302F, 0x100D, 0x200E, 0x68D3, 0x88F4, 0x7093, 
  0x6852, 0xD250, 0xFBCB, 0xFBC8, 0xFBC8, 0xFBC9, 0xFC07, 0xFC26, 0xFB29, 0xA98F, 0x5034, 0x7093, 
  0x78D3, 0x70B2, 0x6092, 0x7093, 0x7092, 0x6892, 0x6892, 0x6892, 0x80D3, 0x9114, 0x9115, 0x80D4, 
  0x5831, 0xA196, 0xD2BB, 0xD2BB, 0xD29A, 0xD2BA, 0xD2BA, 0xDABB, 0xD29A, 0xC2BB, 0xC2BC, 0xF255, 
  0xFB4A, 0xFB69, 0xFAEB, 0xFA2D, 0xFA2E, 0xF9EF, 0xF9F0, 0xF1CF, 0xFA10, 0xE8AD, 0xF12E, 0xF18F, 
  0xE8AC, 0xF14E, 0xF20E, 0xF0CE, 0xE8AF, 0xF8CE, 0xF00E, 0xE012, 0xE00E, 0xE00C, 0xE072, 0xF052, 
  0xF00F, 0xF00E, 0xF04B, 0xF02D, 0xF02E, 0xF02E, 0xF00E, 0xF00E, 0xF00D, 0xF00D, 0xF00E, 0xF00D, 
  0xF00D, 0xF00D, 0xF00D, 0xF00D, 0xF00D, 0xF00D, 0xF00D, 0xF00D, 0xF00D, 0xF00E, 0xF00E, 0xF00D, 
  0xF00D, 0xF00E, 0xF00D, 0xF00D, 0xF00D, 0xF00D, 0xF00D, 0xF00D, 0xF00D, 0xF00D, 0xF00D, 0xF00D, 
  0xF00D, 0xF00E, 0xF00E, 0xF00D, 0xF00D, 0xF00E, 0xF00E, 0xF00E, 0xF00E, 0xF00D, 0xF00D, 0xF00D, 
  0xF00D, 0xF00D, 0xF80E, 0xF00E, 0xF80E, 0xF00D, 0xF82C, 0xF00C, 0xE810, 0xE80F, 0xE86F, 0xD850, 
  0xE86D, 0xF88E, 0xF011, 0xF90E, 0xF14D, 0xF0AF, 0xF9CE, 0xF22C, 0xF0AF, 0xF0EF, 0xF1CD, 0xE92D, 
  0xF96F, 0xF98F, 0xF9EF, 0xF9EF, 0xF9EF, 0xF9EF, 0xF9EE, 0xFA4D, 0xFA6C, 0xFA4C, 0xFA4D, 0xFAEB, 
  0xFBC8, 0xFBA8, 0xFB88, 0xFB89, 0xFBC8, 0xFBE8, 0xFAEA, 0xFACB, 0xFA8B, 0xFA0D, 0xFA51, 0x7824, 
  0x6BAB, 0xCDB9, 0x0006, 0x0004, 0x10C6, 0x524F, 0x524F, 0x31AB, 0x0000, 0x00A7, 0x04BF, 0x04BF, 
  0x047F, 0x047F, 0x047F, 0x047F, 0x049F, 0x047F, 0x047F, 0x049F, 0x04BF, 0x047D, 0x20EA, 0xF800, 
  0xF802, 0xD000, 0x48C7, 0x0CBE, 0x04DF, 0x14BE, 0x7E7E, 0x045F, 0x047F, 0x04BF, 0x04DF, 0x049F, 
  0x1AD3, 0x19CD, 0x4A0C, 0x41C9, 0x6A09, 0xBB8C, 0x20A2, 0x6140, 0x9182, 0xBA26, 0x81E5, 0x7204, 
  0xBB89, 0xE42A, 0xF409, 0xBB69, 0x3963, 0x7A64, 0xFE09, 0xCB87, 0x40C3, 0xBC47, 0xECE7, 0x1040, 
  0x1909, 0x52B1, 0x1088, 0x0004, 0x49CB, 0xA435, 0x39CD, 0x1089, 0x1089, 0x18A9, 0x10A9, 0x1089, 
  0x1089, 0x10A9, 0x1889, 0x1068, 0x0844, 0x20EB, 0x20CC, 0x18AC, 0x18AC, 0x188B, 0x1889, 0x18AA, 
  0x18AA, 0x0069, 0x592A, 0xFA4E, 0xF9ED, 0xF9ED, 0xF9CC, 0xFA2C, 0x50B0, 0x080F, 0x1011, 0x204F, 
  0x100D, 0x180C, 0x100A, 0x080A, 0x508F, 0x78F2, 0x68D2, 0x7092, 0x88D2, 0x9953, 0x78F0, 0x68D1, 
  0x70F3, 0x78D2, 0x88D1, 0x80AF, 0x282C, 0x100C, 0x200D, 0x180D, 0x180D, 0x40F1, 0x4912, 0x48F1, 
  0x4932, 0x308F, 0x100C, 0x180D, 0x180C, 0x080C, 0x388F, 0x6133, 0x6112, 0x58F2, 0x3870, 0x200F, 
  0x282F, 0x282F, 0x200E, 0x180C, 0x100B, 0x182C, 0x40B0, 0x48F1, 0x5133, 0x208D, 0x0808, 0x0808, 
  0x0008, 0x284E, 0x180E, 0x3850, 0x48B0, 0x7953, 0xDADB, 0xDADC, 0xBA39, 0x6093, 0x70B3, 0x9154, 
  0x70F2, 0x200D, 0x180D, 0x300F, 0x200E, 0x200E, 0x6892, 0x88F4, 0x7893, 0x7073, 0xE30D, 0xFC48, 
  0xFBA9, 0xFBE9, 0xFC47, 0xCAAB, 0x7054, 0x6054, 0x70B3, 0x78D3, 0x78B3, 0x3830, 0x180D, 0x4850, 
  0x78B3, 0x70B2, 0x6892, 0x68B3, 0x68B2, 0x6892, 0x78D3, 0x9136, 0x78D3, 0x6031, 0x70D4, 0x80D3, 
  0xCA9A, 0xA197, 0x5892, 0x99B6, 0xDABA, 0xDADB, 0xCADC, 0xD2BE, 0xF3D1, 0xFCE5, 0xFC67, 0xFB49, 
  0xFACA, 0xFA8D, 0xFA2E, 0xFA90, 0xF9EE, 0xE00B, 0xFA10, 0xFA91, 0xD82A, 0xF18C, 0xFB70, 0xF10C, 
  0xE8CD, 0xFB6F, 0xFA89, 0xF10B, 0xF1EC, 0xFAA7, 0xFA66, 0xF1EA, 0xFA0B, 0xF1E9, 0xFA08, 0xFA04, 
  0xFA22, 0xFA63, 0xFA44, 0xFA05, 0xFA05, 0xFA05, 0xFA04, 0xFA24, 0xFA04, 0xFA04, 0xFA04, 0xFA04, 
  0xFA04, 0xF204, 0xF9E4, 0xF204, 0xFA04, 0xFA04, 0xF205, 0xFA04, 0xFA04, 0xFA05, 0xF1E4, 0xF1E4, 
  0xF9E4, 0xFA04, 0xFA04, 0xFA04, 0xFA04, 0xFA04, 0xFA04, 0xFA04, 0xFA04, 0xFA04, 0xFA04, 0xF1E4, 
  0xFA05, 0xFA04, 0xF9E4, 0xF1E5, 0xF9E5, 0xF9E5, 0xFA05, 0xFA04, 0xFA05, 0xFA04, 0xF9E4, 0xFA05, 
  0xFA06, 0xFA05, 0xFA07, 0xF20A, 0xFA25, 0xF98A, 0xF9AC, 0xFA67, 0xFA0A, 0xF96F, 0xF9AD, 0xFB48, 
  0xF20E, 0xE80F, 0xFB0C, 0xFB6D, 0xE80F, 0xF10D, 0xFB2D, 0xE8CE, 0xF14F, 0xFA2F, 0xF9CF, 0xF9EF, 
  0xFA0E, 0xFA4D, 0xFACC, 0xFAEA, 0xFAEB, 0xFB88, 0xFBC7, 0xFBE8, 0xFC26, 0xFC27, 0xFC46, 0xFC27, 
  0xFC26, 0xFC08, 0xFBC8, 0xFBE7, 0xFB87, 0xFAAA, 0xFB0D, 0x7863, 0x6B8B, 0xC598, 0x0007, 0x0003, 
  0x10C6, 0x4A4F, 0x4A4F, 0x29AA, 0x0000, 0x00A8, 0x04BF, 0x04BF, 0x047F, 0x047F, 0x043F, 0x045F, 
  0x047F, 0x045F, 0x047F, 0x049F, 0x04BF, 0x2889, 0x9800, 0xF868, 0xF8A9, 0xF825, 0xA000, 0x014F, 
  0x2DBF, 0xF7DB, 0xFFFA, 0x5DDE, 0x045F, 0x04BF, 0x049F, 0x04BF, 0x051F, 0x055F, 0x04FF, 0x04FF, 
  0x04DF, 0x049F, 0x0C5A, 0x02F5, 0x0273, 0x89A6, 0x8924, 0x0001, 0x38C3, 0x5163, 0x5163, 0xC349, 
  0x9247, 0x30E3, 0xB286, 0x9A27, 0xCAE8, 0x38C3, 0x5A05, 0x4963, 0x10C8, 0x5290, 0x10A8, 0x0004, 
  0x49EC, 0xA435, 0x39AC, 0x1089, 0x1089, 0x1889, 0x10A9, 0x1089, 0x1889, 0x10A9, 0x1889, 0x1067, 
  0x0824, 0x20CD, 0x18AB, 0x1069, 0x0824, 0x0000, 0x0002, 0x18AA, 0x18AA, 0x0069, 0x6129, 0xFA6B, 
  0xFA09, 0xFA09, 0xFA08, 0xFA4A, 0x2870, 0x3030, 0x2850, 0x202E, 0x180D, 0x180C, 0x180C, 0x0007, 
  0x408D, 0xA953, 0x90F0, 0x9132, 0xA954, 0x68D0, 0x100B, 0x100C, 0x48B0, 0x9112, 0x9112, 0x282D, 
  0x000C, 0x200D, 0x180C, 0x180D, 0x38D0, 0x4931, 0x48F1, 0x5132, 0x388F, 0x180C, 0x180C, 0x180D, 
  0x200D, 0x100C, 0x100C, 0x40D0, 0x5912, 0x5912, 0x4090, 0x200E, 0x202F, 0x280F, 0x2810, 0x200D, 
  0x100B, 0x080B, 0x202C, 0x48F1, 0x5113, 0x4912, 0x182A, 0x0008, 0x0808, 0x102A, 0x304F, 0x200F, 
  0x080C, 0x080B, 0x7973, 0xD2FA, 0x70B3, 0x4011, 0x5872, 0x8113, 0x9995, 0x60D2, 0x200D, 0x200E, 
  0x302E, 0x200E, 0x200F, 0x5891, 0x90F3, 0x7073, 0x80D2, 0xEBAB, 0xFC88, 0xFC48, 0xCAAC, 0x5873, 
  0x5874, 0x68B2, 0x78D3, 0x80F4, 0x4850, 0x180D, 0x200E, 0x200E, 0x4850, 0x78D2, 0x70D2, 0x68B2, 
  0x68B2, 0x6092, 0x68B2, 0x80D4, 0x88F5, 0x7092, 0x6031, 0x6032, 0x70B3, 0x6872, 0x5031, 0x5851, 
  0x9155, 0xCA9A, 0xC27A, 0xB27A, 0x9998, 0xF3AB, 0xFD26, 0xFC67, 0xFC08, 0xFB89, 0xFB0B, 0xFAEB, 
  0xFAAD, 0xFA8E, 0xFA2F, 0xFA30, 0xFACE, 0xF1CD, 0xD92D, 0xFBE6, 0xF28A, 0xE151, 0xFC64, 0xFB08, 
  0xE8D1, 0xFBC4, 0xFBA4, 0xE992, 0xFAE6, 0xFAE4, 0xF1B4, 0xFAE4, 0xFB00, 0xFB00, 0xFB20, 0xFB00, 
  0xFB00, 0xFAE0, 0xFB00, 0xFB00, 0xFB00, 0xFB00, 0xFAE0, 0xFAE0, 0xFAE0, 0xFAE0, 0xFAC0, 0xFAC0, 
  0xFAE0, 0xFAE0, 0xFAE0, 0xFAE0, 0xFAC0, 0xFAC0, 0xFAC0, 0xFAC0, 0xFAC0, 0xFAC0, 0xFAC0, 0xFAE0, 
  0xFAE0, 0xFAE0, 0xFAE0, 0xFAE0, 0xFAE0, 0xFAC0, 0xFAC0, 0xFAC0, 0xFAC0, 0xFAE0, 0xFAC0, 0xFAC0, 
  0xFAC0, 0xFAC0, 0xFAC0, 0xFAE0, 0xFAE0, 0xFAE0, 0xFB00, 0xFB20, 0xFB01, 0xFB40, 0xFA4A, 0xEA32, 
  0xFBC0, 0xE9AD, 0xE990, 0xFCA0, 0xE9EB, 0xD896, 0xFC06, 0xF2C8, 0xE0B1, 0xFB6C, 0xFA4B, 0xF10E, 
  0xFAAA, 0xFAAA, 0xFA2E, 0xF9EF, 0xF9CE, 0xF9EE, 0xF9EF, 0xFA4C, 0xFAAB, 0xFAEA, 0xFB89, 0xFC07, 
  0xFBC7, 0xFC06, 0xFC06, 0xFC07, 0xFC07, 0xFBE8, 0xFC07, 0xFC07, 0xFC07, 0xFBE8, 0xFC07, 0xFC06, 
  0xFBE6, 0xFBC6, 0xFC88, 0x7941, 0x6B2C, 0xC578, 0x0006, 0x0004, 0x10A6, 0x4A2F, 0x4A4F, 0x29AA, 
  0x0000, 0x00C7, 0x04BF, 0x049F, 0x049F, 0x047F, 0x04DE, 0x04DB, 0x047F, 0x047F, 0x047F, 0x04BF, 
  0x04DF, 0x5028, 0xA800, 0x9004, 0x9946, 0xBA87, 0xAAC4, 0x094C, 0x45DF, 0xFFF8, 0xFFF9, 0xCF5D, 
  0x041F, 0x049F, 0x04BF, 0x04BF, 0x04BF, 0x04FF, 0x051F, 0x045F, 0x665F, 0xA75F, 0x053F, 0x057F, 
  0x0D1F, 0x59A8, 0x71A4, 0x7A24, 0x7102, 0x8143, 0x5963, 0x5082, 0x68C4, 0x1842, 0x0802, 0x1822, 
  0x8185, 0x3084, 0x0002, 0x1882, 0x2129, 0x5290, 0x10A8, 0x0004, 0x4A0B, 0xA434, 0x39AC, 0x1089, 
  0x1089, 0x18A9, 0x1889, 0x1889, 0x1889, 0x10A9, 0x18AA, 0x1067, 0x0024, 0x1067, 0x0002, 0x0000, 
  0x0001, 0x10A4, 0x20E8, 0x20CB, 0x188A, 0x004A, 0x6168, 0xFBE5, 0xFB45, 0xFA0A, 0xF9EB, 0xFA4D, 
  0x3871, 0x2830, 0x202E, 0x180D, 0x180D, 0x180C, 0x000B, 0x284A, 0xA150, 0xA132, 0x9931, 0xA132, 
  0x70D1, 0x180D, 0x100B, 0x180C, 0x180C, 0x50B0, 0x488F, 0x180D, 0x180D, 0x180C, 0x180C, 0x38B0, 
  0x4911, 0x4111, 0x5112, 0x38AF, 0x180C, 0x180D, 0x200D, 0x180C, 0x180C, 0x200D, 0x100C, 0x200D, 
  0x48F2, 0x50F2, 0x48D1, 0x284F, 0x200E, 0x200E, 0x282F, 0x282F, 0x180C, 0x100A, 0x100B, 0x286E, 
  0x50F2, 0x48F2, 0x48D1, 0x0809, 0x0808, 0x0808, 0x182B, 0x3070, 0x302F, 0x180D, 0x280E, 0x486F, 
  0x5051, 0x6092, 0x5872, 0x5892, 0x8133, 0xA195, 0x68D1, 0x180D, 0x200E, 0x300F, 0x280F, 0x200E, 
  0x5890, 0x78D3, 0x6033, 0x8130, 0xDB4D, 0xBA0F, 0x6853, 0x6894, 0x68B2, 0x70D3, 0x70B3, 0x4851, 
  0x280E, 0x280F, 0x280F, 0x280E, 0x280F, 0x4870, 0x70F2, 0x70B2, 0x60B2, 0x68B2, 0x68B2, 0x6892, 
  0x78D3, 0x7893, 0x78B3, 0x7093, 0x7093, 0x78D3, 0x78B3, 0x7093, 0x68B3, 0x78B3, 0x78B2, 0x78D2, 
  0x6854, 0x9934, 0xFC6B, 0xFD26, 0xFC47, 0xFC27, 0xFC28, 0xFC47, 0xFC08, 0xFB4A, 0xFACE, 0xFA4F, 
  0xFACF, 0xF20F, 0xD96C, 0xFB48, 0xFA29, 0xF1CC, 0xFAC9, 0xFA6A, 0xF1CB, 0xF249, 0xFA68, 0xFA0B, 
  0xFA28, 0xFA27, 0xF249, 0xF286, 0xFA66, 0xFA65, 0xFAC1, 0xFAA0, 0xFAA0, 0xFAA0, 0xFAA0, 0xFAA1, 
  0xFAC0, 0xFAC0, 0xFAA0, 0xFA80, 0xFA80, 0xFA80, 0xFA80, 0xFA80, 0xFA80, 0xFA80, 0xFA80, 0xFA80, 
  0xFA80, 0xFA80, 0xFA80, 0xFA80, 0xFA80, 0xFA80, 0xFA80, 0xFA80, 0xFA80, 0xFA80, 0xFA80, 0xFA80, 
  0xFA80, 0xFA80, 0xFA80, 0xFA80, 0xFA80, 0xFA80, 0xFA80, 0xFA80, 0xFA80, 0xFA60, 0xFA80, 0xFAA0, 
  0xFAA0, 0xFAA1, 0xFAC1, 0xFAA3, 0xFA87, 0xFA47, 0xFA08, 0xFA2A, 0xF229, 0xF1EB, 0xF209, 0xFA28, 
  0xFA0B, 0xF24A, 0xFA89, 0xF16C, 0xE9AA, 0xFAE9, 0xFA0D, 0xF9AC, 0xFB07, 0xFA6B, 0xF9CF, 0xFA0E, 
  0xFA0D, 0xFA6C, 0xFA8C, 0xFB09, 0xFBC7, 0xFBA8, 0xFBE6, 0xFC46, 0xFC06, 0xFBE6, 0xFBE7, 0xFBE6, 
  0xFC27, 0xFCA6, 0xFC86, 0xFC66, 0xFC67, 0xFC07, 0xFBC8, 0xFBC7, 0xFBC7, 0xFBE6, 0xFCA7, 0x7981, 
  0x630C, 0xC557, 0x0006, 0x0004, 0x10A6, 0x422E, 0x4A4F, 0x298B, 0x0000, 0x00C8, 0x04BF, 0x049F, 
  0x045F, 0x04DF, 0x05EF, 0x0509, 0x04F9, 0x049F, 0x047F, 0x047F, 0x053F, 0x03FE, 0x21AC, 0x92E4, 
  0xACEA, 0xBD8B, 0xDD69, 0x2B94, 0x059F, 0x75DB, 0xB6FC, 0x1CDE, 0x047F, 0x049F, 0x049F, 0x049F, 
  0x04BF, 0x04DF, 0x04FF, 0x6B36, 0xFBE6, 0xFFFB, 0xAF1E, 0x04DF, 0x043E, 0xB28B, 0xFD49, 0xEE28, 
  0x64A7, 0xBB69, 0xBAC7, 0x9AA8, 0xBB89, 0x69A4, 0x9B46, 0xBBC8, 0x69C5, 0x5946, 0x50E4, 0x0000, 
  0x2149, 0x5270, 0x1088, 0x0003, 0x4A0B, 0x9C34, 0x39AC, 0x1089, 0x1089, 0x18A9, 0x10A9, 0x1889, 
  0x1889, 0x18A9, 0x18AA, 0x1888, 0x0002, 0x0000, 0x1085, 0x210B, 0x316E, 0x41AF, 0x292C, 0x188A, 
  0x188A, 0x0049, 0x6169, 0xFBA9, 0xFAEA, 0xFA0E, 0xFA0F, 0xFA4F, 0x3871, 0x280F, 0x180C, 0x182D, 
  0x200D, 0x180C, 0x0008, 0x58AB, 0xC172, 0x9930, 0xB172, 0x608F, 0x080B, 0x100D, 0x200E, 0x180D, 
  0x180C, 0x100C, 0x100C, 0x200D, 0x180D, 0x100C, 0x286F, 0x4911, 0x40F1, 0x5133, 0x40B0, 0x180C, 
  0x180D, 0x200D, 0x180D, 0x180D, 0x182D, 0x180C, 0x180D, 0x100D, 0x40B1, 0x50F2, 0x5112, 0x40D1, 
  0x200E, 0x202E, 0x202E, 0x282F, 0x202E, 0x180B, 0x100B, 0x100B, 0x3870, 0x48D3, 0x48F3, 0x204C, 
  0x0008, 0x0809, 0x0008, 0x204D, 0x3030, 0x3010, 0x200F, 0x180F, 0x4010, 0x6892, 0x6892, 0x5092, 
  0x5891, 0x8953, 0xA174, 0x60B0, 0x200E, 0x3030, 0x300F, 0x200E, 0x302F, 0x78F3, 0x70D2, 0x6072, 
  0x6073, 0x6073, 0x6893, 0x70B3, 0x78D3, 0x70D3, 0x300F, 0x280F, 0x300F, 0x300F, 0x300F, 0x300F, 
  0x300F, 0x280F, 0x4050, 0x70D2, 0x70B3, 0x60B2, 0x68B2, 0x68B2, 0x68B2, 0x6892, 0x6892, 0x6892, 
  0x70B3, 0x78B4, 0x6893, 0x6893, 0x70B3, 0x78B3, 0x80B2, 0x80B3, 0x88F3, 0x7055, 0x9953, 0xF44A, 
  0xFCC7, 0xFC27, 0xFC27, 0xFC66, 0xFC86, 0xFC67, 0xFC87, 0xFBE9, 0xFA8E, 0xFB0C, 0xFB29, 0xE811, 
  0xFACA, 0xFC24, 0xE86F, 0xF1EC, 0xFCA1, 0xF0AE, 0xE90C, 0xFC00, 0xE9AD, 0xE94E, 0xFB60, 0xFA0B, 
  0xF1CB, 0xFAE1, 0xFA85, 0xFAC1, 0xFAC0, 0xFAA0, 0xFAC0, 0xFAA1, 0xFAE0, 0xFAE0, 0xFAA0, 0xFA80, 
  0xFA80, 0xFA80, 0xFA80, 0xFAA0, 0xFA80, 0xFA80, 0xFA80, 0xFA80, 0xFA80, 0xFA80, 0xFA80, 0xFA80, 
  0xFA80, 0xFA80, 0xFA80, 0xFA80, 0xFA80, 0xFA80, 0xFA80, 0xFA80, 0xFAA0, 0xFA80, 0xFA80, 0xFA80, 
  0xFA80, 0xFA80, 0xFA80, 0xFA80, 0xFAA0, 0xFA80, 0xFAA0, 0xFAA0, 0xFAA1, 0xFAC1, 0xFAA2, 0xFAC3, 
  0xFA88, 0xE153, 0xFAE4, 0xFA84, 0xD832, 0xFAC5, 0xFB62, 0xE014, 0xFA4A, 0xFC80, 0xE84F, 0xF0CF, 
  0xFC22, 0xE92C, 0xF20F, 0xFBC8, 0xFA2D, 0xF9CF, 0xFA0E, 0xFA6C, 0xFACB, 0xFB69, 0xFBC8, 0xFC07, 
  0xFC66, 0xFC47, 0xFC07, 0xFC06, 0xFBE7, 0xFBE7, 0xFC06, 0xFC66, 0xFBE7, 0xE32A, 0xE36A, 0xE34B, 
  0xE36B, 0xFC27, 0xFC06, 0xFBC7, 0xFBC7, 0xFBE6, 0xFC89, 0x7961, 0x62EB, 0xBD17, 0x0006, 0x0004, 
  0x10A6, 0x422F, 0x4A4F, 0x298B, 0x0000, 0x00E8, 0x04DF, 0x049F, 0x04FF, 0x0573, 0x060E, 0x0594, 
  0x0513, 0x04BE, 0x049F, 0x04BF, 0x1337, 0x43B5, 0x19CE, 0xBC06, 0xFF2E, 0xE589, 0xBC07, 0x01EF, 
  0x053F, 0x053F, 0x043F, 0x047F, 0x04BF, 0x049F, 0x04BF, 0x049F, 0x04FE, 0x04FD, 0x04DF, 0x4C1C, 
  0x920D, 0x74DA, 0x7EDF, 0x057F, 0x03FE, 0x6065, 0xFCC6, 0xA4A5, 0x03A4, 0x72C6, 0x9246, 0x9AE7, 
  0xFE4A, 0xAAC4, 0x8265, 0xEC29, 0xBB08, 0xD3E8, 0xBAA7, 0x1000, 0x1929, 0x5270, 0x1088, 0x0003, 
  0x520B, 0x9C34, 0x31AC, 0x1089, 0x1089, 0x18A9, 0x18A9, 0x18A9, 0x18A9, 0x18A9, 0x18AA, 0x1088, 
  0x0003, 0x316C, 0x5233, 0x312F, 0x18A9, 0x0823, 0x0002, 0x188A, 0x18AA, 0x0069, 0x612B, 0xFA51, 
  0xF9F0, 0xFA0F, 0xFA0F, 0xFA70, 0x3070, 0x200E, 0x180D, 0x182D, 0x180D, 0x080A, 0x3868, 0xA96F, 
  0xB151, 0xA952, 0x58AF, 0x000B, 0x080C, 0x280E, 0x3030, 0x200D, 0x180C, 0x180D, 0x180D, 0x180D, 
  0x180D, 0x204E, 0x40F1, 0x48D1, 0x48F1, 0x308E, 0x182B, 0x180C, 0x200D, 0x200D, 0x182D, 0x180D, 
  0x200D, 0x180D, 0x180D, 0x100C, 0x180C, 0x48F1, 0x5112, 0x5112, 0x3890, 0x200E, 0x202E, 0x202E, 
  0x282F, 0x202D, 0x100A, 0x100B, 0x180D, 0x38B1, 0x48D1, 0x40D1, 0x202C, 0x0809, 0x0809, 0x0809, 
  0x204D, 0x304F, 0x3830, 0x3050, 0x280F, 0x4850, 0x60B2, 0x60B2, 0x5092, 0x5891, 0x8113, 0xA954, 
  0x5070, 0x100D, 0x300F, 0x280E, 0x302F, 0x68F2, 0x78D3, 0x68D3, 0x68D3, 0x68D2, 0x68D2, 0x70D3, 
  0x78F3, 0x60B2, 0x280F, 0x3010, 0x300F, 0x280E, 0x4030, 0x4851, 0x3810, 0x300F, 0x280F, 0x4050, 
  0x70B2, 0x68B2, 0x68B2, 0x68B2, 0x60B3, 0x6892, 0x68B2, 0x68B2, 0x6892, 0x6892, 0x6893, 0x70B3, 
  0x70D3, 0x68B3, 0x7092, 0x88D3, 0x98F4, 0x88F4, 0x7034, 0x80D2, 0xF40A, 0xFCA6, 0xFC46, 0xFC67, 
  0xFC49, 0xFC49, 0xFC47, 0xFC67, 0xF36A, 0xF2AB, 0xFB68, 0xFB2C, 0xF20C, 0xF1E9, 0xFB07, 0xFA8A, 
  0xF20B, 0xFAA8, 0xFAA8, 0xF209, 0xFAA7, 0xFAE6, 0xF1EC, 0xFA0B, 0xFA89, 0xFAC4, 0xFA87, 0xFA86, 
  0xFA84, 0xFAC0, 0xFAC0, 0xFAC0, 0xFA42, 0xF9A7, 0xFA61, 0xFAC0, 0xFAA0, 0xFA80, 0xFAA0, 0xFA80, 
  0xFAA0, 0xFA80, 0xFA80, 0xFA80, 0xFA80, 0xFA80, 0xFA80, 0xFA80, 0xFA80, 0xFA80, 0xFA80, 0xFA80, 
  0xFA80, 0xFA80, 0xFA80, 0xFA80, 0xFAA0, 0xFAA0, 0xFAA0, 0xFAA0, 0xFAA0, 0xFAA0, 0xFAA0, 0xFA80, 
  0xFAA0, 0xFAA0, 0xFA80, 0xFAC0, 0xFA83, 0xFA66, 0xFA68, 0xFA67, 0xFA49, 0xFA88, 0xF22A, 0xF22A, 
  0xFAA7, 0xF1C9, 0xF1C9, 0xFAE8, 0xF209, 0xF1CA, 0xFAC8, 0xF228, 0xF1EA, 0xFACD, 0xFACC, 0xFACB, 
  0xFA8D, 0xFACC, 0xFB2B, 0xFB4A, 0xFBC8, 0xFC46, 0xFC66, 0xFC46, 0xFC47, 0xFC85, 0xFC85, 0xFC86, 
  0xFC85, 0xFC85, 0xFC06, 0xFC68, 0xC28C, 0x5813, 0x6893, 0x6073, 0x68D1, 0xF3AA, 0xFC27, 0xFC25, 
  0xFC26, 0xFBE7, 0xFC88, 0x7981, 0x5AEB, 0xB4F7, 0x0006, 0x0004, 0x18A7, 0x422E, 0x424E, 0x296A, 
  0x0000, 0x00E8, 0x051F, 0x055F, 0x0638, 0x062C, 0x69EB, 0x1BFD, 0x051F, 0x049F, 0x04BF, 0x04BF, 
  0x5928, 0xB920, 0x0000, 0x0883, 0x7223, 0x2060, 0x0800, 0xB805, 0x78CA, 0x049C, 0x04FF, 0x049F, 
  0x049F, 0x049F, 0x04BF, 0x049F, 0x0535, 0x2E87, 0x1DD2, 0x0597, 0x069D, 0x063B, 0x0578, 0x0E18, 
  0x0CF8, 0x51A5, 0x7982, 0xC366, 0xC366, 0xD3A7, 0xD3C8, 0x69C4, 0xD3A5, 0xAB05, 0x6A67, 0xB2C6, 
  0x6184, 0xBB47, 0xD307, 0x0800, 0x1949, 0x5270, 0x1088, 0x0003, 0x520B, 0x9C14, 0x31AC, 0x1089, 
  0x1089, 0x18A9, 0x18A9, 0x18A9, 0x18A9, 0x18A9, 0x18AA, 0x1088, 0x0003, 0x312C, 0x1888, 0x0001, 
  0x0000, 0x0000, 0x0844, 0x18AA, 0x188A, 0x0068, 0x612C, 0xFA72, 0xFA2F, 0xFA4F, 0xFA4F, 0xFA90, 
  0x286E, 0x180D, 0x180D, 0x182D, 0x080C, 0x180A, 0x990E, 0xB131, 0x9931, 0x58AE, 0x000B, 0x080C, 
  0x100C, 0x280E, 0x302F, 0x180D, 0x180C, 0x180D, 0x180D, 0x100C, 0x182D, 0x40F0, 0x40D0, 0x50F2, 
  0x40D0, 0x0809, 0x0008, 0x180B, 0x202D, 0x282E, 0x202D, 0x180C, 0x180D, 0x180C, 0x180D, 0x180C, 
  0x100C, 0x40D0, 0x5912, 0x50F2, 0x4912, 0x284F, 0x200E, 0x202E, 0x282F, 0x200F, 0x100C, 0x180B, 
  0x100C, 0x306F, 0x50F1, 0x48F2, 0x3890, 0x080A, 0x0808, 0x0808, 0x0808, 0x182B, 0x286E, 0x306F, 
  0x4070, 0x304F, 0x5091, 0x60B2, 0x6091, 0x5071, 0x6872, 0xA114, 0x80D1, 0x200D, 0x200F, 0x300F, 
  0x280E, 0x384F, 0x7113, 0x78F3, 0x70F3, 0x68D3, 0x70F3, 0x78F3, 0x4870, 0x280F, 0x3010, 0x3851, 
  0x302F, 0x200E, 0x3830, 0x4871, 0x3830, 0x300F, 0x3010, 0x280F, 0x4850, 0x68B2, 0x68B2, 0x6892, 
  0x68B2, 0x68B2, 0x6892, 0x6892, 0x6892, 0x6892, 0x70B3, 0x70B2, 0x5871, 0x302F, 0x280E, 0x5091, 
  0x80D3, 0x88D3, 0x88F4, 0x6855, 0x8132, 0xF3CA, 0xFC66, 0x91CB, 0x50AF, 0x690F, 0x70F0, 0x710F, 
  0x710F, 0x68F0, 0xD22B, 0xFC67, 0xFA2B, 0xE96D, 0xFCA4, 0xFA8A, 0xE811, 0xFB85, 0xFB45, 0xE090, 
  0xFB25, 0xFB63, 0xE893, 0xFAA4, 0xFB83, 0xFA4A, 0xFAE0, 0xFAE0, 0xFAE0, 0xFB20, 0xFB00, 0xFB60, 
  0xF1E4, 0xE8AA, 0xFB00, 0xFB20, 0xFB00, 0xFB00, 0xFAE0, 0xFAC0, 0xFAE0, 0xFAE0, 0xFAE0, 0xFAE0, 
  0xFAE0, 0xFAC0, 0xFAC0, 0xFAC0, 0xFAE0, 0xFAE0, 0xFAE0, 0xFAE0, 0xFAC0, 0xFAC0, 0xFAE0, 0xFAE0, 
  0xFAE0, 0xFB00, 0xFB00, 0xFAE0, 0xFAE0, 0xFAE0, 0xFAE0, 0xFAE0, 0xFAE0, 0xFAE0, 0xFAE0, 0xFB00, 
  0xFAE0, 0xFAC1, 0xFA87, 0xF94F, 0xFA4B, 0xFB61, 0xE8EF, 0xE9AD, 0xFBE2, 0xE8ED, 0xE8AE, 0xFC81, 
  0xE9CA, 0xE013, 0xFBC5, 0xFAE6, 0xE08F, 0xFB8B, 0xFB4A, 0xFA8C, 0xFB69, 0xFC45, 0xFC47, 0xFC87, 
  0xFC67, 0xFCC6, 0xFCC6, 0xFCE6, 0xFC86, 0xEBA8, 0xEB8B, 0xE38B, 0xEBC9, 0xEC88, 0xA1EE, 0x6872, 
  0x68D2, 0x6093, 0x68B3, 0x68B3, 0x68B3, 0x68B0, 0x70CF, 0xDB4E, 0xFC68, 0xFC25, 0xFCE7, 0x79A0, 
  0x5ACB, 0xB4F7, 0x0006, 0x0004, 0x10A8, 0x422E, 0x424E, 0x296A, 0x0000, 0x0108, 0x143E, 0x3336, 
  0x0D6F, 0x4529, 0xF802, 0x2AB8, 0x059F, 0x04BF, 0x049F, 0x04FF, 0x1A73, 0x3927, 0x098D, 0x5B0D, 
  0x9CF1, 0x62EB, 0x0002, 0xF866, 0xC000, 0x0338, 0x055F, 0x049F, 0x049F, 0x049F, 0x049F, 0x04FD, 
  0x0EAE, 0x37E5, 0x1F47, 0x06EA, 0x1FA9, 0x3F88, 0x4FE7, 0x3FA6, 0x56C7, 0xC487, 0x2002, 0xA9E5, 
  0xF3A7, 0xCB67, 0xEC29, 0xBB07, 0x1842, 0x82A7, 0xFDED, 0xC308, 0x4124, 0x5143, 0x7984, 0x1000, 
  0x2149, 0x4A70, 0x10A8, 0x0003, 0x49EB, 0x9C14, 0x31AC, 0x1089, 0x1089, 0x18A9, 0x10A9, 0x18A9, 
  0x18A9, 0x18A9, 0x18AA, 0x18A8, 0x0003, 0x0000, 0x0000, 0x0021, 0x20E7, 0x316C, 0x290C, 0x1089, 
  0x108A, 0x0068, 0x610B, 0xFAB1, 0xFA2F, 0xF1CE, 0xF24F, 0xD231, 0x286D, 0x180D, 0x100D, 0x100B, 
  0x282D, 0x504F, 0x6891, 0x5071, 0x200D, 0x080C, 0x100C, 0x180C, 0x180C, 0x200D, 0x200E, 0x180C, 
  0x180C, 0x180D, 0x180D, 0x182D, 0x38D0, 0x48D1, 0x40F1, 0x40F1, 0x182B, 0x0009, 0x0829, 0x0809, 
  0x100A, 0x100A, 0x180B, 0x202D, 0x200D, 0x180C, 0x180C, 0x180D, 0x180D, 0x180D, 0x3890, 0x5112, 
  0x50F2, 0x38B0, 0x180D, 0x200E, 0x280E, 0x202F, 0x202F, 0x182D, 0x180C, 0x200D, 0x40B0, 0x48F2, 
  0x4090, 0x100A, 0x0809, 0x0809, 0x0808, 0x0808, 0x0007, 0x102A, 0x386F, 0x4892, 0x4891, 0x6091, 
  0x6092, 0x5871, 0x6872, 0x98D3, 0xA913, 0x7090, 0x200D, 0x280F, 0x280F, 0x200F, 0x5071, 0x70F3, 
  0x68D2, 0x70D2, 0x68B2, 0x60B1, 0x302F, 0x282F, 0x3870, 0x3830, 0x280E, 0x280E, 0x300F, 0x300F, 
  0x300F, 0x300F, 0x300F, 0x3010, 0x280F, 0x5071, 0x70D2, 0x68B2, 0x68B2, 0x6892, 0x6892, 0x6892, 
  0x6892, 0x70B3, 0x78B3, 0x80B3, 0x402F, 0x2810, 0x3010, 0x300F, 0x3850, 0x5892, 0x70B2, 0x80F3, 
  0x6854, 0x90F2, 0xC14E, 0xA090, 0x4811, 0x3811, 0x4833, 0x5833, 0x6034, 0x5874, 0x70B1, 0x888E, 
  0xE2AF, 0xFC0D, 0xFA6D, 0xFA6E, 0xFB2D, 0xFA4C, 0xFA6A, 0xFB0A, 0xF20D, 0xF1EC, 0xFA8B, 0xFA8A, 
  0xFAEA, 0xFA2F, 0xFA0C, 0xFA48, 0xF245, 0xFA23, 0xFA62, 0xFA81, 0xFA44, 0xFA23, 0xFA80, 0xFA42, 
  0xFA41, 0xFA41, 0xFA61, 0xFA61, 0xFA21, 0xFA41, 0xFA61, 0xFA21, 0xFA22, 0xFA41, 0xFA22, 0xFA02, 
  0xFA22, 0xFA01, 0xFA01, 0xFA22, 0xFA02, 0xFA02, 0xFA22, 0xFA22, 0xFA41, 0xFA61, 0xFA61, 0xFA41, 
  0xFA62, 0xFA81, 0xFA41, 0xFA42, 0xFA63, 0xFA42, 0xFA61, 0xFA63, 0xFA26, 0xFA05, 0xFA47, 0xFAAA, 
  0xFA2C, 0xF1AA, 0xFA2C, 0xFA0B, 0xF1AB, 0xFA8C, 0xFA6C, 0xF1AA, 0xFA2C, 0xFAAF, 0xFA2F, 0xFA0D, 
  0xFAAD, 0xFAEC, 0xFB0C, 0xFB4D, 0xFBAA, 0xFC08, 0xFCA7, 0xFD47, 0xFD87, 0xEBC9, 0xCACA, 0xE38A, 
  0xBA2C, 0x6851, 0x7093, 0x6893, 0x70B2, 0x70D2, 0x6074, 0x5834, 0x6874, 0x70D3, 0x68B3, 0x6892, 
  0x6893, 0x5834, 0x4013, 0x5873, 0xA18D, 0xFBC7, 0xFC0C, 0x68E3, 0x52CA, 0xB4F6, 0x0006, 0x0004, 
  0x10C7, 0x424E, 0x3A2E, 0x296A, 0x0000, 0x0129, 0x13FD, 0x9889, 0xB800, 0x80A0, 0x5801, 0x0B59, 
  0x055F, 0x04BF, 0x049F, 0x04DF, 0x053F, 0x02D7, 0x0084, 0x92C9, 0xFE52, 0xFD2E, 0x31A9, 0x68EB, 
  0x490A, 0x049D, 0x04DF, 0x049F, 0x049F, 0x049F, 0x04BF, 0x051C, 0x23C8, 0x5407, 0x0B48, 0x02A6, 
  0x0363, 0x0202, 0x0566, 0x0584, 0x0523, 0x7B47, 0xA104, 0x3023, 0x38C4, 0x2843, 0x40E3, 0xB247, 
  0x3004, 0x5984, 0xC325, 0x7A05, 0xC309, 0x9A06, 0x0002, 0x0800, 0x296A, 0x4A6F, 0x10A8, 0x0003, 
  0x41CA, 0x93F4, 0x31AC, 0x1089, 0x1089, 0x10A9, 0x10A9, 0x1889, 0x18A9, 0x18A9, 0x18AA, 0x18A9, 
  0x0002, 0x0863, 0x290A, 0x312E, 0x394F, 0x290C, 0x1088, 0x188A, 0x10AA, 0x0068, 0x60EB, 0xFA53, 
  0xD1B1, 0x90B1, 0x9912, 0x9154, 0x206E, 0x180C, 0x100C, 0x282E, 0x68B2, 0x6893, 0x5072, 0x280E, 
  0x080C, 0x100C, 0x180C, 0x180C, 0x180C, 0x180C, 0x180C, 0x180C, 0x180C, 0x180D, 0x180C, 0x308F, 
  0x40F1, 0x40D1, 0x48F1, 0x182B, 0x0007, 0x0809, 0x0809, 0x0809, 0x0808, 0x0008, 0x0809, 0x182B, 
  0x182C, 0x200D, 0x180C, 0x180C, 0x180D, 0x100C, 0x180C, 0x48D1, 0x50F2, 0x4912, 0x3070, 0x200D, 
  0x200E, 0x200E, 0x2830, 0x182D, 0x180C, 0x202E, 0x200D, 0x40B1, 0x50F3, 0x284E, 0x080A, 0x0809, 
  0x0808, 0x0808, 0x0808, 0x0008, 0x1009, 0x284C, 0x180C, 0x202C, 0x5891, 0x6892, 0x6072, 0x88D3, 
  0xA0F3, 0xA8F3, 0x484F, 0x100D, 0x280F, 0x280F, 0x300F, 0x3010, 0x382F, 0x6091, 0x382F, 0x3010, 
  0x3050, 0x3070, 0x3870, 0x302F, 0x280E, 0x280F, 0x300F, 0x280E, 0x280F, 0x300E, 0x302F, 0x300F, 
  0x3810, 0x300F, 0x5871, 0x70D3, 0x68B2, 0x60B2, 0x60B3, 0x6893, 0x6893, 0x70B2, 0x78B3, 0x88D5, 
  0x5072, 0x3010, 0x3830, 0x3830, 0x3830, 0x304F, 0x4051, 0x5091, 0x70B2, 0x6834, 0xA894, 0xF993, 
  0xE94F, 0xA8B0, 0x4832, 0x5053, 0x6873, 0x70B3, 0x68B3, 0x5093, 0x70F3, 0x9972, 0xA092, 0xFA71, 
  0xFB0D, 0xF110, 0xF1B1, 0xFB2D, 0xE0D3, 0xE131, 0xFB2C, 0xF9F2, 0xD893, 0xFA90, 0xFA72, 0xD915, 
  0xE093, 0xF011, 0xF00C, 0xF80A, 0xF80A, 0xF868, 0xF809, 0xF009, 0xF82A, 0xF02A, 0xE80A, 0xF80B, 
  0xF00B, 0xE00A, 0xF009, 0xF82A, 0xE80B, 0xE80A, 0xF82A, 0xF00B, 0xE80B, 0xF82A, 0xF80B, 0xE80B, 
  0xF00A, 0xF82A, 0xE00B, 0xE80B, 0xF029, 0xF00A, 0xF00A, 0xF08B, 0xF00A, 0xF00B, 0xF8EC, 0xF00A, 
  0xF009, 0xF06B, 0xF0EC, 0xE911, 0xE0F3, 0xD894, 0xFA4E, 0xFB8B, 0xD8B2, 0xD870, 0xFA8C, 0xF9B0, 
  0xD852, 0xF2AC, 0xFAAD, 0xE013, 0xF1B1, 0xFB8E, 0xE8D3, 0xE8F1, 0xFB2D, 0xF1D0, 0xE8B3, 0xFA30, 
  0xF9D0, 0xF9B0, 0xFA4F, 0xCA8E, 0xC2CE, 0x8112, 0x6013, 0x7032, 0x6853, 0x6874, 0x6893, 0x6893, 
  0x68B3, 0x6073, 0x6073, 0x6073, 0x5873, 0x6072, 0x6072, 0x4832, 0x5053, 0x7091, 0xC950, 0xC111, 
  0xC910, 0xF16F, 0xF974, 0x6005, 0x5309, 0xB4D7, 0x0006, 0x0003, 0x10C6, 0x3A2E, 0x3A2D, 0x214A, 
  0x0000, 0x00A7, 0x055F, 0x1C9D, 0x80AC, 0x7911, 0x045A, 0x049E, 0xB1AC, 0x72B1, 0x053F, 0x049F, 
  0x059F, 0x039B, 0x0000, 0x58A0, 0xA921, 0xC224, 0x9185, 0x0255, 0x059F, 0x051F, 0x047F, 0x049F, 
  0x049F, 0x049F, 0x04DF, 0x051F, 0x0802, 0xC120, 0xFA85, 0x58A4, 0x8A26, 0x58E3, 0x4923, 0x5A66, 
  0x6CCB, 0x61E4, 0xB306, 0x33E9, 0x5288, 0x9B89, 0x61C5, 0x4043, 0x8186, 0x48E2, 0x3902, 0x5945, 
  0x8986, 0x79A7, 0x1863, 0x0000, 0x294A, 0x4A6F, 0x10A8, 0x0003, 0x41AA, 0x93D3, 0x31AC, 0x1089, 
  0x1089, 0x10A9, 0x1089, 0x10A9, 0x108A, 0x10A9, 0x18CB, 0x1087, 0x0002, 0x316F, 0x394F, 0x1068, 
  0x0001, 0x0000, 0x0002, 0x18AB, 0x10AA, 0x0068, 0x48ED, 0xA975, 0x8114, 0x8113, 0x8113, 0x8134, 
  0x286E, 0x284E, 0x50B1, 0x58B2, 0x68D3, 0x58B2, 0x282F, 0x100C, 0x180C, 0x180C, 0x180C, 0x180C, 
  0x180C, 0x100C, 0x100C, 0x180C, 0x180C, 0x180C, 0x304E, 0x40F1, 0x40D0, 0x48F1, 0x288E, 0x0008, 
  0x0809, 0x0809, 0x0809, 0x0809, 0x0809, 0x0809, 0x0809, 0x0809, 0x080A, 0x100A, 0x180C, 0x180C, 
  0x180D, 0x180D, 0x100C, 0x204D, 0x50F2, 0x5112, 0x5112, 0x3890, 0x200D, 0x202E, 0x202E, 0x180C, 
  0x0809, 0x180C, 0x180C, 0x282E, 0x48D2, 0x50D2, 0x48B1, 0x306E, 0x0808, 0x0008, 0x0008, 0x0808, 
  0x0808, 0x0808, 0x0808, 0x0009, 0x202C, 0x68D3, 0x68B3, 0x6892, 0x80D2, 0xA0F3, 0x90F3, 0x586F, 
  0x280F, 0x300F, 0x280F, 0x3010, 0x280F, 0x304F, 0x282F, 0x3050, 0x3870, 0x3050, 0x282F, 0x280E, 
  0x280E, 0x302F, 0x300F, 0x300F, 0x280F, 0x300F, 0x280E, 0x280F, 0x300F, 0x300F, 0x300F, 0x60B1, 
  0x78D3, 0x70B3, 0x7072, 0x6893, 0x7893, 0x70B2, 0x4871, 0x4871, 0x4851, 0x3810, 0x3830, 0x3830, 
  0x3850, 0x4050, 0x3831, 0x3010, 0x4051, 0x6092, 0x68B3, 0x90D1, 0xF1B1, 0xFA51, 0xB991, 0x6051, 
  0x5873, 0x5892, 0x5892, 0x68B3, 0x6893, 0x5032, 0x4871, 0x88D2, 0xD8F2, 0xF970, 0xE931, 0xE8D3, 
  0xF12F, 0xE96F, 0xE113, 0xE952, 0xE0D0, 0xE151, 0xF211, 0xD951, 0xE171, 0xF971, 0xF9D0, 0xF92D, 
  0xF00C, 0xF98E, 0xF90D, 0xF02B, 0xF9EE, 0xFA2F, 0xF94D, 0xF9AD, 0xFA0E, 0xE86C, 0xF0CC, 0xFA8D, 
  0xF0AD, 0xE82D, 0xFA6D, 0xF9AD, 0xE02D, 0xFA0D, 0xF9ED, 0xE02D, 0xF14B, 0xFA8A, 0xF0CC, 0xE8AC, 
  0xFA8C, 0xF90D, 0xF0ED, 0xFA8D, 0xF8AC, 0xF0EC, 0xFACE, 0xF9AD, 0xE04C, 0xF98E, 0xF9B0, 0xE933, 
  0xE9D0, 0xF1EF, 0xF992, 0xE952, 0xE0B1, 0xF170, 0xE951, 0xD074, 0xE970, 0xF190, 0xD0B4, 0xF191, 
  0xF1D2, 0xD932, 0xF96F, 0xF150, 0xD0F3, 0xE912, 0xF0B0, 0xF110, 0xE0B1, 0xA093, 0x9095, 0x6835, 
  0x6814, 0x7094, 0x78B4, 0x7073, 0x7094, 0x78B3, 0x70B2, 0x6092, 0x5872, 0x5872, 0x5072, 0x5052, 
  0x5072, 0x4851, 0x3831, 0x6852, 0xC931, 0xF18F, 0xF9B0, 0xF9B1, 0xF9B0, 0xF930, 0xF994, 0x4806, 
  0x5309, 0xB4D6, 0x0006, 0x0004, 0x10C7, 0x3A2E, 0x3A0D, 0x214A, 0x0000, 0x00A7, 0x04DF, 0x057F, 
  0x13FF, 0x6218, 0x05BF, 0x04FF, 0x7211, 0x4B16, 0x04FF, 0x04BF, 0x055F, 0x1338, 0xC000, 0x58C8, 
  0x024F, 0x1067, 0x3800, 0x0316, 0x061F, 0x049F, 0x04BF, 0x049F, 0x049F, 0x049F, 0x049F, 0x047F, 
  0x0317, 0x11AC, 0x89C5, 0x48C2, 0xCAE8, 0xFC0A, 0xFBA9, 0xA1E7, 0x9A88, 0x3082, 0x8CC6, 0x6548, 
  0xA38A, 0xF54B, 0xD3A8, 0x4103, 0xECC5, 0xC3E4, 0x6AE9, 0xA228, 0x5065, 0x2045, 0x5083, 0x1820, 
  0x218A, 0x4A90, 0x10A8, 0x0003, 0x41AA, 0x93D3, 0x31AC, 0x1089, 0x1069, 0x1089, 0x10A9, 0x1889, 
  0x10A9, 0x18AA, 0x18AB, 0x0844, 0x0003, 0x1068, 0x0000, 0x0000, 0x0021, 0x1084, 0x18A9, 0x18AB, 
  0x108A, 0x0068, 0x38EE, 0xA196, 0x9135, 0x8913, 0x70D2, 0x7113, 0x5912, 0x58D3, 0x68D4, 0x68F3, 
  0x50B2, 0x284E, 0x100B, 0x180B, 0x180C, 0x180D, 0x180C, 0x180C, 0x180C, 0x100B, 0x100C, 0x100C, 
  0x100B, 0x306E, 0x40D1, 0x40D1, 0x5112, 0x308E, 0x0809, 0x0808, 0x100A, 0x0809, 0x0809, 0x0809, 
  0x0809, 0x0809, 0x0809, 0x0809, 0x0809, 0x0809, 0x0809, 0x100A, 0x100A, 0x182C, 0x180C, 0x100A, 
  0x308F, 0x5113, 0x48F2, 0x48F2, 0x40D1, 0x40D1, 0x304F, 0x100B, 0x0008, 0x1009, 0x182C, 0x180D, 
  0x282E, 0x50F2, 0x68F5, 0x68F5, 0x50B2, 0x204C, 0x182A, 0x0808, 0x0808, 0x0809, 0x0809, 0x100A, 
  0x080A, 0x386F, 0x70D3, 0x6892, 0x60B2, 0x78B2, 0xA8F4, 0x98F3, 0x282F, 0x280F, 0x3030, 0x300F, 
  0x282F, 0x2870, 0x2830, 0x300F, 0x302F, 0x302F, 0x282F, 0x280F, 0x280F, 0x300E, 0x300F, 0x300F, 
  0x280F, 0x300F, 0x300F, 0x280F, 0x280F, 0x300E, 0x280F, 0x3830, 0x6092, 0x6832, 0x6812, 0x7053, 
  0x6892, 0x5872, 0x3850, 0x302F, 0x3830, 0x3830, 0x3830, 0x3830, 0x4050, 0x4030, 0x4031, 0x4030, 
  0x3010, 0x3831, 0x4052, 0x5072, 0x5872, 0xB972, 0xFA91, 0xC150, 0x5012, 0x5072, 0x5072, 0x5072, 
  0x60B3, 0x6893, 0x6072, 0x4013, 0x8073, 0xF10E, 0xF8CD, 0xE070, 0xF930, 0xF92F, 0xE8B1, 0xD0D1, 
  0xFA0D, 0xD0B0, 0xC0D0, 0xFA4E, 0xE950, 0xF9D0, 0xF210, 0xE190, 0xFA0E, 0xF9EE, 0xF1AF, 0xFA6E, 
  0xFA2F, 0xFA10, 0xFA8E, 0xFACD, 0xFA0D, 0xFA0D, 0xFA0D, 0xE9AD, 0xFA6D, 0xFA4D, 0xFA2D, 0xFA6D, 
  0xFAED, 0xF20F, 0xF9EE, 0xF9CD, 0xFA8A, 0xF22B, 0xFA6D, 0xFA6D, 0xE9EE, 0xFAAE, 0xFAAE, 0xF1CD, 
  0xFA6C, 0xFA6F, 0xF1AF, 0xFA6E, 0xF9EF, 0xD175, 0xF210, 0xF0EE, 0xE12F, 0xFAEC, 0xF951, 0xD82E, 
  0xF9EB, 0xF991, 0xD872, 0xF8EC, 0xE90F, 0xE070, 0xF04E, 0xE92F, 0xE950, 0xE0B1, 0xF9AD, 0xF96E, 
  0xD032, 0xF130, 0xE98F, 0x88B1, 0x80B1, 0x70B3, 0x68D5, 0x68B3, 0x78B4, 0x80D4, 0x6093, 0x7073, 
  0x7094, 0x6892, 0x5872, 0x4852, 0x4852, 0x4853, 0x4852, 0x5072, 0x5052, 0x4872, 0x6092, 0xE932, 
  0xF970, 0xF991, 0xF991, 0xF971, 0xF971, 0xE971, 0xB155, 0x1807, 0x6329, 0xB4D6, 0x0005, 0x0004, 
  0x10A7, 0x3A2E, 0x3A0D, 0x2149, 0x0000, 0x00C6, 0x04DA, 0x04DE, 0x1BFC, 0x4A54, 0x051F, 0x04DF, 
  0x053F, 0x051F, 0x049F, 0x04BF, 0x053F, 0x58AD, 0xF800, 0x4BDC, 0x06FF, 0x03BB, 0x4086, 0x70A7, 
  0x047E, 0x04FF, 0x04BF, 0x04BF, 0x049F, 0x045F, 0x2CFF, 0xBF3D, 0xCFFF, 0x5EFF, 0x0317, 0xA1E4, 
  0x6122, 0xBB48, 0xAAA6, 0x69E4, 0xBC07, 0xBB47, 0x2224, 0x7326, 0xAB09, 0x9227, 0xAA47, 0x5904, 
  0x9B02, 0x9323, 0x3965, 0x91A7, 0xA9A8, 0x7167, 0x9964, 0x3820, 0x196A, 0x4A90, 0x1088, 0x0003, 
  0x49CA, 0x93D3, 0x31AC, 0x1069, 0x1069, 0x10A9, 0x1089, 0x1889, 0x18A9, 0x18AA, 0x18AA, 0x0024, 
  0x0003, 0x0000, 0x0843, 0x20E9, 0x314D, 0x314E, 0x18AC, 0x1089, 0x108A, 0x0068, 0x40EE, 0xA976, 
  0x80F3, 0x78D3, 0x70B3, 0x7914, 0x6934, 0x60D3, 0x58D3, 0x48B1, 0x202D, 0x080C, 0x100B, 0x0808, 
  0x1009, 0x180D, 0x180C, 0x180C, 0x180C, 0x180B, 0x180C, 0x100B, 0x204D, 0x48F1, 0x48D1, 0x5112, 
  0x38CF, 0x0809, 0x0009, 0x100A, 0x0809, 0x0809, 0x0809, 0x0809, 0x0809, 0x0809, 0x0809, 0x0809, 
  0x0809, 0x0809, 0x0008, 0x0008, 0x0808, 0x100A, 0x180C, 0x100B, 0x080A, 0x306F, 0x50F3, 0x50D3, 
  0x48D2, 0x48D2, 0x5914, 0x388F, 0x100A, 0x100A, 0x100B, 0x180D, 0x180C, 0x202D, 0x4090, 0x4071, 
  0x4871, 0x4892, 0x3870, 0x100A, 0x100A, 0x1009, 0x0809, 0x180B, 0x180B, 0x080A, 0x406F, 0x78F3, 
  0x70B2, 0x80F3, 0x78D2, 0x482F, 0x300F, 0x300F, 0x300F, 0x300F, 0x280F, 0x282F, 0x280F, 0x280F, 
  0x280F, 0x280F, 0x280F, 0x282F, 0x280F, 0x300F, 0x280F, 0x280F, 0x300F, 0x300F, 0x300F, 0x300F, 
  0x300F, 0x300F, 0x280F, 0x180E, 0x180D, 0x400D, 0x58AE, 0x380F, 0x4012, 0x4052, 0x3831, 0x3831, 
  0x3011, 0x3011, 0x3011, 0x3811, 0x3031, 0x3811, 0x3811, 0x3811, 0x3011, 0x3011, 0x3012, 0x4012, 
  0x3813, 0x4013, 0x5851, 0x7072, 0x4833, 0x4853, 0x4853, 0x4853, 0x4833, 0x5053, 0x5853, 0x5033, 
  0x5033, 0x6812, 0xA050, 0x9832, 0x9032, 0xA032, 0x9852, 0x8072, 0x9071, 0x8031, 0x7832, 0x98B1, 
  0x8852, 0xA072, 0x8852, 0x7012, 0xD170, 0x906F, 0x782F, 0xE18E, 0x9050, 0xB812, 0x9810, 0xB0D0, 
  0x8811, 0x9090, 0xD8D0, 0x700F, 0xA8D1, 0xD110, 0x980F, 0x9071, 0xDA0F, 0x7011, 0xA811, 0xC0AF, 
  0xD0EE, 0x800E, 0xA8B1, 0xD0EF, 0x6010, 0xB0AF, 0xC910, 0x7810, 0xD0CE, 0x98B2, 0x7812, 0xA050, 
  0xA890, 0x7076, 0x90D3, 0x9810, 0x8852, 0xB112, 0x9891, 0x984F, 0xB0B0, 0xA872, 0x9031, 0xB06F, 
  0x8832, 0x9011, 0xB84F, 0x7834, 0x9052, 0xB06F, 0xA053, 0xA073, 0xA871, 0x9873, 0x5834, 0x5854, 
  0x5853, 0x6073, 0x5854, 0x5033, 0x5833, 0x5873, 0x5034, 0x5033, 0x4813, 0x4832, 0x4012, 0x4032, 
  0x4032, 0x4032, 0x4033, 0x4012, 0x3812, 0x3832, 0x80D5, 0xA073, 0x8072, 0xB8F2, 0xC0F3, 0xC114, 
  0xA0B4, 0x80B4, 0x9119, 0x1009, 0x6B49, 0xACD6, 0x0006, 0x0004, 0x10A6, 0x3A0E, 0x3A0D, 0x296A, 
  0x0000, 0x0101, 0x1F64, 0x16C8, 0x13AD, 0x230B, 0x0E6D, 0x04D0, 0x05F2, 0x05B0, 0x0498, 0x04D8, 
  0x055B, 0x128F, 0x198B, 0x047F, 0x055F, 0x063F, 0x39D1, 0x5800, 0x03DE, 0x055F, 0x049F, 0x049F, 
  0x049F, 0x045F, 0x1D1F, 0xE7FE, 0xFFFF, 0x8F9F, 0x045E, 0x68A2, 0xA205, 0xE3AB, 0x48E3, 0xAB47, 
  0xFE2C, 0xC347, 0x5185, 0xBB29, 0xAAEA, 0x4124, 0xB287, 0xCAE9, 0x38C2, 0x3103, 0x8A47, 0x7145, 
  0x7146, 0x91A6, 0x38A3, 0x0801, 0x194A, 0x424F, 0x1089, 0x0003, 0x41C9, 0x8BD3, 0x298C, 0x1089, 
  0x1069, 0x10A9, 0x1089, 0x1089, 0x18A9, 0x18AA, 0x18A9, 0x0025, 0x0807, 0x290A, 0x316F, 0x290E, 
  0x1069, 0x0003, 0x0003, 0x18AA, 0x188A, 0x0088, 0x40CE, 0x9936, 0x78F4, 0x78D5, 0x88F6, 0x7113, 
  0x5933, 0x304F, 0x180D, 0x100B, 0x100B, 0x100C, 0x080A, 0x0006, 0x0808, 0x182D, 0x180D, 0x180C, 
  0x180B, 0x180B, 0x286E, 0x40B0, 0x40B1, 0x40D1, 0x48D1, 0x38AF, 0x1009, 0x0809, 0x080A, 0x1009, 
  0x0809, 0x0809, 0x0809, 0x0809, 0x0809, 0x0809, 0x0809, 0x1009, 0x0809, 0x0809, 0x0809, 0x0808, 
  0x0008, 0x080A, 0x100B, 0x180B, 0x080A, 0x080A, 0x3870, 0x48B2, 0x40B0, 0x40D1, 0x50F3, 0x50F2, 
  0x182C, 0x100B, 0x180B, 0x180C, 0x180D, 0x180C, 0x180C, 0x180C, 0x180C, 0x180C, 0x200D, 0x200D, 
  0x202D, 0x100A, 0x100A, 0x180C, 0x180C, 0x100B, 0x180C, 0x68D2, 0x78F3, 0x8934, 0x4890, 0x180E, 
  0x300F, 0x300F, 0x300F, 0x300F, 0x300F, 0x300F, 0x280F, 0x280F, 0x280E, 0x280F, 0x280F, 0x280F, 
  0x280E, 0x300E, 0x300F, 0x300F, 0x300F, 0x3810, 0x3010, 0x280F, 0x200F, 0x080C, 0x200D, 0x412D, 
  0x8330, 0xFF5B, 0xF717, 0x616B, 0x200B, 0x480E, 0x5010, 0x4851, 0x4050, 0x4030, 0x4831, 0x4830, 
  0x4831, 0x4831, 0x4831, 0x4831, 0x5030, 0x4850, 0x5030, 0x4810, 0x5030, 0x5050, 0x4830, 0x5030, 
  0x6051, 0x6071, 0x5851, 0x6070, 0x6071, 0x6071, 0x6871, 0x6870, 0x6871, 0x5831, 0x5831, 0x6852, 
  0x6851, 0x6030, 0x6831, 0x7052, 0x6831, 0x6851, 0x6850, 0x6031, 0x7031, 0x7031, 0x7072, 0x7872, 
  0x7051, 0x6831, 0x7051, 0x8011, 0x7031, 0x7832, 0x6832, 0x6812, 0x7813, 0x7832, 0x8012, 0x7012, 
  0x6812, 0x8013, 0x8031, 0x7053, 0x8052, 0x6851, 0x7012, 0x7813, 0x7813, 0x7012, 0x7812, 0x8011, 
  0x7071, 0x7831, 0x8012, 0x7031, 0x8011, 0x7011, 0x7052, 0x6831, 0x5811, 0x6851, 0x6031, 0x5831, 
  0x6830, 0x6011, 0x6011, 0x6832, 0x6812, 0x6831, 0x6830, 0x6031, 0x6051, 0x6870, 0x6051, 0x6872, 
  0x6051, 0x5830, 0x6031, 0x6052, 0x5870, 0x5851, 0x5831, 0x5831, 0x5830, 0x6031, 0x6031, 0x5871, 
  0x5851, 0x5851, 0x6051, 0x5851, 0x5831, 0x5030, 0x5830, 0x5830, 0x5850, 0x5850, 0x5051, 0x4831, 
  0x4850, 0x4070, 0x404F, 0x4032, 0x4833, 0x5850, 0x6050, 0x6871, 0x6871, 0x6091, 0x80B4, 0x1005, 
  0x738B, 0xACD6, 0x0005, 0x0004, 0x1086, 0x320E, 0x320C, 0x296A, 0x0000, 0x01E2, 0x0EE6, 0x0EA2, 
  0x0F40, 0x1E62, 0x37E1, 0x0E24, 0x1626, 0x2F83, 0x0E25, 0x1E04, 0x26A3, 0x176B, 0x04F1, 0x054F, 
  0x05B1, 0x0537, 0x0471, 0x02D2, 0x043A, 0x0519, 0x04FA, 0x04DD, 0x04DF, 0x04FE, 0x04FF, 0x04DF, 
  0x04BF, 0x059F, 0x0BDC, 0x1800, 0x88E3, 0xB1C6, 0x9985, 0xA9C4, 0xC1E4, 0x7143, 0xC2E7, 0xAAA7, 
  0x7207, 0x20A3, 0xA288, 0xD329, 0xBAA7, 0x4944, 0xA248, 0x79A7, 0x0022, 0x48C2, 0x8183, 0x1820, 
  0x114A, 0x31EE, 0x1089, 0x0003, 0x41CA, 0x8BB3, 0x318B, 0x1089, 0x1089, 0x1089, 0x1089, 0x18A9, 
  0x18A9, 0x18AA, 0x18A9, 0x0005, 0x1048, 0x28ED, 0x1068, 0x0003, 0x0000, 0x0000, 0x1065, 0x18AB, 
  0x10AA, 0x0088, 0x38AE, 0x8916, 0x78F5, 0x78F5, 0x406F, 0x206D, 0x184C, 0x100B, 0x100A, 0x100B, 
  0x100C, 0x100B, 0x0808, 0x0006, 0x0808, 0x100B, 0x100B, 0x100C, 0x100B, 0x100B, 0x182C, 0x202C, 
  0x180C, 0x180B, 0x180C, 0x100A, 0x0808, 0x0809, 0x0809, 0x0809, 0x0809, 0x0809, 0x0809, 0x0809, 
  0x0809, 0x0809, 0x0809, 0x0809, 0x0809, 0x0809, 0x0809, 0x080A, 0x0809, 0x080A, 0x080A, 0x080A, 
  0x080A, 0x080A, 0x100A, 0x180C, 0x180C, 0x180B, 0x182C, 0x180B, 0x100B, 0x100A, 0x100A, 0x100B, 
  0x100B, 0x100B, 0x100B, 0x180B, 0x180B, 0x100B, 0x180B, 0x180C, 0x180C, 0x180C, 0x180B, 0x180B, 
  0x100B, 0x100B, 0x180B, 0x200D, 0x282D, 0x202D, 0x180C, 0x200D, 0x200D, 0x200D, 0x200E, 0x200D, 
  0x200D, 0x200D, 0x200E, 0x200E, 0x280E, 0x200E, 0x200E, 0x200E, 0x200D, 0x300C, 0x380D, 0x380E, 
  0x280E, 0x100C, 0x180C, 0x280D, 0x516F, 0x9C13, 0xCD54, 0xFFB9, 0xEEB6, 0xA490, 0xBD31, 0xFFDA, 
  0xB491, 0x8908, 0xB007, 0xD00A, 0xD08B, 0xC8AB, 0xC0CC, 0xC0EC, 0xC8CA, 0xC92A, 0xD96A, 0xD1A9, 
  0xDA48, 0xE229, 0xE208, 0xEA07, 0xE9E8, 0xEA09, 0xF22A, 0xF269, 0xF24A, 0xEA4A, 0xEA4A, 0xEA2A, 
  0xEA4A, 0xF24A, 0xEA4A, 0xEA49, 0xF249, 0xEA49, 0xEA49, 0xEA49, 0xEA49, 0xF249, 0xF248, 0xEA29, 
  0xEA49, 0xEA29, 0xEA29, 0xEA29, 0xEA29, 0xEA29, 0xF229, 0xF229, 0xEA29, 0xF229, 0xF209, 0xE208, 
  0xEA08, 0xEA28, 0xEA29, 0xEA29, 0xF228, 0xEA28, 0xEA29, 0xEA29, 0xEA29, 0xEA29, 0xF229, 0xF249, 
  0xEA29, 0xF209, 0xEA09, 0xEA09, 0xEA29, 0xEA0A, 0xEA0A, 0xEA09, 0xF249, 0xEA28, 0xEA28, 0xF229, 
  0xEA09, 0xF229, 0xF208, 0xF228, 0xF229, 0xF248, 0xEA49, 0xEA69, 0xEA48, 0xEA68, 0xEA49, 0xEA49, 
  0xEA49, 0xEA49, 0xEA29, 0xEA28, 0xEA49, 0xEA69, 0xEA69, 0xEA88, 0xE289, 0xE269, 0xEA89, 0xEA68, 
  0xEA69, 0xEA69, 0xEA69, 0xEA4A, 0xEA4A, 0xEA4A, 0xEA49, 0xEA49, 0xEA49, 0xEA6A, 0xEA6A, 0xE249, 
  0xE26A, 0xEA6A, 0xEA4A, 0xEA49, 0xEA6A, 0xEA69, 0xE269, 0xE249, 0xE248, 0xEAA9, 0xE2C9, 0xD948, 
  0xE108, 0xE168, 0xE187, 0xE1A6, 0xE166, 0xE107, 0xF109, 0x5000, 0x5B6C, 0xACD6, 0x0005, 0x0003, 
  0x1086, 0x320D, 0x39ED, 0x2169, 0x0000, 0x0101, 0x0205, 0x01C3, 0x0724, 0x0706, 0x0605, 0x0E46, 
  0x060A, 0x0DC9, 0x1645, 0x1FE5, 0x25C4, 0x2765, 0x1F07, 0x3702, 0x3F43, 0x0E26, 0x2FE7, 0x172E, 
  0x1E0A, 0x36A6, 0x3F06, 0x15AE, 0x0499, 0x15CB, 0x0DB1, 0x04BF, 0x055A, 0x053F, 0x043A, 0x00E4, 
  0x0084, 0x0084, 0x0865, 0x1846, 0x1084, 0xB266, 0xF388, 0x4923, 0x0842, 0x1862, 0x1862, 0x5964, 
  0xCB28, 0x4923, 0x79C7, 0x79E8, 0x3885, 0x1861, 0xA9A2, 0x2840, 0x0929, 0x2A0E, 0x1089, 0x0003, 
  0x49EA, 0x93B3, 0x318C, 0x1089, 0x1089, 0x1089, 0x18A9, 0x18A9, 0x18A9, 0x18AA, 0x18A9, 0x0825, 
  0x0806, 0x0001, 0x0000, 0x0821, 0x20C7, 0x290C, 0x28EC, 0x108A, 0x10AA, 0x10A9, 0x186B, 0x202D, 
  0x280D, 0x282D, 0x0009, 0x084A, 0x104A, 0x0809, 0x0809, 0x080A, 0x080A, 0x0808, 0x0808, 0x0008, 
  0x0008, 0x0008, 0x0008, 0x0809, 0x0809, 0x0809, 0x0809, 0x0808, 0x0809, 0x0809, 0x080A, 0x0809, 
  0x0008, 0x0808, 0x0808, 0x0808, 0x0809, 0x0808, 0x0808, 0x0808, 0x0808, 0x0808, 0x0808, 0x0809, 
  0x0809, 0x0809, 0x0009, 0x0809, 0x0809, 0x0808, 0x0809, 0x0809, 0x0808, 0x0809, 0x0008, 0x080A, 
  0x100C, 0x0809, 0x0809, 0x080A, 0x0809, 0x0829, 0x0808, 0x0809, 0x080A, 0x080A, 0x100A, 0x100A, 
  0x100B, 0x100B, 0x100A, 0x100A, 0x100B, 0x100B, 0x100A, 0x100B, 0x180B, 0x1009, 0x100A, 0x100B, 
  0x100B, 0x080A, 0x1009, 0x180C, 0x180B, 0x180B, 0x180B, 0x180C, 0x180B, 0x100B, 0x180B, 0x180C, 
  0x180B, 0x100B, 0x180B, 0x100A, 0x100B, 0x100A, 0x0006, 0x0004, 0x302B, 0x496C, 0x6A2C, 0xDDB6, 
  0xEE36, 0xFFBA, 0xDE34, 0xCDB4, 0xEED9, 0x1002, 0x1803, 0xCD75, 0xFFDA, 0xFED6, 0xCBAD, 0xC825, 
  0xE803, 0xF005, 0xE065, 0xF083, 0xF880, 0xF8A0, 0xE8A0, 0xF8C0, 0xF900, 0xF880, 0xF9A1, 0xFAE1, 
  0xFAC1, 0xFA22, 0xFAA5, 0xFB46, 0xFB25, 0xFB25, 0xFB27, 0xFB06, 0xFB26, 0xFB06, 0xFB07, 0xFB07, 
  0xFAE7, 0xFAE6, 0xFAE6, 0xFAE7, 0xFAE7, 0xFAC6, 0xFAC6, 0xFAC6, 0xFAC6, 0xFAC6, 0xFAA6, 0xFAA6, 
  0xFAA7, 0xFAA6, 0xFAA6, 0xFAA6, 0xFAC6, 0xFAA6, 0xFAA5, 0xFA85, 0xFAA5, 0xFAA5, 0xFAA5, 0xFAA5, 
  0xFAA5, 0xFAA5, 0xFAC5, 0xFAC5, 0xFAC5, 0xFAA6, 0xFAA6, 0xFAA5, 0xFAA5, 0xFAA5, 0xFAA5, 0xFAA5, 
  0xFAA6, 0xFAA6, 0xFAA6, 0xFAA6, 0xFAA6, 0xFAC6, 0xFAC5, 0xFAC6, 0xFAC5, 0xFAA6, 0xFAC6, 0xFAA6, 
  0xFAC6, 0xFAC6, 0xFAE6, 0xFB05, 0xFB25, 0xFB05, 0xFB06, 0xFAE5, 0xFAE6, 0xFAE6, 0xFAE6, 0xFAE5, 
  0xFAE6, 0xFAE6, 0xFB27, 0xFB07, 0xFB26, 0xFB26, 0xFB46, 0xFB65, 0xFB26, 0xFB46, 0xFB46, 0xFB26, 
  0xFB26, 0xFB46, 0xFB46, 0xFB26, 0xFB46, 0xFB46, 0xFB26, 0xFB26, 0xFB66, 0xFB66, 0xFB06, 0xFB26, 
  0xFB65, 0xFB64, 0xFB83, 0xFBC4, 0xFA23, 0xF882, 0xF921, 0xF8E0, 0xF8C0, 0xF8E0, 0xF900, 0xF8E0, 
  0xF0A2, 0xF844, 0xF864, 0x6800, 0x5B8C, 0xACB6, 0x0005, 0x0004, 0x10A7, 0x3A0D, 0x3A0D, 0x216A, 
  0x0000, 0x40E2, 0x8124, 0x2803, 0x19C6, 0x11A5, 0x2903, 0x3103, 0x0B06, 0x01C5, 0x0080, 0x0545, 
  0x01A5, 0x03E8, 0x27E8, 0x0DE6, 0x1648, 0x1EAB, 0x1F08, 0x1DE6, 0x278A, 0x1E89, 0x25CA, 0x37C6, 
  0x2E66, 0x5F82, 0x5F65, 0x0C8C, 0x26A5, 0x1669, 0x2648, 0x2F06, 0x16A9, 0x044D, 0x0490, 0x04B5, 
  0x0397, 0x6A08, 0x99E3, 0x6963, 0x8A46, 0xF487, 0x8A64, 0x1841, 0x1061, 0x0000, 0x0841, 0x2842, 
  0x80E5, 0x1863, 0x0820, 0x1000, 0x194A, 0x320E, 0x1089, 0x0003, 0x49EA, 0x93D4, 0x31AC, 0x1089, 
  0x1089, 0x1889, 0x10A9, 0x10A9, 0x18A9, 0x18AA, 0x18A8, 0x0825, 0x0004, 0x0862, 0x292A, 0x396F, 
  0x312E, 0x1889, 0x1047, 0x188A, 0x188A, 0x20CB, 0x0848, 0x0008, 0x0008, 0x0008, 0x0009, 0x1048, 
  0x1048, 0x0008, 0x0808, 0x0808, 0x0808, 0x0007, 0x0008, 0x0008, 0x0008, 0x0808, 0x0808, 0x0008, 
  0x0008, 0x0008, 0x0008, 0x0808, 0x0808, 0x0808, 0x0008, 0x0808, 0x0807, 0x0007, 0x0007, 0x0007, 
  0x0008, 0x0008, 0x0808, 0x0007, 0x0008, 0x0008, 0x0008, 0x0808, 0x0808, 0x0008, 0x0808, 0x0008, 
  0x0008, 0x0809, 0x0809, 0x0808, 0x0808, 0x0008, 0x0809, 0x0809, 0x100A, 0x080A, 0x0809, 0x080A, 
  0x0809, 0x0008, 0x0808, 0x0808, 0x0809, 0x0809, 0x0809, 0x080A, 0x100A, 0x1009, 0x100A, 0x0809, 
  0x1009, 0x100A, 0x100A, 0x100B, 0x100A, 0x100A, 0x180A, 0x180B, 0x100A, 0x100A, 0x100A, 0x100A, 
  0x180B, 0x180B, 0x180B, 0x180B, 0x100B, 0x180A, 0x100A, 0x100A, 0x100A, 0x100A, 0x0009, 0x0008, 
  0x0004, 0x0002, 0x20A7, 0x730D, 0xC4F4, 0xFF18, 0xF697, 0xF6B6, 0xEE56, 0xEE57, 0xCD95, 0x5A29, 
  0x8BCF, 0xBD96, 0x734D, 0x3927, 0x82CA, 0xE5F4, 0xF758, 0xF6B6, 0xF3CF, 0xC005, 0xD807, 0xF82A, 
  0xD069, 0xC8A6, 0xD885, 0xF045, 0xE067, 0xD029, 0xE8E6, 0xFA05, 0xE1C8, 0xE988, 0xF9C7, 0xF207, 
  0xDA09, 0xEA09, 0xFA08, 0xF229, 0xF229, 0xFA68, 0xFA47, 0xFA27, 0xFAA6, 0xFB06, 0xFB06, 0xFB06, 
  0xFAE7, 0xFAE7, 0xFAA6, 0xFAA6, 0xFA87, 0xFA87, 0xFA86, 0xFA67, 0xFA87, 0xFA87, 0xFA67, 0xFA87, 
  0xFA87, 0xFA87, 0xFA67, 0xFA67, 0xFA66, 0xFA66, 0xFA67, 0xFA66, 0xFA66, 0xFA66, 0xFA67, 0xFA67, 
  0xFA87, 0xFA67, 0xFA66, 0xFA67, 0xFA67, 0xFA87, 0xFA87, 0xFA87, 0xFA87, 0xFA87, 0xFA87, 0xFA86, 
  0xFA87, 0xFAA7, 0xFAA7, 0xFA86, 0xFA87, 0xFAA6, 0xFAE5, 0xFAA6, 0xFA86, 0xFAA5, 0xFAC6, 0xFB06, 
  0xFB06, 0xFAE6, 0xFAC6, 0xFAE6, 0xFAC6, 0xFAC6, 0xFAC6, 0xFAC6, 0xFAE5, 0xFAE7, 0xFB07, 0xFB46, 
  0xFB65, 0xFB85, 0xFAE6, 0xFA48, 0xFA68, 0xFA67, 0xFA47, 0xFA49, 0xFA28, 0xFA27, 0xFA28, 0xF229, 
  0xFA07, 0xF9E8, 0xEA29, 0xF228, 0xF9E7, 0xF208, 0xF229, 0xF228, 0xFA27, 0xF267, 0xEA67, 0xFAA6, 
  0xE947, 0xD827, 0xF066, 0xD087, 0xD0C7, 0xE885, 0xD088, 0xC089, 0xD049, 0xD02A, 0xD84A, 0x3801, 
  0x636C, 0xA4B6, 0x0006, 0x0004, 0x1086, 0x3A0E, 0x3A2E, 0x216A, 0x0000, 0x1881, 0xCB08, 0xDAA7, 
  0xA184, 0xA0C3, 0x91A5, 0xDBEB, 0x9883, 0xC244, 0xCC05, 0x42A3, 0x0003, 0x01E7, 0x03A9, 0x09A7, 
  0x12E7, 0x0227, 0x02A7, 0x00C4, 0x02A7, 0x0265, 0x0106, 0x1EA8, 0x4FE5, 0x2EC6, 0x1F65, 0x0666, 
  0x0625, 0x2FE5, 0x27C5, 0x2646, 0x3F86, 0x1686, 0x2F48, 0x2FEA, 0x04D2, 0x2085, 0xDB05, 0xF3C5, 
  0xC305, 0xD3E7, 0xBB48, 0x5104, 0x6984, 0x30A2, 0x20A2, 0x50A4, 0x78A4, 0x3862, 0x2022, 0x0800, 
  0x1949, 0x322D, 0x1089, 0x0003, 0x49EA, 0x8BB3, 0x298B, 0x108A, 0x1089, 0x18A9, 0x10A9, 0x18A9, 
  0x10A9, 0x18AA, 0x18A9, 0x0824, 0x0806, 0x314E, 0x314E, 0x0846, 0x0001, 0x0000, 0x0003, 0x18AB, 
  0x18AA, 0x18EB, 0x1049, 0x0007, 0x0807, 0x0007, 0x0808, 0x1048, 0x1049, 0x0808, 0x0808, 0x0007, 
  0x0007, 0x0808, 0x0808, 0x0808, 0x0808, 0x0809, 0x080A, 0x0809, 0x0808, 0x0008, 0x0008, 0x0809, 
  0x0808, 0x0808, 0x0808, 0x0808, 0x0808, 0x0807, 0x0808, 0x0007, 0x0807, 0x0808, 0x0808, 0x0808, 
  0x0809, 0x0809, 0x0809, 0x0008, 0x0808, 0x0809, 0x0808, 0x0808, 0x0809, 0x0809, 0x0809, 0x0809, 
  0x0809, 0x0808, 0x0809, 0x0809, 0x0808, 0x080A, 0x100B, 0x1009, 0x1009, 0x100A, 0x0809, 0x100A, 
  0x0809, 0x100A, 0x100A, 0x100A, 0x100A, 0x180A, 0x100B, 0x100A, 0x100A, 0x180A, 0x100B, 0x100A, 
  0x180B, 0x180C, 0x200C, 0x180B, 0x180B, 0x180B, 0x180B, 0x180B, 0x180B, 0x180B, 0x180B, 0x180B, 
  0x180B, 0x180B, 0x100A, 0x100A, 0x0009, 0x0007, 0x0007, 0x0806, 0x72ED, 0x8BAE, 0xE657, 0xFFBC, 
  0xF6B7, 0xEE15, 0xE636, 0xE616, 0xE616, 0xDDF5, 0xF698, 0xF698, 0x8B4C, 0xA471, 0xC534, 0xA471, 
  0xA470, 0xC553, 0xEE56, 0xC5B3, 0x84D0, 0x3105, 0x60EA, 0x9854, 0x6073, 0x70D1, 0xE88D, 0xE04C, 
  0x68D2, 0x48F4, 0xE06E, 0xF02D, 0x50B4, 0x78D3, 0xF82A, 0xC82C, 0x4091, 0x904E, 0xF809, 0xB86F, 
  0x68B2, 0xF0EA, 0xF8E7, 0xE00C, 0xF10B, 0xFAC7, 0xFAE7, 0xFAC8, 0xFAE8, 0xFAE6, 0xFB25, 0xFB05, 
  0xFAA5, 0xFA66, 0xFA67, 0xFA67, 0xFA67, 0xFA67, 0xFA67, 0xFA67, 0xFA67, 0xFA67, 0xFA67, 0xFA67, 
  0xFA67, 0xFA67, 0xFA67, 0xFA46, 0xFA67, 0xFA47, 0xFA67, 0xFA67, 0xFA67, 0xFA67, 0xFA67, 0xFA67, 
  0xFA66, 0xFA67, 0xFA67, 0xFA67, 0xFA67, 0xFA87, 0xFA66, 0xFA87, 0xFA87, 0xFA87, 0xFA87, 0xFA86, 
  0xFAA6, 0xFA66, 0xF9E7, 0xFA47, 0xFAA6, 0xFAA6, 0xFAC6, 0xF9C8, 0xE06B, 0xF129, 0xFAE6, 0xFAE5, 
  0xFAC6, 0xFAC5, 0xFAC6, 0xFB25, 0xFB45, 0xFBA4, 0xFB64, 0xFA46, 0xFA67, 0xFAC5, 0xF90A, 0xC84F, 
  0x8110, 0xF84B, 0xF82B, 0x90CF, 0xA8CE, 0xF82A, 0xB86C, 0x68CF, 0xF00C, 0xF80B, 0x80EE, 0xB06C, 
  0xF80A, 0xB02C, 0x610F, 0xE82C, 0xF80B, 0x786F, 0x686F, 0xF80C, 0xB00C, 0x884D, 0xF80E, 0x5093, 
  0x5092, 0xE80D, 0x6853, 0x40B4, 0xD04D, 0x884E, 0x38B4, 0x0005, 0x6B4A, 0xA4B5, 0x0007, 0x0004, 
  0x1065, 0x320E, 0x320E, 0x216A, 0x0000, 0x0000, 0x61E6, 0xDB87, 0xFC47, 0xF3A8, 0x32A4, 0x95CB, 
  0xC287, 0x7344, 0x8C05, 0xCC49, 0xA248, 0x6A68, 0x6A48, 0x6145, 0xAA88, 0x99C6, 0x9965, 0xCAC6, 
  0xB366, 0x5983, 0x0000, 0x3267, 0x1BC6, 0x0142, 0x01E2, 0x12A3, 0x0365, 0x0325, 0x0487, 0x0123, 
  0x04A7, 0x27E6, 0x16E3, 0x07E2, 0x1669, 0x40C5, 0x60E2, 0xFCA8, 0x9224, 0x38A4, 0x9A68, 0x5904, 
  0xF2C8, 0xA207, 0x4925, 0x5906, 0x89C8, 0xE307, 0x99C6, 0x0000, 0x1949, 0x320E, 0x0868, 0x0002, 
  0x49E9, 0x8BB3, 0x296B, 0x108A, 0x1089, 0x1889, 0x1889, 0x18AA, 0x18A9, 0x18AA, 0x18A9, 0x0825, 
  0x1027, 0x0826, 0x0001, 0x0000, 0x0822, 0x18C7, 0x18C9, 0x188A, 0x18AA, 0x18EB, 0x1049, 0x0008, 
  0x0809, 0x0809, 0x0808, 0x1049, 0x0849, 0x0008, 0x0007, 0x0008, 0x0008, 0x0008, 0x0007, 0x0007, 
  0x0008, 0x0808, 0x0809, 0x0008, 0x0008, 0x0009, 0x0008, 0x0008, 0x0008, 0x0008, 0x0008, 0x0008, 
  0x0008, 0x0008, 0x0008, 0x0008, 0x0008, 0x0008, 0x0008, 0x0007, 0x0007, 0x0007, 0x0008, 0x0008, 
  0x0008, 0x0008, 0x0008, 0x0009, 0x0009, 0x0009, 0x0009, 0x0009, 0x0009, 0x0809, 0x0008, 0x0009, 
  0x000A, 0x000A, 0x000A, 0x000A, 0x0009, 0x000A, 0x000B, 0x000A, 0x080A, 0x080A, 0x080A, 0x080B, 
  0x080B, 0x080A, 0x080B, 0x080A, 0x100B, 0x080A, 0x080A, 0x080B, 0x100B, 0x180C, 0x100C, 0x180C, 
  0x100B, 0x180C, 0x100C, 0x180D, 0x180C, 0x100C, 0x100C, 0x100C, 0x100C, 0x000B, 0x0009, 0x0008, 
  0x396C, 0x5A4E, 0xC554, 0xD5F5, 0xFF5A, 0xFF59, 0xF656, 0xE616, 0xE658, 0xE616, 0xE616, 0xE635, 
  0xE616, 0xE616, 0xDDF6, 0xE636, 0xFEF9, 0xF677, 0xBD12, 0xFF1A, 0xC5D6, 0x734D, 0x31A7, 0x0823, 
  0x2969, 0x4ACF, 0x3A8E, 0x318E, 0x782D, 0xC830, 0xB00F, 0xB00F, 0x980F, 0xA00F, 0x980F, 0xA00F, 
  0xA80F, 0xB00F, 0xA00F, 0xA00E, 0xB80C, 0xB80D, 0x980D, 0xB00E, 0xB00E, 0xD00B, 0xC80B, 0xE80C, 
  0xF00A, 0xF808, 0xF807, 0xF808, 0xF807, 0xF804, 0xF8A4, 0xF943, 0xF9E2, 0xF9E2, 0xF9A4, 0xF9C4, 
  0xF9C5, 0xF9A5, 0xF9C5, 0xF9C5, 0xF9C5, 0xF9A4, 0xF9A4, 0xF9A4, 0xF9A4, 0xF9A4, 0xF9A4, 0xF9A4, 
  0xF984, 0xF984, 0xF9A4, 0xF9A4, 0xF984, 0xF9A4, 0xF984, 0xF984, 0xF9A4, 0xF9A4, 0xF9A4, 0xF9A4, 
  0xF9C4, 0xF9A4, 0xF9A4, 0xF9C5, 0xF9C5, 0xF9C5, 0xF9C5, 0xF9C4, 0xFA03, 0xF005, 0xD808, 0xF085, 
  0xFA23, 0xF9E4, 0xF9C4, 0xF884, 0xE007, 0xF045, 0xFA03, 0xFA03, 0xFA04, 0xFA03, 0xF9E2, 0xF884, 
  0xF825, 0xF8A3, 0xF084, 0xF009, 0xF809, 0xF809, 0xF80A, 0xD00C, 0xA00C, 0xE00B, 0xC00C, 0xB00B, 
  0xB80B, 0xC00D, 0xB80C, 0xA80A, 0xB00C, 0xC00E, 0xC00B, 0xC00C, 0xA00D, 0xB00D, 0xB00B, 0xC00C, 
  0xA00E, 0xA00D, 0xB00B, 0xA80D, 0xA00E, 0xA00D, 0x9010, 0x8011, 0x900F, 0x900F, 0x880F, 0x800F, 
  0x7810, 0x800F, 0x8811, 0x0004, 0x6369, 0x9C75, 0x0007, 0x0004, 0x1066, 0x29CD, 0x29CD, 0x216A, 
  0x0000, 0x3081, 0x99E5, 0x48E2, 0xCB86, 0xE409, 0x62E4, 0x7A84, 0xD3C9, 0x7408, 0x3165, 0x6205, 
  0xC388, 0xFCE9, 0xFD0A, 0x6A64, 0x72A6, 0xDBA8, 0xAA66, 0xED87, 0xBD07, 0xBB66, 0xA226, 0x89A7, 
  0x8986, 0x60A3, 0xB1C5, 0x9062, 0x99A4, 0xC2A7, 0x8964, 0x1801, 0x0A67, 0x0428, 0x01C4, 0x0324, 
  0x1B25, 0xEB08, 0x6964, 0x38C2, 0x6144, 0xA248, 0xBAA9, 0x7985, 0x5905, 0x5124, 0xAA47, 0x7944, 
  0x4905, 0xB2C9, 0x4903, 0x0000, 0x216A, 0x31ED, 0x0868, 0x0002, 0x51EA, 0x8BB3, 0x296B, 0x1069, 
  0x1089, 0x18A9, 0x18A9, 0x18AA, 0x18A9, 0x18AA, 0x1889, 0x0826, 0x0805, 0x0000, 0x0843, 0x20C9, 
  0x314E, 0x316E, 0x20AB, 0x188A, 0x18AA, 0x18EB, 0x1049, 0x0009, 0x0009, 0x0009, 0x0009, 0x104A, 
  0x30AE, 0x204C, 0x202C, 0x202C, 0x202C, 0x204B, 0x204C, 0x202C, 0x204C, 0x204C, 0x204C, 0x284D, 
  0x284D, 0x204C, 0x204C, 0x204C, 0x204C, 0x202C, 0x202C, 0x202C, 0x182C, 0x182B, 0x180B, 0x100B, 
  0x306C, 0x50CD, 0x48CD, 0x48CD, 0x58ED, 0x590E, 0x40AE, 0x306D, 0x384C, 0x406D, 0x306E, 0x304E, 
  0x304E, 0x302D, 0x304E, 0x384E, 0x304E, 0x304E, 0x282D, 0x48AE, 0x714F, 0x60EE, 0x506E, 0x486E, 
  0x406D, 0x486E, 0x506F, 0x508F, 0x508F, 0x506F, 0x506F, 0x504F, 0x504F, 0x484E, 0x484E, 0x482F, 
  0x402F, 0x380F, 0x300E, 0x404F, 0x484F, 0x486F, 0x486F, 0x486F, 0x484F, 0x404F, 0x402F, 0x402F, 
  0x4830, 0x4010, 0x300E, 0x200C, 0x284C, 0x30CC, 0x9392, 0xAC93, 0xFED7, 0xFF57, 0xFEB4, 0xFE74, 
  0xE591, 0xDD0E, 0xDCEC, 0xDD2F, 0xE5B3, 0xEE57, 0xE658, 0xE616, 0xE636, 0xE5F6, 0xF657, 0xFEF9, 
  0xFF5A, 0xCD94, 0x942F, 0x4A49, 0x10A4, 0x18C6, 0x294A, 0x52AF, 0x52CF, 0x0067, 0x0004, 0x00C6, 
  0x59AC, 0x988C, 0x78B0, 0xCA51, 0xF22C, 0xFA2D, 0x89EF, 0x99CF, 0xF9EA, 0xF9EC, 0x61F1, 0xAA0D, 
  0xF989, 0xE1CD, 0x6231, 0xC9ED, 0xF9AB, 0xB1CF, 0x8A32, 0xFB6E, 0xFB6A, 0xFB09, 0xF32A, 0xFB0A, 
  0xFAAA, 0xF28B, 0xF26B, 0xF2CB, 0xF40B, 0xFC29, 0xFBEA, 0xF3EA, 0xF3EA, 0xF3EB, 0xF3EB, 0xF40C, 
  0xF40B, 0xF42C, 0xF42C, 0xFC2C, 0xFC4C, 0xFC4C, 0xF44C, 0xF44C, 0xF42C, 0xF40C, 0xF42C, 0xF42C, 
  0xFC4C, 0xF42C, 0xF44D, 0xF44C, 0xF42C, 0xF44C, 0xF44C, 0xF42C, 0xF42C, 0xF42C, 0xF42C, 0xF40C, 
  0xF42C, 0xF42C, 0xFC2C, 0xF40B, 0xF42B, 0xEB2D, 0xEAEE, 0xF3CC, 0xF44B, 0xF40B, 0xF3EB, 0xF40A, 
  0xFC4A, 0xFC2A, 0xFC0B, 0xF42B, 0xFC2B, 0xF42A, 0xF40A, 0xF26D, 0xF1ED, 0xE9CD, 0xE9AD, 0xF1CD, 
  0xF1EC, 0xF22D, 0xEA4E, 0xF26D, 0xFB0E, 0xCACF, 0x926F, 0xFA8E, 0xF28E, 0x9A50, 0xEA6F, 0xFA2D, 
  0x9A30, 0xAA51, 0xFA4D, 0xDA4E, 0x6A71, 0xD250, 0xFA0D, 0xB1EE, 0x7251, 0xF20D, 0xF9AC, 0x89CF, 
  0xBA0F, 0xDA50, 0x71B0, 0xF9CF, 0xF1AF, 0x8191, 0xE10D, 0xF92D, 0x8991, 0xB98F, 0xF9AE, 0x3042, 
  0x52E9, 0x9C35, 0x0007, 0x0004, 0x0866, 0x29AD, 0x29CC, 0x214A, 0x0000, 0x3881, 0xFB6B, 0xB206, 
  0x28C2, 0x5903, 0xFC69, 0xFCAA, 0x79C4, 0x2943, 0xA307, 0x6A45, 0x30A2, 0xDB87, 0xFCCA, 0x83C8, 
  0x8C26, 0xCB87, 0xA347, 0x3B04, 0x84C8, 0xA346, 0xEC4A, 0xFC49, 0xFC69, 0x6122, 0xA388, 0x9AC7, 
  0x5AA4, 0x73E7, 0xEBE8, 0xC247, 0x81E6, 0x8185, 0x6905, 0x99E8, 0xC1E6, 0xEAA6, 0xAAA7, 0x0063, 
  0x3083, 0x7986, 0x89C6, 0x91E6, 0x0001, 0x28E3, 0x89E4, 0xBA26, 0x2862, 0x0000, 0x6964, 0x5103, 
  0x0929, 0x31ED, 0x0847, 0x0003, 0x520A, 0x8BB3, 0x296B, 0x1069, 0x1089, 0x18A9, 0x1889, 0x18AA, 
  0x18A9, 0x18AA, 0x1889, 0x0805, 0x0826, 0x316B, 0x394F, 0x28ED, 0x1067, 0x0000, 0x0823, 0x18AB, 
  0x18AB, 0x10CA, 0x208D, 0x284E, 0x284D, 0x202C, 0x204D, 0x288E, 0x6956, 0x58F5, 0x58F4, 0x58F4, 
  0x58F4, 0x58D4, 0x58D4, 0x58D4, 0x58D4, 0x58F4, 0x5914, 0x5914, 0x58F4, 0x58F4, 0x58F4, 0x58D3, 
  0x58F4, 0x58D4, 0x50D4, 0x48B3, 0x4872, 0x4872, 0x5092, 0x58B3, 0xA1B6, 0xE256, 0xEA97, 0xEAF8, 
  0xD256, 0xC257, 0x9175, 0x8115, 0xA155, 0x98F5, 0x8115, 0x78D5, 0x80D5, 0x78F4, 0x70B4, 0x78D5, 
  0x80F5, 0x78F5, 0x78F5, 0xB9D6, 0xF2B7, 0xE237, 0xC996, 0xD196, 0xC9B7, 0xD1B7, 0xD196, 0xD1B7, 
  0xD1D7, 0xC9D7, 0xC996, 0xC176, 0xB935, 0xA8F5, 0xA8D5, 0x9892, 0x90D3, 0xA115, 0xA995, 0x9916, 
  0x9915, 0x9934, 0x9934, 0x98F4, 0x98B4, 0x9894, 0x9054, 0x8834, 0x6812, 0x6010, 0x89B3, 0x7A13, 
  0xDDD6, 0xFEF8, 0xFEF7, 0xFF36, 0xEDB0, 0xE54E, 0xDD0D, 0xDCED, 0xDCCC, 0xDCED, 0xDD0D, 0xE4EC, 
  0xDCAB, 0xE54F, 0xE5F4, 0xF657, 0xFEB8, 0xFF3B, 0xEE56, 0xA490, 0x62AB, 0x10C5, 0x0064, 0x294A, 
  0x526F, 0x526E, 0x316A, 0x0804, 0x0000, 0x3124, 0x4964, 0x0000, 0x0107, 0x1AAD, 0x5A0D, 0xE3ED, 
  0xFDA9, 0xFD0B, 0xFCAC, 0xFCC9, 0xFCE9, 0xFD0A, 0xFD6C, 0xFD8C, 0xFD0C, 0xFD4E, 0xFDF0, 0xFE30, 
  0xFE0F, 0xFE50, 0xFE91, 0xFE6F, 0xFE8F, 0xFEF2, 0xFF12, 0xFED1, 0xFF95, 0xFFF7, 0xFFB6, 0xFFB6, 
  0xFF76, 0xFF55, 0xFF54, 0xFEF3, 0xFEF3, 0xFF34, 0xFF55, 0xFF54, 0xFF34, 0xFFB6, 0xFFF8, 0xFFF8, 
  0xFFF7, 0xFFF8, 0xFFF8, 0xFFF8, 0xFFF7, 0xFFF7, 0xFFF7, 0xFFF7, 0xFFF7, 0xFFF8, 0xFFF8, 0xFFF7, 
  0xFFF9, 0xFFFA, 0xFFFA, 0xFFF9, 0xFFFA, 0xFFF8, 0xFFD6, 0xFFF6, 0xFFF7, 0xFFD7, 0xFFD6, 0xFFD7, 
  0xFFB6, 0xFFF6, 0xFFF6, 0xFFF7, 0xFFD7, 0xFFB6, 0xFFF6, 0xFFD5, 0xFFD5, 0xFFD5, 0xFFB5, 0xFFB5, 
  0xFFB5, 0xFFB5, 0xFFD6, 0xFFF6, 0xFFF6, 0xFFD7, 0xFF96, 0xFF74, 0xFF74, 0xFF54, 0xFF75, 0xFF95, 
  0xFFB7, 0xFF76, 0xFF55, 0xFF34, 0xFED5, 0xFE95, 0xFE94, 0xFE74, 0xFE55, 0xFE33, 0xFE53, 0xFE74, 
  0xFE75, 0xFE94, 0xFE95, 0xFE75, 0xFE55, 0xFE54, 0xFE54, 0xFDF4, 0xFD93, 0xFD72, 0xFD91, 0xFD72, 
  0xFCD1, 0xFBEF, 0xFBCD, 0xFBEE, 0xFC50, 0xFC90, 0xFD72, 0x6945, 0x4A89, 0x9C35, 0x0006, 0x0004, 
  0x0886, 0x29CD, 0x29AD, 0x214A, 0x0000, 0x1020, 0x68E3, 0x7944, 0x3924, 0x30C2, 0xD2C6, 0xB244, 
  0x9A65, 0x92A5, 0xCB46, 0xFDCB, 0xEBE8, 0x58E1, 0x5123, 0xD489, 0xFD8A, 0xCB06, 0xC306, 0x6184, 
  0x6286, 0x7225, 0x6943, 0xFC48, 0xF3E7, 0x7245, 0x5A84, 0xBAA7, 0x7BA6, 0x64A7, 0x8446, 0x9368, 
  0xF429, 0xFCEA, 0x6A04, 0x62E7, 0xD2C7, 0x4081, 0x7226, 0x8A88, 0x5124, 0x5123, 0x5103, 0x30A3, 
  0x6964, 0xAA66, 0x5924, 0x58C3, 0x7944, 0x0800, 0x30C1, 0x3081, 0x194A, 0x31CD, 0x0848, 0x0003, 
  0x522A, 0x8BB3, 0x294B, 0x1069, 0x1889, 0x18A9, 0x1889, 0x18AA, 0x18A9, 0x18AA, 0x1089, 0x0004, 
  0x1048, 0x20EB, 0x0845, 0x0000, 0x0000, 0x0021, 0x1087, 0x18AB, 0x188A, 0x08A8, 0x30EF, 0x6156, 
  0x50F4, 0x50F3, 0x50F3, 0x6135, 0x5934, 0x50D4, 0x50D3, 0x50D3, 0x50D3, 0x50D2, 0x50D3, 0x50D3, 
  0x50D3, 0x50D3, 0x50D3, 0x50F3, 0x48D2, 0x50D2, 0x4071, 0x3050, 0x282F, 0x302F, 0x3050, 0x58B2, 
  0x9197, 0x99B8, 0xB219, 0xBA39, 0x8935, 0x5091, 0x58B1, 0x5891, 0x4071, 0x3850, 0x382F, 0x382F, 
  0x4050, 0x300E, 0x280C, 0x200B, 0x406F, 0xAA58, 0xB238, 0x68F3, 0x5071, 0x58B2, 0x60D2, 0x68B3, 
  0x7072, 0x6872, 0x7093, 0x78D3, 0x80B3, 0x8092, 0x7893, 0x78B3, 0x78B3, 0x80B3, 0x7893, 0x6011, 
  0x5810, 0x600F, 0x584E, 0xCAF4, 0xFC17, 0xF397, 0xCA96, 0x8094, 0x88B4, 0x90F4, 0x90B3, 0x9894, 
  0x7011, 0x600F, 0x6811, 0x6890, 0xB3B4, 0xB453, 0xE5D3, 0xF654, 0xF610, 0xF5F0, 0xE54E, 0xDCED, 
  0xDCEC, 0xDCED, 0xDD0E, 0xE50E, 0xE50E, 0xDD0E, 0xDD0E, 0xE50E, 0xE4EC, 0xF52C, 0xFE50, 0xF612, 
  0xC4D0, 0x6B0B, 0x2966, 0x1107, 0x192A, 0x5B12, 0x6333, 0x41AC, 0x1045, 0x0003, 0x0024, 0x1987, 
  0x0002, 0x59A5, 0xE54D, 0xFFB2, 0x7349, 0x0068, 0x19AA, 0x0004, 0x8228, 0xEBA8, 0xFBC9, 0xFC4A, 
  0xF409, 0xF429, 0xFCCA, 0xFCEB, 0xFD4D, 0xFE10, 0xFDB0, 0xFD91, 0xFD4F, 0xFD6C, 0xFD4B, 0xFD0C, 
  0xFD2E, 0xFD6D, 0xFD8C, 0xFD2B, 0xFE8F, 0xFF72, 0xFF11, 0xFF11, 0xFEF1, 0xFE91, 0xFE71, 0xFE51, 
  0xFE52, 0xFE72, 0xFE92, 0xFE72, 0xFE71, 0xFED3, 0xFF35, 0xFF34, 0xFF14, 0xFF14, 0xFF14, 0xFF14, 
  0xFF14, 0xFF14, 0xFEF3, 0xFEF3, 0xFF13, 0xFF13, 0xFEF3, 0xFF75, 0xFED2, 0xF5CF, 0xFDEF, 0xFDCF, 
  0xFD6D, 0xFDEF, 0xFF75, 0xFF34, 0xFF14, 0xFF14, 0xFEF4, 0xFF14, 0xFF34, 0xFF14, 0xFF14, 0xFF14, 
  0xFF14, 0xFF14, 0xFF54, 0xFF34, 0xFED2, 0xFEF2, 0xFF13, 0xFF12, 0xFF12, 0xFF33, 0xFF53, 0xFF52, 
  0xFF52, 0xFF73, 0xFF93, 0xFF74, 0xFE93, 0xFDB4, 0xFD93, 0xFDB3, 0xFE14, 0xFE53, 0xFE33, 0xFDD3, 
  0xFE75, 0xFE13, 0xFD73, 0xFDB4, 0xFDB3, 0xFD74, 0xFD54, 0xFD94, 0xFD73, 0xFD55, 0xFD96, 0xFDB5, 
  0xFD95, 0xFD95, 0xFDD4, 0xFD34, 0xFC34, 0xFD55, 0xFE36, 0xFD35, 0xFD14, 0xFEB4, 0xFE54, 0xFC12, 
  0xFC33, 0xFC72, 0xFD35, 0x6146, 0x5289, 0x9436, 0x0006, 0x0003, 0x0886, 0x29AD, 0x29AD, 0x10E9, 
  0x0000, 0x0000, 0x0000, 0x0000, 0x0000, 0x0000, 0x0800, 0x0800, 0x38E2, 0x8264, 0x5922, 0x6102, 
  0xA285, 0x41A4, 0x20A2, 0xD368, 0xEB88, 0x69A4, 0x6A05, 0xA2C6, 0xECEC, 0xFDCE, 0xA287, 0x6963, 
  0x81A3, 0xD468, 0xFE8C, 0xD368, 0x68C3, 0xD2A5, 0x72A4, 0x19C3, 0xAB26, 0xFD0A, 0x72E6, 0x4324, 
  0xA2A5, 0x3062, 0x7246, 0xFD49, 0xBB47, 0x9287, 0x89C4, 0x0001, 0x79A6, 0xCA47, 0xB228, 0x0001, 
  0x3862, 0x8965, 0x68E3, 0x1000, 0x196A, 0x29AC, 0x1068, 0x0003, 0x5A4B, 0x8392, 0x212A, 0x1069, 
  0x18A9, 0x18A9, 0x18A9, 0x18A9, 0x18AA, 0x18AA, 0x1889, 0x0825, 0x0826, 0x0000, 0x0000, 0x18A4, 
  0x312B, 0x314E, 0x20ED, 0x188A, 0x186A, 0x0888, 0x30CF, 0x5915, 0x48D3, 0x48D2, 0x48D2, 0x5913, 
  0x208B, 0x182B, 0x182B, 0x182B, 0x182B, 0x182B, 0x180B, 0x182C, 0x202C, 0x180C, 0x100B, 0x180B, 
  0x100B, 0x080A, 0x384D, 0x58D2, 0x5071, 0x6913, 0x7975, 0x99B7, 0x8976, 0x4071, 0x48B1, 0x406F, 
  0x282E, 0x080D, 0x080C, 0x100D, 0x180E, 0x100D, 0x080B, 0x000B, 0x000C, 0x286E, 0x89B4, 0x91B4, 
  0x7174, 0x79B6, 0x6133, 0x184D, 0x100C, 0x200D, 0x202E, 0x200E, 0x180E, 0x200E, 0x280F, 0x280F, 
  0x280E, 0x280F, 0x380F, 0x280F, 0x200E, 0x200F, 0x200E, 0x5090, 0x8992, 0xC295, 0xCB96, 0xDC16, 
  0x92B3, 0x58F0, 0x5051, 0x4011, 0x4831, 0x3810, 0x300D, 0x3009, 0x718E, 0x6A4D, 0xC4F1, 0xD5B1, 
  0xF671, 0xF650, 0xDD0C, 0xDCEB, 0xDCED, 0xDCED, 0xDD2E, 0xDD2E, 0xDD0E, 0xDD0E, 0xDD0E, 0xDD0E, 
  0xDD0E, 0xE52E, 0xFDD0, 0xFDD0, 0xFE32, 0xC48C, 0x9349, 0x3165, 0x0864, 0x0066, 0x3A0D, 0x5290, 
  0x4A0F, 0x1069, 0x0027, 0x0025, 0x0842, 0x0000, 0x226D, 0x5D0F, 0xB613, 0x1883, 0x5A47, 0xE713, 
  0x5A87, 0x0005, 0x18E7, 0x41EC, 0xB597, 0xD593, 0xB1C8, 0xE007, 0xF8EA, 0xE94A, 0xF10B, 0xF14B, 
  0xFEB5, 0xF5F5, 0xE9AE, 0xE98E, 0xF14C, 0xF949, 0xF969, 0xF14B, 0xF94B, 0xF969, 0xF9A8, 0xF9A7, 
  0xFA06, 0xFAA5, 0xFAE5, 0xFAC4, 0xFB04, 0xFB85, 0xF262, 0xFD4C, 0xFE72, 0xF2A7, 0xFB29, 0xFB48, 
  0xFB28, 0xF328, 0xF328, 0xF308, 0xFB08, 0xF327, 0xF327, 0xF348, 0xF327, 0xF328, 0xF327, 0xF307, 
  0xF328, 0xFB27, 0xF2C5, 0xFEB3, 0xF4CC, 0xF141, 0xFA03, 0xF1E3, 0xF9C3, 0xFA24, 0xFB69, 0xF349, 
  0xF328, 0xF348, 0xF349, 0xFB69, 0xFB89, 0xF389, 0xFB69, 0xFB48, 0xFB48, 0xFB49, 0xF307, 0xFED4, 
  0xFD6F, 0xF265, 0xF388, 0xF368, 0xF367, 0xFB66, 0xFB66, 0xFB45, 0xFB25, 0xF325, 0xFBA5, 0xFAE7, 
  0xF14C, 0xE94E, 0xF92F, 0xF90E, 0xF14B, 0xF98B, 0xF94C, 0xF0AB, 0xF270, 0xFF79, 0xE210, 0xC88E, 
  0xF96D, 0xE12F, 0xB170, 0xF96D, 0xF96C, 0xA192, 0xD150, 0xF96E, 0xE92F, 0xD94F, 0xF16F, 0xE0EF, 
  0xD08F, 0xD150, 0xE1D1, 0xC951, 0xC151, 0xF3F5, 0xFEDA, 0xC314, 0x908F, 0xA0F0, 0xB952, 0x2825, 
  0x632A, 0x93F5, 0x0006, 0x0004, 0x1086, 0x29AD, 0x212A, 0x41ED, 0x49EC, 0x396A, 0x2929, 0x18E7, 
  0x2105, 0x18E5, 0x0843, 0x0021, 0x0000, 0x0000, 0x0000, 0x0000, 0x0000, 0x0000, 0x0000, 0x1000, 
  0x2061, 0x0820, 0x49A3, 0x82A5, 0x9307, 0xA327, 0x9307, 0x08C3, 0x48E2, 0xEBE8, 0xE3A6, 0x9246, 
  0x51A5, 0x9A65, 0xF449, 0xFCEA, 0x81E4, 0x48C1, 0xA3C9, 0xFDAA, 0xEC49, 0xCB48, 0x40A2, 0x92C5, 
  0x69E4, 0x48E4, 0x8985, 0x0821, 0x40C4, 0x60E3, 0x40A3, 0x2063, 0x2882, 0x99A5, 0xA1A5, 0x2021, 
  0x116A, 0x29CC, 0x1068, 0x0003, 0x626B, 0x8393, 0x192A, 0x1069, 0x18A9, 0x18A9, 0x18A9, 0x18A9, 
  0x18AA, 0x18AA, 0x1089, 0x0025, 0x0004, 0x10A4, 0x396D, 0x3970, 0x292D, 0x1047, 0x0826, 0x188A, 
  0x188A, 0x10A9, 0x104A, 0x100B, 0x182C, 0x204D, 0x202D, 0x288D, 0x1049, 0x0008, 0x0008, 0x0008, 
  0x0008, 0x0008, 0x0008, 0x0008, 0x0007, 0x100B, 0x50B1, 0x50B1, 0x50B1, 0x50D1, 0x7134, 0x9998, 
  0xB1F9, 0x60D3, 0x3090, 0x4890, 0x282E, 0x000C, 0x000C, 0x080C, 0x080C, 0x100C, 0x180C, 0x000B, 
  0x000A, 0x180C, 0x60F3, 0x68F4, 0x91B7, 0x7975, 0x7975, 0x8976, 0x4892, 0x1830, 0x100E, 0x100C, 
  0x180C, 0x100B, 0x100C, 0x180D, 0x180D, 0x180D, 0x180D, 0x180E, 0x180E, 0x200F, 0x180E, 0x484F, 
  0x7992, 0x8212, 0xB2F5, 0xFC9B, 0xCB98, 0x9294, 0x8A34, 0x282F, 0x100E, 0x000E, 0x080D, 0x000B, 
  0x0008, 0x186A, 0x522E, 0x9C4E, 0xE5B0, 0xF6D2, 0xF5EE, 0xED8D, 0xDCEC, 0xDCCC, 0xDD0D, 0xDD2E, 
  0xDD0E, 0xDD2E, 0xDD2E, 0xDD2E, 0xDD0E, 0xDD0E, 0xDD0E, 0xED4E, 0xFDD0, 0xFE11, 0xC48D, 0x7AE8, 
  0x39E7, 0x10A5, 0x0066, 0x214A, 0x3A0D, 0x3A0D, 0x2109, 0x18A7, 0x1044, 0x38A2, 0x1802, 0x126B, 
  0x74EC, 0x9C4B, 0x2123, 0x42C7, 0xD6B3, 0x2104, 0x0000, 0x0844, 0x18E9, 0x424C, 0x424C, 0x9C15, 
  0xFF5B, 0xFF7A, 0xC514, 0x990A, 0xE008, 0xF80C, 0xF00B, 0xFA91, 0xED77, 0xD1D1, 0xF00B, 0xF80B, 
  0xD00C, 0xB00E, 0xE06A, 0xF988, 0xF988, 0xF949, 0xF0AA, 0xE829, 0xF067, 0xF007, 0xD009, 0xC80A, 
  0xE008, 0xF9C3, 0xFA23, 0xF56E, 0xFC6C, 0xF9A5, 0xFA46, 0xFA66, 0xFA46, 0xFA26, 0xFA25, 0xFA26, 
  0xFA26, 0xFA26, 0xFA26, 0xFA26, 0xFA25, 0xFA45, 0xFA25, 0xFA25, 0xFA25, 0xFA25, 0xF9E3, 0xFE74, 
  0xF4EE, 0xF961, 0xFA45, 0xFA66, 0xFA87, 0xFA67, 0xFA05, 0xFA25, 0xFA25, 0xFA06, 0xFA25, 0xFA25, 
  0xFA46, 0xFA46, 0xFA46, 0xFA26, 0xFA46, 0xFA26, 0xF9C4, 0xF4B0, 0xF695, 0xFB07, 0xF9E3, 0xFA45, 
  0xFA45, 0xF8A7, 0xF807, 0xF808, 0xF007, 0xF007, 0xF007, 0xF827, 0xF809, 0xF00B, 0xA090, 0xC82D, 
  0xF809, 0xF00A, 0xC84C, 0xF00B, 0xD80C, 0xC4D4, 0xFD78, 0xD02E, 0x980C, 0xA80C, 0xD80D, 0xB80D, 
  0xB84B, 0xD00C, 0xB80D, 0x904F, 0xE00E, 0xE80C, 0x7810, 0xA80F, 0xF00B, 0x980E, 0x5031, 0xC00F, 
  0xB80E, 0x500F, 0x89B5, 0xCB17, 0xC8F1, 0x800F, 0x5012, 0x0805, 0x6B29, 0x8BD5, 0x0006, 0x0004, 
  0x0886, 0x39CE, 0x6AF1, 0x93D4, 0x8BB4, 0x8395, 0x7B53, 0x7B72, 0x8BB2, 0x8B92, 0x8351, 0x7310, 
  0x6AAE, 0x5A4C, 0x4A0B, 0x3989, 0x2947, 0x18C5, 0x0843, 0x0000, 0x0000, 0x0000, 0x0000, 0x0000, 
  0x0000, 0x0000, 0x0000, 0x0840, 0x1020, 0x38C2, 0x4903, 0x2061, 0x6205, 0xAB27, 0xB306, 0xD367, 
  0x92C6, 0x08A2, 0xB347, 0xFCEA, 0xD3C8, 0xBA85, 0xB285, 0x4081, 0x3062, 0x89A5, 0x99E6, 0x7144, 
  0x30C3, 0x30C3, 0x40A2, 0x7945, 0xA9C6, 0x6965, 0x2881, 0x0821, 0x216B, 0x29AC, 0x0868, 0x0003, 
  0x626B, 0x8393, 0x190A, 0x1069, 0x18A9, 0x18A9, 0x18A9, 0x18A9, 0x1889, 0x18AA, 0x1088, 0x0004, 
  0x1067, 0x39AF, 0x28EC, 0x0004, 0x0002, 0x0001, 0x0001, 0x1067, 0x18CB, 0x10AA, 0x288D, 0x386F, 
  0x100B, 0x0009, 0x080A, 0x104B, 0x186B, 0x102A, 0x100A, 0x100A, 0x100A, 0x204B, 0x206D, 0x286E, 
  0x286E, 0x48D3, 0x8159, 0x7937, 0x7916, 0x5914, 0x186E, 0x100D, 0x30B0, 0x000B, 0x0009, 0x0009, 
  0x0009, 0x080B, 0x100B, 0x000B, 0x000B, 0x100B, 0x182C, 0x4910, 0x6172, 0x6153, 0x7975, 0x6112, 
  0x6934, 0x2850, 0x000D, 0x080C, 0x080D, 0x100D, 0x080C, 0x080B, 0x080B, 0x080B, 0x080C, 0x080C, 
  0x080C, 0x000B, 0x000B, 0x080B, 0x202E, 0x384F, 0x48D0, 0xC3D6, 0xFDDB, 0xFD58, 0x9AD3, 0x79F2, 
  0x200B, 0x000A, 0x080C, 0x100D, 0x000B, 0x100C, 0x1049, 0x624D, 0x9BEF, 0xDD70, 0xFE52, 0xFEB2, 
  0xE56E, 0xDD0C, 0xE50D, 0xE50E, 0xDD0E, 0xDD2E, 0xDD0E, 0xDD0E, 0xDD2E, 0xDD2E, 0xDD2E, 0xDD2E, 
  0xDD0E, 0xFDD0, 0xFDD0, 0xED8F, 0xA3AA, 0x51E6, 0x0003, 0x0044, 0x1129, 0x424F, 0x424E, 0x2968, 
  0x0000, 0x0002, 0x0001, 0x0006, 0x8B2B, 0xFE45, 0xF427, 0x0023, 0x63C8, 0xFFF6, 0x5A04, 0x0000, 
  0x0001, 0x10C5, 0x39EA, 0x3A2D, 0x5AEF, 0x52AE, 0x4AAE, 0x39ED, 0x93F2, 0xFF19, 0xFF39, 0xE6D9, 
  0xB30E, 0xC808, 0xF1EB, 0xF572, 0xC16B, 0xD808, 0xF869, 0xF84A, 0xD80B, 0xA00C, 0xE168, 0xFAA5, 
  0xFAA5, 0xFAA6, 0xFA66, 0xFA45, 0xFA84, 0xF9C5, 0xE8C5, 0xE0C7, 0xF147, 0xF9A3, 0xFC29, 0xF48C, 
  0xF163, 0xFA46, 0xFA26, 0xFA26, 0xFA46, 0xFA45, 0xFA25, 0xFA25, 0xFA25, 0xFA25, 0xFA25, 0xFA25, 
  0xFA25, 0xFA25, 0xFA25, 0xFA25, 0xFA25, 0xFA25, 0xF9E3, 0xFE73, 0xF4AD, 0xF921, 0xFA04, 0xFA24, 
  0xFA24, 0xFA24, 0xFA25, 0xFA25, 0xFA25, 0xFA26, 0xFA25, 0xFA26, 0xFA45, 0xFA45, 0xFA45, 0xFA25, 
  0xFA45, 0xFA45, 0xFA05, 0xF122, 0xF612, 0xFD4C, 0xF962, 0xFA45, 0xFA24, 0xF8A7, 0xF8A7, 0xF8E6, 
  0xF904, 0xF903, 0xF066, 0xF008, 0xF808, 0xF80B, 0x98AF, 0xC08D, 0xF82A, 0xF04A, 0xC0CB, 0xF06A, 
  0xE809, 0xB069, 0xFEB8, 0xFC53, 0x700A, 0xA04A, 0xF80B, 0xA04D, 0xA08C, 0xF80A, 0xD02D, 0x70D0, 
  0xE00D, 0xF80B, 0x800D, 0xB84E, 0xF80C, 0xA00E, 0x584E, 0xD00E, 0xD00D, 0x684C, 0x400D, 0x88D0, 
  0xFA32, 0xE9D3, 0xA852, 0x2003, 0x5B4A, 0x8BD5, 0x0006, 0x0004, 0x0025, 0x31AD, 0x524F, 0x5270, 
  0x5270, 0x62B1, 0x7332, 0x8392, 0x8BB2, 0x8BB2, 0x8BB2, 0x8BB2, 0x9393, 0x93B3, 0x93B3, 0x8BB3, 
  0x8B93, 0x8B72, 0x8352, 0x7310, 0x6A8E, 0x522C, 0x49EA, 0x3988, 0x3127, 0x18C4, 0x1064, 0x0822, 
  0x0000, 0x0000, 0x0000, 0x0000, 0x0000, 0x0000, 0x0000, 0x0000, 0x1881, 0x28E3, 0x4102, 0x7226, 
  0x69C5, 0x5922, 0x9A65, 0xA224, 0x8164, 0x91C6, 0x99E6, 0xA206, 0x0840, 0x1861, 0xA9E6, 0xC226, 
  0x50C2, 0x2062, 0x9A24, 0x3081, 0x114A, 0x21AC, 0x1068, 0x0004, 0x628C, 0x7B72, 0x192A, 0x1069, 
  0x1089, 0x1889, 0x18A9, 0x18A9, 0x1889, 0x18AA, 0x1089, 0x0846, 0x1068, 0x0846, 0x0003, 0x0002, 
  0x0003, 0x0004, 0x0000, 0x0845, 0x20CB, 0x0889, 0x40D1, 0x895A, 0x40B2, 0x182C, 0x286E, 0x308E, 
  0x6174, 0x5914, 0x5913, 0x58D3, 0x7954, 0xD295, 0xD276, 0xA154, 0xA112, 0xA932, 0x586C, 0x504B, 
  0x586B, 0x4028, 0x3807, 0x4028, 0x3828, 0x4849, 0x486A, 0x4869, 0x4828, 0x4828, 0x382A, 0x3868, 
  0x68ED, 0x91B5, 0xAA35, 0xE2D7, 0xE256, 0x70CF, 0x1809, 0x0807, 0x1808, 0x2009, 0x280A, 0x2809, 
  0x2809, 0x2808, 0x2807, 0x2827, 0x3007, 0x3008, 0x3006, 0x3005, 0x3005, 0x5886, 0x68C6, 0x896B, 
  0xFCB6, 0xF495, 0xFCB6, 0xD331, 0x816C, 0x790A, 0x3006, 0x1005, 0x2805, 0x3806, 0x2005, 0x4047, 
  0x61CA, 0xA38D, 0xD5AF, 0xF5CF, 0xFE92, 0xED8E, 0xE54E, 0xDD2E, 0xDD2F, 0xDD2F, 0xE52E, 0xDD2E, 
  0xDD2E, 0xE50E, 0xDD2E, 0xDD2E, 0xDD0F, 0xDD2E, 0xF58F, 0xFDF0, 0xFE11, 0xBC4C, 0x7288, 0x2105, 
  0x0885, 0x0087, 0x31CD, 0x52AF, 0x522C, 0x316A, 0x0002, 0x0021, 0x2187, 0x6A49, 0xFD4B, 0x69C6, 
  0x394A, 0x9AC5, 0x61A6, 0x0803, 0x20C4, 0x49A6, 0x10A3, 0x2968, 0x3A2B, 0x5ACE, 0x5B10, 0x430F, 
  0x2AED, 0x3450, 0x33F0, 0x4A4E, 0x3A0D, 0x8BD1, 0xFE98, 0xFF59, 0xE718, 0xB46F, 0xCB0A, 0xE1E2, 
  0xE0E0, 0xE140, 0xD941, 0xE142, 0xE921, 0xF921, 0xF162, 0xE962, 0xF162, 0xF182, 0xF9A1, 0xF1C1, 
  0xF9E2, 0xFA01, 0xFA00, 0xFA20, 0xFA60, 0xFA60, 0xFD48, 0xF344, 0xF180, 0xFA21, 0xFA22, 0xFA43, 
  0xFA63, 0xFA63, 0xFA63, 0xFAA3, 0xFAA2, 0xFA83, 0xFA82, 0xF282, 0xFA62, 0xF282, 0xFA83, 0xFA83, 
  0xFA83, 0xFAA4, 0xF282, 0xFE52, 0xF46A, 0xF1C1, 0xFAA3, 0xFA82, 0xFAA2, 0xFA82, 0xFA82, 0xFA62, 
  0xFA83, 0xFA83, 0xF282, 0xF2A3, 0xFAA4, 0xFA83, 0xFA83, 0xFA83, 0xFA84, 0xFA84, 0xFAA4, 0xFA63, 
  0xFCC9, 0xF488, 0xF0A0, 0xF9A1, 0xF9C1, 0xF9E0, 0xF9E1, 0xF9C1, 0xF9E1, 0xFA20, 0xF9C2, 0xF125, 
  0xF105, 0xF8E6, 0xF925, 0xF985, 0xF184, 0xF963, 0xF942, 0xF963, 0xF963, 0xF902, 0xF183, 0xFB04, 
  0xF9A1, 0xF8C1, 0xF102, 0xF964, 0xF904, 0xE025, 0xF0A4, 0xF8E3, 0xE8E4, 0xE8A4, 0xF8C2, 0xF864, 
  0xF025, 0xF882, 0xF8A0, 0xE083, 0xD8E4, 0xE082, 0xD861, 0xC8A1, 0xC8C1, 0xD902, 0xFAC6, 0x6020, 
  0x4B0B, 0x8BF5, 0x0005, 0x1048, 0x1887, 0x0846, 0x0005, 0x0005, 0x0025, 0x0846, 0x10A8, 0x18E8, 
  0x294A, 0x39AB, 0x420D, 0x524F, 0x5AAF, 0x6AF1, 0x7B32, 0x8372, 0x8B93, 0x93D4, 0x9BF4, 0x9BB3, 
  0x9BB4, 0x9BD4, 0x93B4, 0x93B4, 0x8BB4, 0x8B73, 0x8352, 0x7B11, 0x62AF, 0x5A6E, 0x522C, 0x41CA, 
  0x3968, 0x2106, 0x1084, 0x0022, 0x0000, 0x0000, 0x0000, 0x0000, 0x0000, 0x0000, 0x0000, 0x0800, 
  0x2041, 0x2040, 0x2861, 0x40C2, 0x1020, 0x0000, 0x40C2, 0x91E5, 0x0801, 0x28A1, 0xCB06, 0x2881, 
  0x0929, 0x29AC, 0x1067, 0x0004, 0x62AD, 0x7352, 0x190A, 0x1069, 0x1089, 0x1889, 0x1889, 0x1089, 
  0x1889, 0x188A, 0x18A9, 0x0825, 0x0004, 0x0003, 0x0005, 0x0005, 0x0004, 0x0002, 0x0864, 0x0865, 
  0x18AA, 0x1089, 0x482B, 0x706C, 0xB9F4, 0xB1F6, 0x7935, 0x7977, 0x8178, 0x8158, 0x8158, 0x7157, 
  0x6113, 0x8110, 0x80EF, 0x708C, 0x806B, 0x90AB, 0x78AA, 0x88EB, 0x98EC, 0x98EC, 0x90EC, 0xA12D, 
  0xA94D, 0xA0EB, 0xA0CB, 0x90AB, 0xB10E, 0xC993, 0xA174, 0xC233, 0xC232, 0x6933, 0x7111, 0x70CE, 
  0x684C, 0x602A, 0x506A, 0x508B, 0x486A, 0x4828, 0x4829, 0x4829, 0x4828, 0x5028, 0x504A, 0x504A, 
  0x4807, 0x5007, 0x7029, 0x90EC, 0x990E, 0xF393, 0xFCD5, 0xFC74, 0xFBD0, 0xC1CD, 0xA10C, 0x680A, 
  0x4809, 0x4809, 0x4008, 0x4006, 0x6088, 0x8A0B, 0xBC8E, 0xD4AE, 0xFE51, 0xF5EF, 0xF5CF, 0xE54E, 
  0xDD0E, 0xDD4F, 0xDD2F, 0xE52F, 0xE54F, 0xE52E, 0xDD2E, 0xDD2E, 0xDD2E, 0xDD2E, 0xDD2E, 0xE54E, 
  0xFE10, 0xFE51, 0xD50E, 0x938B, 0x49C7, 0x0045, 0x0026, 0x194B, 0x31AC, 0x4A4E, 0x4A2D, 0x422D, 
  0x0865, 0x0000, 0x3A2B, 0x4AEE, 0x42D2, 0x418B, 0xF427, 0xBA44, 0x0004, 0x0007, 0x0006, 0x18A8, 
  0x18C8, 0x1109, 0x426F, 0x6334, 0x6AD0, 0x422E, 0x31AB, 0x2BAD, 0x2CCE, 0x1C0C, 0x0185, 0x18C6, 
  0x4AAE, 0x294C, 0x7B71, 0xF677, 0xFED7, 0xF6B7, 0xDDB5, 0xC2E9, 0xE265, 0xFB66, 0xEBC5, 0xEBE5, 
  0xF446, 0xFC86, 0xFC67, 0xF448, 0xF449, 0xFC48, 0xFC29, 0xF46A, 0xF4AB, 0xFCCB, 0xF4A9, 0xF46A, 
  0xF469, 0xFCE8, 0xFD26, 0xFD27, 0xFCEA, 0xFD0A, 0xF52B, 0xF54B, 0xF54B, 0xF56B, 0xFD6C, 0xFD8C, 
  0xF58B, 0xF58C, 0xFD8C, 0xF58C, 0xF58B, 0xF58C, 0xFDAD, 0xFDAD, 0xF5CD, 0xF5CD, 0xFDAC, 0xFE50, 
  0xFEB1, 0xF5CC, 0xF58C, 0xF5AD, 0xF5CD, 0xF5AD, 0xF5AD, 0xF5AD, 0xFDAD, 0xF5AC, 0xF58C, 0xF5CD, 
  0xFDCD, 0xF5CC, 0xF5CD, 0xF5CD, 0xFDCD, 0xF5CD, 0xFDEE, 0xF5AE, 0xFDAD, 0xFD8C, 0xFC88, 0xFCA7, 
  0xFCE9, 0xF52A, 0xF4E9, 0xF4CA, 0xF4CB, 0xFD0C, 0xFD4C, 0xF5AB, 0xF58A, 0xFD09, 0xFD69, 0xFD8A, 
  0xF54A, 0xFD28, 0xFD48, 0xF569, 0xFD6A, 0xFD0A, 0xF4A8, 0xF4E7, 0xFD87, 0xFCE6, 0xFCA6, 0xFD47, 
  0xFD08, 0xEC4A, 0xFD0A, 0xFD48, 0xED0A, 0xF50C, 0xFCEA, 0xEC4C, 0xD48F, 0xFCEC, 0xFC49, 0xE3E9, 
  0xFCAB, 0xF3AA, 0xE329, 0xF3AA, 0xF3EA, 0xD3AA, 0xFD0E, 0x5102, 0x52CA, 0x8C15, 0x0006, 0x18CB, 
  0x292D, 0x210B, 0x190A, 0x10C9, 0x10A8, 0x1088, 0x0867, 0x0846, 0x0025, 0x0025, 0x0004, 0x0024, 
  0x0045, 0x0866, 0x18C8, 0x2909, 0x314A, 0x41AC, 0x522E, 0x5A90, 0x62B1, 0x6AD1, 0x7311, 0x7B32, 
  0x8353, 0x8B93, 0x8BB3, 0x93B3, 0x93B3, 0x8BB3, 0x8BB4, 0x8BB4, 0x83B3, 0x8393, 0x7B52, 0x7310, 
  0x6ACF, 0x62AE, 0x524C, 0x39A9, 0x2927, 0x20E6, 0x10C4, 0x0042, 0x0001, 0x0000, 0x0000, 0x0000, 
  0x0000, 0x0000, 0x0000, 0x0000, 0x0000, 0x0000, 0x2061, 0x0800, 0x198A, 0x21AC, 0x1067, 0x0004, 
  0x628D, 0x7352, 0x190A, 0x1049, 0x1089, 0x1889, 0x1889, 0x1889, 0x188A, 0x188A, 0x18AA, 0x0002, 
  0x0003, 0x0005, 0x0003, 0x0023, 0x0843, 0x210A, 0x290C, 0x0845, 0x18AB, 0x108A, 0x808B, 0xA0AA, 
  0xA8EB, 0x98CF, 0x60B1, 0x6135, 0x58F2, 0x48B1, 0x5912, 0x388F, 0x0809, 0x0009, 0x000A, 0x080A, 
  0x082A, 0x080A, 0x100A, 0x100A, 0x1009, 0x0809, 0x100A, 0x0009, 0x0007, 0x382C, 0x68D2, 0x6933, 
  0x7976, 0x6955, 0x5113, 0x306F, 0x202C, 0x080B, 0x080B, 0x080C, 0x100C, 0x182C, 0x180C, 0x182D, 
  0x180C, 0x182C, 0x182D, 0x102C, 0x100C, 0x180C, 0x000A, 0x000C, 0x50D0, 0x68D0, 0xB238, 0xFBBF, 
  0xE2FC, 0x89D5, 0x8257, 0x6993, 0x080A, 0x0009, 0x000A, 0x0007, 0x000A, 0x100B, 0x51EF, 0x82AD, 
  0xDD51, 0xEDF1, 0xFE31, 0xF5B0, 0xDD0D, 0xDD2E, 0xDD2F, 0xDD2F, 0xDD2F, 0xDD2E, 0xDD4F, 0xE52F, 
  0xDD4E, 0xDD4F, 0xDD4F, 0xE52F, 0xE52E, 0xFDF1, 0xFDD1, 0xEDB1, 0x9BCB, 0x6A88, 0x20E6, 0x00A6, 
  0x090A, 0x29AD, 0x39CB, 0x526D, 0x7330, 0x62AE, 0x7351, 0x39EC, 0x29CC, 0x2948, 0x2126, 0x194F, 
  0x0034, 0x004F, 0x1002, 0x1864, 0x0884, 0x10C5, 0x29AA, 0x422C, 0x52AE, 0x634F, 0x3AF2, 0x11F7, 
  0x5212, 0x73B5, 0x1086, 0x0040, 0x0122, 0x0000, 0x0825, 0x39EB, 0x6310, 0x526F, 0x214C, 0x526E, 
  0xE616, 0xFEF8, 0xF676, 0xE678, 0xA3CF, 0xA8C7, 0xF849, 0xF8EB, 0xF0EB, 0xF12A, 0xF988, 0xFA27, 
  0xF287, 0xEAC6, 0xF2E6, 0xEAC6, 0xF326, 0xFB66, 0xFB65, 0xFB05, 0xF2C6, 0xFE13, 0xFBEC, 0xF967, 
  0xFAA9, 0xFAE7, 0xFB27, 0xF327, 0xFB07, 0xF306, 0xFB07, 0xFAE7, 0xFAE7, 0xF2E7, 0xF306, 0xFAE6, 
  0xF2C6, 0xF2C6, 0xF2E6, 0xF2E6, 0xF2E6, 0xFAE6, 0xF285, 0xF3A9, 0xFEF6, 0xF388, 0xF285, 0xF2E6, 
  0xF2E6, 0xFB07, 0xFB07, 0xFB06, 0xF2E7, 0xFB07, 0xFAE7, 0xF2E7, 0xFB47, 0xFBA6, 0xF367, 0xFB67, 
  0xFBA7, 0xFC07, 0xFBA7, 0xFB69, 0xF265, 0xFDB0, 0xFE92, 0xF205, 0xFAC7, 0xFB07, 0xFB67, 0xFB86, 
  0xF366, 0xFB67, 0xFB27, 0xFAE8, 0xFA8A, 0xFA69, 0xEA0B, 0xE98D, 0xF94C, 0xE94D, 0xD1AD, 0xF1AB, 
  0xE9AB, 0xD20E, 0xE9CD, 0xE12C, 0xE576, 0xFF77, 0xFA4E, 0xE0CB, 0xD96D, 0xF98C, 0xE16D, 0xD18E, 
  0xF92D, 0xE92D, 0xC970, 0xB170, 0xA970, 0xA154, 0xA113, 0xA0D0, 0xB0F0, 0xA912, 0xA110, 0x8951, 
  0x8974, 0xC8D2, 0xC8B5, 0x2005, 0x4AA9, 0x8BD5, 0x41CE, 0x5250, 0x524F, 0x4A2F, 0x39CE, 0x294C, 
  0x212C, 0x210B, 0x18EB, 0x10CB, 0x10EB, 0x18EB, 0x18EA, 0x18E9, 0x10C8, 0x10A8, 0x0867, 0x0046, 
  0x0026, 0x0005, 0x0005, 0x0005, 0x0025, 0x0846, 0x1087, 0x18E8, 0x294A, 0x31AB, 0x41ED, 0x524F, 
  0x5AB0, 0x6AF1, 0x7332, 0x7B32, 0x7B53, 0x8373, 0x8373, 0x8B93, 0x8BB3, 0x93F4, 0x8BD4, 0x7352, 
  0x7312, 0x7312, 0x5AB0, 0x31EC, 0x3A0D, 0x39EC, 0x39AB, 0x2969, 0x2128, 0x2107, 0x18C6, 0x0864, 
  0x0863, 0x0001, 0x0000, 0x0000, 0x218B, 0x21AC, 0x0867, 0x0005, 0x628D, 0x7332, 0x190A, 0x1069, 
  0x1889, 0x1889, 0x1889, 0x1889, 0x188A, 0x188A, 0x18AA, 0x0002, 0x0002, 0x0864, 0x1085, 0x1068, 
  0x0866, 0x1067, 0x0003, 0x0845, 0x10AA, 0x102A, 0x1009, 0x100A, 0x0809, 0x0809, 0x100A, 0x184B, 
  0x1049, 0x0008, 0x0008, 0x0809, 0x0009, 0x0809, 0x0809, 0x0809, 0x080A, 0x000A, 0x0009, 0x0009, 
  0x0008, 0x0008, 0x0009, 0x3890, 0x5934, 0x8979, 0x6956, 0x4932, 0x38B1, 0x000A, 0x0008, 0x000A, 
  0x080B, 0x080A, 0x080B, 0x080C, 0x100C, 0x100C, 0x100C, 0x080C, 0x100C, 0x100D, 0x100C, 0x080A, 
  0x0009, 0x000A, 0x71D1, 0x9A55, 0xDB7C, 0xE35D, 0xB29A, 0x79B3, 0x58CF, 0x0008, 0x0008, 0x0009, 
  0x0009, 0x0007, 0x0006, 0x296A, 0x93F0, 0xB48F, 0xF611, 0xFE71, 0xED8E, 0xE54E, 0xDD0E, 0xDD2F, 
  0xDD2E, 0xDD2E, 0xDD2F, 0xDD2F, 0xDD2F, 0xDD2F, 0xDD4F, 0xDD4F, 0xDD4F, 0xE54F, 0xED8E, 0xFE10, 
  0xFE32, 0xBC8C, 0x7AE9, 0x2125, 0x00A7, 0x00A9, 0x29ED, 0x3A0C, 0x422C, 0x5AAE, 0x62CE, 0x7350, 
  0x5A8D, 0x62CE, 0x41EC, 0x5AF0, 0x2149, 0x422C, 0x2127, 0x088B, 0x08EE, 0x08A7, 0x0085, 0x2148, 
  0x39CA, 0x4A6C, 0x4AAE, 0x52AF, 0x4A8E, 0x3A2B, 0x218A, 0x0153, 0x29D0, 0x3167, 0x0000, 0x18E5, 
  0x210A, 0x004F, 0x10F3, 0x6B92, 0x4A8D, 0x1084, 0x2128, 0x29CD, 0x4A8F, 0xD5B6, 0xFED7, 0xF676, 
  0xE739, 0xBCF1, 0xB889, 0xE809, 0xF80C, 0xD00D, 0xB84F, 0xE8CA, 0xF9E6, 0xFA85, 0xFA65, 0xFA64, 
  0xFA25, 0xF188, 0xE947, 0xF125, 0xF269, 0xF4F6, 0xE8D0, 0xF00D, 0xF9A9, 0xFA85, 0xFA84, 0xFA85, 
  0xFA66, 0xFA45, 0xFA66, 0xFA66, 0xFA46, 0xFA45, 0xFA25, 0xFA24, 0xFA05, 0xFA05, 0xFA05, 0xFA25, 
  0xFA25, 0xFA24, 0xF9C4, 0xF389, 0xFF17, 0xFAE7, 0xF9E4, 0xFA45, 0xFA45, 0xFA46, 0xFA45, 0xFA45, 
  0xFA45, 0xFA46, 0xFA45, 0xFA65, 0xFA26, 0xFA27, 0xFAE6, 0xFB06, 0xFAA6, 0xE8E9, 0xFA68, 0xFB46, 
  0xF9E4, 0xFCEE, 0xFE13, 0xF925, 0xF985, 0xF9A5, 0xF967, 0xF948, 0xFA06, 0xFAE4, 0xFB24, 0xF048, 
  0xF00A, 0xFA26, 0xC84B, 0xC80C, 0xF80B, 0xC00D, 0x800F, 0xF80B, 0xE00C, 0x588F, 0xE00D, 0xF80B, 
  0x7092, 0xE5B8, 0xFD96, 0xA00D, 0xA80C, 0xF809, 0xA00F, 0x5052, 0xF80B, 0xD80C, 0x3093, 0xB00D, 
  0xF809, 0x5813, 0x7812, 0xC80D, 0x6811, 0x6812, 0xC80E, 0x7812, 0x4894, 0xC011, 0xB813, 0x202A, 
  0x0063, 0x4A4F, 0x62F1, 0x7372, 0x7B93, 0x7B73, 0x7B72, 0x7B52, 0x7312, 0x7310, 0x6AF0, 0x5A8F, 
  0x420D, 0x39AD, 0x316D, 0x210B, 0x10EB, 0x10EB, 0x110C, 0x190C, 0x190C, 0x190C, 0x10EA, 0x10C9, 
  0x08A7, 0x0886, 0x0045, 0x0025, 0x0003, 0x0003, 0x0003, 0x0004, 0x0025, 0x0866, 0x1087, 0x18E8, 
  0x2929, 0x398B, 0x420D, 0x4A6F, 0x5AB0, 0x62D1, 0x62D0, 0x5AB0, 0x5AB0, 0x62D1, 0x422D, 0x424D, 
  0x4A8F, 0x4A8F, 0x4A90, 0x4A8F, 0x4A6F, 0x4A6F, 0x4A6F, 0x424F, 0x424D, 0x422D, 0x31CB, 0x29AA, 
  0x21AC, 0x216B, 0x0867, 0x0004, 0x6A8E, 0x7371, 0x192A, 0x1069, 0x1889, 0x1889, 0x1889, 0x1889, 
  0x108A, 0x18AA, 0x1889, 0x0003, 0x0866, 0x210D, 0x1088, 0x1048, 0x0847, 0x0024, 0x0022, 0x0003, 
  0x0005, 0x0008, 0x000A, 0x0009, 0x0009, 0x0809, 0x0809, 0x104A, 0x1049, 0x0809, 0x0808, 0x0809, 
  0x0809, 0x0809, 0x0009, 0x0809, 0x0809, 0x0808, 0x0809, 0x0808, 0x282C, 0x8134, 0x9176, 0xB1F9, 
  0x50F2, 0x3090, 0x100A, 0x0006, 0x0007, 0x080A, 0x100A, 0x0809, 0x100A, 0x100B, 0x100A, 0x100C, 
  0x100B, 0x100C, 0x100B, 0x080A, 0x080A, 0x100B, 0x1008, 0x2809, 0xAAF2, 0xC334, 0xFC9A, 0xFC7B, 
  0x6151, 0x48F1, 0x282D, 0x0007, 0x0008, 0x0008, 0x0005, 0x0005, 0x0866, 0x628C, 0xBD33, 0xF676, 
  0xFF38, 0xFE71, 0xE52B, 0xDD0C, 0xDD2D, 0xDD0E, 0xDD2E, 0xDD0F, 0xDD2E, 0xDD2F, 0xDD2F, 0xDD2F, 
  0xDD2F, 0xDD2F, 0xDD4F, 0xDD2F, 0xFDF1, 0xFE73, 0xE54F, 0x8B69, 0x49E6, 0x0023, 0x0067, 0x110A, 
  0x31CC, 0x4A6E, 0x5AAE, 0x6B0E, 0x8371, 0x730F, 0x5ACE, 0x422C, 0x4A8E, 0x3A2D, 0x298A, 0x10E6, 
  0x0885, 0x298A, 0x5B10, 0x10A5, 0x10A4, 0x39CA, 0x41EC, 0x524E, 0x62F1, 0x52D0, 0x6331, 0x5A2E, 
  0x6B96, 0x10A9, 0x0002, 0x1044, 0x0001, 0x0023, 0x08AB, 0x298C, 0x5AD5, 0x39FE, 0x004C, 0x0000, 
  0x10C4, 0x39EA, 0x320D, 0x53B6, 0x116C, 0x318B, 0xCD75, 0xFF18, 0xEE56, 0xEEF7, 0xD655, 0xBA8E, 
  0xC008, 0xE80D, 0xB0B1, 0x9071, 0xC0F0, 0xD96A, 0xE987, 0xE988, 0xE149, 0xE08B, 0xE829, 0xE808, 
  0xF573, 0xF42F, 0xE828, 0xF1A8, 0xFAC6, 0xFB04, 0xF16A, 0xE90A, 0xFAA5, 0xFA86, 0xFA66, 0xFA46, 
  0xFAC6, 0xFA66, 0xFA65, 0xFA45, 0xFA45, 0xFA45, 0xFA45, 0xFA45, 0xFA66, 0xFA66, 0xFA24, 0xF3EA, 
  0xFF37, 0xF328, 0xFA25, 0xFA86, 0xFA85, 0xFA86, 0xFA86, 0xFA86, 0xFA86, 0xFA86, 0xFA86, 0xFAE6, 
  0xFA08, 0xF00C, 0xFA08, 0xFB84, 0xFA86, 0xE00B, 0xF9E8, 0xFB66, 0xFA65, 0xFAC5, 0xFEF4, 0xFAEC, 
  0xF863, 0xF105, 0xF807, 0xF80A, 0xF80A, 0xF8E9, 0xFA27, 0xFAC8, 0xFA48, 0xFB27, 0xF1C9, 0xD08C, 
  0xB0AF, 0xD86C, 0xD84C, 0xC04E, 0xC86E, 0xC08E, 0xA86E, 0xB00F, 0xC00A, 0xC8EE, 0xF739, 0xF5B3, 
  0xC80B, 0xA00F, 0xB84F, 0xC82E, 0xA06F, 0xA070, 0xA86E, 0xA04F, 0xA030, 0xA82F, 0xA82D, 0x9031, 
  0x9050, 0x984F, 0x8871, 0x8891, 0xA090, 0x80B2, 0x8893, 0xA873, 0x382A, 0x0041, 0x0062, 0x0063, 
  0x18A5, 0x18C6, 0x2128, 0x318A, 0x41EC, 0x4A4E, 0x6AF0, 0x7B92, 0x8392, 0x83B3, 0x83B3, 0x7B72, 
  0x7B52, 0x6AF1, 0x5A70, 0x4A2F, 0x41EE, 0x39CE, 0x296C, 0x190B, 0x18EB, 0x10EA, 0x10CA, 0x10CA, 
  0x10EA, 0x18EA, 0x18EA, 0x18CA, 0x10A9, 0x1088, 0x0866, 0x0025, 0x0004, 0x0004, 0x0004, 0x0004, 
  0x0025, 0x0046, 0x0867, 0x10A7, 0x190A, 0x212A, 0x214A, 0x29AC, 0x31CD, 0x3A0E, 0x3A2E, 0x3A2E, 
  0x424E, 0x424E, 0x4A2E, 0x424E, 0x4A6E, 0x4A6E, 0x4A8F, 0x52AF, 0x320D, 0x194A, 0x0847, 0x0004, 
  0x5A8D, 0x7372, 0x212B, 0x1069, 0x1889, 0x1089, 0x1889, 0x188A, 0x18AA, 0x18AA, 0x1889, 0x0826, 
  0x0848, 0x0024, 0x0005, 0x1047, 0x0846, 0x0022, 0x2849, 0x7134, 0x7156, 0x286C, 0x0007, 0x0009, 
  0x0809, 0x0809, 0x0809, 0x104A, 0x1069, 0x0809, 0x0809, 0x0809, 0x0007, 0x0008, 0x0809, 0x100A, 
  0x0829, 0x306D, 0x7134, 0x6133, 0x7915, 0x70F4, 0x48CF, 0x388E, 0x0009, 0x0008, 0x0009, 0x080A, 
  0x080A, 0x0809, 0x080A, 0x100A, 0x080A, 0x100B, 0x100A, 0x102B, 0x080A, 0x000A, 0x0009, 0x080A, 
  0x208D, 0x188F, 0x182F, 0x6972, 0xF479, 0xD397, 0x592E, 0x38AC, 0x0009, 0x0008, 0x0008, 0x0008, 
  0x0005, 0x1867, 0x524B, 0xC512, 0xD592, 0xFEB7, 0xFF59, 0xEE15, 0xE5F5, 0xE616, 0xE592, 0xDD0E, 
  0xE50D, 0xDD2E, 0xDD2F, 0xDD0F, 0xDD2E, 0xDD2E, 0xDD2F, 0xDD2F, 0xDD4F, 0xF5F1, 0xF5D0, 0xFDF2, 
  0xB46D, 0x7B0A, 0x2928, 0x0088, 0x00A9, 0x29CE, 0x39ED, 0x5A8E, 0x6B0F, 0x8391, 0x6AF0, 0x6B30, 
  0x62AE, 0x5A8E, 0x4A8E, 0x3A2B, 0x3A0A, 0x0886, 0x2107, 0x2948, 0x318A, 0x2128, 0x0886, 0x1906, 
  0x62AC, 0x93B0, 0x4A6F, 0x4A4F, 0x524E, 0x0865, 0x39AD, 0x51EE, 0x20C8, 0x0824, 0x1064, 0x0000, 
  0x4A4C, 0x4A95, 0x227F, 0x0009, 0x0000, 0x1909, 0x3168, 0x39CA, 0x18A4, 0x5A8F, 0x5336, 0x2A30, 
  0x1043, 0x2949, 0x41CC, 0xA492, 0xFEF8, 0xFE56, 0xEE97, 0xE718, 0xBC30, 0xB88C, 0xB00E, 0xA872, 
  0xA015, 0xC90E, 0xEA49, 0xF20B, 0xE9EA, 0xF1E8, 0xFA07, 0xFB6D, 0xFEB4, 0xFC0A, 0xFA23, 0xFB24, 
  0xFB44, 0xFAC7, 0xE84B, 0xD8C9, 0xFB05, 0xFAC6, 0xFA85, 0xFA86, 0xFAE5, 0xFA85, 0xFA85, 0xFA65, 
  0xFA65, 0xFA65, 0xFA65, 0xFA85, 0xFA85, 0xFA85, 0xFA64, 0xFC0A, 0xFF37, 0xFB47, 0xFA44, 0xFAC6, 
  0xFAA5, 0xFA85, 0xFA85, 0xFAA5, 0xFA85, 0xFA85, 0xFA86, 0xFB25, 0xFA67, 0xE84A, 0xFA45, 0xFB43, 
  0xFB04, 0xFAC5, 0xFB05, 0xFAE5, 0xFA85, 0xFA01, 0xFF13, 0xF495, 0x60A8, 0x2905, 0x7909, 0x994B, 
  0xA90C, 0xD04C, 0xF02B, 0xF92C, 0xF92B, 0xF8EC, 0xF8EB, 0xE8CD, 0x88AF, 0xF82C, 0xF80C, 0x884F, 
  0xB82E, 0xF80D, 0x908F, 0x786F, 0xF80A, 0xD80A, 0xB1D2, 0xFFFA, 0xE413, 0x5812, 0xC80D, 0xF80A, 
  0x68F2, 0x8091, 0xF80A, 0x8872, 0x38B6, 0xD86B, 0xB06E, 0x4877, 0xB050, 0xC06F, 0x50D4, 0x88B2, 
  0xC850, 0x68B3, 0x70B3, 0xD075, 0x88B4, 0x406D, 0x782B, 0x1800, 0x0000, 0x0000, 0x0001, 0x0001, 
  0x0001, 0x0000, 0x0001, 0x0002, 0x1085, 0x2107, 0x318A, 0x4A2D, 0x62CF, 0x7310, 0x7B31, 0x8372, 
  0x8BD4, 0x8BD4, 0x83B3, 0x8372, 0x7B51, 0x7311, 0x62D0, 0x5A6F, 0x41CD, 0x316C, 0x294C, 0x210C, 
  0x20EC, 0x210C, 0x212C, 0x212C, 0x192C, 0x190C, 0x190B, 0x10A9, 0x0868, 0x0867, 0x0046, 0x0026, 
  0x0025, 0x0025, 0x0826, 0x0846, 0x0846, 0x0846, 0x0886, 0x10A7, 0x10C7, 0x1908, 0x2149, 0x216A, 
  0x31AC, 0x320D, 0x3A4D, 0x424E, 0x4AAF, 0x29AC, 0x0026, 0x0826, 0x41EB, 0x52B0, 0x296C, 0x1069, 
  0x1889, 0x1889, 0x18A9, 0x18AA, 0x18AA, 0x18AA, 0x18A9, 0x0806, 0x0809, 0x0825, 0x0845, 0x0022, 
  0x0002, 0x0003, 0x200B, 0x7138, 0x8198, 0x7956, 0x6914, 0x7136, 0x40B0, 0x0809, 0x102A, 0x104A, 
  0x0847, 0x0007, 0x0007, 0x0007, 0x184A, 0x50D1, 0x6916, 0x60F4, 0x48B1, 0x50F3, 0x386F, 0x202B, 
  0x182C, 0x0008, 0x0007, 0x0007, 0x0009, 0x0009, 0x0008, 0x0009, 0x000A, 0x0009, 0x000A, 0x000A, 
  0x000A, 0x0009, 0x0029, 0x0009, 0x0009, 0x202B, 0x40AD, 0xCB96, 0xEC59, 0x4134, 0x1836, 0x40B4, 
  0x306D, 0x180B, 0x0008, 0x0007, 0x0005, 0x0005, 0x1888, 0x5A2D, 0xA472, 0xE617, 0xA450, 0xFF19, 
  0xCD53, 0x7AAA, 0xEE37, 0xFE97, 0xDDF5, 0xE616, 0xE637, 0xE5D3, 0xDD2E, 0xDD0D, 0xDD0F, 0xDD2E, 
  0xDD0E, 0xE54F, 0xED8F, 0xFE51, 0xFE12, 0xBCAD, 0x8309, 0x39A7, 0x10A6, 0x08C8, 0x216C, 0x31CC, 
  0x4A2E, 0x62CF, 0x6AF0, 0x6AEF, 0x8392, 0x4A4D, 0x41EC, 0x3A0D, 0x424D, 0x426C, 0x18E5, 0x18E5, 
  0x10C6, 0x298A, 0x39EB, 0x2108, 0x2108, 0x5208, 0x936A, 0xCCCD, 0xF52B, 0xF509, 0xC40A, 0x72EF, 
  0x526D, 0x0004, 0x0003, 0x0000, 0x1083, 0x39AA, 0x4AD4, 0x29F0, 0x10A7, 0x216D, 0x08AD, 0x0886, 
  0x2104, 0x1062, 0x5B13, 0x743E, 0x20E7, 0x0000, 0x0863, 0x5103, 0x71E5, 0x4374, 0x2A50, 0x2109, 
  0x7BD2, 0xEE36, 0xF636, 0xE5F5, 0xFF78, 0xC593, 0xA1AD, 0xD00F, 0xE80F, 0xE00C, 0xE049, 0xE049, 
  0xE028, 0xE808, 0xF14B, 0xFE39, 0xFD15, 0xF846, 0xF885, 0xF8E6, 0xF905, 0xF00B, 0xE846, 0xF221, 
  0xF9E3, 0xFA03, 0xFA43, 0xF9A2, 0xE823, 0xF1A5, 0xF9E4, 0xF9A4, 0xF9A5, 0xF9A4, 0xF9C5, 0xF9C5, 
  0xF9C5, 0xF9A4, 0xF962, 0xFB68, 0xF6F5, 0xFA87, 0xF9A5, 0xFA05, 0xF9E6, 0xF9E6, 0xF9E6, 0xF9E5, 
  0xF9E6, 0xFA05, 0xFA05, 0xF9C4, 0xF1A2, 0xFA81, 0xFAC2, 0xFA43, 0xFA43, 0xFA63, 0xFA43, 0xFA64, 
  0xFAA4, 0xFA85, 0xA38E, 0x21EE, 0x098A, 0x0084, 0x1A0D, 0x120C, 0x00C4, 0x31CB, 0x6270, 0x598E, 
  0x70CE, 0x982E, 0x904E, 0xA84E, 0xF80C, 0xF00D, 0xA870, 0xF80D, 0xD80D, 0x8810, 0xD00D, 0xE80B, 
  0x902F, 0xB00F, 0xD80D, 0xDA34, 0xFF59, 0xDAAF, 0xA80C, 0x800F, 0xD00D, 0xC00E, 0x6811, 0x9810, 
  0xC00E, 0x7012, 0x6812, 0xB00D, 0x9010, 0x6814, 0x9810, 0x7011, 0x6012, 0x9810, 0x9010, 0x5032, 
  0x6814, 0x7836, 0xC876, 0x700C, 0x1803, 0x0803, 0x0004, 0x0004, 0x0004, 0x0003, 0x0002, 0x0001, 
  0x0000, 0x0000, 0x0000, 0x0001, 0x0001, 0x0000, 0x0000, 0x0863, 0x20E6, 0x2948, 0x39AA, 0x524D, 
  0x6AEF, 0x7B72, 0x8BD4, 0x8BF4, 0x83B4, 0x7B73, 0x7B73, 0x7352, 0x6AF1, 0x6AF1, 0x62D1, 0x4A2F, 
  0x41EE, 0x31AC, 0x216C, 0x216C, 0x214C, 0x214C, 0x192C, 0x190B, 0x190B, 0x18EA, 0x18CA, 0x18AA, 
  0x10A9, 0x1088, 0x0867, 0x0846, 0x0846, 0x0045, 0x0045, 0x0024, 0x0044, 0x0885, 0x0885, 0x0886, 
  0x18E7, 0x10C6, 0x0025, 0x0847, 0x39CB, 0x4A8F, 0x318D, 0x18AA, 0x188A, 0x188A, 0x1088, 0x1089, 
  0x18AA, 0x20AB, 0x18AA, 0x0825, 0x0805, 0x0023, 0x0001, 0x0000, 0x0001, 0x0008, 0x0009, 0x0009, 
  0x0009, 0x48B1, 0x6916, 0x6115, 0x50F2, 0x5112, 0x7157, 0x48F1, 0x48AE, 0x408D, 0x308E, 0x288D, 
  0x6132, 0x7954, 0x78F4, 0x68B2, 0x2829, 0x284B, 0x1807, 0x0808, 0x1808, 0x3009, 0x280A, 0x3029, 
  0x3009, 0x282A, 0x302A, 0x302A, 0x3029, 0x3829, 0x2829, 0x2028, 0x2828, 0x4009, 0x4009, 0x484B, 
  0xA190, 0xEA74, 0xE2B8, 0xE378, 0xD294, 0x4070, 0x200F, 0x180C, 0x0007, 0x0004, 0x0805, 0x1866, 
  0x526C, 0x832E, 0xE5F5, 0xF696, 0xFF7A, 0xFEF8, 0x9BCF, 0x628B, 0xCE16, 0xBD55, 0x7B2D, 0xCD53, 
  0xFEB8, 0xE5F5, 0xE5F6, 0xE637, 0xE615, 0xDD0E, 0xDCEC, 0xDD0D, 0xFE31, 0xFDF0, 0xED8F, 0x936A, 
  0x49C6, 0x0044, 0x10C8, 0x192B, 0x29CC, 0x31CC, 0x4A4C, 0x62AC, 0x8350, 0x7B30, 0x6AF0, 0x41CB, 
  0x420D, 0x4A8F, 0x4ACF, 0x31EB, 0x0885, 0x0883, 0x2148, 0x31CA, 0x31CA, 0x0865, 0x0000, 0x0863, 
  0x4A6D, 0xA3CD, 0xFE6B, 0xFE2A, 0xFE08, 0xFDC4, 0xFCC2, 0xB3ED, 0x9C74, 0x7350, 0x1087, 0x0000, 
  0x316A, 0x5A90, 0x2A34, 0x1A12, 0x0843, 0x0000, 0x20A0, 0x8B91, 0x7BF9, 0x31EF, 0x0046, 0x0027, 
  0x1927, 0x4B0D, 0x0085, 0x4909, 0x7330, 0x2B97, 0x096C, 0x0002, 0x2969, 0x6B30, 0xEE57, 0xFE97, 
  0xF636, 0xFFDA, 0xBE34, 0x6108, 0xE805, 0xF8E6, 0xF947, 0xF126, 0xF126, 0xE8E4, 0xEA45, 0xED52, 
  0xE34E, 0xF126, 0xF9C6, 0xF1E6, 0xEA07, 0xD129, 0xD988, 0xE1E7, 0xE1E7, 0xD9A6, 0xD9E6, 0xE1A5, 
  0xE125, 0xD1C6, 0xD1A7, 0xD187, 0xD9A6, 0xE1A6, 0xD9A6, 0xD9C4, 0xD1A4, 0xD184, 0xD164, 0xEB89, 
  0xF651, 0xE248, 0xE986, 0xE9E6, 0xE9C6, 0xE9C6, 0xE9C6, 0xE9A7, 0xE1E6, 0xE206, 0xEA26, 0xD9C6, 
  0xD164, 0xDA24, 0xE1E4, 0xE185, 0xE986, 0xE967, 0xF188, 0xF944, 0xD186, 0x6A6D, 0x08EA, 0x0001, 
  0x2149, 0x4250, 0x08C7, 0x0001, 0x0864, 0x2A2D, 0x0925, 0x1189, 0x32B0, 0x19AC, 0x198C, 0x314D, 
  0x892C, 0x8950, 0x494F, 0xD88C, 0xB96E, 0x8A32, 0xF96F, 0xF90E, 0x9191, 0xB9F1, 0xF96F, 0xB0AF, 
  0xE5B6, 0xFF15, 0xC132, 0x8174, 0xF9AF, 0xD1D0, 0x4A96, 0xC1CF, 0xF96C, 0x79D6, 0x89F2, 0xF9C9, 
  0xB1D0, 0x8215, 0xD190, 0x99D2, 0x7A14, 0xC991, 0xC98F, 0x79F3, 0x89D3, 0x91D3, 0x71D3, 0x8195, 
  0xCB56, 0x4166, 0x0002, 0x0005, 0x0005, 0x0005, 0x0005, 0x0005, 0x0005, 0x0004, 0x0004, 0x0004, 
  0x0004, 0x0002, 0x0001, 0x0001, 0x0000, 0x0001, 0x0001, 0x0001, 0x0001, 0x0002, 0x0023, 0x0885, 
  0x18C7, 0x2948, 0x39AA, 0x4A0C, 0x526D, 0x526E, 0x5AB0, 0x7B93, 0x8BB5, 0x7B94, 0x7353, 0x7352, 
  0x5AB0, 0x424E, 0x3A0D, 0x31CC, 0x218C, 0x216B, 0x190A, 0x10AA, 0x088A, 0x088A, 0x088B, 0x106B, 
  0x10AB, 0x18CC, 0x18CB, 0x18CA, 0x18CA, 0x18C9, 0x10A7, 0x0886, 0x0865, 0x1045, 0x10A8, 0x0827, 
  0x39AB, 0x4AAF, 0x29AD, 0x0867, 0x1889, 0x1067, 0x0846, 0x1068, 0x20CC, 0x20CA, 0x1888, 0x0001, 
  0x0001, 0x0002, 0x0004, 0x0002, 0x0001, 0x1828, 0x2009, 0x2008, 0x1807, 0x1807, 0x2027, 0x2008, 
  0x1828, 0x48CE, 0x8176, 0x8176, 0xA157, 0x8157, 0x7978, 0x7957, 0x6974, 0x58EB, 0x4887, 0x4889, 
  0x60CE, 0xA0CF, 0x6911, 0x2997, 0x7911, 0xA08F, 0x5915, 0x68D1, 0x80AF, 0x8090, 0x908E, 0x788C, 
  0x5829, 0x5028, 0x504A, 0x58AD, 0x588E, 0x78D3, 0xA0B3, 0xF973, 0xFB76, 0xF211, 0xA950, 0x1809, 
  0x1008, 0x0807, 0x0002, 0x0000, 0x0027, 0x41CA, 0xBCD0, 0xDDD3, 0xFEB7, 0xFED7, 0xEE55, 0xEE15, 
  0xDDF4, 0xEE97, 0xFF7A, 0xCD34, 0x5A28, 0xBCD3, 0xE699, 0x8B6E, 0xAC70, 0xFEB8, 0xEE36, 0xDDD5, 
  0xE657, 0xFED8, 0xFE11, 0xED90, 0x9BAB, 0x5228, 0x18E6, 0x0066, 0x0088, 0x31EF, 0x4A4D, 0x524D, 
  0x62AD, 0x830F, 0x9BD2, 0x9C53, 0x8BD2, 0x2988, 0x2148, 0x420C, 0x3169, 0x2128, 0x0063, 0x18A4, 
  0x3189, 0x31A9, 0x1907, 0x0003, 0x0000, 0x39A7, 0x94B0, 0xDDF4, 0xD5B5, 0x59C8, 0xBAA2, 0xFCE5, 
  0xFC63, 0xB180, 0x7880, 0x7A89, 0x8C32, 0xACF5, 0x83B3, 0x2129, 0x0002, 0x18EA, 0x2948, 0x5227, 
  0x5AEE, 0x6B54, 0x18CA, 0x39AC, 0x3A31, 0x18E9, 0x18A2, 0x2124, 0x2148, 0x4C18, 0x33DC, 0x00CD, 
  0x0003, 0x0001, 0x2864, 0xAA46, 0x824A, 0x6332, 0x5ACE, 0xD5D6, 0xFEF9, 0xA40E, 0x8BCE, 0x9CD1, 
  0xD42D, 0xDAE7, 0xEB87, 0xEC08, 0xEBE7, 0xE365, 0xEC64, 0xF4C7, 0xEBA8, 0xEC29, 0xEC4A, 0xEC4B, 
  0xEC4B, 0xEC6B, 0xEC6C, 0xF48D, 0xF48D, 0xF46D, 0xEC6C, 0xF449, 0xF449, 0xEC29, 0xEC4A, 0xF449, 
  0xEC29, 0xEC29, 0xEC29, 0xF449, 0xEC29, 0xF42A, 0xEC2B, 0xFEB3, 0xFEB2, 0xF42B, 0xF44C, 0xF46B, 
  0xF429, 0xF407, 0xF429, 0xF44A, 0xF469, 0xF449, 0xF469, 0xF449, 0xF469, 0xF429, 0xF409, 0xF3C9, 
  0xF3A8, 0xFC29, 0xF5D2, 0xA3AF, 0x394B, 0x222E, 0x3A0B, 0x41EB, 0x426F, 0x426F, 0x2949, 0x41CC, 
  0x5AF2, 0x1908, 0x0001, 0x31CC, 0x31ED, 0x0000, 0x0064, 0x2A6F, 0x11EA, 0x0905, 0x29EC, 0x322E, 
  0x4AAD, 0x836F, 0x82EF, 0x93D1, 0xEE55, 0xDE34, 0xDE54, 0xF633, 0xFD31, 0xFE96, 0xFFFD, 0xFED7, 
  0xED12, 0xF5B3, 0xFDF2, 0xFDD0, 0xFDB0, 0xFDF1, 0xFDD1, 0xF5B2, 0xFDD4, 0xFDD4, 0xFDD2, 0xFE11, 
  0xFDF3, 0xF5B3, 0xFDB0, 0xFD92, 0xFD72, 0xFD70, 0xFD92, 0xFDB4, 0xFEB7, 0x41A5, 0x0004, 0x194B, 
  0x1929, 0x1109, 0x10C8, 0x0888, 0x0867, 0x0827, 0x0006, 0x0006, 0x0006, 0x0005, 0x0005, 0x0807, 
  0x0005, 0x0005, 0x0005, 0x0005, 0x0004, 0x0004, 0x0003, 0x0001, 0x0000, 0x0001, 0x0000, 0x0000, 
  0x0000, 0x0000, 0x0000, 0x1083, 0x2105, 0x3168, 0x41AA, 0x5A8E, 0x8392, 0x93F3, 0x9C35, 0x9C15, 
  0x8BF4, 0x8BD3, 0x8392, 0x7B72, 0x7311, 0x62B0, 0x524F, 0x4A2E, 0x41CD, 0x316D, 0x292C, 0x290C, 
  0x210D, 0x210D, 0x20EC, 0x210B, 0x294C, 0x212C, 0x290C, 0x18A9, 0x31CB, 0x426E, 0x298D, 0x0004, 
  0x1068, 0x0867, 0x0847, 0x18A9, 0x18A8, 0x0843, 0x0000, 0x0002, 0x0004, 0x0004, 0x0004, 0x0002, 
  0x0824, 0x80B3, 0x8893, 0x78B1, 0x70CF, 0x60ED, 0x68EF, 0x68F1, 0x68F1, 0x60F0, 0x60B0, 0x68F3, 
  0x6913, 0x306F, 0x388F, 0x388F, 0x308F, 0x286D, 0x186B, 0x186C, 0x306E, 0x506E, 0x3090, 0x20D2, 
  0x30AF, 0x384F, 0x20B1, 0x288F, 0x306E, 0x302C, 0x280B, 0x302C, 0x486D, 0x404C, 0x6932, 0xC1D7, 
  0xA976, 0x5959, 0x5116, 0x60AF, 0x608C, 0x2807, 0x1006, 0x0003, 0x0001, 0x0002, 0x3988, 0x83AD, 
  0xC595, 0xFFFD, 0xFE96, 0xF636, 0xE5D5, 0xDDB4, 0xDDB4, 0xF636, 0xFEF8, 0xBCF2, 0xB4B1, 0xFF5A, 
  0xE615, 0x728A, 0x9BD0, 0xEEB9, 0x8B8E, 0x8B6E, 0xF657, 0xFF7A, 0xFEB8, 0xBD53, 0x7B4B, 0x3186, 
  0x0025, 0x0089, 0x092B, 0x29CD, 0x39ED, 0x626D, 0x7B0E, 0x8B91, 0x93B1, 0x8391, 0x528D, 0x3A0C, 
  0x31EC, 0x320C, 0x29A9, 0x0002, 0x0863, 0x18C7, 0x39CA, 0x39CA, 0x2127, 0x0003, 0x0862, 0x62AA, 
  0x72EB, 0xABF0, 0xFF9A, 0xFE76, 0xFE98, 0x8370, 0x0801, 0x7940, 0x4840, 0x6228, 0xAB0A, 0xCC71, 
  0xC4D4, 0x6AAD, 0x9C34, 0x8BB2, 0x2929, 0x0001, 0x1062, 0x93D1, 0x8415, 0x73D5, 0x1065, 0x0000, 
  0x0000, 0x522B, 0x62EF, 0x84FB, 0x296A, 0x0001, 0x118D, 0x39CA, 0x5165, 0x61E9, 0x3106, 0x7A2C, 
  0x5A71, 0x394B, 0x10A8, 0x52EF, 0x62CD, 0x8B6E, 0xEE16, 0xFEB8, 0xEED8, 0xB471, 0xB807, 0xF008, 
  0xE029, 0xD96B, 0xFD56, 0xFD15, 0xE0A8, 0xE867, 0xF0A8, 0xF069, 0xF8AA, 0xF8A8, 0xF8C7, 0xF947, 
  0xF9A7, 0xF9A6, 0xF984, 0xF983, 0xF945, 0xF945, 0xF984, 0xF9C4, 0xF984, 0xF965, 0xF965, 0xF946, 
  0xF966, 0xF965, 0xF143, 0xFE54, 0xFD94, 0xF8E4, 0xF945, 0xF945, 0xF964, 0xF983, 0xF9A4, 0xF985, 
  0xF9A5, 0xF9C5, 0xF9A5, 0xF985, 0xF966, 0xF986, 0xF9A5, 0xF9C5, 0xF982, 0xE144, 0x728C, 0x1A2D, 
  0x21CD, 0x3A0E, 0x424E, 0x422D, 0x4270, 0x4A90, 0x528F, 0x5AB0, 0x4A90, 0x3A2D, 0x4A90, 0x5B12, 
  0x318A, 0x18A4, 0x2949, 0x52B1, 0x08C6, 0x0022, 0x31CB, 0x3A90, 0x08E5, 0x0000, 0x00E7, 0x2A6E, 
  0x320B, 0x298A, 0x21CA, 0x926B, 0xD909, 0xC22B, 0xF799, 0xFF37, 0xF10D, 0xE80B, 0xF82B, 0xE8AB, 
  0xC8EA, 0xD8CB, 0xD84B, 0xA8CE, 0xA10F, 0xB8EC, 0xD10A, 0xE10A, 0xB0ED, 0xA8CD, 0xB8CC, 0xB8ED, 
  0xB8EC, 0xC0EB, 0xD0CB, 0xC0CC, 0x88CF, 0x1003, 0x08C8, 0x3A4F, 0x3A2C, 0x3A2D, 0x3A4E, 0x3A4F, 
  0x3A2E, 0x3A0E, 0x31CD, 0x296C, 0x214B, 0x10A7, 0x0845, 0x18CA, 0x10A8, 0x0867, 0x0847, 0x0847, 
  0x0827, 0x0806, 0x0807, 0x0003, 0x0002, 0x0005, 0x0004, 0x0004, 0x0003, 0x0002, 0x0002, 0x0000, 
  0x0000, 0x0000, 0x0000, 0x0000, 0x0841, 0x20E4, 0x3167, 0x41C9, 0x4A2B, 0x5A4C, 0x62AE, 0x6AEF, 
  0x7B51, 0x7B51, 0x6B31, 0x7372, 0x6B52, 0x62F1, 0x5AB1, 0x5AB1, 0x5AB1, 0x524F, 0x420E, 0x39AD, 
  0x316C, 0x296C, 0x212C, 0x298C, 0x3A4D, 0x3A4D, 0x296D, 0x1069, 0x20AC, 0x1048, 0x0845, 0x0022, 
  0x0000, 0x0001, 0x0004, 0x0005, 0x0005, 0x0004, 0x0003, 0x0001, 0x0025, 0x4070, 0x4851, 0x308F, 
  0x308F, 0x308E, 0x308F, 0x3090, 0x3890, 0x308E, 0x308F, 0x30B0, 0x106A, 0x0007, 0x0007, 0x0008, 
  0x0008, 0x0008, 0x0009, 0x0009, 0x0009, 0x0008, 0x0007, 0x0807, 0x0008, 0x0008, 0x0006, 0x0005, 
  0x0006, 0x100A, 0x306D, 0x408E, 0x99B9, 0xA21A, 0xAA5A, 0x9996, 0x7911, 0x182C, 0x000A, 0x0006, 
  0x0004, 0x0001, 0x0005, 0x396A, 0x7B4D, 0xACB1, 0xCD74, 0xFFFD, 0xEE56, 0x8B6D, 0xF657, 0xEE15, 
  0xDDB4, 0xE5D4, 0xEE57, 0x8B8E, 0xBCD2, 0xE636, 0x834D, 0xCD53, 0xFF59, 0xFE97, 0xA410, 0x93EE, 
  0xFFFD, 0xB4B0, 0xACF1, 0x7B8D, 0x4A6A, 0x08A6, 0x00A8, 0x114C, 0x320E, 0x3A0D, 0x526D, 0x62AD, 
  0x8330, 0x93D2, 0x8391, 0x5AAE, 0x3A0C, 0x29CB, 0x21CB, 0x31CC, 0x31EC, 0x322C, 0x320D, 0x3A2C, 
  0x422D, 0x31AA, 0x0865, 0x0044, 0x0024, 0x9410, 0xFF59, 0xE5B3, 0xFEF6, 0x936C, 0x8AEC, 0xC472, 
  0x4948, 0x498A, 0x4A4C, 0x18E9, 0x0047, 0x4A8C, 0xCC2F, 0x928A, 0x59A7, 0x2127, 0x4A4D, 0x8BB1, 
  0xA433, 0x41EA, 0x0004, 0x0007, 0x31AB, 0x2947, 0x4165, 0x6310, 0x31CB, 0x18E8, 0x4251, 0x3211, 
  0x10C6, 0x18C4, 0x0001, 0x4A2A, 0x83F5, 0x83F8, 0x296C, 0x0002, 0x0869, 0x0005, 0x294A, 0x3A6D, 
  0x0003, 0xC513, 0xFE98, 0xD5B4, 0xE616, 0xF73A, 0xDD34, 0xD08C, 0xF80C, 0xFB16, 0xF5DE, 0xD9F3, 
  0xE80B, 0xF86B, 0xF86D, 0xF949, 0xF9A9, 0xF8AD, 0xF86D, 0xE88D, 0xF0AD, 0xF0AB, 0xF0CA, 0xF14A, 
  0xFA28, 0xFB07, 0xFB26, 0xFB46, 0xFB46, 0xFAE7, 0xFAC6, 0xFAE5, 0xFB05, 0xFAE5, 0xFAE5, 0xFDF6, 
  0xF4D9, 0xF228, 0xFA46, 0xFA87, 0xFAA8, 0xFAE7, 0xFB27, 0xFB26, 0xFB06, 0xFA48, 0xF9E8, 0xFA48, 
  0xFB07, 0xFB07, 0xFB88, 0xFB48, 0xAA8C, 0x316E, 0x0088, 0x1928, 0x1906, 0x0041, 0x298A, 0x320E, 
  0x2128, 0x31CB, 0x3A0D, 0x320C, 0x31CD, 0x3A2E, 0x31ED, 0x3A0D, 0x4AB0, 0x4A90, 0x424E, 0x420D, 
  0x4A4E, 0x4A8F, 0x4A8F, 0x4A6E, 0x318A, 0x18A4, 0x39CB, 0x5AF1, 0x08A6, 0x0002, 0x0064, 0x29CB, 
  0x192A, 0x218D, 0x49EC, 0x9C52, 0xA2D3, 0xB82F, 0xD00E, 0x80B0, 0x9052, 0x9014, 0x9014, 0x70B4, 
  0x60B4, 0x7893, 0x6854, 0x7054, 0x6075, 0x6075, 0x6095, 0x5875, 0x6055, 0x6836, 0x6835, 0x5834, 
  0x5054, 0x1005, 0x10C6, 0x20E9, 0x10A8, 0x10C8, 0x1908, 0x2128, 0x2949, 0x3188, 0x420B, 0x424E, 
  0x52D1, 0x39EC, 0x0845, 0x210B, 0x190A, 0x190A, 0x190A, 0x18E9, 0x18E9, 0x18C9, 0x18C9, 0x0844, 
  0x0826, 0x0026, 0x0005, 0x0004, 0x0004, 0x0004, 0x0004, 0x0004, 0x0004, 0x0004, 0x0004, 0x0004, 
  0x0002, 0x0001, 0x0000, 0x0000, 0x0000, 0x0000, 0x0000, 0x0001, 0x0002, 0x0003, 0x0065, 0x0885, 
  0x10C6, 0x1908, 0x2149, 0x218A, 0x29CC, 0x320D, 0x3A2E, 0x426F, 0x4AB0, 0x4AD0, 0x4A90, 0x426F, 
  0x3A6D, 0x426F, 0x294B, 0x1068, 0x1067, 0x0002, 0x0000, 0x0002, 0x0003, 0x0005, 0x0004, 0x0004, 
  0x0003, 0x0004, 0x1067, 0x0825, 0x0003, 0x0007, 0x0008, 0x0009, 0x0008, 0x0008, 0x0008, 0x0008, 
  0x0009, 0x0009, 0x0009, 0x104A, 0x1049, 0x0809, 0x0809, 0x0809, 0x080A, 0x0809, 0x0809, 0x0809, 
  0x0809, 0x0809, 0x0809, 0x0808, 0x0006, 0x0006, 0x1809, 0x388D, 0x184B, 0x8154, 0xD25B, 0xBA3A, 
  0x6955, 0x40F0, 0x38AE, 0x000A, 0x0007, 0x0004, 0x0003, 0x0001, 0x10A7, 0x4A4A, 0xA471, 0xFE98, 
  0xFF19, 0xFF39, 0xB471, 0x72EC, 0xCD75, 0xA451, 0x8B2D, 0xDD95, 0xF677, 0xDDB4, 0xE636, 0xB4F2, 
  0x62AB, 0xB4D3, 0xFF7B, 0x938E, 0xB490, 0xFFFC, 0xFFFD, 0xC594, 0x83AC, 0x4A27, 0x08A5, 0x0045, 
  0x218B, 0x4A6E, 0x3A2D, 0x420C, 0x62AD, 0x8B70, 0x9C11, 0x8BD1, 0x6B0F, 0x422D, 0x29CB, 0x218A, 
  0x29CC, 0x320C, 0x320C, 0x3A0C, 0x3A4E, 0x426E, 0x298B, 0x0886, 0x0884, 0x0000, 0x6B0C, 0xAD34, 
  0x83AF, 0xF615, 0xF633, 0xD552, 0xCCD2, 0x7A6A, 0x1803, 0x9370, 0x730E, 0xA411, 0xEE18, 0xCD16, 
  0x41AB, 0x0001, 0x0002, 0x0003, 0x2168, 0x426D, 0x5310, 0x41ED, 0x834F, 0xD577, 0x62AD, 0x0003, 
  0x0000, 0x2928, 0x7397, 0x53DB, 0x2A32, 0x0000, 0x0000, 0x0000, 0x6B0B, 0x7353, 0x7BF7, 0x0023, 
  0x1929, 0x216F, 0x0026, 0x0024, 0x214C, 0x2129, 0x1907, 0x4A09, 0x72ED, 0x8B6E, 0xFEB8, 0xEE58, 
  0xD595, 0xCCAF, 0xE630, 0x9B08, 0xC826, 0xFCD7, 0xEE1A, 0xA94C, 0xE92B, 0xF10B, 0xC80D, 0xFA47, 
  0xFAE7, 0xFA49, 0xFA29, 0xEA09, 0xE08C, 0xE90A, 0xE96A, 0xD80D, 0xE8E8, 0xF185, 0xF1E7, 0xFA69, 
  0xF228, 0xF306, 0xFBA5, 0xFB85, 0xFBA4, 0xFBC4, 0xFB63, 0xFE75, 0xF59A, 0xFAC9, 0xFAE6, 0xFB08, 
  0xFB08, 0xFB48, 0xFBA8, 0xFC07, 0xFB09, 0xF84B, 0xF009, 0xF069, 0xFAA7, 0xFBE6, 0xE2C7, 0x4969, 
  0x00A9, 0x0085, 0x0885, 0x31CD, 0x18C6, 0x2107, 0x29AB, 0x0064, 0x0000, 0x18E6, 0x5B54, 0x31EE, 
  0x0000, 0x0863, 0x29CD, 0x31CD, 0x29AA, 0x2969, 0x31EC, 0x3A0E, 0x4A8F, 0x4A6E, 0x3A0C, 0x424E, 
  0x52D0, 0x5AF1, 0x5AD0, 0x62F0, 0x52CF, 0x52AF, 0x422D, 0x0044, 0x10C6, 0x52D0, 0x29ED, 0x0027, 
  0x0066, 0x10C8, 0x18E9, 0x49AE, 0x81F0, 0x6993, 0x5974, 0x8892, 0xA091, 0xC830, 0xA032, 0x60B4, 
  0x9091, 0xA090, 0x9090, 0xA8CE, 0xB0D1, 0xA0D2, 0x88B2, 0x7892, 0x8091, 0x2004, 0x0085, 0x1026, 
  0x00CF, 0x010F, 0x00CF, 0x008D, 0x0068, 0x0068, 0x0845, 0x1066, 0x314D, 0x18C9, 0x0865, 0x190A, 
  0x18EA, 0x18EA, 0x18CA, 0x18EA, 0x18E9, 0x18EA, 0x18EA, 0x1087, 0x5271, 0x52B1, 0x3A0E, 0x318C, 
  0x212A, 0x18E9, 0x10A8, 0x0867, 0x0046, 0x0024, 0x0004, 0x0004, 0x0004, 0x0004, 0x0004, 0x0004, 
  0x0004, 0x0003, 0x0003, 0x0003, 0x0003, 0x0002, 0x0002, 0x0002, 0x0001, 0x0000, 0x0000, 0x0001, 
  0x0001, 0x0001, 0x0042, 0x0884, 0x1927, 0x2189, 0x29A9, 0x3A0C, 0x4AF2, 0x2149, 0x0021, 0x0001, 
  0x0000, 0x0001, 0x0004, 0x0005, 0x0005, 0x0004, 0x0003, 0x0003, 0x0825, 0x1888, 0x28CC, 0x0846, 
  0x0002, 0x0006, 0x0008, 0x0809, 0x0809, 0x0809, 0x1009, 0x0809, 0x080A, 0x100A, 0x100A, 0x184B, 
  0x1069, 0x0809, 0x0809, 0x0809, 0x0809, 0x0809, 0x0809, 0x0809, 0x0809, 0x0008, 0x0006, 0x0008, 
  0x40CF, 0x48F0, 0xB9B5, 0xD1B8, 0x8978, 0x7955, 0x50F0, 0x5111, 0x080B, 0x0004, 0x0004, 0x0001, 
  0x0003, 0x28E8, 0x520B, 0xA470, 0xC533, 0xFF19, 0xEE76, 0xE615, 0xD5B4, 0xDDB5, 0xEE76, 0xB4B2, 
  0x8BB1, 0xDDD7, 0xBD13, 0x7AAC, 0xDDB5, 0xFE97, 0xDDD5, 0xEE36, 0xE656, 0x834D, 0x9BF0, 0xFF9D, 
  0xAC50, 0xB4F2, 0x5A8A, 0x39CA, 0x0005, 0x0888, 0x3A0F, 0x528F, 0x39CB, 0x4A0B, 0x93B0, 0x9B90, 
  0x9BF2, 0x7B71, 0x4A6D, 0x29AB, 0x196A, 0x218A, 0x29CB, 0x31EB, 0x31EC, 0x320C, 0x3A2D, 0x3A0D, 
  0x1909, 0x0003, 0x39C8, 0x632B, 0x9C4E, 0xCD93, 0xBD12, 0xBCB1, 0xEDF5, 0xBC2F, 0x9B6D, 0xB451, 
  0x1844, 0x7AAD, 0x7B0D, 0x6A6C, 0xEE5A, 0xDD97, 0x9BB0, 0xB493, 0x49E9, 0x526A, 0x83AF, 0x39CB, 
  0x5AF0, 0x6B51, 0x31EB, 0x0064, 0x39A9, 0x9C32, 0xC577, 0x6AEF, 0x1085, 0x0000, 0x18CC, 0x112E, 
  0x48E2, 0x9120, 0x828C, 0x294A, 0x4A6D, 0x6B11, 0x5AB2, 0x1064, 0x0000, 0x0869, 0x10A8, 0x0887, 
  0x20E6, 0x4A08, 0x6AEB, 0x938D, 0xAC71, 0xBD15, 0xDDB7, 0xC4B1, 0xCC8C, 0xDCAC, 0xEDAE, 0xBB69, 
  0xB000, 0xE2E6, 0x9283, 0x7100, 0xD942, 0xF8E1, 0xE081, 0xF141, 0xF181, 0xF1A1, 0xF9E1, 0xF9E0, 
  0xF121, 0xF9E2, 0xF1E1, 0xE823, 0xE861, 0xE061, 0xE082, 0xE8E3, 0xD8A3, 0xE923, 0xF9C4, 0xF9A5, 
  0xF1A4, 0xF184, 0xE921, 0xD311, 0xCB33, 0xF1C3, 0xF9A2, 0xF9A3, 0xF163, 0xF183, 0xF1C4, 0xF1E3, 
  0xF943, 0xF823, 0xF842, 0xF822, 0xF8E4, 0xBA2C, 0x51EE, 0x196C, 0x18E7, 0x316A, 0x420F, 0x420E, 
  0x2129, 0x1907, 0x31AC, 0x314A, 0x294A, 0x424E, 0x29AA, 0x0824, 0x1064, 0x2128, 0x424F, 0x2107, 
  0x0000, 0x18C6, 0x3A0D, 0x2128, 0x0863, 0x2969, 0x424F, 0x216A, 0x18E6, 0x41ED, 0x4A6F, 0x3A0D, 
  0x39CD, 0x39EC, 0x4A8E, 0x4A4D, 0x4A8E, 0x4AAF, 0x4AAF, 0x31EB, 0x1106, 0x00C4, 0x1149, 0x52D2, 
  0x1968, 0x0082, 0x08C6, 0x518E, 0x716D, 0x818C, 0x716F, 0x4191, 0xB1CC, 0xD18B, 0xB12C, 0xE0A5, 
  0x9800, 0x6021, 0x7062, 0x7825, 0x9808, 0x2001, 0x00A6, 0x290A, 0x08CD, 0x0193, 0x01B5, 0x01B5, 
  0x0192, 0x021A, 0x0150, 0x1004, 0x20AB, 0x0827, 0x0865, 0x190B, 0x18E9, 0x18CA, 0x18CA, 0x18E9, 
  0x18C9, 0x18C9, 0x18CA, 0x0866, 0x39EB, 0x528E, 0x5AAF, 0x6B11, 0x6B32, 0x6B52, 0x6B52, 0x6B12, 
  0x5AB1, 0x524F, 0x420D, 0x318C, 0x214A, 0x1909, 0x10C8, 0x0887, 0x0046, 0x0025, 0x0005, 0x0004, 
  0x0004, 0x0003, 0x0003, 0x0003, 0x0004, 0x0002, 0x0004, 0x0005, 0x0004, 0x0003, 0x0001, 0x0001, 
  0x0000, 0x0000, 0x0000, 0x0001, 0x18E5, 0x0001, 0x0000, 0x0002, 0x0003, 0x0024, 0x0006, 0x0004, 
  0x0003, 0x0003, 0x0825, 0x1068, 0x1889, 0x188A, 0x188A, 0x0023, 0x1026, 0x4891, 0x384F, 0x0808, 
  0x0006, 0x0008, 0x0009, 0x0809, 0x100A, 0x100A, 0x100A, 0x184B, 0x104A, 0x0809, 0x0809, 0x0809, 
  0x0809, 0x0008, 0x0008, 0x0008, 0x0008, 0x0808, 0x694F, 0x8995, 0xA99A, 0xB9DA, 0xB9F7, 0x9933, 
  0x306E, 0x082A, 0x0007, 0x0004, 0x0003, 0x0005, 0x0026, 0x62CB, 0x8BAE, 0xEE57, 0xF676, 0xFED8, 
  0xEE17, 0xD594, 0xDDB5, 0xDDD5, 0xDDB4, 0xDD94, 0xDDD4, 0xF697, 0xCD95, 0x8B8E, 0xBD13, 0xDDF7, 
  0x834E, 0xB491, 0xE5F5, 0xEE56, 0xFF9A, 0xFF19, 0x7B4D, 0x5A8B, 0x526B, 0x0043, 0x10A7, 0x29AC, 
  0x424E, 0x318B, 0x10A6, 0x298A, 0x298C, 0x2949, 0x8390, 0x7330, 0x320C, 0x196A, 0x196A, 0x21AB, 
  0x29CB, 0x29CB, 0x29CB, 0x31EC, 0x320C, 0x29CC, 0x18E7, 0x2948, 0x4A29, 0x8BEC, 0xC4F1, 0xFFBB, 
  0xEE55, 0xFF17, 0xC4B1, 0x28C6, 0x8AED, 0xA3D1, 0x2025, 0x51EA, 0xB4F4, 0xC555, 0xFFFE, 0x830C, 
  0x0002, 0x9BD1, 0x28E6, 0x49EA, 0xE5D7, 0xF659, 0xFFBE, 0x93F2, 0x0002, 0x1085, 0x51E9, 0x4987, 
  0xC492, 0x9390, 0x6AEF, 0xBD36, 0x8BF2, 0x10A6, 0x0002, 0x0003, 0xA30A, 0xEC2F, 0x9C18, 0x6313, 
  0x0003, 0x1087, 0x0003, 0x0866, 0x10EA, 0x0026, 0x18C5, 0x62AB, 0xA470, 0xEE57, 0xF6B9, 0xA471, 
  0xAC52, 0xDCF3, 0xCC2C, 0xD4AB, 0xDCED, 0xCCAE, 0xBC2D, 0x92A9, 0x98E8, 0xCA6D, 0x58A6, 0x4825, 
  0x9888, 0xB8A8, 0xB0CA, 0xA04B, 0xA04B, 0xA84A, 0xA04B, 0xA02A, 0xB849, 0x988B, 0xA88B, 0xE885, 
  0xF065, 0xE886, 0xE887, 0xE067, 0xD866, 0xF027, 0xF828, 0xF80A, 0xF809, 0xF808, 0xF008, 0xA8B3, 
  0xA831, 0xF803, 0xF824, 0xF045, 0xF0C5, 0xF0E5, 0xE8C5, 0xF085, 0xF065, 0xF8A4, 0xF8A4, 0xF0E5, 
  0x818B, 0x218E, 0x21EC, 0x4A8E, 0x4A90, 0x4A4F, 0x422E, 0x4A4E, 0x318B, 0x10A5, 0x316A, 0x5A90, 
  0x4A2F, 0x420E, 0x1084, 0x1064, 0x31CD, 0x320E, 0x31CD, 0x298A, 0x2969, 0x39ED, 0x214A, 0x0843, 
  0x10A4, 0x298B, 0x296A, 0x0822, 0x10A4, 0x3A2E, 0x296A, 0x0001, 0x0000, 0x10A7, 0x3A2D, 0x4A8F, 
  0x2988, 0x2969, 0x2948, 0x3188, 0x31CB, 0x4A6E, 0x5B11, 0x528E, 0x2126, 0x10A4, 0x18E6, 0x328D, 
  0x2AAD, 0x2AAD, 0x326C, 0x3A6C, 0x422D, 0x428E, 0x3A0C, 0x498B, 0x3906, 0x1882, 0x2862, 0x2022, 
  0x2804, 0x0001, 0x10E7, 0x298B, 0x0002, 0x0026, 0x0047, 0x0047, 0x0068, 0x0110, 0x00ED, 0x1046, 
  0x20AB, 0x1068, 0x0865, 0x20EB, 0x18C9, 0x18C9, 0x18C9, 0x18C9, 0x18CA, 0x18E9, 0x210B, 0x0844, 
  0x0000, 0x0000, 0x0001, 0x1064, 0x18A5, 0x2906, 0x3167, 0x41EA, 0x4A0B, 0x524C, 0x5A8E, 0x62F1, 
  0x6B32, 0x6B52, 0x6312, 0x5AD2, 0x4A90, 0x424F, 0x31CD, 0x214B, 0x190A, 0x10E9, 0x08A8, 0x0067, 
  0x0027, 0x0004, 0x0004, 0x0006, 0x0005, 0x0005, 0x0005, 0x0005, 0x0005, 0x0004, 0x0004, 0x0003, 
  0x0001, 0x0003, 0x0005, 0x0005, 0x0004, 0x0003, 0x0005, 0x0003, 0x0005, 0x1048, 0x188A, 0x188A, 
  0x1869, 0x1069, 0x188A, 0x0002, 0x1826, 0x68F5, 0x70D6, 0x50D1, 0x50B0, 0x204B, 0x0809, 0x0809, 
  0x0009, 0x100A, 0x100A, 0x186B, 0x1069, 0x1009, 0x0809, 0x0008, 0x0008, 0x1009, 0x0829, 0x58CF, 
  0x7135, 0x6176, 0xFA9C, 0xC975, 0x5853, 0x384E, 0x0809, 0x080A, 0x0005, 0x0005, 0x0003, 0x1887, 
  0x522A, 0xA450, 0xD595, 0xFED8, 0xFEB7, 0xE5F5, 0xDDD5, 0xD594, 0xD594, 0xD5B4, 0xDDB5, 0xDDB4, 
  0xDDB5, 0xDDD5, 0xDDD5, 0xDDB4, 0xEE35, 0xF676, 0x93AE, 0x93CE, 0xEE97, 0xC512, 0xF6B8, 0xCD93, 
  0x8C0E, 0x4A29, 0x2989, 0x0086, 0x320D, 0x4AAF, 0x422C, 0x31E9, 0x31C9, 0x732C, 0x83EE, 0x18E7, 
  0x296D, 0x31EC, 0x0065, 0x1969, 0x29CB, 0x29CB, 0x29AB, 0x29AB, 0x29AB, 0x320D, 0x29CD, 0x08A8, 
  0x10C6, 0x2126, 0x83AD, 0xDE15, 0xEE75, 0xFFFA, 0xB450, 0x8ACC, 0xEDB4, 0x92EC, 0x82AD, 0x62AC, 
  0x72CC, 0xC514, 0xA4B3, 0x6AAC, 0xB453, 0xB472, 0x7A8C, 0xA3F1, 0x634C, 0xAC71, 0xCD94, 0x6AAB, 
  0x5A2B, 0x8BB1, 0x7B4F, 0x396A, 0x0002, 0x0864, 0x8B90, 0xBC32, 0xB3D0, 0x5A2B, 0x29CD, 0x526E, 
  0x9412, 0xB4F4, 0x39AA, 0x0004, 0x0028, 0x3A92, 0x29AD, 0x0846, 0x0024, 0x18E9, 0x0846, 0x0046, 
  0x2948, 0x62AA, 0xB491, 0xFEBA, 0xFEDA, 0xEE17, 0xBCD3, 0xCD33, 0xDD30, 0xDCCB, 0xDD0D, 0xC44D, 
  0xAB6C, 0xAB6D, 0xC46E, 0x6A48, 0x82B6, 0xF47F, 0x80D5, 0x6833, 0x6894, 0x8117, 0x88F7, 0x7895, 
  0x7874, 0xA871, 0x8072, 0x8073, 0xB051, 0x6894, 0x7894, 0xC850, 0xE06E, 0xE84E, 0xE04E, 0xD82F, 
  0xE00E, 0xF88C, 0xF8CC, 0xF8AC, 0xF8AC, 0xF88B, 0xF82A, 0xECF8, 0xD3D8, 0xF00C, 0xF80B, 0xE8EE, 
  0xFC0D, 0xFBEC, 0xFBCD, 0xFB6D, 0xFA2F, 0xF9D0, 0xF9B1, 0x89EE, 0x1A6E, 0x29CA, 0x0000, 0x31EB, 
  0x422E, 0x3A2D, 0x422E, 0x426E, 0x528F, 0x528F, 0x4A4E, 0x422D, 0x422D, 0x4A2D, 0x4A4F, 0x422E, 
  0x3A0D, 0x31EC, 0x31CB, 0x31ED, 0x29ED, 0x21AB, 0x216A, 0x298C, 0x29ED, 0x31ED, 0x2148, 0x2148, 
  0x3A0E, 0x3A2E, 0x18E6, 0x0862, 0x18E5, 0x422E, 0x3A2D, 0x31EC, 0x39EC, 0x31CB, 0x29AA, 0x2169, 
  0x2149, 0x3A2D, 0x424D, 0x2127, 0x2989, 0x39CB, 0x31EC, 0x2149, 0x2168, 0x3A0C, 0x424D, 0x424C, 
  0x426E, 0x3A4D, 0x216A, 0x220D, 0x3A6F, 0x3A2E, 0x320D, 0x29CD, 0x29CD, 0x29AB, 0x31EB, 0x3A2D, 
  0x318A, 0x3148, 0x3128, 0x20E7, 0x1887, 0x1025, 0x0805, 0x0848, 0x104A, 0x0005, 0x0003, 0x18CA, 
  0x10C9, 0x10C9, 0x18C9, 0x18CA, 0x18CA, 0x18EA, 0x190B, 0x0865, 0x0023, 0x0027, 0x0025, 0x0003, 
  0x0003, 0x0002, 0x0001, 0x0000, 0x0000, 0x0000, 0x0001, 0x1063, 0x18C5, 0x2947, 0x3168, 0x39A9, 
  0x420B, 0x4A4D, 0x526E, 0x52AF, 0x52D0, 0x52F0, 0x5AF1, 0x52B0, 0x52B1, 0x296B, 0x0866, 0x10C8, 
  0x08A7, 0x0867, 0x0847, 0x0046, 0x0005, 0x0004, 0x0004, 0x0004, 0x0004, 0x0005, 0x0004, 0x0005, 
  0x0003, 0x0003, 0x0825, 0x0847, 0x188A, 0x188A, 0x1869, 0x1869, 0x1889, 0x1869, 0x208B, 0x0024, 
  0x0002, 0x0807, 0x386F, 0x58F3, 0x8957, 0x9999, 0x9198, 0x50D1, 0x102A, 0x0009, 0x0009, 0x104A, 
  0x0848, 0x0007, 0x0008, 0x206B, 0x286D, 0x78F4, 0x9136, 0xA936, 0xA0F6, 0x5955, 0x48AF, 0x2806, 
  0x0006, 0x0007, 0x0006, 0x0004, 0x0825, 0x3969, 0x8BEF, 0xCD33, 0xFF18, 0xF656, 0xF635, 0xDD94, 
  0xDDB4, 0xDDB4, 0xD5B4, 0xD5B3, 0xD594, 0xDD94, 0xDDB4, 0xDDB5, 0xDDD5, 0xDDD5, 0xDDD5, 0xDDD5, 
  0xDDD4, 0xEDF5, 0xFFFB, 0xC533, 0xBD11, 0xAC8F, 0x4228, 0x1926, 0x0003, 0x216A, 0x4A8E, 0x424E, 
  0x2169, 0x3188, 0x3167, 0x0883, 0x426C, 0x94F5, 0x6351, 0x0867, 0x0001, 0x31CA, 0x3A4D, 0x1908, 
  0x29AB, 0x29CB, 0x29CC, 0x29CD, 0x114B, 0x0005, 0x1128, 0x52EB, 0x8C2E, 0xDE55, 0xD574, 0xD574, 
  0xE5D3, 0xE573, 0xC4F3, 0x1004, 0x5188, 0x938F, 0x3907, 0x9BF1, 0xE617, 0xBCD3, 0xFFFD, 0xC534, 
  0x0000, 0x936E, 0x3906, 0x4988, 0xFF7C, 0xE5F7, 0xCD14, 0x8B6E, 0x0863, 0x7B0D, 0x7B2D, 0xAC73, 
  0xC556, 0x5ACF, 0x0004, 0x39AA, 0x0886, 0x0002, 0x08C8, 0x7350, 0x838F, 0xB4F4, 0xD5F7, 0x49EA, 
  0x0001, 0x0003, 0x0047, 0x0866, 0x112A, 0x0087, 0x31A9, 0x5A49, 0xBCD1, 0xFE99, 0xFEFC, 0xCD34, 
  0xC4B0, 0xCCAE, 0xCC8E, 0xD4EC, 0xDD2D, 0xBC2C, 0xA36C, 0xA38D, 0xB3AD, 0xB3CE, 0xCC6E, 0x7AC9, 
  0x308F, 0x8956, 0x8033, 0x8893, 0x7893, 0x80F5, 0x90F4, 0x88B2, 0x8072, 0x8892, 0x9871, 0xA830, 
  0x8850, 0x9850, 0x8871, 0x8072, 0xA870, 0xE84E, 0xE84D, 0xE04D, 0xD82E, 0xE86C, 0xF8CA, 0xF8CA, 
  0xF8E9, 0xF8C8, 0xF847, 0xFD94, 0xFFDB, 0xE10E, 0xE00A, 0xE0AD, 0xFC6B, 0xFCC9, 0xFCEA, 0xFBEA, 
  0xFA0E, 0xFA11, 0xCA11, 0x426F, 0x4AD1, 0x4A8F, 0x3189, 0x426F, 0x424F, 0x3A0D, 0x3A2D, 0x3A4E, 
  0x424E, 0x4A4E, 0x4A4E, 0x422D, 0x420D, 0x4A2E, 0x4A2D, 0x4A4E, 0x4A4E, 0x4A4E, 0x4A4E, 0x4A2E, 
  0x420D, 0x39EC, 0x29CB, 0x29AB, 0x29AB, 0x29AB, 0x29EC, 0x31ED, 0x298C, 0x29CB, 0x424D, 0x422D, 
  0x422E, 0x320D, 0x320C, 0x31EC, 0x31ED, 0x320D, 0x39ED, 0x3A0D, 0x3A2E, 0x3A0C, 0x320C, 0x3A0C, 
  0x31CB, 0x31CB, 0x2989, 0x1928, 0x10E5, 0x2948, 0x4AAE, 0x52AF, 0x3A2C, 0x18C6, 0x3A2D, 0x3A2E, 
  0x31ED, 0x320D, 0x320D, 0x322D, 0x322D, 0x424E, 0x422E, 0x422D, 0x4A8F, 0x4A8F, 0x52B0, 0x52D0, 
  0x4A6F, 0x4A2D, 0x41EC, 0x39AC, 0x39AD, 0x294A, 0x18E7, 0x214B, 0x18C9, 0x10A9, 0x0868, 0x0868, 
  0x1088, 0x0888, 0x10C9, 0x1068, 0x110B, 0x194B, 0x190A, 0x10EA, 0x10C9, 0x10C9, 0x10C9, 0x0888, 
  0x0867, 0x0026, 0x0004, 0x0003, 0x0001, 0x0000, 0x0000, 0x0000, 0x0000, 0x0000, 0x0021, 0x1063, 
  0x18A3, 0x2105, 0x3167, 0x41C9, 0x526C, 0x318A, 0x10C9, 0x194B, 0x194A, 0x216B, 0x216A, 0x194A, 
  0x194A, 0x1109, 0x10E9, 0x10C8, 0x10A7, 0x1087, 0x0005, 0x0004, 0x0002, 0x1066, 0x18AA, 0x188A, 
  0x1069, 0x1068, 0x1069, 0x1069, 0x188A, 0x188A, 0x1069, 0x0822, 0x0002, 0x0006, 0x0007, 0x0006, 
  0x308D, 0x7936, 0x7935, 0xB1D9, 0x91D7, 0x306E, 0x4090, 0x288C, 0x208C, 0x288D, 0x50F0, 0xC219, 
  0x8178, 0x70F4, 0x8936, 0x384D, 0x300A, 0x5008, 0x0005, 0x1808, 0x2009, 0x0007, 0x0005, 0x49CA, 
  0xDDB5, 0xEE36, 0xFEF8, 0xEE35, 0xD573, 0xD5B4, 0xDD94, 0xD5B4, 0xDDB4, 0xD5B4, 0xDDB4, 0xDDB4, 
  0xD5B4, 0xDDB4, 0xDDB5, 0xDDB4, 0xDDB5, 0xD5B4, 0xE615, 0xFE77, 0xFED7, 0xF676, 0xACAF, 0x7B8D, 
  0x10C6, 0x0045, 0x10C7, 0x426D, 0x5B11, 0x39CA, 0x31A9, 0x3189, 0x4209, 0x734E, 0x62EF, 0x0864, 
  0x0024, 0x0869, 0x0004, 0x0002, 0x0001, 0x2148, 0x428F, 0x3A2C, 0x29EB, 0x320E, 0x08C8, 0x10A5, 
  0x2946, 0x7C0D, 0x9C2D, 0xFF37, 0xFF18, 0xFF9A, 0xC554, 0x59CA, 0xB3F0, 0x828C, 0x722B, 0x8BEF, 
  0x838F, 0xDE57, 0xCDD6, 0x4169, 0x72AD, 0xAC11, 0x40C8, 0x832E, 0xB512, 0xDDB5, 0xFF3B, 0x72CC, 
  0x1003, 0x9B90, 0x93D1, 0x0003, 0x6AAC, 0xFEB8, 0xF657, 0xDD96, 0xAC94, 0x39EB, 0x08A6, 0x0003, 
  0x0002, 0x420A, 0x9C30, 0xA431, 0x626D, 0x0004, 0x83B0, 0xC577, 0x5AAD, 0x3189, 0x294A, 0x2128, 
  0x4209, 0x83AE, 0xD5D6, 0xFF3C, 0xF679, 0xD577, 0xBCB1, 0xD4CD, 0xE54D, 0xE54E, 0xD4AE, 0xB3ED, 
  0xA34C, 0xAB8E, 0xABCD, 0xB3AD, 0xB3AD, 0xB3CE, 0xCC8F, 0x9B8C, 0x0005, 0x1809, 0x502D, 0x8072, 
  0x98B4, 0x8093, 0x9093, 0x9891, 0x8872, 0x6893, 0xA071, 0xB02E, 0x8850, 0xB04F, 0xA070, 0x7071, 
  0x8871, 0xC06F, 0xE02D, 0xD82D, 0xC80E, 0xD84D, 0xF8EA, 0xF927, 0xF967, 0xF987, 0xF888, 0xFCF4, 
  0xFF7B, 0xE12E, 0xE809, 0xE82B, 0xFAEA, 0xFBA9, 0xFB69, 0xFAAB, 0xF96E, 0xE96E, 0x10A5, 0x0064, 
  0x1885, 0x31AB, 0x52AF, 0x422C, 0x4A6E, 0x52AF, 0x5AAF, 0x52D0, 0x5AB1, 0x5290, 0x4A4F, 0x4A2E, 
  0x422E, 0x420E, 0x420E, 0x420D, 0x420D, 0x422D, 0x424D, 0x4A2E, 0x4A4E, 0x524E, 0x4A6E, 0x424D, 
  0x424E, 0x424E, 0x424D, 0x422D, 0x420D, 0x39EC, 0x420D, 0x424D, 0x31CB, 0x31CC, 0x3A0D, 0x31EC, 
  0x31AC, 0x29AC, 0x29CC, 0x29CC, 0x31EC, 0x31EC, 0x3A0C, 0x3A2D, 0x3A2D, 0x3A0D, 0x3A2D, 0x3A4D, 
  0x3A2D, 0x3A4C, 0x4AAE, 0x52AE, 0x2969, 0x31CB, 0x3A2D, 0x31EC, 0x320C, 0x320C, 0x31EC, 0x320C, 
  0x320C, 0x3A0D, 0x3A0D, 0x3A0D, 0x320D, 0x3A0C, 0x3A0D, 0x424D, 0x426D, 0x426E, 0x4A8E, 0x52AF, 
  0x52CF, 0x52CF, 0x52AE, 0x4A8D, 0x4A4D, 0x422D, 0x420D, 0x4A2E, 0x39AC, 0x318C, 0x318C, 0x0846, 
  0x0886, 0x10E8, 0x1108, 0x1909, 0x194A, 0x196A, 0x216B, 0x216B, 0x214B, 0x192B, 0x190B, 0x190A, 
  0x10CA, 0x10A9, 0x08A9, 0x08A8, 0x0067, 0x0025, 0x0003, 0x0002, 0x0001, 0x0001, 0x0001, 0x0000, 
  0x0000, 0x0002, 0x210A, 0x190A, 0x1129, 0x18A7, 0x10C7, 0x18E8, 0x2129, 0x214A, 0x296A, 0x29CB, 
  0x29CC, 0x218B, 0x0846, 0x0004, 0x0002, 0x1046, 0x188A, 0x1069, 0x1869, 0x1088, 0x1889, 0x18AA, 
  0x1888, 0x0824, 0x0000, 0x0001, 0x0005, 0x0006, 0x0007, 0x0007, 0x0008, 0x0007, 0x0008, 0x388E, 
  0x8155, 0x9977, 0x9997, 0x99B7, 0x7975, 0x99B8, 0x8174, 0x9154, 0x40B1, 0x0006, 0x0006, 0x0005, 
  0x0004, 0x4005, 0x1805, 0x0806, 0x1806, 0x0004, 0x2087, 0xF679, 0xEE17, 0xDDB5, 0xE5F5, 0xD593, 
  0xD593, 0xD594, 0xD5B5, 0xD594, 0xDD94, 0xDDB4, 0xD5B4, 0xD5B4, 0xDDB4, 0xD5B4, 0xDDB4, 0xDDB4, 
  0xE615, 0xFF19, 0xEE55, 0xC532, 0x62AA, 0x39E8, 0x0004, 0x0887, 0x29CC, 0x424E, 0x420B, 0x2106, 
  0x2128, 0x39AC, 0x420D, 0x62D0, 0x526F, 0x314B, 0x1869, 0x0002, 0x0000, 0x0002, 0x1084, 0x2106, 
  0x2948, 0x10E7, 0x1908, 0x31CB, 0x194A, 0x0066, 0x732B, 0xDE75, 0xEEB7, 0xFFFC, 0xFED6, 0x8AAB, 
  0xBC72, 0xCD13, 0xB472, 0x1043, 0x7AAB, 0xCDD6, 0x49A8, 0xA3F0, 0xFEB8, 0xCD53, 0xF6B9, 0x7B4E, 
  0x28E6, 0xCD55, 0x522B, 0x51CB, 0xDD97, 0xCD13, 0xBC51, 0x9BB0, 0x6B0D, 0xB491, 0xFED6, 0xC532, 
  0x5A0A, 0x8ACE, 0xB451, 0x396A, 0x10A8, 0x214A, 0x522B, 0x9BD1, 0x93D1, 0x3128, 0x62CD, 0x0825, 
  0x0004, 0x18C7, 0x398A, 0xA4D5, 0xA473, 0x49E9, 0x522A, 0x9C30, 0xDDF6, 0xFF5D, 0xF69B, 0xD576, 
  0xBC90, 0xCC6D, 0xDD2D, 0xDD6F, 0xCC8E, 0xABCD, 0xA3AD, 0xABAD, 0xABCD, 0xABCD, 0xABCD, 0xABCD, 
  0xB3CD, 0xD46F, 0xD4CE, 0x72A9, 0x0000, 0x0003, 0x1008, 0x380B, 0x800C, 0xA80E, 0x980F, 0x780D, 
  0x600E, 0x700F, 0x700D, 0x800B, 0x980E, 0x800E, 0x900E, 0x700D, 0x700E, 0x700E, 0x780D, 0x880C, 
  0x980D, 0xA00D, 0xB00B, 0xD007, 0xD807, 0xD807, 0xC807, 0xEBD4, 0xFF5B, 0xD82D, 0xF008, 0xF80A, 
  0xF006, 0xF806, 0xF806, 0xF807, 0xF80A, 0x7805, 0x8D90, 0xBDD5, 0xA532, 0x39C8, 0x0004, 0x2126, 
  0x18A3, 0x2947, 0x2947, 0x2926, 0x3167, 0x39A9, 0x4A4C, 0x524D, 0x5A6E, 0x5290, 0x5290, 0x5290, 
  0x526F, 0x4A4F, 0x422E, 0x420E, 0x420E, 0x422E, 0x422D, 0x4A2E, 0x4A4F, 0x526F, 0x526F, 0x528F, 
  0x5A8F, 0x526F, 0x526F, 0x528F, 0x524E, 0x526E, 0x526E, 0x62AF, 0x62CF, 0x528E, 0x422D, 0x39ED, 
  0x31EC, 0x31EC, 0x31EC, 0x31CC, 0x29CC, 0x31CC, 0x31CC, 0x31EC, 0x322C, 0x3A4D, 0x31CB, 0x2989, 
  0x3A2D, 0x424D, 0x320C, 0x3A0C, 0x31EC, 0x31EC, 0x320C, 0x320D, 0x3A0D, 0x3A0D, 0x320C, 0x3A0C, 
  0x3A0C, 0x3A0C, 0x3A0C, 0x3A2D, 0x3A2D, 0x3A2D, 0x3A4D, 0x3A4D, 0x3A2D, 0x3A4D, 0x3A2D, 0x3A2D, 
  0x426E, 0x4AAF, 0x5AEF, 0x39A8, 0x526E, 0x7B93, 0x526F, 0x0023, 0x0000, 0x0001, 0x0000, 0x0001, 
  0x0022, 0x0843, 0x0843, 0x1084, 0x10A6, 0x10E6, 0x1928, 0x1928, 0x194A, 0x196B, 0x218C, 0x198C, 
  0x196B, 0x196B, 0x110B, 0x10EA, 0x10EA, 0x10CA, 0x1089, 0x0888, 0x0046, 0x0045, 0x190A, 0x190B, 
  0x10C6, 0x08C9, 0x090F, 0x08CC, 0x0888, 0x0888, 0x088A, 0x1909, 0x420E, 0x192B, 0x0806, 0x0004, 
  0x0002, 0x1046, 0x1889, 0x1068, 0x1069, 0x188A, 0x186A, 0x0845, 0x0001, 0x0000, 0x0001, 0x0005, 
  0x0005, 0x0004, 0x0005, 0x0006, 0x0006, 0x0006, 0x0006, 0x0005, 0x0007, 0x100A, 0x180A, 0x7174, 
  0x9998, 0x8936, 0x40B1, 0x308F, 0x388F, 0x286D, 0x286D, 0x308E, 0x386E, 0x506C, 0x408D, 0x288D, 
  0x710B, 0x48A6, 0x20E6, 0x82EE, 0xC4D5, 0xCD35, 0xC4F3, 0xD5B4, 0xE615, 0xD5B4, 0xD5B4, 0xDDB4, 
  0xDDB4, 0xDDB4, 0xD5D4, 0xDDB4, 0xD594, 0xEE36, 0xFED8, 0xF696, 0xD593, 0x838C, 0x39A7, 0x0865, 
  0x0026, 0x194A, 0x424E, 0x39CC, 0x41AA, 0x522C, 0x72EE, 0x5249, 0x0000, 0x398D, 0x4A30, 0x1089, 
  0x0004, 0x0002, 0x0000, 0x0822, 0x18C6, 0x1907, 0x2989, 0x298A, 0x1949, 0x10E7, 0x39C9, 0x6B4C, 
  0x632C, 0xA4AE, 0xE5B2, 0xEE57, 0xFEB7, 0xE5B2, 0xFDF5, 0x2064, 0x30A5, 0x8AEC, 0x4107, 0x93CF, 
  0xD5D4, 0xF6D8, 0xEED8, 0x51C8, 0x724A, 0xA3CF, 0x40E7, 0xA40F, 0xEE97, 0xEE77, 0xFF5A, 0x9BF0, 
  0x0803, 0x9BAF, 0x93EF, 0x4168, 0xCD34, 0xFF18, 0xFE33, 0xFE77, 0x624B, 0x2885, 0x72CF, 0x10A8, 
  0x10A8, 0x4A2C, 0xBCF4, 0x834F, 0x49A9, 0x3968, 0x18C8, 0x398B, 0x7330, 0x8BB3, 0x6B0F, 0x6AED, 
  0x838D, 0x8BCE, 0xC595, 0xFF1C, 0xE619, 0xC535, 0xCCD0, 0xD4CD, 0xD4AB, 0xD48D, 0xC42E, 0xAB8D, 
  0xA36D, 0xABCE, 0xABCD, 0xB3CE, 0xABCD, 0xABCD, 0xB3EE, 0xCC6F, 0xBC4F, 0x8B6B, 0x4969, 0x1809, 
  0x1829, 0x182A, 0x288D, 0x30EE, 0x48AB, 0x810B, 0xBAAE, 0xCB90, 0xBB51, 0xC353, 0xCB54, 0xBAB3, 
  0xBA52, 0xBA52, 0xBA72, 0xB292, 0xAAD3, 0xAB34, 0xA314, 0xAAF4, 0xB2F3, 0xB2F3, 0xBAF2, 0xD2D2, 
  0xE291, 0xE290, 0xCAB0, 0xED96, 0xFF5A, 0xDBF3, 0xEAF1, 0xF311, 0xF2D0, 0xF2AE, 0xF2AE, 0xFB11, 
  0xC16A, 0x1002, 0xFFFC, 0xFFFF, 0xFFFF, 0x62ED, 0x0003, 0x2127, 0x0863, 0x0046, 0x298C, 0x10A4, 
  0x0884, 0x10E5, 0x1906, 0x18E5, 0x20E5, 0x2927, 0x2948, 0x31A9, 0x39AA, 0x41EB, 0x422D, 0x528F, 
  0x5AAF, 0x5AF0, 0x5AF0, 0x5AB0, 0x62D0, 0x5AB0, 0x5A70, 0x526F, 0x4A2F, 0x4A2E, 0x4A0E, 0x4A2E, 
  0x526F, 0x526F, 0x524E, 0x5A8F, 0x62AF, 0x62CF, 0x62AF, 0x5A8E, 0x5A8E, 0x5A8E, 0x5A8E, 0x4A4D, 
  0x422D, 0x424D, 0x424D, 0x3A0D, 0x31EC, 0x3A0C, 0x29AA, 0x298B, 0x3A4E, 0x320C, 0x320C, 0x320C, 
  0x320C, 0x320C, 0x320C, 0x320C, 0x3A0C, 0x3A0C, 0x320C, 0x322C, 0x3A0C, 0x3A0C, 0x3A2D, 0x3A2D, 
  0x3A0C, 0x3A2D, 0x3A2D, 0x3A4D, 0x3A4D, 0x424D, 0x3A2D, 0x422D, 0x3A2D, 0x4A90, 0x420C, 0x1064, 
  0x4A4D, 0x5AB0, 0x18A9, 0x0004, 0x0002, 0x0002, 0x0000, 0x0000, 0x0001, 0x0001, 0x0001, 0x0001, 
  0x0001, 0x0803, 0x0002, 0x0002, 0x0022, 0x0061, 0x00A3, 0x08A4, 0x10C6, 0x10E7, 0x1908, 0x1929, 
  0x1149, 0x196B, 0x196C, 0x194B, 0x110C, 0x1088, 0x18C8, 0x190B, 0x1085, 0x094F, 0x1219, 0x0994, 
  0x0991, 0x01B4, 0x01D9, 0x08ED, 0x1065, 0x212B, 0x0026, 0x0004, 0x0002, 0x1046, 0x188A, 0x188A, 
  0x186A, 0x0846, 0x0002, 0x0001, 0x0004, 0x0807, 0x0007, 0x0807, 0x0807, 0x0806, 0x202B, 0x284D, 
  0x388F, 0x4090, 0x388F, 0x408F, 0x386E, 0x306E, 0x386E, 0x40D0, 0x8998, 0x8158, 0x8178, 0x8198, 
  0x8198, 0x8198, 0x7998, 0x8199, 0x8978, 0xA1B9, 0x7959, 0x619A, 0xE2B8, 0xB94D, 0x5A6A, 0x8BB1, 
  0x51AA, 0x8B10, 0xCCF6, 0xCD35, 0xCD13, 0xEE16, 0xE5D5, 0xD5B4, 0xD5B4, 0xD5B4, 0xEE16, 0xF676, 
  0xFF19, 0xD593, 0x9C4F, 0x4A28, 0x2126, 0x0005, 0x1929, 0x29AB, 0x298B, 0x31AA, 0x524C, 0x6B0E, 
  0x730E, 0x5AAD, 0x524D, 0x7BD2, 0x426B, 0x0000, 0x18CA, 0x0002, 0x0000, 0x10A4, 0x2969, 0x31EA, 
  0x2149, 0x2949, 0x0046, 0x0046, 0x196A, 0x528C, 0xF696, 0xFFF9, 0xFF36, 0xFFB8, 0xE5D3, 0x620C, 
  0xC472, 0x8B2D, 0x620B, 0x732D, 0x7B6D, 0xD5D5, 0x7B4E, 0x830E, 0xC4D3, 0xABF0, 0xB492, 0x8B8E, 
  0x8B6E, 0xD574, 0x72ED, 0x6A6B, 0xBC70, 0xAC0F, 0x6A2A, 0x51C8, 0xC573, 0xF6D7, 0xFF39, 0xD592, 
  0x5187, 0x9BD0, 0xA410, 0x496A, 0x49AA, 0x6AAD, 0xA454, 0xA454, 0x7B4F, 0x39A9, 0x28C6, 0x0001, 
  0x20C6, 0x93D2, 0x9414, 0x9BF3, 0x834F, 0x626B, 0x6ACC, 0xBCF2, 0xEE78, 0xFEFA, 0xDDD7, 0xBCD2, 
  0xCCD0, 0xE570, 0xE54E, 0xD52F, 0xB42D, 0xA34C, 0xA36D, 0xABCE, 0xABCE, 0xABEE, 0xABEE, 0xABAD, 
  0xBC2F, 0xCC6F, 0xC490, 0x82EA, 0x2102, 0x0001, 0x180E, 0x4832, 0x5032, 0x48D2, 0x5215, 0x5A56, 
  0x51F4, 0x61B3, 0x92B1, 0xEDF4, 0xFF96, 0xD634, 0x7C10, 0xD597, 0xFF3B, 0xFF39, 0xFF59, 0xFF1A, 
  0xFFFB, 0xFFFE, 0xFFFD, 0xFFFD, 0xFFFD, 0xFFFD, 0xFFFE, 0xFFFE, 0xFFFE, 0xFFFD, 0xFFFD, 0xFFD9, 
  0xFEF7, 0xFFFC, 0xFFFD, 0xFFFC, 0xFFFB, 0xFFFB, 0xFFFC, 0xFFFB, 0x5B6F, 0x10E8, 0x5A69, 0x6AEB, 
  0x83AB, 0x18E6, 0x0005, 0x0004, 0x0025, 0x0046, 0x10C9, 0x10A7, 0x2A10, 0x29EE, 0x29AC, 0x216A, 
  0x1929, 0x18E7, 0x10C7, 0x0885, 0x0886, 0x10C6, 0x20E6, 0x2927, 0x2947, 0x3168, 0x3189, 0x39CA, 
  0x526C, 0x526C, 0x5ACF, 0x6B10, 0x7332, 0x7352, 0x7352, 0x6AF1, 0x62B1, 0x5A90, 0x5290, 0x526F, 
  0x524F, 0x526E, 0x526E, 0x5A8F, 0x5A8F, 0x62AF, 0x62AF, 0x62D0, 0x62CF, 0x6AF0, 0x62F0, 0x5AAF, 
  0x5A8F, 0x524E, 0x528E, 0x52AF, 0x4A4D, 0x422D, 0x422C, 0x3A0C, 0x31EC, 0x29EB, 0x29EC, 0x320C, 
  0x320C, 0x320C, 0x320C, 0x320D, 0x3A0D, 0x3A0D, 0x3A0D, 0x3A0D, 0x3A2D, 0x3A2D, 0x3A2D, 0x3A4D, 
  0x3A4D, 0x3A2D, 0x424D, 0x3A4D, 0x4AAF, 0x39CB, 0x41CC, 0x5AF0, 0x62D0, 0x2129, 0x0006, 0x0004, 
  0x0001, 0x0000, 0x0001, 0x0003, 0x0004, 0x0007, 0x0007, 0x0005, 0x0007, 0x300F, 0x280E, 0x280C, 
  0x200B, 0x1808, 0x1006, 0x0003, 0x0001, 0x0001, 0x0001, 0x0000, 0x0021, 0x0062, 0x0863, 0x0884, 
  0x1086, 0x1066, 0x10E9, 0x190A, 0x18C8, 0x0889, 0x00CB, 0x00AA, 0x00EB, 0x0151, 0x01F7, 0x00EC, 
  0x0804, 0x210C, 0x0846, 0x0004, 0x0002, 0x1066, 0x20AC, 0x1068, 0x0023, 0x0000, 0x0002, 0x0009, 
  0x0809, 0x080B, 0x080A, 0x100A, 0x100A, 0x182B, 0x60B5, 0x68D7, 0x8999, 0x91BA, 0x919A, 0x8999, 
  0x8999, 0x89B9, 0x89B9, 0x91F9, 0x38CE, 0x306F, 0x388E, 0x308E, 0x308F, 0x308E, 0x386E, 0x308F, 
  0x388F, 0x308F, 0x284E, 0x206F, 0x40D0, 0x3049, 0x3969, 0xACB6, 0x9412, 0x524B, 0x59EC, 0xB475, 
  0xBCD5, 0xC4D4, 0xD574, 0xEE16, 0xEE15, 0xFEF9, 0xDDD4, 0xBCF1, 0x62AA, 0x1905, 0x0044, 0x214A, 
  0x3A2D, 0x3A0D, 0x39EB, 0x420A, 0x62AD, 0x732F, 0x7B70, 0x632E, 0x528C, 0x2148, 0x3A0C, 0x5B10, 
  0x196B, 0x0024, 0x2909, 0x29A9, 0x2987, 0x2169, 0x29AA, 0x10E7, 0x00A8, 0x1928, 0x738F, 0x93EF, 
  0xD5B3, 0xE5F4, 0xC470, 0xE593, 0xF5F4, 0xDCD0, 0xDD32, 0x2886, 0x59EA, 0x9411, 0x20C6, 0xC4F4, 
  0xFF5A, 0xEE56, 0xFED9, 0x6A6B, 0x1804, 0x7ACD, 0x830D, 0x728A, 0xDDB5, 0xEE16, 0xFEF9, 0x6A4B, 
  0x4926, 0x9B6D, 0x93AE, 0x49C9, 0xBC51, 0xF615, 0xD512, 0xD472, 0x38C6, 0x2107, 0x6A8D, 0x7ACE, 
  0xA3D2, 0xBCD5, 0xB4B4, 0xC536, 0x9432, 0x52CE, 0x4A4B, 0x732F, 0xA454, 0x9391, 0x9BD2, 0x93AF, 
  0x6ACA, 0x8B6C, 0xF678, 0xFEBB, 0xD597, 0xAC52, 0xC46F, 0xE54E, 0xFDEF, 0xED8F, 0xBC4E, 0x9B4C, 
  0xAB8E, 0xABAD, 0xABAD, 0xABCD, 0xABCE, 0xABCE, 0xBC0E, 0xD4D1, 0xBC4F, 0x72A9, 0x3124, 0x0000, 
  0x0000, 0x0005, 0x200B, 0x182A, 0x180A, 0x302D, 0x388F, 0x384E, 0x488E, 0x588E, 0x612E, 0x728E, 
  0x8BD1, 0x52AD, 0x29CA, 0x7A4E, 0x9A12, 0xA231, 0xA272, 0xAA53, 0xBAD3, 0xB353, 0xBB52, 0xCB31, 
  0xBB31, 0xC331, 0xCB71, 0xC371, 0xC390, 0xC390, 0xBB2F, 0xEDD6, 0xFF59, 0xC412, 0xB311, 0xBB71, 
  0xBB31, 0xC2F1, 0xCAF1, 0x9B50, 0x3AAE, 0x4AAF, 0x298B, 0x214A, 0x214B, 0x21AC, 0x7BCE, 0x8BCF, 
  0x526A, 0x21AC, 0x00A7, 0x0884, 0x0067, 0x00A7, 0x1929, 0x08C9, 0x08E9, 0x110A, 0x190A, 0x216B, 
  0x214B, 0x190B, 0x18E9, 0x10A8, 0x0886, 0x0865, 0x0004, 0x0045, 0x0865, 0x0864, 0x10A5, 0x18C5, 
  0x3148, 0x3988, 0x41E9, 0x4A2B, 0x5A8D, 0x5A8D, 0x5AAE, 0x6ACF, 0x6B11, 0x6B11, 0x6B11, 0x6B11, 
  0x6AF1, 0x62CF, 0x62AF, 0x62AF, 0x628F, 0x628F, 0x628F, 0x5A8F, 0x62AF, 0x62AF, 0x62AF, 0x62AF, 
  0x6ACF, 0x62AF, 0x62AF, 0x5AAF, 0x526E, 0x526E, 0x4A4D, 0x422D, 0x3A0C, 0x3A0C, 0x39EC, 0x31CC, 
  0x29CC, 0x29CC, 0x31EC, 0x31EC, 0x3A0C, 0x3A0D, 0x3A2D, 0x3A2D, 0x3A2D, 0x424D, 0x422D, 0x424D, 
  0x420B, 0x18C6, 0x526E, 0x5AD0, 0x318B, 0x0827, 0x0008, 0x0822, 0x0000, 0x0001, 0x0003, 0x0004, 
  0x0004, 0x0005, 0x0004, 0x0807, 0x180B, 0x300F, 0x280E, 0x280D, 0x300E, 0x3011, 0x3810, 0x280D, 
  0x0807, 0x0006, 0x0806, 0x0806, 0x0005, 0x0004, 0x0002, 0x0001, 0x0000, 0x0023, 0x190B, 0x18EA, 
  0x18EA, 0x1887, 0x1066, 0x1046, 0x1067, 0x1067, 0x1088, 0x1067, 0x1089, 0x294D, 0x0846, 0x0004, 
  0x0003, 0x0824, 0x0845, 0x0001, 0x0000, 0x0004, 0x0006, 0x0006, 0x0005, 0x0007, 0x0806, 0x0806, 
  0x0806, 0x0806, 0x204B, 0x204C, 0x388E, 0x4090, 0x3890, 0x388F, 0x3890, 0x3890, 0x388F, 0x40D0, 
  0x0848, 0x0007, 0x0007, 0x0007, 0x0007, 0x0007, 0x0007, 0x0007, 0x0008, 0x0007, 0x0007, 0x0007, 
  0x0009, 0x0005, 0x3167, 0x7AD0, 0x8330, 0xAC94, 0x836F, 0x51EB, 0x82EF, 0xC4B5, 0xB452, 0xBCF3, 
  0xC533, 0x7B4C, 0x2926, 0x10C5, 0x0087, 0x21CD, 0x3AB0, 0x19EA, 0x39EA, 0x526B, 0x7370, 0x7330, 
  0x8391, 0x62CE, 0x2989, 0x1928, 0x4AAD, 0x6350, 0x5ACE, 0x3189, 0x10C8, 0x3A51, 0x29CC, 0x2988, 
  0x10C6, 0x0004, 0x0045, 0x2189, 0x7BAF, 0xC572, 0xFF98, 0xFFFA, 0xEE14, 0xFE55, 0xAC10, 0x6A0B, 
  0xBC10, 0x720A, 0x726B, 0xACD3, 0x9430, 0xEED9, 0xCDB5, 0x38C6, 0x8AED, 0xC490, 0x69A8, 0xA3CF, 
  0xB533, 0xA470, 0xF697, 0xAC70, 0x4127, 0x932E, 0x61EB, 0x2086, 0xE614, 0xFEF7, 0xFF37, 0xFF59, 
  0x4928, 0x720C, 0x724C, 0x4909, 0x622C, 0x6B0E, 0x9C52, 0xB4B4, 0xB473, 0xAC74, 0x9C53, 0x6B2F, 
  0x112A, 0x422D, 0xCD57, 0xAC54, 0xB4B4, 0xAC72, 0x9C10, 0x8BAF, 0xC555, 0xF6BB, 0xD557, 0xAC31, 
  0xBC2E, 0xD4AC, 0xFDCF, 0xFE10, 0xB40C, 0x30E5, 0x6208, 0xC44F, 0xABCD, 0xABCD, 0xABAE, 0xABAD, 
  0xBC0E, 0xCC90, 0xC490, 0x7AA9, 0x1882, 0x0000, 0x0000, 0x0002, 0x0807, 0x1809, 0x0806, 0x0005, 
  0x1008, 0x380B, 0x400A, 0x48EB, 0x59EB, 0x522C, 0x62EE, 0x6B4F, 0x734F, 0x83B0, 0xB4B2, 0xD4ED, 
  0x690B, 0x380E, 0x6810, 0x8010, 0x700F, 0x800F, 0xB80D, 0xB80B, 0xA80C, 0xC00D, 0xE00A, 0xD80A, 
  0xE009, 0xE809, 0xD808, 0xF4D5, 0xFFFA, 0xC8ED, 0xC00A, 0xA80C, 0xC00C, 0xD00A, 0xB80C, 0x412D, 
  0x42EE, 0x4AAE, 0x52CF, 0x5B11, 0x3AB1, 0x8C93, 0xFF96, 0xE654, 0xFEB4, 0x4A8D, 0x8C2F, 0xCE12, 
  0xACED, 0x6B4C, 0x198D, 0x4A07, 0x31C8, 0x1107, 0x194A, 0x08C9, 0x08A9, 0x0869, 0x10C9, 0x10EA, 
  0x08CA, 0x08A9, 0x08A9, 0x0888, 0x088A, 0x086A, 0x0028, 0x0006, 0x0005, 0x0004, 0x0004, 0x0024, 
  0x0844, 0x0884, 0x10A4, 0x20E5, 0x2947, 0x3147, 0x41A9, 0x5A4D, 0x5A6D, 0x6B10, 0x7352, 0x7332, 
  0x7351, 0x7351, 0x7331, 0x6AF1, 0x6AD0, 0x62AF, 0x5A6F, 0x524F, 0x524E, 0x5A4E, 0x5A6E, 0x5A6F, 
  0x62B0, 0x62AF, 0x6AD0, 0x6AF0, 0x6AF0, 0x62CF, 0x62CF, 0x5AAF, 0x526E, 0x526E, 0x4A6E, 0x422C, 
  0x3A0D, 0x3A0C, 0x320C, 0x320C, 0x320C, 0x3A2D, 0x4A6D, 0x31AA, 0x0844, 0x4A2D, 0x6B72, 0x31CD, 
  0x0868, 0x0808, 0x104A, 0x0004, 0x0002, 0x0004, 0x0005, 0x0005, 0x0003, 0x0002, 0x0002, 0x0003, 
  0x0004, 0x0003, 0x0003, 0x0002, 0x0003, 0x0806, 0x200B, 0x280E, 0x280E, 0x180C, 0x180D, 0x200E, 
  0x180E, 0x200F, 0x180E, 0x180C, 0x0007, 0x0846, 0x192A, 0x190A, 0x18EA, 0x18EA, 0x18EA, 0x210B, 
  0x210B, 0x210A, 0x20CA, 0x210C, 0x290C, 0x210A, 0x1066, 0x0004, 0x0002, 0x0000, 0x0001, 0x1025, 
  0x0004, 0x0005, 0x0004, 0x0003, 0x0003, 0x0003, 0x0004, 0x0005, 0x0004, 0x0003, 0x0002, 0x0004, 
  0x0008, 0x0009, 0x0008, 0x0009, 0x0009, 0x0009, 0x0009, 0x0849, 0x184A, 0x0809, 0x0809, 0x0809, 
  0x1009, 0x0809, 0x0809, 0x1009, 0x0809, 0x080A, 0x0809, 0x0809, 0x080A, 0x0005, 0x3167, 0x8B52, 
  0x6A8F, 0x6A4E, 0x9C13, 0x93F1, 0x520A, 0x51CB, 0xA413, 0xB493, 0x3967, 0x0001, 0x092A, 0x3A4E, 
  0x3A4D, 0x2148, 0x7105, 0x88A3, 0x20C5, 0x73D3, 0x6ACE, 0x39EB, 0x2108, 0x31CB, 0x52AE, 0x5AEE, 
  0x422B, 0x29AA, 0x2107, 0x1085, 0x2969, 0x2149, 0x10E8, 0x0866, 0x0067, 0x62EE, 0xB533, 0xDDF4, 
  0xFF36, 0xFEF5, 0xA38D, 0xD512, 0xCCF2, 0xC431, 0xABD0, 0x0003, 0x9B8F, 0xA3D0, 0x28C6, 0xE5D6, 
  0xEE58, 0xCCF3, 0xFED8, 0x3946, 0x1044, 0xD594, 0x72ED, 0x626B, 0xF697, 0xDDB5, 0xC4F2, 0xCD13, 
  0x49C9, 0xAC10, 0x9C10, 0x5209, 0xB450, 0xDD32, 0xCCD0, 0xC431, 0x38E9, 0x28A7, 0x7ACE, 0x7B0E, 
  0xACB4, 0xBD16, 0xB4D5, 0xA473, 0x83F2, 0x5AEF, 0x324D, 0x0909, 0x0067, 0x4A2C, 0xB4B4, 0x93F0, 
  0x93AF, 0xA430, 0xB4D4, 0xD5D9, 0xDDB7, 0xBC92, 0xBC70, 0xD4CC, 0xFDCE, 0xFDCF, 0xA3A9, 0x49A8, 
  0x18CB, 0x0007, 0x4987, 0xD48F, 0xABAD, 0xABCD, 0xBC2F, 0xCC90, 0xABED, 0x6A88, 0x18A2, 0x0000, 
  0x0000, 0x0001, 0x1006, 0x180B, 0x180B, 0x1809, 0x1829, 0x30CB, 0x516E, 0x622F, 0x5AAE, 0x6B50, 
  0x7390, 0x83D0, 0x8BAE, 0xBC6E, 0xCC8E, 0xE591, 0x7288, 0xB42A, 0xFE30, 0x924F, 0x6013, 0x7816, 
  0x8873, 0xC0B1, 0xC0F2, 0xC0F0, 0xC86F, 0xC02F, 0xC0AE, 0xB8EF, 0xD8AE, 0xD88E, 0xA80C, 0xD497, 
  0xF6BA, 0xB972, 0xB80F, 0xB8AF, 0xE0CE, 0xE84D, 0x710F, 0x3AAE, 0x4A8E, 0x52AE, 0x426E, 0x320C, 
  0x196B, 0x734C, 0xA410, 0x9BD1, 0x836F, 0x39C9, 0xFE55, 0xBCF6, 0xEE76, 0x836F, 0x6B4F, 0xEE92, 
  0xCDF2, 0xDDD1, 0x52EE, 0x8C4E, 0xA4AE, 0x6B8D, 0x4AAD, 0x29AC, 0x294A, 0x10AA, 0x0889, 0x1909, 
  0x0067, 0x0887, 0x10A9, 0x10C9, 0x10C9, 0x10A9, 0x08AA, 0x08A9, 0x0888, 0x0088, 0x0068, 0x0046, 
  0x0025, 0x0044, 0x0024, 0x0064, 0x0044, 0x18C6, 0x2127, 0x2128, 0x39AA, 0x4A4C, 0x4A4C, 0x62CF, 
  0x6AEF, 0x62F0, 0x62AF, 0x62CF, 0x6AF0, 0x6AF0, 0x6B11, 0x7331, 0x7332, 0x7311, 0x7311, 0x7B32, 
  0x7310, 0x7310, 0x7310, 0x7331, 0x7310, 0x7B51, 0x7B51, 0x7B30, 0x7310, 0x6AEF, 0x6ACF, 0x62CF, 
  0x424D, 0x424D, 0x424D, 0x422C, 0x422D, 0x5AAF, 0x3A0D, 0x10C9, 0x0827, 0x1029, 0x0805, 0x0004, 
  0x180C, 0x180D, 0x180C, 0x180D, 0x180C, 0x100A, 0x1009, 0x1008, 0x0807, 0x0827, 0x0004, 0x0002, 
  0x0002, 0x0001, 0x0002, 0x0806, 0x1008, 0x1008, 0x1028, 0x1007, 0x1009, 0x180B, 0x180C, 0x200D, 
  0x180E, 0x186C, 0x212B, 0x192B, 0x212B, 0x210B, 0x210B, 0x190B, 0x20EB, 0x18EB, 0x20EC, 0x18CA, 
  0x1065, 0x0823, 0x0846, 0x0006, 0x0022, 0x0003, 0x180B, 0x3030, 0x100A, 0x0002, 0x0003, 0x0006, 
  0x0006, 0x0003, 0x0006, 0x080A, 0x0005, 0x0003, 0x0005, 0x0808, 0x100B, 0x100A, 0x102B, 0x180B, 
  0x100B, 0x102B, 0x100B, 0x186B, 0x1049, 0x0809, 0x0809, 0x0809, 0x0809, 0x0809, 0x0809, 0x0809, 
  0x0809, 0x0809, 0x180B, 0x100B, 0x0809, 0x0004, 0x3147, 0x8352, 0x72D0, 0x72D0, 0x6A6E, 0x7AF0, 
  0xA433, 0x6AAD, 0x41C9, 0x5A4B, 0xB434, 0x8370, 0x29EB, 0x29EC, 0x1128, 0x0800, 0xC840, 0xC8A1, 
  0x2023, 0x08E7, 0x10C7, 0x3A2C, 0x3A6E, 0x31EB, 0x3A2C, 0x3A2B, 0x10E7, 0x08A6, 0x1907, 0x2126, 
  0x3189, 0x39CA, 0x4A2B, 0x838F, 0xBD51, 0xDD92, 0xFFBA, 0xEE15, 0xF635, 0xF697, 0x622B, 0x40C5, 
  0x92ED, 0x3046, 0x7AAD, 0xCE16, 0xB4D3, 0xF678, 0xBD13, 0x3086, 0x9B8F, 0x82CC, 0x4928, 0xCDB5, 
  0xC5B4, 0xD5F5, 0xFF9A, 0x8B8E, 0x1803, 0xCCD1, 0x4107, 0x2886, 0xFEF9, 0xF6B8, 0xFF18, 0xEE55, 
  0x3927, 0x826E, 0x7A6C, 0x496A, 0x624D, 0x7B4F, 0xA473, 0xB4B4, 0xAC94, 0xAC74, 0x8C13, 0x5ACF, 
  0x29CC, 0x094A, 0x00A8, 0x39CB, 0x7B50, 0xAC94, 0x93F1, 0x8BD0, 0xACB4, 0xC537, 0xBCF5, 0xBC70, 
  0xC46D, 0xD4AB, 0xDD0C, 0xDD4F, 0x9B6A, 0x4186, 0x10A7, 0x0008, 0x0008, 0x0007, 0x3967, 0xCC6F, 
  0xBC2E, 0xCC70, 0xABCD, 0x6A68, 0x1082, 0x0000, 0x0000, 0x0001, 0x0005, 0x1009, 0x280C, 0x302B, 
  0x310C, 0x49ED, 0x52B0, 0x62F0, 0x6B2F, 0x7B6F, 0x83CF, 0xA42F, 0xC4CF, 0xC48E, 0xBC0B, 0xCC6D, 
  0xC46D, 0x7AA8, 0xA40D, 0x38E4, 0x9B4A, 0xFED0, 0xABAF, 0x4013, 0x7016, 0xA913, 0x8915, 0xA933, 
  0xA8D0, 0x8091, 0x80D0, 0xA8D0, 0xA0F0, 0x88B2, 0x806F, 0xAB97, 0xCCFD, 0x8135, 0x7012, 0xA952, 
  0xA8B2, 0x9092, 0x424F, 0x428E, 0x4A6E, 0x3A2D, 0x732E, 0x732C, 0x632E, 0x0865, 0x0001, 0x28E6, 
  0x0001, 0x0842, 0x628B, 0x398A, 0x6A8C, 0x0803, 0xAC6F, 0xBD35, 0xBD56, 0x93AE, 0x62CA, 0xFFB2, 
  0xC5CF, 0xEE70, 0x8BAF, 0x942E, 0xE6B0, 0xBD50, 0x8C30, 0x528E, 0x6B6C, 0x62EC, 0x2989, 0x29CB, 
  0x10EA, 0x0027, 0x0067, 0x0888, 0x10C8, 0x10C8, 0x10C9, 0x10E9, 0x10EA, 0x10EA, 0x10EA, 0x10E9, 
  0x08C8, 0x08A7, 0x0067, 0x0046, 0x0026, 0x0025, 0x0047, 0x0004, 0x1907, 0x212A, 0x20E6, 0x3966, 
  0x2106, 0x2106, 0x2927, 0x3147, 0x3168, 0x39AA, 0x41CB, 0x4A2C, 0x6B0F, 0x83B2, 0x83B3, 0x83B3, 
  0x8BD3, 0x93D4, 0x93D3, 0x93D3, 0x9392, 0x8B92, 0x8351, 0x8B51, 0x8351, 0x7B51, 0x7351, 0x7B51, 
  0x83B2, 0x52AF, 0x192A, 0x1027, 0x1049, 0x0005, 0x41C6, 0x2968, 0x100D, 0x200F, 0x200F, 0x200F, 
  0x280F, 0x200E, 0x200E, 0x280E, 0x200E, 0x180D, 0x100B, 0x100A, 0x180B, 0x0808, 0x0026, 0x0006, 
  0x0004, 0x0004, 0x0003, 0x0001, 0x0000, 0x0001, 0x0003, 0x0004, 0x0806, 0x0805, 0x0843, 0x0864, 
  0x1085, 0x10A7, 0x18A8, 0x18C9, 0x20EB, 0x210C, 0x290D, 0x1087, 0x0825, 0x1889, 0x0846, 0x0002, 
  0x0003, 0x0005, 0x202E, 0x5054, 0x5850, 0x404B, 0x0025, 0x0003, 0x0004, 0x0002, 0x0004, 0x0005, 
  0x0004, 0x0026, 0x100A, 0x100B, 0x100B, 0x100B, 0x100A, 0x280C, 0x182B, 0x100A, 0x100B, 0x186B, 
  0x186A, 0x0809, 0x0809, 0x0809, 0x0809, 0x0809, 0x0809, 0x0809, 0x0809, 0x0809, 0x280C, 0x200B, 
  0x0809, 0x0004, 0x3147, 0x8332, 0x72D0, 0x72D0, 0x72D0, 0x6AAF, 0x6A6F, 0x8B52, 0x8B70, 0x28C6, 
  0xA3D3, 0xDD97, 0x8BD0, 0x216A, 0x192A, 0x0823, 0x1048, 0x00B4, 0x3952, 0x1001, 0x0022, 0x1929, 
  0x4A6D, 0x298A, 0x0886, 0x10A6, 0x2128, 0x1949, 0x216A, 0x422C, 0x630F, 0xACD3, 0xF717, 0xFEF6, 
  0xFFFA, 0xBCD0, 0x8AEE, 0xE575, 0xB3F1, 0xB3B1, 0x7B0E, 0x20E5, 0xC4F2, 0x730D, 0x3106, 0xE5B6, 
  0xDDB6, 0xB471, 0xCCD3, 0x20C7, 0x622B, 0xBD55, 0x4A4B, 0xA3F0, 0xFE57, 0xB42F, 0xA3AF, 0x9BD0, 
  0x5A2A, 0xDD92, 0xB4B1, 0x62AC, 0xA3F0, 0xD574, 0xC4B1, 0x936C, 0x1024, 0x412A, 0x72EF, 0x7B70, 
  0xA453, 0xAC93, 0xA494, 0xA494, 0x83D2, 0x5A8F, 0x31CC, 0x114B, 0x00E9, 0x3169, 0x7AED, 0xA431, 
  0xA431, 0x9BD1, 0xB4B5, 0xCD98, 0xC536, 0xC4B0, 0xCCCD, 0xDCEC, 0xDD0D, 0xC40D, 0xB3AC, 0xAB8B, 
  0x20E6, 0x006A, 0x084B, 0x0006, 0x0001, 0x0002, 0x82EC, 0xED71, 0x9B6C, 0x5A07, 0x0861, 0x0000, 
  0x0000, 0x0001, 0x0001, 0x0845, 0x1048, 0x496F, 0x5A10, 0x524F, 0x5B0F, 0x738F, 0x8BF1, 0xA3EF, 
  0xA3CD, 0xC46E, 0xE4AE, 0xBC0C, 0xA38A, 0xD4AE, 0xC42D, 0x6206, 0xAC2D, 0x7287, 0x7AA9, 0xB42E, 
  0x40E4, 0x8AE7, 0xFE2D, 0xBC4C, 0x60CF, 0x6814, 0x90D4, 0x88D3, 0x7893, 0x8870, 0xA0AF, 0xA0B0, 
  0x98D1, 0x7871, 0xA010, 0xCB36, 0xF4B7, 0x88F3, 0x8011, 0x88B2, 0x8893, 0x6171, 0x3A8D, 0x426E, 
  0x3A2D, 0x6331, 0xCD75, 0xA492, 0xBD77, 0x0043, 0x2924, 0x730D, 0x730D, 0x39A8, 0x0000, 0x3965, 
  0x41A7, 0x3125, 0x2906, 0x20E7, 0x49EA, 0x0001, 0x49C8, 0xCD74, 0x7350, 0xAB8E, 0x4928, 0xF673, 
  0xCDD2, 0xD5F4, 0xCD51, 0x6ACC, 0xFF12, 0xCDD2, 0xDDF2, 0x734B, 0x426A, 0x9C8D, 0x738C, 0x52CB, 
  0x21ED, 0x1109, 0x10E8, 0x00A9, 0x1109, 0x1929, 0x10C8, 0x18E8, 0x1908, 0x1909, 0x192A, 0x190A, 
  0x190B, 0x18EA, 0x18EB, 0x0004, 0x1929, 0x0006, 0x10C6, 0x42D0, 0x628D, 0x5A2B, 0x49A8, 0x41A8, 
  0x3146, 0x3125, 0x2105, 0x18C4, 0x3126, 0x39A7, 0x2967, 0x2926, 0x3168, 0x39A9, 0x39EA, 0x4A0A, 
  0x628C, 0x730E, 0x7B30, 0x8371, 0x93B2, 0xA414, 0xA435, 0x9C14, 0x8BD2, 0x31CC, 0x0868, 0x1028, 
  0x0007, 0x3125, 0x8BEF, 0x1087, 0x100B, 0x200E, 0x180D, 0x180D, 0x180D, 0x280E, 0x200D, 0x1009, 
  0x0809, 0x080A, 0x080A, 0x182B, 0x200E, 0x180B, 0x080B, 0x100C, 0x180D, 0x180D, 0x202F, 0x102A, 
  0x0005, 0x0005, 0x0006, 0x0003, 0x0003, 0x0003, 0x0001, 0x0000, 0x0000, 0x0000, 0x0000, 0x0001, 
  0x0021, 0x0022, 0x0843, 0x0844, 0x0845, 0x1045, 0x0022, 0x0003, 0x0008, 0x0007, 0x0005, 0x404C, 
  0x8093, 0x98B6, 0x60B1, 0x1868, 0x0004, 0x0005, 0x0006, 0x0007, 0x0828, 0x100A, 0x180C, 0x100B, 
  0x180A, 0x180A, 0x102A, 0x180A, 0x100A, 0x100A, 0x100A, 0x186B, 0x186A, 0x0809, 0x0809, 0x0809, 
  0x0809, 0x0808, 0x0809, 0x0809, 0x0809, 0x1008, 0x1009, 0x080A, 0x080A, 0x0005, 0x3147, 0x8332, 
  0x72D0, 0x72D0, 0x72D0, 0x72D0, 0x72CF, 0x6A8F, 0x7B11, 0x9BF2, 0x51CB, 0xCCD5, 0xF5F8, 0x7B0F, 
  0x214A, 0x10A6, 0x08CF, 0x111C, 0x0050, 0x0864, 0x2149, 0x298B, 0x0865, 0x18E6, 0x3148, 0x39CC, 
  0x29AD, 0x522B, 0x934B, 0x9B6B, 0x834D, 0xCD54, 0xFEB6, 0xF634, 0xFE94, 0xBC91, 0x0805, 0x8ACD, 
  0x9AEE, 0x3887, 0xAC72, 0xF6FA, 0xD5F6, 0xFF1A, 0xAC72, 0x2003, 0x932D, 0x6A0A, 0x4968, 0xDE37, 
  0xC555, 0xEEBA, 0xFFDD, 0x2085, 0x3885, 0xB430, 0x2005, 0x624C, 0xFFFB, 0xFEB5, 0xFF17, 0xE5F5, 
  0x4948, 0x932E, 0x61CA, 0x622B, 0x730E, 0x8370, 0xA474, 0xA454, 0xAC73, 0x9C54, 0x7371, 0x426D, 
  0x218B, 0x08C9, 0x08E9, 0x298B, 0x7B50, 0xAC52, 0xAC91, 0x9C11, 0xA493, 0xCD58, 0xCCF5, 0xC4AF, 
  0xDCEE, 0xE52D, 0xDD0D, 0xBC0D, 0xA36C, 0xABAD, 0xB3CD, 0xC42C, 0x3989, 0x000A, 0x0003, 0x0002, 
  0x628A, 0xDD73, 0xE573, 0x6247, 0x0000, 0x0000, 0x0000, 0x0000, 0x0021, 0x18A4, 0x39AB, 0x524E, 
  0x5AAF, 0x6310, 0x83D1, 0x8BAF, 0xA40F, 0xD4F0, 0xABCB, 0xCBEC, 0xD46E, 0x82A8, 0xCC2D, 0xC42D, 
  0x59E6, 0x9B8B, 0xE530, 0xABAB, 0x6A26, 0xC4AD, 0x9328, 0x8286, 0xBC4D, 0x6205, 0xDCEC, 0xFECE, 
  0xE54F, 0x80B2, 0x8055, 0x88F4, 0x80F4, 0xA091, 0x90B1, 0x68B3, 0x80B1, 0xA090, 0x6811, 0xD373, 
  0xFCAD, 0x9112, 0x7053, 0xA832, 0xA091, 0x426E, 0x326D, 0x424E, 0x3A2E, 0x4A6C, 0x7B8F, 0x7B90, 
  0x526B, 0x20E5, 0xF698, 0xB4F7, 0xE65C, 0x422C, 0x3125, 0xB494, 0xA494, 0xACF5, 0x0002, 0x3945, 
  0x5209, 0x522A, 0x314A, 0x0004, 0x3147, 0x1846, 0x0803, 0x72EE, 0x41AD, 0x8351, 0x28C6, 0x6289, 
  0xD597, 0x9435, 0xD554, 0x5A07, 0xDDF2, 0xF695, 0xD5D3, 0xDDD0, 0x52CF, 0xBD4E, 0xD5D0, 0xA4CF, 
  0x6B2F, 0x31CC, 0x31A9, 0x10E8, 0x0886, 0x1907, 0x08A6, 0x08A7, 0x10C8, 0x1908, 0x18C6, 0x296A, 
  0x296C, 0x0824, 0x0066, 0x0A31, 0x52D0, 0x62F0, 0x62F1, 0x6B32, 0x7393, 0x7373, 0x6B51, 0x6B30, 
  0x5AAE, 0x522C, 0x49EB, 0x41A9, 0x2926, 0x20C5, 0x18A4, 0x1084, 0x10A3, 0x10A3, 0x31A8, 0x31A8, 
  0x31A9, 0x41EA, 0x5A4C, 0x72F0, 0x62AE, 0x0005, 0x0828, 0x0808, 0x0803, 0x8BAF, 0x292C, 0x0004, 
  0x0809, 0x180D, 0x180D, 0x100B, 0x100A, 0x2830, 0x3031, 0x0008, 0x0809, 0x080A, 0x0809, 0x0809, 
  0x180C, 0x180B, 0x0008, 0x100B, 0x200D, 0x080A, 0x282F, 0x3053, 0x100B, 0x0008, 0x0009, 0x0008, 
  0x0009, 0x0008, 0x0008, 0x0007, 0x0006, 0x0004, 0x0004, 0x0005, 0x0805, 0x0003, 0x0002, 0x0002, 
  0x0000, 0x0001, 0x0003, 0x0006, 0x0007, 0x0005, 0x0004, 0x0003, 0x2027, 0x7915, 0x9179, 0x8197, 
  0x204C, 0x0007, 0x100A, 0x180C, 0x100B, 0x100A, 0x100A, 0x102A, 0x180A, 0x300B, 0x180A, 0x100A, 
  0x100A, 0x100A, 0x100A, 0x186B, 0x186A, 0x0809, 0x0809, 0x0809, 0x0809, 0x0808, 0x0809, 0x0809, 
  0x1009, 0x0809, 0x0809, 0x0809, 0x080B, 0x0005, 0x3147, 0x8352, 0x72D0, 0x72D0, 0x72D0, 0x72B0, 
  0x72D0, 0x6AD0, 0x6A8F, 0x9BF4, 0x93B1, 0x4147, 0xE5F7, 0xDD77, 0x522D, 0x10A9, 0x212A, 0x0886, 
  0x18EA, 0x110A, 0x31CC, 0x10C7, 0x3189, 0x626C, 0x5AAF, 0x5A8D, 0x9B69, 0xDC46, 0xFD47, 0xFD8A, 
  0xF54B, 0x828B, 0xAB90, 0xCC71, 0x930E, 0x9350, 0x2968, 0x72EC, 0xF6F8, 0x736C, 0x41A7, 0xDD54, 
  0xCD33, 0xB411, 0xA3F1, 0x2946, 0x62AB, 0xD596, 0x628B, 0x9B90, 0xCD13, 0xB3F0, 0xC472, 0x4208, 
  0x5AAA, 0xF739, 0xB512, 0x624A, 0xB3AF, 0xDD73, 0xC491, 0x8AEC, 0x2885, 0x622B, 0x72EF, 0x93F2, 
  0xAC94, 0xAC73, 0xA473, 0x9C53, 0x7330, 0x424E, 0x21AB, 0x00E8, 0x00A7, 0x3A0C, 0x8BD1, 0xAC31, 
  0xA3F1, 0x9C10, 0xAC93, 0xD578, 0xDDB6, 0xC48F, 0xDCED, 0xDCCB, 0xD4AD, 0xBBAC, 0xAB4C, 0xAB8C, 
  0xB3CC, 0xB3CD, 0xB3CD, 0xC44E, 0x18A5, 0x0003, 0x72AA, 0xE572, 0xE594, 0x832B, 0x0000, 0x0000, 
  0x0000, 0x1084, 0x3147, 0x2928, 0x52AF, 0x5AD0, 0x7372, 0x6AEF, 0x93D1, 0xAC0F, 0x9B6A, 0xB3CB, 
  0xCC2C, 0xCC4D, 0xA36A, 0x5985, 0xCC2D, 0xBC0D, 0x6A07, 0xB3CB, 0xE4EF, 0x7227, 0x82C8, 0xDD10, 
  0xC46E, 0x8AE8, 0xED4F, 0xD48C, 0xE530, 0xEDB3, 0xC48E, 0xA3CA, 0x8B68, 0x30E8, 0x6832, 0x88D4, 
  0x80B4, 0x8094, 0x78B4, 0x78B2, 0x88D1, 0x88D2, 0x7031, 0xE3D0, 0xFD4B, 0x9112, 0x7054, 0xA853, 
  0x716F, 0x2A8C, 0x422D, 0x424E, 0x4AB0, 0x1905, 0x0000, 0x20E4, 0x0001, 0x18A4, 0x7B4D, 0x6ACD, 
  0x5A8E, 0x0000, 0x8B6D, 0xA454, 0xACF6, 0x5290, 0x28E5, 0xE5D3, 0xA4D4, 0xD639, 0x214A, 0x28E2, 
  0x9C4E, 0x732B, 0x62CC, 0x0000, 0x10A3, 0x49CA, 0x0824, 0x20C4, 0x3968, 0x316A, 0x30C8, 0x1864, 
  0xB4B3, 0x7314, 0xA456, 0x624B, 0x6ACA, 0xFF58, 0xAD34, 0xF694, 0x8BD0, 0x8C4F, 0xDE50, 0xA4CF, 
  0xA491, 0x52CF, 0x5B0E, 0x6B4E, 0x424B, 0x3A0A, 0x31EA, 0x31AD, 0x212A, 0x10A6, 0x08A6, 0x10C5, 
  0x08A5, 0x0885, 0x08A6, 0x08C6, 0x10E7, 0x10E8, 0x2108, 0x216A, 0x3A0E, 0x4A90, 0x52D1, 0x6B32, 
  0x6B73, 0x7352, 0x7372, 0x7352, 0x6B32, 0x526E, 0x29A9, 0x0043, 0x00A9, 0x00A8, 0x29C9, 0x3168, 
  0x10A8, 0x0002, 0x102A, 0x0003, 0x832B, 0x522E, 0x0006, 0x0004, 0x0007, 0x100B, 0x200C, 0x080A, 
  0x0808, 0x100B, 0x102B, 0x0809, 0x0809, 0x080B, 0x0809, 0x0809, 0x0809, 0x0809, 0x0008, 0x0809, 
  0x1009, 0x0007, 0x0809, 0x2811, 0x2030, 0x0809, 0x0005, 0x0809, 0x100B, 0x0007, 0x0008, 0x0809, 
  0x0808, 0x0008, 0x0008, 0x0008, 0x200D, 0x3010, 0x280F, 0x180C, 0x0808, 0x0809, 0x0809, 0x0807, 
  0x0004, 0x0004, 0x0004, 0x0003, 0x0003, 0x188A, 0x5154, 0x8158, 0x6915, 0x48B0, 0x1009, 0x0809, 
  0x100B, 0x180A, 0x100A, 0x100A, 0x180A, 0x180B, 0x100A, 0x100A, 0x100A, 0x100A, 0x100A, 0x184B, 
  0x186A, 0x0809, 0x0809, 0x0808, 0x0809, 0x0808, 0x0809, 0x0808, 0x0808, 0x0809, 0x0809, 0x0809, 
  0x102B, 0x0005, 0x3146, 0x8332, 0x72D0, 0x72D0, 0x72D0, 0x6AD0, 0x72B0, 0x72D0, 0x72D0, 0x5A4E, 
  0x93D3, 0x7B4D, 0x832C, 0xEE19, 0x8B93, 0x0846, 0x08C7, 0x2169, 0x2948, 0x41AA, 0x5A6C, 0x8390, 
  0x93B2, 0x6B10, 0x2949, 0xA2E6, 0xFE49, 0xFDC8, 0xFD48, 0xFCE7, 0xFCA5, 0x6962, 0x20A7, 0x92ED, 
  0x1045, 0x59EC, 0xFEF9, 0xCD94, 0xE616, 0xFF7A, 0x51E9, 0x2863, 0xABD0, 0x0803, 0x620A, 0xFED8, 
  0xDE16, 0xF698, 0xCD96, 0x0001, 0x61A8, 0x8ACC, 0x0803, 0xC514, 0xFF18, 0xE614, 0xFE56, 0xC4F2, 
  0x4949, 0xA34F, 0x724B, 0x620A, 0x7B0F, 0x8BF1, 0xB4B4, 0xAC73, 0xAC53, 0x9413, 0x632F, 0x428E, 
  0x196B, 0x00C9, 0x08A7, 0x41EC, 0x834F, 0x9431, 0x9C10, 0xB4B3, 0xC515, 0xC536, 0xBCB3, 0xC4B0, 
  0xDD4F, 0xED8F, 0xDCEE, 0xB3CD, 0xA34C, 0xABAD, 0xB3AD, 0xB3CD, 0xB3CD, 0xB3CC, 0xB3CC, 0xCC2E, 
  0xA3AC, 0xAC4E, 0xBCB0, 0x6268, 0x1861, 0x0001, 0x2104, 0x41CA, 0x5A8F, 0x5A90, 0x6AF2, 0x6AF1, 
  0x7B30, 0x8B4E, 0x936C, 0xAC0D, 0x932A, 0xB3CB, 0xB3CB, 0x59E7, 0x92EA, 0x7A67, 0xD48E, 0xA38B, 
  0x59C5, 0xCC6D, 0xCC8E, 0x5A06, 0x8AE8, 0xCC6E, 0x8B49, 0xB44D, 0xFDD3, 0xDD32, 0xC490, 0xB44F, 
  0x72AB, 0x4188, 0x20C5, 0x1085, 0x2128, 0x52AD, 0x6A8F, 0x60CF, 0x8094, 0x78B4, 0x70B4, 0x80D3, 
  0x78D3, 0x68D4, 0x7072, 0xDBB2, 0xFD50, 0x8933, 0x7815, 0x70F2, 0x3A4D, 0x3A4D, 0x424D, 0x3A2D, 
  0x4AD0, 0x3ACF, 0x836D, 0xAC4F, 0x7B91, 0x7B70, 0x0000, 0x4185, 0x49E8, 0x2904, 0x0822, 0x2925, 
  0x3987, 0x0001, 0x4186, 0x9C71, 0x6BB0, 0x5B10, 0x0004, 0xDDD3, 0xCDF7, 0xE697, 0x7B91, 0x0840, 
  0x9C2D, 0x6AEF, 0xA493, 0x10E8, 0x0000, 0x72C9, 0x41EA, 0x39CB, 0x0025, 0x1044, 0x3949, 0x0000, 
  0x28E3, 0x83B1, 0x4AB0, 0x7310, 0x1044, 0xBCCF, 0xCD53, 0xCD55, 0xCD11, 0x528C, 0xFE94, 0xD592, 
  0xDDF5, 0x9410, 0x3A10, 0x6B0E, 0x734D, 0x6B2F, 0x630E, 0x528D, 0x3A0C, 0x39CB, 0x398A, 0x3169, 
  0x1128, 0x08E7, 0x10C6, 0x0885, 0x0884, 0x10C5, 0x10C5, 0x10C6, 0x10E7, 0x1928, 0x1969, 0x29AC, 
  0x422E, 0x428F, 0x320B, 0x3821, 0x5864, 0x4084, 0x4165, 0x2148, 0x10CA, 0x0004, 0x0004, 0x5A47, 
  0x8371, 0x0007, 0x0846, 0x0022, 0x0808, 0x100B, 0x100A, 0x0809, 0x0809, 0x0808, 0x0808, 0x0809, 
  0x0809, 0x0809, 0x0809, 0x0809, 0x0808, 0x0008, 0x0809, 0x0808, 0x0007, 0x0807, 0x0007, 0x080A, 
  0x2850, 0x204E, 0x0005, 0x0007, 0x0808, 0x0007, 0x0007, 0x0808, 0x0007, 0x0807, 0x1008, 0x0807, 
  0x0808, 0x200E, 0x3812, 0x300F, 0x280E, 0x280F, 0x280F, 0x280D, 0x1829, 0x0808, 0x1009, 0x1009, 
  0x0808, 0x0005, 0x0007, 0x7975, 0xBA1B, 0xA9DA, 0x48D0, 0x0809, 0x080A, 0x100A, 0x100A, 0x100A, 
  0x100A, 0x080A, 0x100A, 0x180A, 0x100A, 0x100A, 0x100A, 0x186B, 0x184A, 0x0809, 0x0809, 0x0808, 
  0x0809, 0x0809, 0x0809, 0x0808, 0x0808, 0x0809, 0x0809, 0x0809, 0x0009, 0x1007, 0x828F, 0x8332, 
  0x72B0, 0x72D0, 0x72D0, 0x72D0, 0x72D0, 0x72B0, 0x72AF, 0x72D0, 0x624F, 0xAC54, 0xAC71, 0x8B6F, 
  0x8310, 0x0802, 0x18C5, 0x4A2D, 0x6ACE, 0x93B2, 0x9BD2, 0x93D2, 0x93D1, 0x5A6D, 0x6A6D, 0x8228, 
  0xDBE6, 0xFD07, 0xFC45, 0xDA80, 0xA100, 0x7A48, 0x4A8C, 0x9BEE, 0xB511, 0x4169, 0x8AAF, 0xCCF2, 
  0xB3CF, 0x932E, 0x62AC, 0x4A6A, 0xD5D6, 0x7BCE, 0x4947, 0xAB8F, 0xC4D3, 0x938F, 0x936F, 0x734D, 
  0x9C91, 0xEEB8, 0x7BAE, 0x4106, 0xABCF, 0xDD74, 0x932E, 0x61A9, 0x20A6, 0x6A6C, 0x72AD, 0x93D1, 
  0xACB5, 0xA473, 0xAC53, 0x9C11, 0x630F, 0x324D, 0x11AA, 0x0129, 0x10E8, 0x422B, 0x834F, 0xA432, 
  0x9BF1, 0x8BF1, 0xB4F5, 0xD5B7, 0xC4D3, 0xCCAF, 0xD52E, 0xEDCF, 0xDCEE, 0xBBCD, 0xAB6C, 0xB3AD, 
  0xB3CD, 0xB3CD, 0xB3CC, 0xBBCD, 0xBBED, 0xC44E, 0xC42D, 0x9B09, 0xBC0D, 0x7B0B, 0x20E5, 0x18A5, 
  0x4A4C, 0x6AF1, 0x6B33, 0x6B12, 0x72F1, 0x7B30, 0x8B2D, 0xA38C, 0xABAC, 0xB3AB, 0xAB8B, 0xC42D, 
  0x6227, 0x4124, 0xC44E, 0xB40E, 0x61E7, 0x82C9, 0x9309, 0xCC6E, 0x9BAB, 0x5184, 0xB3EB, 0xD4AE, 
  0x82C8, 0xD510, 0xDD71, 0xBC6D, 0x7AEA, 0x49E9, 0x2108, 0x08A6, 0x0066, 0x3A0D, 0x528F, 0x6B31, 
  0x83D4, 0x72D0, 0x5AAC, 0x420B, 0x6851, 0x8095, 0x70B3, 0x78B4, 0x80B3, 0x78B3, 0x6872, 0xCB56, 
  0xFC57, 0x88D5, 0x7034, 0x49EF, 0x326C, 0x422D, 0x428E, 0x31CA, 0x10C6, 0x19CC, 0x9C72, 0x9C72, 
  0xA4B5, 0x420B, 0x41C8, 0xDD75, 0xC4F2, 0x9474, 0x0045, 0x7B0B, 0x51E9, 0x62CD, 0x0003, 0x1021, 
  0x5A09, 0x0865, 0x1084, 0x6AEB, 0x528B, 0x83F1, 0x0003, 0x5AA9, 0xCD95, 0x93F3, 0x9433, 0x0004, 
  0x9BCD, 0xDDD6, 0xA4D4, 0xA4F6, 0x0000, 0x2903, 0x830C, 0x5AAB, 0x2128, 0x0000, 0x2944, 0x2907, 
  0x0002, 0x41EA, 0x4A0D, 0x6ACD, 0x28C4, 0x3967, 0xDDB6, 0x8B72, 0xD577, 0x41AA, 0x528C, 0xFE30, 
  0xED8E, 0xEDB0, 0xD52F, 0x62EE, 0x3A4E, 0x424E, 0x4A8F, 0x426F, 0x6A8B, 0x62EF, 0x42D0, 0x4AD0, 
  0x322C, 0x29CA, 0x29AB, 0x2968, 0x2127, 0x10C5, 0x0884, 0x0863, 0x0043, 0x0064, 0x0864, 0x2001, 
  0x3002, 0x3022, 0x1000, 0x1086, 0x210B, 0x0003, 0x18C4, 0x734E, 0x0829, 0x0006, 0x0824, 0x1046, 
  0x0809, 0x080A, 0x100A, 0x100A, 0x0009, 0x1009, 0x100A, 0x0008, 0x0008, 0x0007, 0x0006, 0x0007, 
  0x100A, 0x180A, 0x0007, 0x0808, 0x1809, 0x0007, 0x0007, 0x0007, 0x100A, 0x3031, 0x282E, 0x0006, 
  0x0006, 0x0007, 0x0007, 0x0007, 0x0007, 0x0808, 0x1008, 0x0808, 0x0007, 0x0808, 0x200E, 0x300F, 
  0x200E, 0x200D, 0x200D, 0x200C, 0x180C, 0x100C, 0x4810, 0x380E, 0x0809, 0x080B, 0x180A, 0x1809, 
  0x6112, 0xB1FB, 0xA199, 0x7134, 0x208D, 0x0009, 0x100A, 0x100A, 0x100A, 0x100A, 0x100A, 0x100A, 
  0x100A, 0x100A, 0x100A, 0x184B, 0x1069, 0x0809, 0x0808, 0x0808, 0x0809, 0x0809, 0x0809, 0x0808, 
  0x0809, 0x0809, 0x0809, 0x0809, 0x0009, 0x080A, 0x6A52, 0x8332, 0x72D0, 0x72B0, 0x72D0, 0x72D0, 
  0x72B0, 0x72D0, 0x72D0, 0x72D0, 0x72D0, 0x6250, 0xA433, 0x8B6E, 0x30E7, 0xB474, 0xA434, 0x7B30, 
  0x93B2, 0x8B70, 0x8B50, 0x8B70, 0x9391, 0x9BB2, 0x72CE, 0x18EA, 0x6164, 0xFB61, 0x9961, 0x7985, 
  0x6AAB, 0x838F, 0xD639, 0xD5D6, 0xFE57, 0x8B4E, 0x0002, 0x82AC, 0x6A0A, 0x30C7, 0xEE38, 0xF6FA, 
  0xCD95, 0xFF3A, 0x7B2D, 0x1004, 0x9B70, 0x4189, 0x3947, 0xFEFA, 0xF6D8, 0xE614, 0xFEF7, 0x4126, 
  0x4928, 0xA32D, 0x5189, 0x5A4C, 0x7B6F, 0x9C12, 0xAC74, 0xA453, 0xAC73, 0x9412, 0x528D, 0x2A0A, 
  0x11AB, 0x0909, 0x1149, 0x522C, 0xABF1, 0xB4B3, 0xBCB2, 0xACD3, 0xD597, 0xD5B7, 0xD533, 0xBC4E, 
  0xD50D, 0xF5EE, 0xDD4F, 0xB3AB, 0xAB6B, 0xB3AC, 0xB3ED, 0xBBED, 0xC42D, 0xC40D, 0xC40D, 0xBBCD, 
  0xABAC, 0x7249, 0x832E, 0x4A0C, 0x41EC, 0x41ED, 0x5270, 0x5A91, 0x6AF1, 0x7310, 0x834F, 0x9B8D, 
  0xABCD, 0xB3EB, 0xB3EB, 0xABAB, 0xAB8B, 0xA38C, 0xABAC, 0xABAC, 0xB40D, 0x82E9, 0x51A6, 0xBC0D, 
  0xBC2E, 0x7289, 0x8B0A, 0x8AC9, 0xCCAE, 0xABCB, 0x934A, 0xD510, 0x9BCC, 0x5A48, 0x18E4, 0x1083, 
  0x0885, 0x1909, 0x31ED, 0x7373, 0x6B52, 0x7312, 0x6AD1, 0x4A0D, 0x3149, 0x0002, 0x0002, 0x2A0C, 
  0x5910, 0x8875, 0x7893, 0x78B4, 0x8894, 0x80B3, 0x6052, 0xD316, 0xFBB7, 0x8855, 0x48D1, 0x324D, 
  0x3A2D, 0x424D, 0x426E, 0x3A4D, 0x10C5, 0x1043, 0x1085, 0x2105, 0x5A48, 0x0000, 0x4A29, 0x8BF2, 
  0x62D0, 0x088A, 0x5A2A, 0xE5F7, 0xACF7, 0xAD19, 0x18C7, 0xBC6E, 0x93D1, 0xA492, 0x5AEE, 0x0000, 
  0x6A69, 0x5229, 0x2905, 0x20C5, 0x3188, 0x62AB, 0x0866, 0x0000, 0xAC70, 0x83D1, 0xACD6, 0x426E, 
  0x1882, 0xD577, 0x9455, 0xCDF9, 0x424F, 0x18A4, 0x8BEF, 0x5A6D, 0x8BF2, 0x0005, 0x0001, 0x4188, 
  0x18A5, 0x1885, 0x18C8, 0x2909, 0x396A, 0x0000, 0x6227, 0xF550, 0xCCAF, 0xED90, 0xD4AE, 0x418A, 
  0x320E, 0x424D, 0x320D, 0x5371, 0xBAC6, 0x71A5, 0x3AB1, 0x528F, 0x42D0, 0x4B0D, 0x4A8E, 0x42B1, 
  0x4AD0, 0x4A8E, 0x426E, 0x3A4D, 0x39EB, 0x31CA, 0x3169, 0x296A, 0x1108, 0x08E7, 0x0085, 0x18C8, 
  0x210A, 0x0002, 0x20E8, 0x296D, 0x0007, 0x0003, 0x0024, 0x0846, 0x0007, 0x0809, 0x100A, 0x1009, 
  0x0809, 0x0007, 0x080A, 0x49EE, 0x49CC, 0x520E, 0x39AD, 0x290C, 0x288D, 0x200C, 0x0006, 0x0007, 
  0x0808, 0x0006, 0x0006, 0x0006, 0x0006, 0x100B, 0x3011, 0x180C, 0x0006, 0x0007, 0x0008, 0x0007, 
  0x0007, 0x0008, 0x0008, 0x0008, 0x0008, 0x0007, 0x0809, 0x180C, 0x200D, 0x200D, 0x200D, 0x180C, 
  0x180B, 0x180B, 0x280D, 0x200C, 0x0809, 0x080A, 0x300D, 0x0808, 0x0007, 0x50F1, 0x9177, 0xA19A, 
  0x7175, 0x206C, 0x0008, 0x0809, 0x100A, 0x100A, 0x100A, 0x100A, 0x100A, 0x100A, 0x102A, 0x186B, 
  0x1049, 0x0809, 0x0808, 0x0808, 0x0809, 0x0809, 0x0809, 0x0808, 0x1009, 0x0808, 0x0809, 0x0809, 
  0x1009, 0x000A, 0x0808, 0x72AF, 0x7AF1, 0x72D0, 0x72D0, 0x72B0, 0x72B0, 0x72B0, 0x72B0, 0x72B0, 
  0x72D0, 0x72B0, 0x624F, 0xAC74, 0x7B2D, 0x8B71, 0xEE1A, 0x9BB1, 0x7B0F, 0x8B71, 0x8371, 0x8B71, 
  0x8B71, 0x9391, 0x9BB2, 0x62D0, 0x498A, 0x6902, 0x2086, 0x8B92, 0xDD97, 0xB453, 0xD515, 0xCC73, 
  0x614A, 0x4928, 0x39E8, 0xC533, 0xEE96, 0x8BAE, 0x72AC, 0xC4B2, 0xCCB3, 0x932E, 0x7B0C, 0x7B8D, 
  0xCD54, 0xD616, 0x732C, 0x7A2B, 0xC472, 0xC451, 0x926C, 0x2865, 0x1885, 0x7AEE, 0x834F, 0xA473, 
  0xB4B5, 0xAC94, 0xA473, 0x8BD2, 0x5B0F, 0x320C, 0x0109, 0x00E9, 0x1929, 0x5A2C, 0x93D1, 0xAC73, 
  0xC514, 0xC5B5, 0xDDF6, 0xDDF7, 0xCD12, 0xCCAF, 0xE4EC, 0xED6E, 0xDD2E, 0xB3CC, 0xAB6C, 0xB3ED, 
  0xC42E, 0xCC4E, 0xC42D, 0xB3EE, 0x9B8D, 0x8B0D, 0x72AD, 0x524E, 0x49ED, 0x294C, 0x3A30, 0x5B14, 
  0x5AF1, 0x6B10, 0x834E, 0x938E, 0xA3ED, 0xB3EC, 0xB3EC, 0xB3EB, 0xABAB, 0xABAB, 0xA38B, 0xA3AC, 
  0xABAC, 0xABAB, 0xA3AC, 0xABAC, 0xB3CC, 0xCC4D, 0xABCC, 0x6A27, 0xC44E, 0xB44E, 0x9B8B, 0xA3AC, 
  0x936C, 0x72EA, 0x5A4A, 0x18C5, 0x18A6, 0x08A7, 0x298B, 0x422E, 0x5AD2, 0x7313, 0x6290, 0x49ED, 
  0x314A, 0x0004, 0x0002, 0x0001, 0x0001, 0x5904, 0x6A2A, 0x08C9, 0x212A, 0x6871, 0x8895, 0x7893, 
  0x78D3, 0x78B3, 0x6052, 0xDB15, 0xFC14, 0x88F1, 0x296C, 0x324C, 0x420D, 0x422D, 0x3A4C, 0x3AF0, 
  0x32B1, 0x5374, 0x0087, 0x4164, 0xC4EF, 0xAC4D, 0x8B6B, 0x0000, 0x5A29, 0x28C4, 0x2902, 0x5A6B, 
  0x62CD, 0x0025, 0x0003, 0xCD73, 0x9C53, 0xC596, 0x29AA, 0x830B, 0xF699, 0xACD3, 0xB536, 0x0003, 
  0x3925, 0x5A2A, 0x5A4A, 0x5228, 0x0001, 0x28E4, 0x49C8, 0x0000, 0x2904, 0x9BF1, 0x5ACE, 0x7B91, 
  0x0004, 0x728B, 0xB496, 0xAC76, 0xA476, 0x0003, 0x7B4C, 0x9C34, 0x93F2, 0x62AE, 0x0000, 0x18A3, 
  0x3147, 0x39A8, 0x20C4, 0x28A3, 0x38C3, 0x79E6, 0xAB8D, 0x296B, 0x3A2E, 0x4A6E, 0x31AB, 0x21CB, 
  0x3A6E, 0x41ED, 0x31CB, 0x1884, 0x4B51, 0x2AAB, 0x198A, 0x42F3, 0x4A6E, 0x42D0, 0x3A6C, 0x420B, 
  0x428F, 0x4A90, 0x426E, 0x424E, 0x426E, 0x426E, 0x424E, 0x52AF, 0x420B, 0x0003, 0x0005, 0x0007, 
  0x0825, 0x0023, 0x0844, 0x0824, 0x1009, 0x0009, 0x0009, 0x0808, 0x0007, 0x0008, 0x6B53, 0x7B8F, 
  0x522B, 0xBD16, 0xACB5, 0x83B4, 0x6B12, 0x4A90, 0x3A0E, 0x39AD, 0x398E, 0x292B, 0x18A9, 0x1068, 
  0x0006, 0x0006, 0x180D, 0x2010, 0x080B, 0x0006, 0x0006, 0x1009, 0x1008, 0x0007, 0x0008, 0x0808, 
  0x0808, 0x0808, 0x0007, 0x080A, 0x200D, 0x200C, 0x200D, 0x200E, 0x180C, 0x100B, 0x100B, 0x080A, 
  0x0809, 0x100A, 0x080A, 0x080A, 0x0009, 0x0007, 0x204C, 0x8157, 0x9178, 0x8176, 0x306E, 0x0007, 
  0x0809, 0x100A, 0x100A, 0x100A, 0x100A, 0x100A, 0x100A, 0x186B, 0x1049, 0x0808, 0x0808, 0x0808, 
  0x0809, 0x0809, 0x0808, 0x0808, 0x0808, 0x0809, 0x0809, 0x1009, 0x102A, 0x0009, 0x1046, 0x72F0, 
  0x7AF1, 0x72D0, 0x72B0, 0x72B0, 0x72B0, 0x72B0, 0x72B0, 0x72B0, 0x6AD0, 0x72D0, 0x72B0, 0x6A70, 
  0xAC93, 0x6249, 0x9B92, 0xEDFA, 0x93B2, 0x7AEF, 0x8B71, 0x8B70, 0x8B71, 0x8B70, 0x8B50, 0x8330, 
  0x6AAE, 0x5A4F, 0x5A6E, 0x59EC, 0xB3F1, 0xBBF1, 0x69AA, 0x4908, 0x836E, 0xCD93, 0xFF59, 0xFF17, 
  0xFE96, 0xDD34, 0x1003, 0x6209, 0x59CA, 0x0804, 0xB471, 0xFF9A, 0xEE56, 0xE5F5, 0xC4F3, 0x30C6, 
  0x8A8D, 0x59AA, 0x3129, 0x628D, 0x8BD1, 0xA494, 0xAC73, 0xA432, 0xAC53, 0x9412, 0x5AEF, 0x320D, 
  0x016B, 0x00E9, 0x0909, 0x524D, 0x934F, 0xB472, 0xA4B4, 0xA4B4, 0xD597, 0xDD96, 0xC46F, 0xBC4D, 
  0xDCED, 0xE50C, 0xD4AD, 0xC42C, 0xC40C, 0xC42D, 0xBC0E, 0xABCD, 0x934D, 0x7B0D, 0x5A8D, 0x41ED, 
  0x31CD, 0x298D, 0x422F, 0x5291, 0x6AF1, 0x7B4F, 0x938F, 0x9BAE, 0xB3ED, 0xBBEC, 0xBC0B, 0xBBEB, 
  0xB3CC, 0xABCB, 0xA3CB, 0xA3AC, 0xA3AC, 0xAB8C, 0xABAB, 0xAB8B, 0xABAB, 0xABCB, 0xB3CC, 0xBBEB, 
  0xBC0D, 0xC44E, 0xCCD0, 0xB42E, 0x7AA9, 0x72A8, 0x41A7, 0x18C6, 0x18E7, 0x10C7, 0x298B, 0x4A4E, 
  0x62F1, 0x62D1, 0x522F, 0x318D, 0x0889, 0x0844, 0x0002, 0x0000, 0x0004, 0x19EA, 0x0227, 0x0187, 
  0x0085, 0x7966, 0xFE8C, 0xAD0B, 0x08E4, 0x292B, 0x8054, 0x80B4, 0x70D3, 0x70D3, 0x6073, 0xD2F5, 
  0xFC35, 0x8A70, 0x21EB, 0x320D, 0x3A2E, 0x426E, 0x08E4, 0x00A3, 0x1106, 0x1949, 0x0002, 0x8BD0, 
  0xB579, 0xDE59, 0xA430, 0x5A49, 0xFE53, 0xCD31, 0xD5D3, 0x0001, 0x20C2, 0x93EA, 0x7328, 0x5208, 
  0x3167, 0x524B, 0x0000, 0x51E8, 0x7390, 0x6370, 0x31AC, 0x0843, 0xDDF4, 0x9CB6, 0xDE18, 0x83F3, 
  0x0002, 0x9BCD, 0x730D, 0x9C30, 0x08C6, 0x0000, 0x4989, 0x20E7, 0x0001, 0x2906, 0x4A0A, 0x5A6C, 
  0x0867, 0x0023, 0xB515, 0x7BB3, 0xACF6, 0x524E, 0x0862, 0x9C12, 0x7BD3, 0x9C54, 0x39CA, 0x0908, 
  0x0929, 0x0885, 0x3148, 0x422E, 0x3A2D, 0x4A6F, 0x41EA, 0x1840, 0x0000, 0x0041, 0x0843, 0x0001, 
  0x0024, 0x0065, 0x010A, 0x1949, 0x18C5, 0x2AAF, 0x224E, 0x3A0D, 0x3A70, 0x2107, 0x424E, 0x320D, 
  0x3A0C, 0x3A0D, 0x31CC, 0x5AF1, 0x18E6, 0x0004, 0x1027, 0x0002, 0x0001, 0x0845, 0x0865, 0x0023, 
  0x4090, 0x382E, 0x0008, 0x0007, 0x0006, 0x5A91, 0xB4D3, 0xA44F, 0x93CE, 0x938D, 0x8B6D, 0x8B6E, 
  0x8BAF, 0x83D0, 0x83D2, 0x83B1, 0x7BB1, 0x7B71, 0x7372, 0x6B31, 0x528F, 0x526F, 0x5211, 0x5193, 
  0x5172, 0x312D, 0x1069, 0x182A, 0x0808, 0x0006, 0x0007, 0x0006, 0x0006, 0x0007, 0x0008, 0x0008, 
  0x100A, 0x100A, 0x180D, 0x280F, 0x180B, 0x100B, 0x180C, 0x100B, 0x080A, 0x200A, 0x180B, 0x000A, 
  0x102A, 0x080A, 0x0007, 0x182B, 0x7136, 0x9939, 0x8937, 0x4090, 0x0008, 0x0009, 0x1009, 0x100A, 
  0x100A, 0x100A, 0x100A, 0x184B, 0x1049, 0x0808, 0x0808, 0x0808, 0x0808, 0x0808, 0x0808, 0x0808, 
  0x0007, 0x0807, 0x0808, 0x0808, 0x0809, 0x0007, 0x1887, 0x8311, 0x72F0, 0x72B0, 0x72B0, 0x72B0, 
  0x6AB0, 0x6AD0, 0x6AB0, 0x72D0, 0x72B0, 0x6AD0, 0x7AD0, 0x6A8F, 0x7AF0, 0xCD54, 0x622B, 0x9B72, 
  0xEE19, 0x93D2, 0x7B0F, 0x8B51, 0x8310, 0x8310, 0x9BF2, 0xBCD3, 0xCD74, 0xA432, 0x622C, 0x28E8, 
  0xA36F, 0x6A09, 0x7ACD, 0xCD54, 0xFF37, 0xFED6, 0xFE75, 0xDD74, 0xAB50, 0x5129, 0x20C6, 0xB4D2, 
  0xCDD6, 0x41EA, 0x5187, 0xBC30, 0xD4F3, 0x92EE, 0x928D, 0x20E6, 0x3148, 0x730E, 0x9412, 0x93D1, 
  0xAC73, 0xB4B4, 0xA432, 0x8B70, 0x62CF, 0x320D, 0x118B, 0x010A, 0x10E8, 0x41AA, 0x9BF2, 0xBCD4, 
  0xAC93, 0xB4F5, 0xCD98, 0xD536, 0xBC70, 0xCC8E, 0xDD0D, 0xE50D, 0xDCCC, 0xD48B, 0xD4AD, 0xCC6D, 
  0xB3ED, 0x8B2D, 0x420C, 0x39CC, 0x214B, 0x196C, 0x31EE, 0x5AB0, 0x7B51, 0x93D2, 0x7B2E, 0x93D1, 
  0x72CC, 0xC490, 0xCC8D, 0xBBEB, 0xB3CB, 0xB3CC, 0xABCC, 0xB3CC, 0xABEC, 0xABCC, 0xABAC, 0xABAC, 
  0xABAB, 0xB3AB, 0xB3CB, 0xB3CC, 0xB3EC, 0xB40E, 0xB40F, 0xAC30, 0x836E, 0x6ACC, 0x41C8, 0x2905, 
  0x10A6, 0x0003, 0x1929, 0x420D, 0x4A4E, 0x6B31, 0x5A8F, 0x420E, 0x296B, 0x1086, 0x0002, 0x0002, 
  0x1082, 0x0001, 0x09A9, 0x22AA, 0x0002, 0x224B, 0x6DEC, 0xA6AE, 0x4AC9, 0x0801, 0xFFAB, 0xE62C, 
  0x0882, 0x00E6, 0x404E, 0x7074, 0x78D5, 0x68B3, 0x5851, 0xE317, 0xEBB6, 0x3A2D, 0x29EC, 0x3A0D, 
  0x3A2D, 0x424E, 0x2147, 0x1062, 0x0841, 0x1064, 0x0002, 0x08A4, 0x2147, 0x528C, 0x1909, 0x6AED, 
  0x93F0, 0xACF4, 0x8C33, 0x2108, 0xDD92, 0xDDF3, 0xFF16, 0x4A2A, 0x0801, 0xC3E9, 0xA3CC, 0x4A6B, 
  0x0000, 0x5A08, 0x2063, 0x10A2, 0x6B0C, 0x528C, 0x528D, 0x0005, 0x626B, 0xEE19, 0xB538, 0xD639, 
  0x0066, 0x72CA, 0xB473, 0x730E, 0xACF2, 0x0000, 0x0001, 0x4A08, 0x20E4, 0x2925, 0x2127, 0x2106, 
  0x39A9, 0x0002, 0x1063, 0x83B2, 0x6331, 0x7B92, 0x5A8C, 0x4B11, 0x5439, 0x098B, 0x0024, 0x4A6F, 
  0x422D, 0x3A4E, 0x3A8D, 0x61A4, 0x6A08, 0x422B, 0x0003, 0x3149, 0x61A0, 0x2860, 0x1040, 0x0000, 
  0x0886, 0x0021, 0x0002, 0x08C7, 0x0885, 0x0000, 0x3A2E, 0x3A2D, 0x3A0D, 0x320D, 0x528F, 0x4A2D, 
  0x0001, 0x106A, 0x1026, 0x0000, 0x0045, 0x1087, 0x0864, 0x0001, 0x406E, 0x6876, 0x180B, 0x0004, 
  0x31CD, 0xACB3, 0xA3ED, 0x9BAD, 0xA3CD, 0x9BAD, 0x9BCD, 0x9BCD, 0x9BCD, 0x9BEE, 0x9BCE, 0x9BAE, 
  0x938C, 0x8B8D, 0x8B8F, 0x8390, 0x8BB0, 0x8BD1, 0x7BB1, 0x73D2, 0x7BD2, 0x7352, 0x6B32, 0x52B0, 
  0x422F, 0x39CD, 0x314C, 0x292C, 0x290B, 0x20C9, 0x1068, 0x0007, 0x0006, 0x0006, 0x0007, 0x0808, 
  0x0808, 0x0009, 0x0009, 0x080A, 0x080A, 0x080A, 0x080A, 0x080A, 0x080A, 0x080A, 0x0809, 0x0006, 
  0x102A, 0x48B0, 0x8956, 0x9977, 0x6132, 0x204B, 0x0007, 0x080A, 0x1009, 0x1009, 0x0809, 0x184B, 
  0x0848, 0x0807, 0x0808, 0x0008, 0x0007, 0x0008, 0x0008, 0x0009, 0x0807, 0x2806, 0x0007, 0x0808, 
  0x0808, 0x0005, 0x20A6, 0x8B32, 0x7AD1, 0x72D0, 0x72D0, 0x72B0, 0x72B0, 0x72B0, 0x72B0, 0x72B0, 
  0x72B0, 0x72D0, 0x72D0, 0x72EF, 0x6A8E, 0x8B71, 0xAC92, 0x3907, 0xAC13, 0xFE7B, 0x9391, 0x7A8F, 
  0xA433, 0xCD54, 0xE5F6, 0xEE35, 0xF656, 0xD594, 0x834E, 0x6A4D, 0x520A, 0x41A9, 0xB3B2, 0xD4F3, 
  0xD594, 0xB3F0, 0x7A4B, 0x61AA, 0x2006, 0x8B8E, 0xFFFB, 0xFED7, 0xFF19, 0xFF1A, 0x5A6B, 0x7A2C, 
  0xC3F1, 0x926D, 0x6A0B, 0x8BB1, 0xACD4, 0xC515, 0xB4B4, 0x9C12, 0x7B92, 0x7B71, 0x4A4C, 0x21AC, 
  0x092B, 0x012A, 0x216A, 0x6AEE, 0xA3EF, 0xC4B2, 0xCD36, 0xBD16, 0xDDB7, 0xD534, 0xCCAF, 0xD4EE, 
  0xEDD0, 0xF5D0, 0xFD8E, 0xCC4B, 0xAB89, 0x82E9, 0x72A9, 0x626C, 0x320E, 0x31CE, 0x31EE, 0x4A2E, 
  0x6AF0, 0x8372, 0x93D2, 0x7B2E, 0x6AED, 0x72EE, 0x5A2B, 0x28E6, 0x396A, 0x4188, 0xA36C, 0xBBEC, 
  0xABAC, 0xABCC, 0xABCB, 0xB3CB, 0xB3EB, 0xB3CB, 0xBBEC, 0xB3EC, 0xB3EC, 0xA3AE, 0x9BAF, 0x93B0, 
  0x730E, 0x522B, 0x3189, 0x1906, 0x08C7, 0x18E7, 0x420B, 0x31AB, 0x5AB1, 0x5AF1, 0x6B11, 0x524E, 
  0x2907, 0x1023, 0x0000, 0x0001, 0x0002, 0x10A9, 0x9B86, 0xBBC1, 0xED6A, 0x4A4E, 0x012D, 0xBE0A, 
  0xE6CC, 0x0001, 0x62E7, 0xFF70, 0x4246, 0x0000, 0x3124, 0x1004, 0x10C6, 0x216A, 0x3A2E, 0x308D, 
  0x6012, 0x6852, 0x500F, 0xDAB8, 0x8A91, 0x11CA, 0x31ED, 0x3A0C, 0x3A0C, 0x3A0D, 0x4A6F, 0x4AB0, 
  0x4AAF, 0x4A90, 0x8A27, 0x5942, 0x2167, 0x0044, 0x0823, 0x20C6, 0x0003, 0x20E7, 0x0868, 0x18E7, 
  0x6AEE, 0x62CE, 0x6B0F, 0x0866, 0xAC50, 0xBCB2, 0xE617, 0x7391, 0x2125, 0xE512, 0xA3AF, 0xBD14, 
  0x0002, 0x1881, 0x8B0A, 0x59C7, 0x5A4A, 0x39A8, 0x41E8, 0x10C5, 0x0000, 0xB4B2, 0x9474, 0x9CB4, 
  0x7BD2, 0x0042, 0xACD2, 0xA495, 0xA494, 0x9414, 0x0000, 0x3143, 0x72CD, 0x520A, 0x49C9, 0x0022, 
  0x0843, 0x0022, 0x1063, 0x2147, 0x320D, 0x08C7, 0x41EC, 0x422D, 0x4A4E, 0x2169, 0x120E, 0x2A30, 
  0x8436, 0x4A4E, 0x10C8, 0x7C54, 0x82CA, 0x8C54, 0x420A, 0x0043, 0x630E, 0x61A5, 0x3946, 0x18C4, 
  0x0000, 0x2107, 0x424E, 0x3A0C, 0x3A2D, 0x31CC, 0x7372, 0x2929, 0x0004, 0x20AB, 0x1846, 0x1045, 
  0x1068, 0x0003, 0x10A5, 0x10E7, 0x180A, 0x6854, 0x300E, 0x316D, 0xA4B3, 0xA3ED, 0x9BAC, 0x93AD, 
  0x93AD, 0x93AD, 0x93AD, 0x93AD, 0x93AD, 0x93AD, 0x93CD, 0x9BCD, 0x9BAC, 0x9BAC, 0x9BAD, 0x9BCD, 
  0xA3EE, 0x9BEE, 0x93CE, 0x93CE, 0x8B8D, 0x834E, 0x8BAF, 0x83D0, 0x7B90, 0x83D1, 0x83B1, 0x7B92, 
  0x7372, 0x6B10, 0x5AB0, 0x5AB0, 0x524E, 0x4A0C, 0x41CC, 0x41AC, 0x28EB, 0x18AB, 0x188C, 0x080A, 
  0x0008, 0x0007, 0x0008, 0x0008, 0x0008, 0x0008, 0x0008, 0x0008, 0x0006, 0x0005, 0x188C, 0x9955, 
  0xB177, 0x8155, 0x306C, 0x0007, 0x0808, 0x0808, 0x0809, 0x184A, 0x5131, 0x48D1, 0x40D1, 0x40B1, 
  0x40B1, 0x40D0, 0x40D1, 0x40D2, 0x4911, 0x808E, 0x3890, 0x38B1, 0x48B1, 0x484F, 0x512B, 0x7B10, 
  0x72B0, 0x72D1, 0x8312, 0x7AF0, 0x72AF, 0x72B0, 0x72B0, 0x72B0, 0x72B0, 0x72D0, 0x72D0, 0x72D0, 
  0x7B0F, 0x6A6F, 0x8B92, 0xA451, 0x30E7, 0xB476, 0xEE19, 0xC513, 0xE5F5, 0xEE35, 0xDDD5, 0xD594, 
  0xD594, 0xE5F5, 0xD593, 0xA3B1, 0x626E, 0x30E9, 0x7A4D, 0xB390, 0xA32F, 0x61EA, 0x49E9, 0x834D, 
  0x9BF0, 0x9B6E, 0xE5B4, 0xE5D5, 0xBCB2, 0xBC72, 0x72CD, 0x4129, 0x61ED, 0x498A, 0x4A0B, 0x7B51, 
  0xB4B4, 0xB4B4, 0xB4B4, 0xAC53, 0x4A2D, 0x116B, 0x092A, 0x00E9, 0x216A, 0x72EE, 0xAC51, 0xBCD2, 
  0xB4B2, 0xC557, 0xD599, 0xCD15, 0xD4CE, 0xDCEE, 0xE54E, 0xFDEF, 0xDCED, 0x82A6, 0x7247, 0x6A8B, 
  0x3969, 0x20E9, 0x212B, 0x3A0F, 0x5AF1, 0x8392, 0x9C33, 0x93B1, 0x8BB1, 0x6A8D, 0x520B, 0x2907, 
  0x20C6, 0x39AA, 0x3189, 0x28E7, 0x3988, 0x3168, 0x5A2A, 0xB42F, 0xBBCB, 0xBBEB, 0xBC0C, 0xBBEC, 
  0xBC2E, 0xB40F, 0xA3CF, 0x8B8F, 0x5A6C, 0x39CB, 0x2149, 0x10E7, 0x10E8, 0x0886, 0x318B, 0x31AB, 
  0x526E, 0x5AB0, 0x62ED, 0x39CA, 0x4A8F, 0x4A0D, 0x18A6, 0x0022, 0x00A3, 0x1186, 0x1966, 0xBAC8, 
  0xEBE9, 0x292B, 0xCC48, 0xECE6, 0xA38B, 0x5A2C, 0x0007, 0xBCC7, 0xCDAB, 0x0821, 0x0004, 0x2907, 
  0x10C6, 0x29AA, 0x194B, 0x298C, 0x29CE, 0x31EF, 0x42CF, 0x2A4D, 0x38CC, 0xC156, 0xD9D7, 0xC215, 
  0x21CB, 0x21EC, 0x39ED, 0x3A0C, 0x3A0D, 0x422D, 0x422D, 0x424E, 0x4A6E, 0x3A0C, 0x6A09, 0x5A4D, 
  0x5332, 0x2989, 0x834C, 0x8371, 0x5A6F, 0x62AE, 0x18C6, 0x1085, 0x0003, 0x0004, 0x0847, 0x0003, 
  0x18C5, 0x31CB, 0x5A8F, 0x0046, 0x4A49, 0x8C32, 0xA4B5, 0x8BD4, 0x1086, 0xCD71, 0xCD75, 0xEE36, 
  0x732F, 0x0000, 0x51C5, 0x51E7, 0x6269, 0x2947, 0x18E5, 0x5228, 0x0001, 0x0022, 0xBCF2, 0x7B50, 
  0x9C75, 0x4A30, 0x0823, 0xCD95, 0xACD7, 0xDDD9, 0xA4B6, 0x0001, 0x18A5, 0x41CA, 0x28C5, 0x0862, 
  0x0001, 0x31AB, 0x4A6F, 0x420D, 0x424F, 0x28C4, 0x0800, 0x0864, 0x2147, 0x0005, 0x0004, 0x19CB, 
  0x116D, 0x4B34, 0x10A6, 0x18C7, 0x6C35, 0x426E, 0x8498, 0x4A90, 0x1884, 0x424E, 0x3A2D, 0x3A0C, 
  0x31EC, 0x52AF, 0x5AAF, 0x0003, 0x1068, 0x1889, 0x208B, 0x1087, 0x0825, 0x0000, 0x2988, 0x10E9, 
  0x6850, 0xA8F8, 0x7134, 0x9453, 0xA44E, 0x936B, 0x9BAC, 0x93AD, 0x93AD, 0x93AD, 0x93AD, 0x93AD, 
  0x93AD, 0x93AD, 0x93AD, 0x9BAD, 0x93AD, 0x93AD, 0x93AC, 0x93AC, 0x93CD, 0x93AD, 0x9BAD, 0x9BCD, 
  0x9BCD, 0x9BED, 0x9BCC, 0x9BCD, 0x9BEE, 0x9BED, 0x9BEE, 0x8BAE, 0x836E, 0x834E, 0x7B6F, 0x7B90, 
  0x8390, 0x83B1, 0x7BB2, 0x7BB2, 0x6310, 0x5AD0, 0x6312, 0x5AD0, 0x4A6E, 0x4A8E, 0x4A4E, 0x520F, 
  0x51CF, 0x414F, 0x5092, 0x4892, 0x50B1, 0x48D0, 0x38B0, 0x7934, 0x8135, 0x7957, 0x7935, 0x50D1, 
  0x50F2, 0x50D1, 0x50F1, 0x5952, 0x79D9, 0x7158, 0x6957, 0x6937, 0x6937, 0x6957, 0x6957, 0x6957, 
  0x6197, 0x88F6, 0x68F6, 0x4134, 0x48F5, 0x7898, 0x6990, 0x7B2E, 0x51EC, 0x7AF2, 0x49AB, 0x5A4D, 
  0x7B10, 0x8331, 0x72B0, 0x72B0, 0x72D0, 0x72D0, 0x72D0, 0x72F0, 0x72AE, 0x6A6E, 0x620E, 0x93B2, 
  0x8B6D, 0x30A7, 0xBC97, 0xFED9, 0xE5F4, 0xDD95, 0xDDB5, 0xDD94, 0xDD94, 0xD574, 0xE5F5, 0xDDD6, 
  0xA3F2, 0x6A8F, 0x20E6, 0x930D, 0x7A8C, 0x8BD0, 0xACF3, 0xB4D2, 0xFF7A, 0xAC10, 0x5167, 0xBC11, 
  0x92ED, 0x61CA, 0x61EB, 0x314A, 0x6AAD, 0xCD34, 0x7B4F, 0x1069, 0x6AF0, 0x93F2, 0x7350, 0x39EC, 
  0x08E9, 0x00C8, 0x2969, 0x6AEE, 0xAC73, 0xB452, 0x9BF0, 0xB516, 0xC558, 0xCCF6, 0xC4B2, 0xDD30, 
  0xEDAF, 0xE52E, 0xE4CD, 0xAB48, 0x6A49, 0x730F, 0x418B, 0x41EF, 0x5271, 0x7312, 0x8392, 0x93D2, 
  0x93D1, 0x39C9, 0x62AD, 0x522B, 0x3989, 0x20E6, 0x18C6, 0x3189, 0x3189, 0x2927, 0x39C8, 0x7B2E, 
  0x93B0, 0xA431, 0xA453, 0xA433, 0xABEE, 0xA3CF, 0x9BD1, 0x93D1, 0x62AE, 0x4A2C, 0x1929, 0x0886, 
  0x0865, 0x18A6, 0x41EC, 0x39CB, 0x420C, 0x524C, 0x526D, 0x524D, 0x522D, 0x5A2D, 0x5A6D, 0x3168, 
  0x00A6, 0x3A2F, 0x0864, 0x19A9, 0x3310, 0x19EE, 0x114C, 0x9A05, 0xFBE9, 0x1843, 0x0002, 0x20C7, 
  0x0004, 0x0002, 0x18A4, 0x1084, 0x0003, 0x2989, 0x39ED, 0x3A2E, 0x4A8F, 0x52D0, 0x4AAF, 0x4A8E, 
  0x83AD, 0x6B2D, 0x31ED, 0x328E, 0x222C, 0x816F, 0xFA59, 0x61F0, 0x19EB, 0x3A0E, 0x3A0E, 0x3A2E, 
  0x3A2E, 0x3A0D, 0x3A2D, 0x3A4D, 0x4AAF, 0x2968, 0x0021, 0x0085, 0x0023, 0x39CB, 0x9C76, 0x83B4, 
  0x9456, 0x398B, 0x318A, 0x7BB2, 0x7B52, 0x6AEE, 0x62AE, 0x524C, 0x28E8, 0x0825, 0x0027, 0x10A7, 
  0x0001, 0x0045, 0x2129, 0x086A, 0x20E8, 0x736E, 0x52CF, 0x9453, 0x18C8, 0x41E9, 0xD618, 0xB4F5, 
  0xE659, 0x10A6, 0x1020, 0x9BAD, 0x7ACB, 0x8B6D, 0x0003, 0x20A5, 0x522A, 0x0845, 0x20C4, 0x7B2D, 
  0x5A6B, 0x8B90, 0x31AC, 0x0066, 0x6B53, 0x7331, 0x9435, 0x52AF, 0x0002, 0x422D, 0x420D, 0x3A0D, 
  0x424F, 0x7A08, 0x8120, 0x7A87, 0x0864, 0x0006, 0x5963, 0x4860, 0x28C2, 0x0043, 0x0004, 0x0801, 
  0x00A6, 0x00E8, 0x29CD, 0x0846, 0x2949, 0x426E, 0x3A0D, 0x3A0D, 0x29EB, 0x5AF0, 0x20E7, 0x0004, 
  0x1067, 0x0824, 0x1069, 0x0846, 0x0001, 0x2107, 0x2128, 0x0003, 0x7853, 0xA196, 0x9BF5, 0x9C4F, 
  0x936B, 0x5A49, 0x72CB, 0xA3ED, 0x93AD, 0x93CD, 0x93AD, 0x93AD, 0x93AD, 0x93AD, 0x93AD, 0x93AD, 
  0x93AD, 0x93AD, 0x9BAD, 0x93AD, 0x93AD, 0x93AD, 0x9BCD, 0x9BAD, 0x93AD, 0x93AD, 0x93AD, 0x93AD, 
  0x93AD, 0x93AD, 0x93AD, 0x93AD, 0x9BCD, 0x9BCE, 0x9BCD, 0x9BEE, 0x9BEF, 0x9BEF, 0x9BEF, 0x93CE, 
  0x838F, 0x838E, 0x838F, 0x8BD0, 0x8BD1, 0x8C32, 0x7BB0, 0x628E, 0xA4F6, 0x52EF, 0x6915, 0x9159, 
  0x8978, 0x8979, 0x9198, 0x7177, 0x6976, 0x7957, 0x7957, 0x7957, 0x7136, 0x7136, 0x7997, 0x89D9, 
  0x5112, 0x40D1, 0x40B0, 0x40B0, 0x40D0, 0x40B0, 0x40D0, 0x38D0, 0x38B0, 0x304D, 0x5050, 0x70F6, 
  0x7137, 0x5073, 0x38EC, 0x7B0F, 0x8B71, 0x8B12, 0x28E8, 0x2107, 0x522D, 0x626D, 0x7AF1, 0x7AF1, 
  0x72B0, 0x72D0, 0x72D0, 0x7AF0, 0x626D, 0x51EB, 0x7AF1, 0x5A2E, 0x9BD1, 0x9C0E, 0x51AC, 0xC497, 
  0xFE97, 0xDDB4, 0xDD94, 0xDDB4, 0xDDB4, 0xD5B4, 0xD593, 0xE5D4, 0xEE16, 0xB452, 0x7B10, 0x3188, 
  0x1044, 0xA390, 0xCD15, 0xCD14, 0xBC10, 0x726B, 0x3127, 0x7AAC, 0x3907, 0x28E7, 0x5A4C, 0xDD74, 
  0xEDD3, 0xA3CE, 0x3107, 0x1087, 0x2108, 0x62F0, 0x424E, 0x0087, 0x2148, 0x72ED, 0x9BD0, 0xABF1, 
  0xA453, 0xA474, 0xCD98, 0xD557, 0xCCF2, 0xDD70, 0xE56E, 0xDD0C, 0xD48A, 0xC3E9, 0x92C9, 0x5A0B, 
  0x41CD, 0x83D5, 0x9C36, 0x8B71, 0x93D2, 0x93F2, 0x9BF1, 0x93D1, 0x93D1, 0x39EA, 0x0865, 0x2128, 
  0x3189, 0x39E9, 0x41A8, 0x62AD, 0x732E, 0x8B6F, 0x9BD0, 0xB4B4, 0xAC72, 0xAC53, 0x9C14, 0x83B3, 
  0x6ACF, 0x31AB, 0x08C7, 0x10A6, 0x0885, 0x10C6, 0x31AA, 0x2949, 0x526D, 0x524D, 0x4A2C, 0x5A8E, 
  0x49CB, 0x49EC, 0x49EC, 0x5A4D, 0x6ACF, 0x7310, 0x8B93, 0x8371, 0x2927, 0x218B, 0x3A2C, 0x18E7, 
  0x10CD, 0x0052, 0x0050, 0x0001, 0x0800, 0x0843, 0x0023, 0x0004, 0x10C6, 0x31E9, 0x3A0B, 0x324E, 
  0x3A2E, 0x52D0, 0x4AAF, 0x4A8E, 0x4A6F, 0x320F, 0x8C6D, 0xDE70, 0xDE30, 0xBD8E, 0x326D, 0x21ED, 
  0x3A8F, 0x2A0C, 0x48E9, 0x31CC, 0x29CB, 0x2149, 0x1929, 0x2149, 0x3A0C, 0x428F, 0x3A4E, 0x3A2D, 
  0x4AB0, 0x2147, 0x0000, 0x0000, 0x0000, 0x1084, 0x2107, 0x3189, 0x39AB, 0x0003, 0x1929, 0x31AC, 
  0x39ED, 0x5AD0, 0x6B71, 0x7BB2, 0x83D2, 0x83B2, 0x7330, 0x6AF0, 0x524C, 0x3969, 0x2108, 0x396A, 
  0x20C7, 0x0003, 0x0005, 0x0888, 0x0005, 0x28E5, 0x52AC, 0x6B2F, 0x62F0, 0x0005, 0xA450, 0xBD15, 
  0xCD56, 0xB4F6, 0x0002, 0x6A89, 0x938E, 0x93EF, 0x8BF0, 0x0000, 0x1084, 0x0843, 0x20E8, 0x0002, 
  0x0883, 0x10E5, 0x31AB, 0x10A8, 0x0865, 0x526E, 0x422D, 0x31AB, 0x198A, 0x3A91, 0x6B72, 0x8CD6, 
  0x0865, 0x424B, 0x8BCE, 0x7ACA, 0xA450, 0x0042, 0x214C, 0x7A87, 0x38C0, 0x2925, 0x0000, 0x0885, 
  0x422D, 0x3A2D, 0x3A0D, 0x3A0D, 0x426D, 0x4A2D, 0x0003, 0x0825, 0x0003, 0x1046, 0x0846, 0x0004, 
  0x0023, 0x398C, 0x0023, 0x0000, 0x1869, 0xA4B7, 0xBD95, 0xAC50, 0xA40E, 0x8B4D, 0x8B6D, 0xA3ED, 
  0x9BAC, 0x93AC, 0x9BAD, 0x93AD, 0x93AD, 0x93AD, 0x93AD, 0x9BAD, 0x93CD, 0x93AD, 0x93AD, 0x9BAD, 
  0x93AD, 0x93AD, 0x93AD, 0x93AD, 0x93AD, 0x93AD, 0x93AD, 0x93AD, 0x93AD, 0x93AE, 0x93AD, 0x93AD, 
  0x93AD, 0x93AE, 0x93AD, 0x93AD, 0x93AD, 0x93AD, 0x9BCD, 0x9BCD, 0xA3EE, 0xA40E, 0xA40E, 0xA42E, 
  0xA40F, 0xA40F, 0x9BAE, 0x93B1, 0x6B71, 0x0949, 0x28AE, 0x50D3, 0x50D1, 0x50F1, 0x50F1, 0x48F1, 
  0x50F1, 0x48F1, 0x6133, 0x7956, 0x6915, 0x7155, 0x40D1, 0x40EF, 0x0848, 0x0008, 0x0808, 0x0008, 
  0x0808, 0x0808, 0x0808, 0x0006, 0x0004, 0x184A, 0x88D3, 0xB119, 0x9939, 0x1009, 0x0025, 0x626F, 
  0x72B0, 0x9332, 0x51EC, 0x2108, 0x20E8, 0x420C, 0x5A4E, 0x5A0D, 0x8311, 0x7AD0, 0x72D0, 0x72B0, 
  0x72D0, 0x7AF1, 0x622D, 0x6A8F, 0x620E, 0xB4B4, 0x93CE, 0x490B, 0xDD98, 0xF695, 0xDD93, 0xD594, 
  0xDD94, 0xDDB5, 0xDD94, 0xDD94, 0xE5F5, 0xE5D5, 0xA473, 0x7B72, 0x3968, 0x61AB, 0xBC12, 0xA38F, 
  0x722B, 0x4168, 0x0002, 0x20C5, 0x734C, 0xEE38, 0x5A2C, 0x6A4B, 0x51A9, 0x1066, 0x732F, 0xACB4, 
  0x72EF, 0x524E, 0x316A, 0x62EE, 0x9C10, 0xA430, 0xB4B3, 0xB494, 0xCD77, 0xD576, 0xD513, 0xD531, 
  0xE58F, 0xE54C, 0xD449, 0xBBC9, 0xA329, 0x830D, 0x5A6E, 0x39CC, 0x4A0D, 0x4A0D, 0x8BD3, 0xA413, 
  0x93B1, 0x93D1, 0x93D1, 0x93D2, 0x9BF2, 0xA453, 0x526D, 0x3189, 0x7B50, 0x8390, 0x9C33, 0xA434, 
  0xAC75, 0xA433, 0x9BF3, 0x7B71, 0x62CF, 0x41EB, 0x2129, 0x0865, 0x0024, 0x18E7, 0x3189, 0x2948, 
  0x5AAE, 0x5A8E, 0x5ACE, 0x5A8E, 0x4A0C, 0x5A6D, 0x49CC, 0x628F, 0x72F1, 0x7311, 0x7B52, 0x7B52, 
  0x7B31, 0x7B32, 0x6B11, 0x6AF1, 0x396B, 0x0865, 0x3A4D, 0x298A, 0x0889, 0x192C, 0x214A, 0x2169, 
  0x1128, 0x2128, 0x31CB, 0x3A2D, 0x3A0C, 0x4ACF, 0x4ACF, 0x4A4E, 0x422D, 0x29AB, 0x4A8F, 0x424E, 
  0x5312, 0x21AD, 0x2988, 0x6B29, 0x3185, 0x0862, 0x41E9, 0x4AEF, 0x3A2E, 0x3A6E, 0x1169, 0x2128, 
  0x526F, 0x524E, 0x39CB, 0x49EC, 0x20C5, 0x2148, 0x29CC, 0x320D, 0x3A2E, 0x29AB, 0x18E6, 0x0064, 
  0x0884, 0x0000, 0x0000, 0x0000, 0x0000, 0x0000, 0x0000, 0x0000, 0x0001, 0x0023, 0x0885, 0x18E7, 
  0x2149, 0x31AB, 0x422D, 0x4A8F, 0x62F0, 0x7352, 0x7B93, 0x7B51, 0x7B51, 0x7330, 0x6ACE, 0x5A8E, 
  0x5AAE, 0x20E5, 0x0023, 0x0824, 0x20E9, 0x0844, 0x3147, 0x4A2C, 0x522B, 0x0868, 0x0002, 0x838E, 
  0x7BB3, 0xC578, 0x5AAD, 0x18C7, 0x4271, 0x5290, 0x5AF1, 0x3A2A, 0x2925, 0x1905, 0x0024, 0x0004, 
  0x318B, 0x4A4E, 0x422E, 0x41EA, 0x38C1, 0x18A4, 0x1988, 0x112A, 0x0000, 0x0127, 0x11EC, 0x2A6F, 
  0x3A4D, 0x0000, 0x42D3, 0x63B6, 0x73D1, 0x7BD4, 0x0003, 0x31AA, 0x4A8F, 0x3A0D, 0x3A2D, 0x29CC, 
  0x6B31, 0x3969, 0x0003, 0x0845, 0x0003, 0x1067, 0x0026, 0x1085, 0x73CE, 0x18C8, 0x0000, 0x0000, 
  0x2987, 0x5B0F, 0x526D, 0x526D, 0x5A6E, 0x730F, 0x7B50, 0x93B1, 0x9C12, 0xAC51, 0xAC50, 0xAC4F, 
  0xAC0E, 0xA3CD, 0x9BAC, 0x9BAC, 0x9BAD, 0x9BAD, 0x9BAD, 0x9BAD, 0x9BAD, 0x9BAD, 0x9BCD, 0x9BCD, 
  0x93AD, 0x93AD, 0x93AD, 0x93AD, 0x93AD, 0x93AE, 0x93AD, 0x93AE, 0x93AD, 0x93AD, 0x93AD, 0x93AD, 
  0x93AD, 0x93CD, 0x93CE, 0x9BCE, 0x9BCE, 0x9BCD, 0x9BCE, 0x9BEE, 0x9BEE, 0x9BCC, 0xAC50, 0x9475, 
  0x21CB, 0x0909, 0x1089, 0x0008, 0x0809, 0x0809, 0x0809, 0x0808, 0x0809, 0x0007, 0x184B, 0x8196, 
  0x8178, 0x7136, 0x50D2, 0x28AC, 0x1849, 0x0808, 0x0808, 0x0809, 0x0809, 0x0007, 0x0005, 0x1828, 
  0x488E, 0x7937, 0xC1BD, 0x70D3, 0x202B, 0x0006, 0x0847, 0x626F, 0x622E, 0x9372, 0xBCD7, 0x6AEF, 
  0x2929, 0x398B, 0x2909, 0x418B, 0x8332, 0x72CF, 0x72D0, 0x72D0, 0x72D0, 0x7AF0, 0x59EC, 0x726F, 
  0x7AD0, 0x6A4F, 0xAC52, 0x7B2C, 0x61CF, 0xEDF9, 0xEE15, 0xDD74, 0xDD95, 0xDDB4, 0xDDB5, 0xD5B4, 
  0xDD94, 0xE5F5, 0xE5F6, 0xAC73, 0x8B92, 0x49AA, 0x7A4C, 0x61EA, 0x30E7, 0x2927, 0x7B4D, 0xD533, 
  0xF616, 0x8B70, 0x3969, 0x626C, 0x5A6D, 0x8390, 0xACB4, 0xB4B4, 0x9C32, 0xA474, 0xAC52, 0xA451, 
  0x836D, 0xACD4, 0xDE1A, 0xCD37, 0xD512, 0xE570, 0xE5B1, 0xE56F, 0xDCAB, 0xBBCB, 0xABAF, 0x9370, 
  0x5AAF, 0x39AC, 0x39CB, 0x3189, 0x18A6, 0x4A0D, 0x522E, 0x8B92, 0xA3F2, 0x93D1, 0x9C11, 0x9BF2, 
  0x93D1, 0x8BF2, 0x8BF3, 0x9C55, 0x9413, 0xA455, 0x9C14, 0x8392, 0x7351, 0x4A2C, 0x2969, 0x0024, 
  0x0045, 0x0886, 0x2129, 0x318A, 0x526E, 0x62AF, 0x62CE, 0x5A8E, 0x522C, 0x522C, 0x49EC, 0x628F, 
  0x6AD0, 0x7B52, 0x8393, 0x7B52, 0x7B32, 0x7B32, 0x6B11, 0x62B0, 0x4A0E, 0x31AC, 0x18C9, 0x0005, 
  0x0001, 0x10A6, 0x4AAF, 0x3A4D, 0x2148, 0x2147, 0x1968, 0x29CB, 0x29AB, 0x218B, 0x31EC, 0x424E, 
  0x426D, 0x322D, 0x3230, 0x3149, 0x6B31, 0x2128, 0x08A6, 0x39EE, 0x10C7, 0x0022, 0x10A8, 0x0003, 
  0x18E8, 0x7B0F, 0xCB0B, 0x626B, 0x08EA, 0x3A4E, 0x426F, 0x2129, 0x2129, 0x4A4F, 0x4A4F, 0x5AB1, 
  0x3148, 0x3189, 0x4A4E, 0x528F, 0x4A4E, 0x4A8F, 0x4A90, 0x422E, 0x31ED, 0x2169, 0x1907, 0x10A5, 
  0x0884, 0x0884, 0x0000, 0x0000, 0x0000, 0x0000, 0x0000, 0x0000, 0x0000, 0x0000, 0x0000, 0x0023, 
  0x0845, 0x10C7, 0x2109, 0x296B, 0x39CC, 0x422E, 0x52D0, 0x5B11, 0x6B52, 0x7352, 0x6B32, 0x6B31, 
  0x7351, 0x7351, 0x316A, 0x0000, 0x28A4, 0x49E9, 0x28E4, 0x20A4, 0x316B, 0x39CC, 0x0004, 0x1085, 
  0x2129, 0x420D, 0x3A2D, 0x6394, 0x5B33, 0x8C77, 0x2969, 0x0864, 0x4A6F, 0x3A0C, 0x3A0D, 0x3AD1, 
  0xAA84, 0x9A24, 0x2146, 0x0003, 0x2949, 0x6900, 0x50A0, 0x20C2, 0x0004, 0x0002, 0x1062, 0x1109, 
  0x29CC, 0x2109, 0x0024, 0x422D, 0x424E, 0x422D, 0x3A2D, 0x424D, 0x62CF, 0x0824, 0x0846, 0x0826, 
  0x1046, 0x0826, 0x0006, 0x41CD, 0x4A6C, 0x0000, 0x0000, 0x0843, 0x5ACF, 0x18C6, 0x0846, 0x18C9, 
  0x31AD, 0x3A0E, 0x420E, 0x4A4F, 0x528F, 0x41ED, 0x5AAF, 0x7351, 0x6AEE, 0x83B0, 0xA472, 0xAC72, 
  0xAC51, 0xAC70, 0xAC4F, 0xAC2E, 0xA40E, 0xA3ED, 0x9BCD, 0x9BAD, 0x9BAD, 0x93AD, 0x93AD, 0x9BAD, 
  0x93AD, 0x93AD, 0x93AD, 0x93AD, 0x93AD, 0x9BAE, 0x93AE, 0x93AE, 0x93AD, 0x93CE, 0x93CE, 0x9BCD, 
  0x93CD, 0x9BCE, 0x9BCE, 0x9BCE, 0x9BCD, 0xA40E, 0xA453, 0x424E, 0x10E9, 0x114A, 0x18EB, 0x0809, 
  0x1009, 0x0809, 0x0809, 0x100A, 0x1009, 0x0809, 0x0008, 0x204B, 0x7175, 0x8978, 0x8958, 0x7976, 
  0x1049, 0x0809, 0x1009, 0x0808, 0x0007, 0x204A, 0x48CF, 0x60F1, 0xB159, 0xA0F5, 0x50D0, 0x0009, 
  0x0006, 0x0808, 0x0827, 0x6A8F, 0x726F, 0x51CB, 0x830F, 0xAC74, 0xAC96, 0x6A8F, 0x28A7, 0x49CC, 
  0x8332, 0x7AD0, 0x72D0, 0x72D0, 0x72D0, 0x72D0, 0x7AAF, 0x72B0, 0x72AF, 0x6A4E, 0x7AB0, 0xB4B3, 
  0x624B, 0x618E, 0xDDB8, 0xF635, 0xDD94, 0xDDB5, 0xDDB4, 0xDDB4, 0xDDB4, 0xD5B4, 0xE5F5, 0xE5D5, 
  0xA411, 0x93B1, 0x72CE, 0x498A, 0x9BF2, 0x4A0B, 0x72CC, 0xA3AE, 0x2065, 0x28E8, 0x730E, 0xBCF5, 
  0xC536, 0xB493, 0x9C31, 0x9C50, 0x93EE, 0x7B2C, 0xA430, 0xAC73, 0xCD16, 0xD598, 0xBC92, 0xDD10, 
  0xED90, 0xE50E, 0xC44A, 0xB388, 0x9B6C, 0x8351, 0x5A2F, 0x526F, 0x1929, 0x2129, 0x1928, 0x31AB, 
  0x2108, 0x18A6, 0x41AC, 0x522E, 0x8B93, 0x8BD2, 0x83B2, 0x83B2, 0x83B3, 0x83B3, 0x8392, 0x7B72, 
  0x7331, 0x522C, 0x398A, 0x18E7, 0x0885, 0x10A6, 0x2128, 0x41EB, 0x4A0C, 0x5A8E, 0x526D, 0x628F, 
  0x5A6D, 0x5A2D, 0x49EB, 0x5A6F, 0x6AF0, 0x7B32, 0x8353, 0x7B52, 0x7B52, 0x7332, 0x6AF1, 0x5AB0, 
  0x4A2E, 0x316B, 0x18E9, 0x0025, 0x0003, 0x0003, 0x0001, 0x0001, 0x0001, 0x0884, 0x0928, 0x00E6, 
  0x29CB, 0x3A2D, 0x5A6D, 0x624B, 0x8B6F, 0x732F, 0x31ED, 0x3A2D, 0x424D, 0x0864, 0x0889, 0x318E, 
  0x39AC, 0x1064, 0x0001, 0x0002, 0x1044, 0x41CA, 0x7372, 0x7331, 0x10A6, 0x62EE, 0x4966, 0x1821, 
  0x41C8, 0x424F, 0x3A2E, 0x426F, 0x298B, 0x29AB, 0x31CD, 0x298C, 0x39CD, 0x424E, 0x426E, 0x4A4E, 
  0x4A4E, 0x526E, 0x4A6E, 0x526E, 0x526E, 0x5AD0, 0x5AD1, 0x5AD0, 0x52CF, 0x422E, 0x31CC, 0x2149, 
  0x18E8, 0x0886, 0x0043, 0x0022, 0x0001, 0x0000, 0x0000, 0x0000, 0x0000, 0x0000, 0x0000, 0x0000, 
  0x0001, 0x0003, 0x0023, 0x0045, 0x08A8, 0x1909, 0x214A, 0x31AC, 0x424F, 0x5AD3, 0x318D, 0x20E6, 
  0xBCD3, 0xBD14, 0xAC93, 0xAC73, 0x1867, 0x0000, 0x0865, 0x0884, 0x0000, 0x0024, 0x0000, 0x0001, 
  0x0044, 0x1908, 0x0023, 0x2968, 0x4A6F, 0x422D, 0x3A0B, 0x120F, 0x21CF, 0x5B13, 0x31ED, 0x0002, 
  0x5B31, 0x9A47, 0x9BF0, 0x532F, 0x0024, 0x4A2B, 0x4102, 0x30A0, 0x1041, 0x0002, 0x316B, 0x4A8F, 
  0x422D, 0x422D, 0x31EC, 0x5AF0, 0x3128, 0x0004, 0x0845, 0x0827, 0x1047, 0x1046, 0x0826, 0x20AB, 
  0x0002, 0x0000, 0x0000, 0x316A, 0x526E, 0x83ED, 0xA4B0, 0x940E, 0x83AD, 0x6AEB, 0x4A2A, 0x31A9, 
  0x2128, 0x18C8, 0x2109, 0x5290, 0x5AD0, 0x5AD0, 0x6B11, 0x6AD1, 0x5270, 0x526F, 0x62AF, 0x6ACF, 
  0x730E, 0x838F, 0x9410, 0xA451, 0xA450, 0xAC50, 0x9BEE, 0x9BCD, 0x9BAD, 0x93AD, 0x93AD, 0x9BAD, 
  0x93AD, 0x93AD, 0x9BCE, 0x9BAE, 0x9BAE, 0x9BAE, 0x9BCE, 0x93CE, 0x9BCE, 0x9BCE, 0x9BCE, 0x9BCE, 
  0x9BCD, 0xAC92, 0x6B51, 0x1109, 0x1109, 0x196A, 0x18E9, 0x0809, 0x100A, 0x1009, 0x1009, 0x1009, 
  0x100A, 0x100A, 0x100A, 0x0008, 0x100B, 0x40D1, 0x7136, 0x8177, 0x1049, 0x0809, 0x0808, 0x0006, 
  0x0027, 0x7175, 0xB97B, 0x8116, 0x406F, 0xA04B, 0x1006, 0x0008, 0x0809, 0x0809, 0x0005, 0x59CB, 
  0x6A4E, 0x59CD, 0x496B, 0x51AA, 0x8350, 0xAC34, 0xBCB6, 0x72D0, 0x72D0, 0x72D0, 0x72D0, 0x72D0, 
  0x72D0, 0x7AD0, 0x622E, 0x72B0, 0x6A4E, 0x59EB, 0x8311, 0x7A8F, 0xBD32, 0x6A4B, 0x7A31, 0xF5F9, 
  0xEE35, 0xDDB4, 0xDDB5, 0xDDB4, 0xDDB4, 0xDDB4, 0xDDB4, 0xEDF5, 0xEE56, 0x9BD0, 0xA433, 0xC535, 
  0xC535, 0xA432, 0x2927, 0x3127, 0x524B, 0xA473, 0xD597, 0xAC33, 0x9390, 0x93F0, 0x836D, 0x628A, 
  0x8BAE, 0xA453, 0xC516, 0xCD35, 0xCCD2, 0xD52F, 0xDD2D, 0xE54D, 0xBC2A, 0xAB49, 0x92EB, 0x832D, 
  0x5AAF, 0x420D, 0x31A9, 0x0023, 0x318A, 0x2129, 0x3A0D, 0x2127, 0x2148, 0x20E7, 0x18A6, 0x294A, 
  0x522F, 0x7B52, 0x7B93, 0x7311, 0x6AB0, 0x522C, 0x3168, 0x0865, 0x1085, 0x0885, 0x1907, 0x4A4C, 
  0x4A0C, 0x5A8E, 0x4A2C, 0x62EF, 0x5A4C, 0x520B, 0x49EB, 0x5A6E, 0x62AF, 0x7B31, 0x83B3, 0x8392, 
  0x7B72, 0x7332, 0x6AF1, 0x5AB1, 0x424E, 0x298A, 0x18E8, 0x0024, 0x0002, 0x0002, 0x0001, 0x0022, 
  0x0864, 0x0044, 0x0022, 0x10A4, 0x29A9, 0x422B, 0x620B, 0x6AAC, 0x3ACD, 0x1149, 0x7A8D, 0x9B6F, 
  0xA3D0, 0xB494, 0x4A6D, 0x29EC, 0x426D, 0x18E6, 0x0004, 0x0007, 0x0884, 0x10C4, 0x6B6F, 0x6B4F, 
  0x1887, 0x5AD3, 0x296A, 0x2926, 0x1040, 0x0000, 0x29E9, 0x73B1, 0x7475, 0x4BB3, 0x21CD, 0x426E, 
  0x4A8F, 0x31CC, 0x31AB, 0x41ED, 0x39ED, 0x31ED, 0x29CC, 0x31CD, 0x31EC, 0x31EC, 0x31CC, 0x39ED, 
  0x422E, 0x4A4E, 0x528F, 0x5A8F, 0x5AAF, 0x62D0, 0x62D0, 0x62D0, 0x62F0, 0x62F0, 0x526E, 0x422D, 
  0x31CC, 0x2149, 0x10C7, 0x0865, 0x0865, 0x0023, 0x0001, 0x0000, 0x0000, 0x0000, 0x0000, 0x0000, 
  0x0000, 0x0000, 0x0001, 0x0002, 0x0023, 0x0047, 0x0005, 0x39CB, 0x7BD4, 0x6312, 0x83F5, 0x7373, 
  0x0002, 0x18C3, 0x7BCE, 0x52AC, 0x530E, 0x218A, 0x41E7, 0x3964, 0x28E1, 0x0000, 0x0023, 0x422D, 
  0x3A0D, 0x4A6F, 0x2989, 0x0000, 0x0021, 0x0044, 0x0004, 0x0002, 0x10E6, 0x012B, 0x0A54, 0x090B, 
  0x1084, 0x42B0, 0x19AC, 0x6331, 0x41EB, 0x0002, 0x4A4E, 0x422E, 0x3A2D, 0x420D, 0x424E, 0x5ACF, 
  0x0004, 0x0005, 0x0003, 0x1047, 0x1047, 0x0846, 0x0825, 0x0005, 0x0000, 0x0000, 0x0001, 0x420D, 
  0x524C, 0x9C74, 0xC578, 0xCD95, 0xCD72, 0xCD71, 0xCD30, 0xC52F, 0xB4CF, 0xB4F0, 0x942F, 0x5A8D, 
  0x524A, 0x520A, 0x39A9, 0x4A2C, 0x522C, 0x41AB, 0x41EC, 0x39AC, 0x522E, 0x4A0C, 0x3189, 0x420C, 
  0x5AAE, 0x628D, 0x8390, 0x9412, 0x93D1, 0x9BF1, 0xA451, 0xA471, 0xAC71, 0xAC6F, 0xA42E, 0xA40E, 
  0x9BED, 0x9BCD, 0x9BAE, 0x9BAD, 0x9BCD, 0x9BCE, 0x9BCE, 0x9BCD, 0xAC2F, 0x83D3, 0x21AB, 0x1108, 
  0x1149, 0x090A, 0x1003, 0x0806, 0x100B, 0x0809, 0x1009, 0x1009, 0x100A, 0x1009, 0x1009, 0x100A, 
  0x0008, 0x0007, 0x286C, 0x7955, 0x1048, 0x0007, 0x0808, 0x490F, 0x6975, 0x997B, 0x9139, 0x306F, 
  0x0006, 0x3807, 0x1808, 0x0009, 0x0809, 0x0007, 0x0003, 0x0841, 0x20C4, 0x59EC, 0x9354, 0x7AD0, 
  0x498A, 0x49CA, 0x7B50, 0xA434, 0x9393, 0x7AD0, 0x72AF, 0x72D0, 0x7AB0, 0x7AF0, 0x622D, 0x7AD0, 
  0x72AF, 0x72D0, 0x8B52, 0x728F, 0x8311, 0xCDD5, 0x59EA, 0x8271, 0xFE79, 0xEE14, 0xDDB4, 0xDDB4, 
  0xDDB4, 0xDDB4, 0xDDB4, 0xDDB4, 0xEE16, 0xD5D5, 0x93CF, 0xC534, 0xCD75, 0xCD34, 0xBCF4, 0xAC93, 
  0xD596, 0x9BF0, 0x832D, 0xB4F3, 0x9C51, 0x62AA, 0x72ED, 0xBCF5, 0xD557, 0xDD9A, 0xCD33, 0xDD70, 
  0xED90, 0xCCAD, 0xBC0C, 0x9BAA, 0x7249, 0x7ACE, 0x52AF, 0x39ED, 0x422C, 0x0001, 0x318B, 0x4A6E, 
  0x2128, 0x318A, 0x18E7, 0x1908, 0x31AA, 0x62D0, 0x4A4E, 0x2969, 0x2128, 0x3948, 0x3147, 0x18A5, 
  0x0844, 0x10C6, 0x2948, 0x420B, 0x4A2C, 0x5AAE, 0x526D, 0x5A6E, 0x522C, 0x5A4D, 0x4A0C, 0x520D, 
  0x6AD0, 0x7311, 0x7B51, 0x7331, 0x7331, 0x7331, 0x62F0, 0x528F, 0x41EC, 0x2929, 0x1086, 0x0024, 
  0x0001, 0x0000, 0x0001, 0x0842, 0x0863, 0x0043, 0x0885, 0x0044, 0x00C6, 0x2188, 0x3A2B, 0x220D, 
  0x42AE, 0xAC70, 0xAACE, 0xD474, 0x9CB4, 0x0043, 0x0000, 0x51ED, 0x39CB, 0x1885, 0x1085, 0x31EC, 
  0x3A6E, 0x426E, 0x216A, 0x0824, 0x298A, 0x6C33, 0x534D, 0x42CC, 0x0001, 0x0000, 0x2966, 0x4964, 
  0x5331, 0x328E, 0x10A6, 0x42F1, 0x116A, 0x3945, 0x49C6, 0x2A0D, 0x426F, 0x4A4F, 0x296B, 0x212A, 
  0x31AC, 0x31ED, 0x3A0D, 0x3A2D, 0x424E, 0x3A4D, 0x3A2D, 0x3A2D, 0x322D, 0x320D, 0x31ED, 0x31EC, 
  0x29EC, 0x3A0D, 0x3A0D, 0x4A6E, 0x528E, 0x528E, 0x5ACF, 0x62EF, 0x6B11, 0x6B11, 0x62F0, 0x62F0, 
  0x528F, 0x424E, 0x39EC, 0x298A, 0x18E8, 0x10A6, 0x0864, 0x0043, 0x0000, 0x0000, 0x0000, 0x0000, 
  0x0000, 0x0000, 0x0000, 0x0000, 0x0022, 0x0863, 0x18C7, 0x0026, 0x0823, 0x18E5, 0x39E8, 0x2988, 
  0x3A2C, 0x52AD, 0xAD35, 0x8C15, 0xACB5, 0x18E7, 0x10C7, 0x426E, 0x3A0D, 0x422D, 0x31EC, 0x18E5, 
  0x1083, 0x0021, 0x18E9, 0x18C8, 0x0000, 0x0000, 0x0000, 0x0003, 0x0823, 0x0001, 0x0085, 0x08A7, 
  0x0866, 0x2109, 0x4A6E, 0x3A2C, 0x422C, 0x31CD, 0x6311, 0x4A2C, 0x0003, 0x0847, 0x0824, 0x0846, 
  0x1026, 0x1069, 0x0805, 0x0000, 0x0000, 0x0000, 0x10C7, 0x52AF, 0x18A5, 0x0827, 0x0809, 0x10AA, 
  0x29AD, 0x4251, 0x6332, 0x8BD0, 0xA492, 0xCDF6, 0x9CB2, 0x1085, 0x3965, 0x62AB, 0x8288, 0x2840, 
  0x4A2A, 0xB514, 0x9450, 0x8BD0, 0x5A8C, 0x7B91, 0x5A8D, 0x20E7, 0x4A4C, 0x39C9, 0x5AAD, 0x6310, 
  0x4A6F, 0x52AF, 0x6311, 0x6B12, 0x5A90, 0x6B10, 0x734F, 0x7B6F, 0x836E, 0x93CF, 0xAC92, 0xAC91, 
  0xB491, 0xB491, 0xB44E, 0xAC0F, 0xA474, 0x426E, 0x1109, 0x1129, 0x192A, 0x588A, 0x2884, 0x1089, 
  0x080A, 0x1009, 0x0809, 0x1009, 0x1009, 0x1009, 0x100A, 0x0809, 0x100A, 0x0809, 0x0007, 0x288C, 
  0x0848, 0x388E, 0x8176, 0x99DB, 0xB19C, 0x70D4, 0x104A, 0x0007, 0x0807, 0x0808, 0x0808, 0x0808, 
  0x0809, 0x0007, 0x0003, 0x0000, 0x0000, 0x0001, 0x28C6, 0x72CF, 0x93B4, 0x6A6F, 0x28A7, 0x4189, 
  0x72EE, 0xA434, 0x9392, 0x728F, 0x7AD0, 0x7AF0, 0x6A6E, 0x7AF0, 0x72D0, 0x72EF, 0x8B51, 0x7AF0, 
  0x728F, 0x9372, 0xBCF2, 0x51A9, 0xABF4, 0xFE78, 0xEDF4, 0xDD94, 0xDDB5, 0xDDD4, 0xDDB4, 0xDDB4, 
  0xD594, 0xEE56, 0xE616, 0xCD54, 0xC514, 0xC514, 0xDDD7, 0xCD34, 0x9BAF, 0x8BCF, 0x732C, 0x732D, 
  0x93F0, 0xA411, 0xD5B8, 0xD576, 0xCD16, 0xCD36, 0xDD94, 0xCCD0, 0xABAE, 0xA36D, 0x9B4B, 0x6AAC, 
  0x72B2, 0x398D, 0x0086, 0x08C7, 0x2129, 0x31CB, 0x1086, 0x31CB, 0x2969, 0x39EC, 0x5AD0, 0x528E, 
  0x5AD0, 0x31AB, 0x3A0D, 0x1148, 0x0064, 0x18E7, 0x2108, 0x420D, 0x4A4E, 0x5ACF, 0x6B30, 0x62CF, 
  0x5A6D, 0x4A0B, 0x49EB, 0x41CB, 0x628F, 0x7311, 0x8BB4, 0x8393, 0x7351, 0x7352, 0x6B11, 0x5A8F, 
  0x420D, 0x294A, 0x10A7, 0x0003, 0x0001, 0x0000, 0x0002, 0x0000, 0x0863, 0x0863, 0x0864, 0x0065, 
  0x0908, 0x1989, 0x220D, 0x5B0F, 0xAA89, 0xBA28, 0xD4D4, 0x73D3, 0x0023, 0x51A7, 0x8B0F, 0x522D, 
  0x3968, 0x0001, 0x0000, 0x0003, 0x0004, 0x2129, 0x1884, 0x3A0C, 0x4AD0, 0x3A4D, 0x4AAF, 0x2989, 
  0x0004, 0x1928, 0x2926, 0x50E0, 0x522A, 0x18C5, 0x31AB, 0x9C95, 0x4335, 0x32F2, 0x0843, 0x0001, 
  0x69E4, 0xB180, 0x832E, 0x4B51, 0x31CC, 0x4A90, 0x4A8F, 0x1908, 0x0001, 0x0844, 0x1888, 0x210A, 
  0x296B, 0x29AB, 0x31EC, 0x3A2D, 0x424E, 0x426E, 0x426F, 0x3A4E, 0x324E, 0x322D, 0x320D, 0x31ED, 
  0x29EC, 0x29CC, 0x31CC, 0x39EC, 0x3A0D, 0x4A6E, 0x528E, 0x62CF, 0x62EF, 0x62CF, 0x6AF0, 0x6AF0, 
  0x7332, 0x7333, 0x62D1, 0x5AB0, 0x422D, 0x39EC, 0x2969, 0x18C6, 0x0863, 0x0841, 0x10A4, 0x0000, 
  0x0000, 0x0000, 0x0000, 0x0000, 0x318B, 0x2128, 0x0002, 0x0844, 0x0001, 0x0862, 0x2105, 0x2149, 
  0x31CB, 0x0065, 0x422D, 0x422D, 0x39ED, 0x3A0D, 0x3A2D, 0x424E, 0x422E, 0x3A0D, 0x3A0D, 0x39CC, 
  0x2989, 0x2148, 0x18E6, 0x296A, 0x2127, 0x0020, 0x0000, 0x0000, 0x1086, 0x4A6E, 0x424D, 0x3A0D, 
  0x3A0C, 0x3A0D, 0x6B30, 0x1085, 0x0004, 0x1048, 0x0827, 0x0846, 0x1047, 0x1069, 0x0002, 0x0000, 
  0x0001, 0x0001, 0x10C8, 0x6332, 0x420C, 0x3189, 0x3149, 0x2928, 0x2107, 0x08C8, 0x00EA, 0x0001, 
  0x0047, 0x00CB, 0x0067, 0x08E9, 0x1909, 0x2149, 0x5946, 0x1000, 0x29AB, 0x8C54, 0x8C53, 0x9C94, 
  0x20E4, 0x39AA, 0x3A0D, 0x0846, 0x1064, 0x18E6, 0x2127, 0x2106, 0x2927, 0x3189, 0x3169, 0x39CB, 
  0x4A0C, 0x4A0C, 0x526D, 0x5AAE, 0x62EF, 0x6B11, 0x62F0, 0x6B31, 0x7330, 0x6AEF, 0x8390, 0xB4F6, 
  0x8414, 0x194A, 0x1109, 0x010A, 0x50AE, 0x8026, 0x1188, 0x20EC, 0x0809, 0x100A, 0x1009, 0x1009, 
  0x1009, 0x1009, 0x1009, 0x100A, 0x080A, 0x1009, 0x080A, 0x0849, 0x5912, 0x9178, 0x9958, 0x6135, 
  0x50B0, 0x0007, 0x0006, 0x0808, 0x1008, 0x0009, 0x0008, 0x0809, 0x0809, 0x0807, 0x0003, 0x0000, 
  0x0000, 0x0000, 0x0000, 0x0000, 0x3127, 0x6A6E, 0x8B32, 0x6A4E, 0x4149, 0x4989, 0x7B0F, 0x93B3, 
  0x8312, 0x7AF0, 0x6A4E, 0x7AF0, 0x72AF, 0x72AF, 0x8B52, 0x8311, 0x8311, 0x59CC, 0x9391, 0xBCF2, 
  0x4147, 0x9BF4, 0xF678, 0xE5D4, 0xDDB5, 0xDDB4, 0xDDB4, 0xDDD4, 0xEE36, 0xEE36, 0xC533, 0x9C10, 
  0xD576, 0xCD34, 0xA432, 0xA410, 0x732C, 0x734D, 0x8BCF, 0x9BD0, 0xC4D4, 0xD597, 0xCD55, 0xCD55, 
  0xCD14, 0xB432, 0x9B4E, 0x9B6D, 0xA3AE, 0xBC2F, 0x82C9, 0x18A7, 0x8B75, 0x62D0, 0x20E7, 0x0866, 
  0x1909, 0x31AA, 0x39EB, 0x3189, 0x62EF, 0x526E, 0x296A, 0x2949, 0x10C7, 0x1109, 0x31ED, 0x52B0, 
  0x5AAF, 0x5AAF, 0x5A8E, 0x522C, 0x5A2D, 0x522C, 0x49EC, 0x49EC, 0x628F, 0x7311, 0x8373, 0x7B73, 
  0x7352, 0x7332, 0x62D0, 0x52AF, 0x422D, 0x296A, 0x18E9, 0x0025, 0x0003, 0x0001, 0x0002, 0x0823, 
  0x1063, 0x0844, 0x18C5, 0x10A6, 0x18E7, 0x214A, 0x422D, 0x5B0E, 0x5A4B, 0x9BD1, 0x5352, 0x39C9, 
  0xDAEA, 0xAA2A, 0x9C13, 0x7B0F, 0x0000, 0x0000, 0x1087, 0x1086, 0x18A5, 0x626C, 0x9C12, 0x7B2F, 
  0x20C6, 0x39CC, 0x4A6D, 0x39EC, 0x298A, 0x29AA, 0x426E, 0x3A2C, 0x18C7, 0x0000, 0x39EB, 0xB491, 
  0x7436, 0x42D2, 0x0000, 0x0884, 0x31A9, 0x4061, 0x6A49, 0x218B, 0x4187, 0x83D1, 0x4AF3, 0x21EB, 
  0x0024, 0x3A0E, 0x4A8F, 0x4A8F, 0x10A6, 0x0000, 0x0003, 0x0005, 0x0807, 0x0807, 0x1027, 0x1068, 
  0x18A8, 0x190A, 0x214B, 0x298B, 0x31CC, 0x31ED, 0x3A2D, 0x3A4D, 0x3A4D, 0x3A4D, 0x3A4D, 0x3A2D, 
  0x3A2D, 0x31EC, 0x31EC, 0x29CC, 0x31EC, 0x31EC, 0x31EC, 0x420D, 0x526F, 0x5AAF, 0x62D0, 0x62CF, 
  0x6B31, 0x6AF1, 0x7B52, 0x6AF1, 0x5A8F, 0x524E, 0x62F0, 0x524E, 0x31CB, 0x214A, 0x0885, 0x10A6, 
  0x31CC, 0x31ED, 0x320D, 0x31CB, 0x31AA, 0x2128, 0x0885, 0x1085, 0x0002, 0x2947, 0x4A8E, 0x39ED, 
  0x3A0C, 0x3A0C, 0x320C, 0x3A0C, 0x39EC, 0x39EC, 0x31EC, 0x39ED, 0x3A2E, 0x422E, 0x3A4E, 0x3A2D, 
  0x39EC, 0x39EC, 0x31CB, 0x298A, 0x39EC, 0x424E, 0x39ED, 0x3A2D, 0x3A0C, 0x52CF, 0x39AA, 0x0002, 
  0x0004, 0x0826, 0x1047, 0x1046, 0x28EC, 0x0824, 0x0000, 0x0000, 0x0003, 0x0047, 0x422D, 0x424C, 
  0x52AF, 0x424D, 0x3A0C, 0x298A, 0x2989, 0x2989, 0x31C9, 0x3187, 0x2968, 0x422D, 0x424E, 0x1928, 
  0x0844, 0x0000, 0x0000, 0x0000, 0x0001, 0x0002, 0x0006, 0x0006, 0x296A, 0x422D, 0x08C9, 0x0004, 
  0x0000, 0x0002, 0x0002, 0x0002, 0x0002, 0x0004, 0x0845, 0x10A5, 0x3188, 0x3168, 0x31A9, 0x420B, 
  0x4A2C, 0x526D, 0x39CA, 0x41EA, 0x4A2C, 0x41EB, 0x5ACF, 0x6B31, 0x31AC, 0x1129, 0x0928, 0x10AD, 
  0x500C, 0x0860, 0x220C, 0x188A, 0x1009, 0x100A, 0x100A, 0x1009, 0x0809, 0x1009, 0x1009, 0x1009, 
  0x1009, 0x1009, 0x100A, 0x104A, 0x8998, 0x9979, 0x68F2, 0x0007, 0x0007, 0x0007, 0x0808, 0x0808, 
  0x0808, 0x0008, 0x0808, 0x0808, 0x0809, 0x0809, 0x0808, 0x0005, 0x0002, 0x0001, 0x0000, 0x0000, 
  0x0000, 0x0000, 0x28E6, 0x7AF0, 0xA3D5, 0x622D, 0x4148, 0x59EB, 0x8B71, 0xAC55, 0x7AAF, 0x72AF, 
  0x72AF, 0x6AAF, 0x8B72, 0x8311, 0x7AF0, 0x4128, 0x61ED, 0xAC13, 0xB46F, 0x4129, 0xB457, 0xF637, 
  0xDDD3, 0xE5F5, 0xF677, 0xDDB5, 0xB4B1, 0xAC71, 0x93AF, 0x93EF, 0x628B, 0x5A6B, 0x5A4A, 0x5A6A, 
  0x83CF, 0xA472, 0xD597, 0xC4F5, 0xCD15, 0xDDB6, 0xDD76, 0xB452, 0x9B6E, 0x9B6E, 0xABCF, 0xA3CF, 
  0xABCE, 0xBC0F, 0x9B8B, 0x0000, 0x316D, 0x9C36, 0x6AF1, 0x41CB, 0x31AA, 0x420C, 0x4A2D, 0x296A, 
  0x18C7, 0x08A7, 0x294A, 0x422E, 0x5AB0, 0x62F0, 0x5A4D, 0x51EB, 0x5A6D, 0x49EB, 0x49EA, 0x41CB, 
  0x522D, 0x7311, 0x7331, 0x7B73, 0x7352, 0x6B32, 0x62F0, 0x52B0, 0x3A2D, 0x298A, 0x10E7, 0x0023, 
  0x0001, 0x0002, 0x0002, 0x0022, 0x0042, 0x0863, 0x08A6, 0x08A6, 0x1948, 0x29CB, 0x39EB, 0x5AAE, 
  0x7B50, 0x5AF1, 0x31CC, 0x8B4C, 0xA289, 0xDBCF, 0xAC73, 0x0000, 0x00A7, 0x2A0D, 0x0886, 0x0002, 
  0x1883, 0x49EA, 0x0003, 0x7B70, 0xDDB7, 0xCD55, 0xC515, 0xC537, 0x6B0E, 0x0000, 0x0886, 0x0022, 
  0x0000, 0x2148, 0x424E, 0x4AAF, 0x428F, 0x0844, 0x0003, 0x326E, 0x218A, 0x1863, 0x2947, 0x0001, 
  0x2946, 0xA3F1, 0x83F2, 0x53B4, 0x0001, 0x0001, 0x2926, 0x38A0, 0x59A4, 0x7370, 0x3A2F, 0x4A8F, 
  0x52B0, 0x18C7, 0x0000, 0x0002, 0x1029, 0x0808, 0x0807, 0x0807, 0x0807, 0x0007, 0x0807, 0x0807, 
  0x0807, 0x1068, 0x10A8, 0x1909, 0x294A, 0x298B, 0x39EC, 0x3A2D, 0x424D, 0x426E, 0x428E, 0x426E, 
  0x424D, 0x3A2D, 0x322D, 0x320D, 0x31ED, 0x320D, 0x3A0D, 0x39ED, 0x420E, 0x4A2D, 0x526F, 0x5A8F, 
  0x524E, 0x524F, 0x628F, 0x7331, 0x7B51, 0x7352, 0x7311, 0x6B10, 0x5AAF, 0x4A6D, 0x3A0C, 0x29CC, 
  0x31EC, 0x3A2D, 0x424E, 0x52B0, 0x4A6E, 0x4A8E, 0x426F, 0x3A2D, 0x320C, 0x31EC, 0x320C, 0x31ED, 
  0x31EC, 0x39EC, 0x31ED, 0x31EC, 0x31EC, 0x31EC, 0x31EC, 0x39EC, 0x31EC, 0x31ED, 0x39ED, 0x422E, 
  0x3A2D, 0x3A0C, 0x3A0D, 0x3A2D, 0x3A0D, 0x5ACF, 0x0844, 0x0004, 0x0824, 0x0846, 0x0827, 0x1048, 
  0x1067, 0x0000, 0x0000, 0x0002, 0x0004, 0x5AB1, 0xBD13, 0xA494, 0x31CA, 0x0843, 0x2147, 0x420B, 
  0x3A0B, 0x298A, 0x31AB, 0x31EC, 0x2148, 0x3189, 0x39CB, 0x2927, 0x2928, 0x3189, 0x2968, 0x2106, 
  0x20E6, 0x18A4, 0x0022, 0x1085, 0x424D, 0x196C, 0x10E8, 0x0000, 0x0000, 0x0000, 0x0000, 0x0000, 
  0x0000, 0x0000, 0x0001, 0x0021, 0x0001, 0x0002, 0x0003, 0x0002, 0x0003, 0x0004, 0x18C7, 0x20C7, 
  0x2908, 0x3189, 0x39A8, 0x41EA, 0x08A7, 0x198A, 0x0109, 0x6851, 0x3046, 0x0905, 0x21AB, 0x20AA, 
  0x0809, 0x0809, 0x1009, 0x1009, 0x1009, 0x1009, 0x0809, 0x1009, 0x1009, 0x0809, 0x0809, 0x184A, 
  0x7976, 0x40AF, 0x180A, 0x0007, 0x0008, 0x0809, 0x0808, 0x0808, 0x0808, 0x0808, 0x0808, 0x0808, 
  0x0808, 0x0809, 0x100A, 0x0809, 0x0008, 0x0005, 0x0002, 0x0001, 0x0000, 0x0000, 0x0000, 0x0000, 
  0x2906, 0x72EF, 0x9373, 0x726F, 0x49AA, 0x624C, 0x9391, 0xA414, 0x72AF, 0x6A6E, 0x8B52, 0x8311, 
  0x7AF0, 0x61EC, 0x7AD0, 0x620C, 0xCD15, 0xACB1, 0x410B, 0xBC76, 0xFE97, 0xCD33, 0x9C10, 0x8B8E, 
  0xB4B2, 0xCD34, 0xEE37, 0xFEB8, 0xAC70, 0x4A08, 0x838E, 0xACD3, 0xD597, 0xD576, 0xC514, 0xDD96, 
  0xDD97, 0xBC93, 0xA38F, 0x9B6E, 0xA3AF, 0xA3EF, 0xA3CF, 0xA3CF, 0xA3EE, 0xBC0F, 0xA3AD, 0x0022, 
  0x0003, 0x41ED, 0x8BF4, 0x62CE, 0x298A, 0x18E8, 0x2969, 0x31CB, 0x5AF0, 0x62F0, 0x528E, 0x526D, 
  0x5A6C, 0x5A4D, 0x51EB, 0x4A0C, 0x4A0C, 0x526E, 0x6B32, 0x6311, 0x6310, 0x5AB0, 0x5AD1, 0x4A4F, 
  0x39ED, 0x2149, 0x10E8, 0x0065, 0x0002, 0x0001, 0x0000, 0x0822, 0x0822, 0x0883, 0x0885, 0x1106, 
  0x2189, 0x218A, 0x324E, 0x52AE, 0x52CF, 0x3A2D, 0x9C53, 0xB4B3, 0xBCB4, 0xB4D6, 0x0024, 0x1024, 
  0x828D, 0x59CB, 0x2949, 0x0000, 0x10A5, 0x0024, 0x0004, 0x7B91, 0x834F, 0xC516, 0x9412, 0x3169, 
  0x8370, 0x8370, 0x41CB, 0x0844, 0x1885, 0x2927, 0x0000, 0x18E5, 0x424D, 0x31CB, 0x4AAF, 0x3A0B, 
  0x426F, 0x3A2E, 0x0824, 0x0000, 0x4146, 0x9B0A, 0x5312, 0x7417, 0x0001, 0x1966, 0x320B, 0x1063, 
  0x4964, 0x2103, 0x2106, 0xC46F, 0xC44C, 0xACB2, 0x31CE, 0x3A0D, 0x426F, 0x4A8F, 0x18C4, 0x0822, 
  0x0827, 0x1028, 0x1028, 0x1028, 0x1028, 0x0828, 0x1028, 0x0827, 0x0807, 0x0806, 0x0006, 0x0006, 
  0x0006, 0x0806, 0x0827, 0x1068, 0x18A8, 0x18E9, 0x214A, 0x298B, 0x31AC, 0x39ED, 0x3A0D, 0x3A2D, 
  0x426E, 0x4AAF, 0x52AF, 0x528F, 0x528F, 0x526E, 0x4A2E, 0x4A2E, 0x420E, 0x294B, 0x294B, 0x39AD, 
  0x41EE, 0x4A4F, 0x62D0, 0x6AF0, 0x6AF0, 0x6AF0, 0x6AEF, 0x62CF, 0x5A8E, 0x5A8F, 0x4A8E, 0x298A, 
  0x18E7, 0x2149, 0x296A, 0x31CB, 0x3A2C, 0x424D, 0x4A8F, 0x424E, 0x3A0D, 0x3A0E, 0x39ED, 0x31CC, 
  0x31CD, 0x31CC, 0x31EC, 0x39EC, 0x39EC, 0x31EC, 0x39EC, 0x39EC, 0x3A0D, 0x3A0C, 0x3A0D, 0x39EC, 
  0x52D0, 0x4A4C, 0x0002, 0x0847, 0x0846, 0x0826, 0x1869, 0x1047, 0x0000, 0x0000, 0x0002, 0x0001, 
  0x292D, 0xB4D2, 0xBC4D, 0x7B72, 0x49ED, 0x2906, 0x4A4D, 0xA4B5, 0x7B70, 0x8BD2, 0x7B71, 0x4A4C, 
  0x4A0B, 0x39CB, 0x2129, 0x1908, 0x31AB, 0x29AA, 0x216A, 0x298B, 0x2149, 0x2149, 0x2968, 0x422B, 
  0x52CF, 0x1929, 0x0002, 0x10A7, 0x10C8, 0x0887, 0x0866, 0x0004, 0x0002, 0x0000, 0x0000, 0x0000, 
  0x0000, 0x0000, 0x0000, 0x0000, 0x0000, 0x0001, 0x0001, 0x0001, 0x0002, 0x0003, 0x0001, 0x2948, 
  0x2109, 0x0127, 0x306D, 0x500A, 0x00C2, 0x192A, 0x528E, 0x396D, 0x0008, 0x102A, 0x0809, 0x0809, 
  0x100A, 0x1009, 0x0809, 0x0809, 0x0809, 0x0809, 0x1009, 0x104A, 0x30AC, 0x0006, 0x0007, 0x0808, 
  0x0808, 0x0808, 0x0808, 0x0808, 0x0808, 0x0808, 0x0808, 0x0809, 0x0808, 0x0808, 0x0809, 0x0809, 
  0x080A, 0x0809, 0x0808, 0x0005, 0x0002, 0x0001, 0x0000, 0x0000, 0x0000, 0x0000, 0x3126, 0x72CF, 
  0x8331, 0x5A0C, 0x5A0B, 0x72CE, 0x9391, 0x9BD3, 0x8B52, 0x7AAF, 0x7AF0, 0x622D, 0x7AD0, 0x5A0D, 
  0x72AF, 0xBC94, 0x93AF, 0x6A2E, 0xB454, 0x830C, 0x9BCE, 0xD594, 0xF6B8, 0xEE16, 0xDDB5, 0xD594, 
  0xFEF8, 0xDDF5, 0xC515, 0xDDD8, 0xC4D4, 0xD556, 0xE5D7, 0xC4D4, 0x9B6E, 0x9B6E, 0xA3AF, 0xA3CF, 
  0xA3CF, 0xA3EF, 0xA3EF, 0xA3CF, 0xABEF, 0xCCB2, 0xB42F, 0x1085, 0x0026, 0x0004, 0x41CB, 0x2927, 
  0x422C, 0x5B10, 0x42AF, 0x3A8D, 0x4A4C, 0x4A4C, 0x5A8D, 0x41EB, 0x626E, 0x49EC, 0x62D1, 0x526F, 
  0x39AA, 0x2108, 0x6333, 0x424E, 0x320D, 0x216B, 0x08A7, 0x0003, 0x0002, 0x0001, 0x0001, 0x0001, 
  0x0843, 0x0863, 0x10C5, 0x10C6, 0x2148, 0x1907, 0x39CB, 0x528F, 0x3A4E, 0x83B2, 0xA3F2, 0xA3F2, 
  0xCD17, 0x18E7, 0x3148, 0xA473, 0x8B92, 0x72F0, 0x0000, 0x0000, 0x0048, 0x0002, 0x31AA, 0x62AC, 
  0x7B2F, 0xAC74, 0x20E8, 0x4A2D, 0xBD15, 0x9C32, 0x8BB1, 0x0002, 0x0002, 0x0005, 0x10A7, 0x41A8, 
  0x5A6C, 0xBD17, 0x730F, 0x10A6, 0x31EC, 0x31CA, 0x1907, 0x0000, 0x31EB, 0x52F1, 0x3A0C, 0x0002, 
  0x0844, 0x5332, 0x3270, 0x112A, 0x18A4, 0x0000, 0x18A2, 0xD3AB, 0xE389, 0xBE16, 0x20E5, 0x2148, 
  0x6B31, 0x28C9, 0x1067, 0x424D, 0x4A8E, 0x5B11, 0x528E, 0x0844, 0x0845, 0x0824, 0x0824, 0x0825, 
  0x0825, 0x0827, 0x1047, 0x1048, 0x1048, 0x1027, 0x0827, 0x0827, 0x0827, 0x0807, 0x0807, 0x0806, 
  0x0006, 0x0006, 0x0006, 0x0806, 0x0807, 0x1048, 0x1069, 0x1889, 0x294B, 0x318C, 0x318C, 0x398C, 
  0x4A0E, 0x524F, 0x528F, 0x5A90, 0x5AAF, 0x9C72, 0x83B1, 0x7331, 0x62F0, 0x4A4E, 0x39CD, 0x296C, 
  0x292C, 0x318D, 0x41CE, 0x5A8F, 0x6AB1, 0x6AD1, 0x6AF1, 0x420C, 0x4A0B, 0x5A4D, 0x5A2C, 0x3168, 
  0x29A8, 0x1929, 0x1949, 0x296A, 0x298A, 0x2969, 0x39EC, 0x4A8F, 0x426E, 0x422D, 0x3A2D, 0x3A2E, 
  0x31EC, 0x31ED, 0x31ED, 0x31CC, 0x31EC, 0x39EC, 0x39ED, 0x39ED, 0x5AF0, 0x18A5, 0x0004, 0x1068, 
  0x0826, 0x0826, 0x188A, 0x0003, 0x0000, 0x0001, 0x0001, 0x1088, 0xA475, 0xBC4B, 0xAC30, 0x6ACF, 
  0x4988, 0x2908, 0x1908, 0x1084, 0x18A5, 0x9390, 0x626C, 0x7B2F, 0xD577, 0x72F0, 0x7B50, 0xB4F7, 
  0x7392, 0x6B30, 0x7350, 0x4A6D, 0x31AA, 0x31AA, 0x2169, 0x08C8, 0x320C, 0x52AE, 0x2948, 0x52B0, 
  0x52D1, 0x422E, 0x49ED, 0x41CD, 0x292B, 0x20E9, 0x18E8, 0x18A7, 0x1086, 0x0845, 0x0002, 0x0001, 
  0x0000, 0x0000, 0x0000, 0x0000, 0x0000, 0x0004, 0x10C8, 0x424D, 0x10E7, 0x0885, 0x594C, 0x0001, 
  0x1989, 0x10C9, 0x8412, 0x4A4F, 0x0008, 0x0809, 0x1009, 0x0809, 0x1009, 0x1009, 0x1009, 0x1009, 
  0x1009, 0x0809, 0x1009, 0x184A, 0x0848, 0x0809, 0x0808, 0x0808, 0x0808, 0x0808, 0x0808, 0x0808, 
  0x0809, 0x0808, 0x0808, 0x0808, 0x0808, 0x0809, 0x0809, 0x0809, 0x0809, 0x0809, 0x080A, 0x0809, 
  0x0807, 0x0005, 0x0002, 0x0000, 0x0000, 0x0000, 0x0000, 0x0000, 0x2905, 0x6AAE, 0x8311, 0x620E, 
  0x51AA, 0x72EE, 0x93B2, 0x9373, 0x7AD1, 0x59CC, 0x7AD0, 0x6A4D, 0x6A8E, 0x59ED, 0xC4B4, 0x51C8, 
  0x3107, 0xE5F7, 0xFED8, 0xE5D5, 0xDD94, 0xDDB5, 0xEE36, 0xE5F6, 0xC4F3, 0xC4D4, 0xC4D4, 0xD575, 
  0xDDB7, 0xBCB3, 0x9BB0, 0x938F, 0xA3AF, 0xABCF, 0xA3CF, 0xA3CF, 0xA3CF, 0xA3EF, 0xABEF, 0xBC51, 
  0xC492, 0x9B8D, 0x49A6, 0x0024, 0x1868, 0x0804, 0x0000, 0x41EA, 0x7371, 0x2989, 0x6063, 0xC083, 
  0x0800, 0x31EE, 0x526E, 0x526D, 0x2128, 0x10A6, 0x18E7, 0x39AB, 0x420C, 0x318B, 0x10A6, 0x0044, 
  0x0002, 0x0001, 0x0001, 0x0823, 0x0843, 0x0843, 0x0864, 0x0865, 0x10A7, 0x2129, 0x29CB, 0x3A0D, 
  0x6B11, 0x93F3, 0x8B91, 0xB495, 0x5ACE, 0x20C5, 0x9390, 0x9BF3, 0x9BD3, 0x20E6, 0x0000, 0x1089, 
  0x0006, 0x0005, 0x2926, 0x39A9, 0x9C33, 0x3949, 0x3989, 0xB4D6, 0x9C54, 0xB4B6, 0x62AD, 0x0000, 
  0x2908, 0x294A, 0x18A7, 0x1064, 0x7B2F, 0x49EB, 0x18C6, 0xBCF5, 0xBCF5, 0xA454, 0x7B70, 0x0003, 
  0x0000, 0x0000, 0x0821, 0x1082, 0x2989, 0x3A4D, 0x4AAF, 0x31CB, 0x0002, 0x0004, 0x10C7, 0x81A0, 
  0xB285, 0x6331, 0x18C5, 0x7AAB, 0x8370, 0x6330, 0x2906, 0x0000, 0x0004, 0x0003, 0x20C8, 0x4A6F, 
  0x39EC, 0x2168, 0x2148, 0x10C6, 0x0024, 0x0004, 0x0024, 0x0024, 0x0824, 0x0825, 0x0825, 0x0845, 
  0x0825, 0x0826, 0x0806, 0x0807, 0x0827, 0x1028, 0x0827, 0x0827, 0x0828, 0x0828, 0x0827, 0x0827, 
  0x0807, 0x0807, 0x0806, 0x0806, 0x0006, 0x0006, 0x0807, 0x0807, 0x0827, 0x1068, 0x20EA, 0x316C, 
  0x39CC, 0x83B1, 0x8BF2, 0x8C12, 0xA4B3, 0x9C32, 0x7B90, 0x9C72, 0x9432, 0x83D2, 0x83D2, 0x62B0, 
  0x49EE, 0x41CE, 0x41CD, 0x5270, 0x5AB1, 0x62F1, 0x6311, 0x4A6E, 0x422F, 0x62CD, 0x526A, 0x41CA, 
  0x520A, 0x39CB, 0x198B, 0x21CB, 0x29EB, 0x318A, 0x31AA, 0x318A, 0x31CB, 0x31AB, 0x3A0D, 0x424D, 
  0x422D, 0x424E, 0x424E, 0x52D0, 0x39AA, 0x0002, 0x0847, 0x1029, 0x1027, 0x1068, 0x0025, 0x0000, 
  0x0000, 0x0001, 0x0004, 0x7352, 0xBC8E, 0x93AB, 0x7B95, 0x8C34, 0xA472, 0xACD5, 0x3169, 0x5A08, 
  0x20C5, 0x2948, 0x2127, 0x2927, 0x39A8, 0x0024, 0x51EB, 0x5A6C, 0x2949, 0x9BD3, 0x8370, 0x524C, 
  0xA495, 0x8C13, 0x7350, 0x83D2, 0x4A8E, 0x422C, 0x6B51, 0x6310, 0x528D, 0x424C, 0x424C, 0x39EB, 
  0x4A6D, 0x526D, 0x528D, 0x5AAE, 0x4A6D, 0x39EC, 0x39CC, 0x39AC, 0x294A, 0x18C8, 0x1088, 0x0887, 
  0x0023, 0x214A, 0x5311, 0x428F, 0x0886, 0x18A7, 0x28E6, 0x08E6, 0x218B, 0x18E9, 0x632F, 0x422D, 
  0x0009, 0x1009, 0x1009, 0x100A, 0x0809, 0x1009, 0x1009, 0x1009, 0x1009, 0x0809, 0x0809, 0x184A, 
  0x1069, 0x0808, 0x0808, 0x0808, 0x0808, 0x1008, 0x0808, 0x0808, 0x0808, 0x0808, 0x0808, 0x0808, 
  0x0808, 0x0808, 0x0808, 0x0808, 0x0808, 0x0809, 0x0809, 0x0809, 0x0809, 0x0809, 0x0007, 0x0004, 
  0x0002, 0x0000, 0x0000, 0x0000, 0x0000, 0x0000, 0x2906, 0x72D0, 0x8B52, 0x59EB, 0x3107, 0x624D, 
  0x9BB3, 0x8B72, 0x728F, 0x622D, 0x6A6D, 0x59CC, 0x82F0, 0x82CE, 0x4969, 0x7AB0, 0xD536, 0xFE77, 
  0xEE35, 0xE5F6, 0xBC92, 0xA412, 0xB495, 0xCD56, 0xDDB7, 0xBCD4, 0x9B90, 0x9BD1, 0xB453, 0xB473, 
  0xA3D0, 0xABCF, 0xA3EF, 0xA3AF, 0xABCF, 0xBC71, 0xC4B2, 0x9BAE, 0x49C7, 0x0000, 0x0000, 0x0005, 
  0x1865, 0x4249, 0x08A4, 0x20C6, 0x62CE, 0x0004, 0x5805, 0xC085, 0x2865, 0x1109, 0x18E7, 0x18E6, 
  0x31AA, 0x39CB, 0x2148, 0x1907, 0x18E7, 0x1085, 0x0001, 0x0843, 0x0001, 0x0884, 0x10A5, 0x10C7, 
  0x0085, 0x10E6, 0x1928, 0x4A6D, 0x7331, 0x7B72, 0x9414, 0x7331, 0x2928, 0x8BB1, 0x9C13, 0x93D2, 
  0x6ACE, 0x0000, 0x0886, 0x10C9, 0x0046, 0x1002, 0x28E5, 0x526E, 0x18E8, 0x0002, 0x93D2, 0xAC95, 
  0xBD16, 0xAC95, 0x0002, 0x1088, 0x524D, 0x18C7, 0x0002, 0x18A4, 0x3949, 0x0005, 0x8BF1, 0xA451, 
  0xB4B4, 0xDDB9, 0x18C6, 0x0003, 0x41EA, 0x1064, 0x0001, 0x2104, 0x424B, 0x0042, 0x2947, 0x528E, 
  0x424C, 0x31EB, 0x216A, 0x52D1, 0x31AB, 0x0000, 0x10A3, 0xA38C, 0x83D3, 0x4C1C, 0x1108, 0x0000, 
  0x08AA, 0x0006, 0x0827, 0x18C7, 0x20E7, 0x2107, 0x2948, 0x18E7, 0x2128, 0x2168, 0x426D, 0x4A6D, 
  0x0000, 0x0001, 0x0002, 0x0003, 0x0004, 0x1045, 0x1067, 0x1046, 0x0846, 0x1066, 0x18C8, 0x1066, 
  0x0024, 0x0024, 0x0025, 0x0825, 0x0005, 0x0826, 0x0827, 0x1028, 0x1028, 0x1028, 0x1028, 0x1028, 
  0x1028, 0x1028, 0x1028, 0x1028, 0x0828, 0x0807, 0x0806, 0x0006, 0x0006, 0x0006, 0x0005, 0x0028, 
  0x18CA, 0x318A, 0x39CB, 0x7371, 0x9452, 0x9451, 0x9C92, 0x7311, 0x9434, 0xBD55, 0xA4B3, 0x6B10, 
  0x5ACF, 0x424D, 0x31ED, 0x21EE, 0x69EB, 0xFC25, 0xFCA8, 0xFCAA, 0x8B0D, 0x7311, 0xA32B, 0x7A48, 
  0x6A4C, 0x4A70, 0x39CB, 0x39EB, 0x318A, 0x2928, 0x2968, 0x41EA, 0x3189, 0x3189, 0x2128, 0x39CB, 
  0x0865, 0x0025, 0x1028, 0x1028, 0x20AB, 0x1067, 0x0000, 0x0000, 0x0002, 0x0003, 0x4A50, 0xB492, 
  0xA3EB, 0x7350, 0x10A7, 0x2946, 0x528C, 0x6AEE, 0x83B1, 0x9BF1, 0x18E6, 0x9C33, 0x8BF1, 0x18E5, 
  0x7B4E, 0x5A8C, 0x0864, 0x3167, 0x18C5, 0x20E7, 0x1065, 0x0885, 0x5A6D, 0x10A5, 0x3168, 0x9433, 
  0x39CA, 0x4A0A, 0xAC95, 0x6B10, 0x8370, 0x93F2, 0x526D, 0x52AE, 0x5ACF, 0x4A8E, 0x31CC, 0x4A8D, 
  0x5ACE, 0x4A6C, 0x39EC, 0x39CC, 0x422E, 0x424F, 0x424F, 0x31CE, 0x1909, 0x298A, 0x31EB, 0x322C, 
  0x18E9, 0x0002, 0x0863, 0x21CC, 0x1949, 0x29AC, 0x29EA, 0x10C5, 0x080A, 0x100A, 0x1009, 0x0809, 
  0x0809, 0x0809, 0x0809, 0x0809, 0x0809, 0x0809, 0x0809, 0x186A, 0x1049, 0x0808, 0x0808, 0x0808, 
  0x0808, 0x0808, 0x0808, 0x0808, 0x0808, 0x0007, 0x0008, 0x0808, 0x0808, 0x0808, 0x0808, 0x0808, 
  0x0809, 0x0808, 0x1008, 0x0808, 0x0808, 0x0809, 0x0809, 0x0007, 0x0005, 0x0003, 0x0001, 0x0000, 
  0x0000, 0x0000, 0x0000, 0x0000, 0x3988, 0x8310, 0x8B31, 0x5A0B, 0x51CA, 0x72AE, 0x9BD3, 0x8311, 
  0x6A6E, 0x51CC, 0x8B32, 0x8B51, 0x624D, 0x6A70, 0x724F, 0xC4B5, 0xEDF6, 0xB475, 0x9C13, 0xCD57, 
  0xDD97, 0xBC93, 0x9BD1, 0x9BB1, 0xB453, 0xABF1, 0x934F, 0x830F, 0xBC51, 0xABCF, 0xAC10, 0xC492, 
  0xC451, 0x938D, 0x49E7, 0x0841, 0x0000, 0x0001, 0x0001, 0x0005, 0x10A4, 0x6470, 0x19C9, 0x0002, 
  0x7330, 0x522D, 0x0071, 0x00D6, 0x31B7, 0x1068, 0x2107, 0x18C6, 0x20E6, 0x2108, 0x10A6, 0x0044, 
  0x0002, 0x0022, 0x0823, 0x18C6, 0x18E7, 0x2169, 0x324D, 0x4AEE, 0x4A8D, 0x7350, 0x7B92, 0x39CB, 
  0x8BD2, 0xAC32, 0xAC52, 0xAC54, 0x0843, 0x0865, 0x41EE, 0x18C9, 0x0024, 0x0000, 0x2927, 0x0865, 
  0x0046, 0x9434, 0x8350, 0xC537, 0xB4F6, 0x18A5, 0x20C6, 0x7B50, 0x5A8D, 0x2969, 0x0000, 0x0845, 
  0x0004, 0x10A6, 0x6B0D, 0x6AAE, 0xED98, 0x626C, 0x18A5, 0x8BB1, 0x7B30, 0x5A2D, 0x1084, 0x2105, 
  0x316A, 0x0000, 0x62ED, 0x8430, 0x8CD5, 0x73D3, 0x0002, 0x18C6, 0x2108, 0x0001, 0x00C8, 0x3A6F, 
  0x4AAF, 0x31CB, 0x0000, 0x0045, 0x218F, 0x0846, 0x0000, 0x0843, 0x292C, 0x212A, 0x298B, 0x296A, 
  0x2106, 0x2127, 0x1907, 0x2989, 0x52AF, 0x52CF, 0x4A8E, 0x6B52, 0x39A9, 0x0000, 0x0000, 0x0000, 
  0x0000, 0x0000, 0x0001, 0x0001, 0x0002, 0x0843, 0x18A7, 0x1068, 0x0826, 0x0845, 0x0826, 0x0826, 
  0x0846, 0x0845, 0x0825, 0x0825, 0x0025, 0x0025, 0x0826, 0x0826, 0x0827, 0x1028, 0x1048, 0x1048, 
  0x1048, 0x1028, 0x1029, 0x1028, 0x1008, 0x0807, 0x20E9, 0x10A4, 0x0023, 0x0004, 0x0004, 0x0003, 
  0x0004, 0x0005, 0x0027, 0x18CA, 0x422E, 0x6310, 0x6B30, 0x83B2, 0x9C74, 0x7BB2, 0x52AF, 0x4AF2, 
  0x91A9, 0xD0E0, 0xD940, 0xD9A0, 0x30A5, 0xA187, 0xFA00, 0xFA21, 0xF1C3, 0x518B, 0x5312, 0x5AAF, 
  0x526F, 0x524E, 0x420C, 0x4A0C, 0x522C, 0x41CA, 0x5A8D, 0x3988, 0x0003, 0x1048, 0x1028, 0x1049, 
  0x1068, 0x0001, 0x0000, 0x0003, 0x0004, 0x190A, 0xACD3, 0xAC2D, 0x8BD0, 0x7394, 0x7B50, 0x626A, 
  0x41A7, 0x18A4, 0x18C5, 0x3188, 0x10A5, 0x628D, 0x20E6, 0x3987, 0xAC72, 0x39A8, 0x49E9, 0xDDB7, 
  0x522A, 0x41C9, 0xAC53, 0x3127, 0x18A6, 0x62AD, 0x1065, 0x18C7, 0x18C6, 0x3148, 0x49EB, 0x18E8, 
  0x7B2E, 0x5A6B, 0x41AB, 0xB4D6, 0x6AEF, 0x524C, 0xACB4, 0x526C, 0x10C6, 0x2106, 0x2968, 0x5B32, 
  0x322C, 0x18E6, 0x1926, 0x39A9, 0x422C, 0x298A, 0x1908, 0x318A, 0x0846, 0x0024, 0x2189, 0x21AB, 
  0x196A, 0x3A4D, 0x1905, 0x0003, 0x100C, 0x100A, 0x100A, 0x100A, 0x0809, 0x0809, 0x0809, 0x0809, 
  0x0809, 0x0809, 0x0809, 0x184A, 0x106A, 0x0808, 0x0808, 0x0808, 0x0808, 0x0808, 0x0008, 0x0808, 
  0x1008, 0x0008, 0x0808, 0x0808, 0x0808, 0x0808, 0x0808, 0x0808, 0x0809, 0x0808, 0x1008, 0x0808, 
  0x0808, 0x0808, 0x0807, 0x30B0, 0x38D2, 0x28D2, 0x20F1, 0x20CF, 0x0805, 0x0000, 0x0000, 0x0000, 
  0x0000, 0x0000, 0x41A8, 0x8B92, 0x93B3, 0x5A0C, 0x5A0B, 0x8B50, 0xAC35, 0x8B52, 0x82F1, 0x82F0, 
  0x5A0C, 0x8B53, 0x7270, 0x6A50, 0x9B53, 0xCCF6, 0xE5D8, 0xC493, 0xA3B0, 0x9B90, 0xBC53, 0xB433, 
  0x9B90, 0x4127, 0x520B, 0xAC13, 0xCC72, 0xDD13, 0xD4F2, 0x8B6D, 0x3945, 0x0000, 0x0000, 0x0001, 
  0x0002, 0x0003, 0x0005, 0x0827, 0x0805, 0x1125, 0x1106, 0x0003, 0x39CA, 0x7B2F, 0x004C, 0x08F5, 
  0x086E, 0x0845, 0x0023, 0x18C6, 0x0002, 0x1064, 0x10A5, 0x18E6, 0x2148, 0x2148, 0x298A, 0x424E, 
  0x5AF1, 0x52B0, 0x422D, 0x62AE, 0xAC74, 0x93B2, 0xBCD6, 0x20E6, 0x0024, 0x7310, 0x5A6D, 0x316A, 
  0x0000, 0x0002, 0x0868, 0x0005, 0x62AE, 0x832E, 0x93B0, 0xBCF4, 0x2907, 0x41CC, 0x9C33, 0x8BD1, 
  0x8BD2, 0x1086, 0x0000, 0x0006, 0x0002, 0x2927, 0x520A, 0x8390, 0x9C13, 0x3169, 0x6B0F, 0xA434, 
  0x9BB2, 0x5A4B, 0x0000, 0x20C7, 0x0005, 0x18A7, 0xAC94, 0xAC74, 0xD5B8, 0x520B, 0x10A7, 0x6352, 
  0x6310, 0x420C, 0x0886, 0x0000, 0x0002, 0x3105, 0x6188, 0x7310, 0x3A4E, 0x52D1, 0x0884, 0x0000, 
  0x0003, 0x0823, 0x18E6, 0x2928, 0x2969, 0x2969, 0x2128, 0x2149, 0x31AB, 0x3A2E, 0x4A8F, 0x4A6E, 
  0x424D, 0x3A2D, 0x4A4D, 0x6AF1, 0x7332, 0x0863, 0x0000, 0x0000, 0x0000, 0x0000, 0x0000, 0x0000, 
  0x0000, 0x0000, 0x0000, 0x0000, 0x0002, 0x0823, 0x0824, 0x0825, 0x1026, 0x1066, 0x1046, 0x0846, 
  0x0826, 0x0845, 0x0845, 0x0024, 0x0844, 0x0844, 0x0824, 0x0825, 0x0826, 0x0827, 0x1049, 0x1069, 
  0x1069, 0x1049, 0x318C, 0x18E3, 0x18E4, 0x0843, 0x0001, 0x0001, 0x0002, 0x0004, 0x0044, 0x0003, 
  0x0001, 0x0001, 0x0006, 0x0828, 0x18A9, 0x28EA, 0x290A, 0x41EE, 0x59AC, 0x2045, 0x2003, 0x3043, 
  0x732F, 0x81A7, 0x8800, 0xA040, 0x8800, 0x4128, 0x6332, 0x526F, 0x526E, 0x524E, 0x526E, 0x5A6F, 
  0x5A90, 0x5A8F, 0x83F3, 0x2948, 0x0005, 0x1028, 0x1028, 0x1049, 0x0002, 0x0000, 0x0001, 0x0003, 
  0x0008, 0x8BD2, 0xBC8D, 0xAC6F, 0x424F, 0x39AB, 0x7350, 0x93D2, 0xB4B5, 0x3128, 0x628C, 0xC577, 
  0x420B, 0x49E9, 0x5A2B, 0x1063, 0x41E9, 0x2106, 0x2968, 0x524C, 0x18E7, 0x62CD, 0x6AAD, 0x0865, 
  0x8BF2, 0xBD16, 0x39AA, 0x9434, 0x9C54, 0x1086, 0x5A4B, 0x3989, 0x1085, 0x39CA, 0x2908, 0x41AA, 
  0x1885, 0x2107, 0x838E, 0x2106, 0x29AB, 0x31AA, 0x422C, 0x6B30, 0x424D, 0x18E8, 0x0066, 0x29AB, 
  0x73B1, 0x8BAF, 0x9432, 0x52AF, 0x0003, 0x10C8, 0x21AB, 0x196A, 0x21CB, 0x2127, 0x1045, 0x184B, 
  0x100A, 0x100A, 0x100A, 0x1009, 0x0809, 0x0809, 0x0809, 0x0809, 0x0809, 0x0809, 0x0809, 0x184A, 
  0x104A, 0x0808, 0x0808, 0x0808, 0x0808, 0x0008, 0x0808, 0x0808, 0x0808, 0x0008, 0x0808, 0x0808, 
  0x0808, 0x0808, 0x0808, 0x0808, 0x0808, 0x0808, 0x1009, 0x0808, 0x0808, 0x0006, 0x0006, 0x3935, 
  0x48F7, 0x3115, 0x3135, 0x3958, 0x086C, 0x0000, 0x0002, 0x0002, 0x0001, 0x0000, 0x0000, 0x0000, 
  0x49E9, 0x8351, 0x72D0, 0x5A0B, 0x624B, 0x8B51, 0xA3F4, 0x8B52, 0x622E, 0x728F, 0x726F, 0x728F, 
  0x728F, 0xC492, 0xABCF, 0xA3AF, 0xA3F0, 0xB431, 0x7A8B, 0x8B2F, 0x49AA, 0x4168, 0x9390, 0xEDF8, 
  0xC492, 0x7AEB, 0x4186, 0x0000, 0x0000, 0x0000, 0x0002, 0x0004, 0x0004, 0x0007, 0x000A, 0x0826, 
  0x1869, 0x0804, 0x0825, 0x0004, 0x0001, 0x7330, 0x3168, 0x0002, 0x0001, 0x1084, 0x18E7, 0x2129, 
  0x298A, 0x31AA, 0x3A0B, 0x3A0C, 0x42AF, 0x42CF, 0x5332, 0x426E, 0x41CC, 0x6AF1, 0x72F0, 0x0000, 
  0x520C, 0x6B11, 0x4A0D, 0x0822, 0x0000, 0x18C8, 0x0005, 0x2929, 0x628C, 0x6AAD, 0x9C13, 0x2108, 
  0x41EA, 0xC536, 0x9C33, 0xACB5, 0x41C8, 0x0000, 0x1087, 0x0025, 0x0866, 0x0862, 0x3127, 0x8BF3, 
  0x2908, 0x49CA, 0xBD16, 0xAC74, 0xCD58, 0x39A9, 0x0000, 0x3128, 0x0001, 0x3167, 0x72CD, 0x8B91, 
  0x8390, 0x2107, 0x93B2, 0xBCF6, 0x9412, 0x522A, 0x0000, 0x0006, 0x0003, 0x0000, 0x316A, 0x52F1, 
  0x1929, 0x936D, 0xB28A, 0x8B4F, 0x31CB, 0x3A2D, 0x4A6E, 0x18E8, 0x18C6, 0x2128, 0x2968, 0x2149, 
  0x2989, 0x31CB, 0x422D, 0x4A6F, 0x4A6F, 0x422E, 0x3A0D, 0x3A0D, 0x422D, 0x526E, 0x62B0, 0x62B0, 
  0x7B53, 0x420C, 0x0001, 0x0002, 0x0002, 0x0002, 0x0001, 0x0001, 0x0001, 0x0001, 0x0000, 0x0000, 
  0x0000, 0x0000, 0x0000, 0x0000, 0x0000, 0x0000, 0x0001, 0x0002, 0x0803, 0x0824, 0x0824, 0x0003, 
  0x0844, 0x0845, 0x0824, 0x0824, 0x0845, 0x0845, 0x0845, 0x0866, 0x1066, 0x1066, 0x0005, 0x0024, 
  0x0865, 0x0826, 0x0846, 0x0845, 0x0825, 0x0025, 0x0025, 0x0001, 0x18C2, 0x2143, 0x0000, 0x0808, 
  0x0807, 0x0807, 0x0807, 0x0806, 0x1049, 0x18CC, 0x10AA, 0x10C9, 0x522E, 0x296B, 0x18E9, 0x2107, 
  0x18C6, 0x4A2D, 0x5AB0, 0x5A8F, 0x5AAF, 0x5AAF, 0x5AAF, 0x5AD0, 0x5A8F, 0x7332, 0x39A9, 0x0002, 
  0x1048, 0x1048, 0x106A, 0x0826, 0x0000, 0x0000, 0x0004, 0x0006, 0x62F1, 0xBCD1, 0xAC4D, 0x6B72, 
  0x218E, 0x10C5, 0x524A, 0x2926, 0x3187, 0x2106, 0x62AC, 0x41C9, 0x10A6, 0x93F2, 0x49EA, 0x522B, 
  0xCD16, 0x5A4C, 0x3167, 0x9C11, 0x41A9, 0x1084, 0x5A8B, 0x18C5, 0x3168, 0x49EA, 0x2968, 0x7310, 
  0x1886, 0x3168, 0xB515, 0x41AA, 0x6B2F, 0xDE18, 0x3169, 0x41C9, 0x8BF1, 0x2927, 0x2926, 0x39A9, 
  0x31AA, 0x296A, 0x6AAC, 0xFECC, 0xFF0F, 0xEE90, 0xD570, 0x6331, 0x838E, 0xABEC, 0xA493, 0x10A8, 
  0x0003, 0x218A, 0x216A, 0x198B, 0x2189, 0x1084, 0x20A7, 0x0024, 0x0005, 0x0006, 0x0808, 0x0808, 
  0x100A, 0x0809, 0x0809, 0x0809, 0x0809, 0x1009, 0x1009, 0x104A, 0x104A, 0x0808, 0x1008, 0x0808, 
  0x0008, 0x0008, 0x0808, 0x0808, 0x0808, 0x0808, 0x0808, 0x1008, 0x0808, 0x0808, 0x1008, 0x0808, 
  0x0808, 0x0808, 0x1008, 0x0808, 0x0808, 0x104A, 0x302A, 0x4832, 0x4874, 0x30D4, 0x30D0, 0x28CE, 
  0x084B, 0x1809, 0x400C, 0x300B, 0x0004, 0x0000, 0x0000, 0x0000, 0x0000, 0x0000, 0x3988, 0x7B10, 
  0x6A8E, 0x4969, 0x620C, 0x49EB, 0x49AA, 0x7AF0, 0x4129, 0x7290, 0x726D, 0xB42F, 0xABEF, 0xABF1, 
  0xABF1, 0xBC72, 0x624A, 0x5A2A, 0xAC52, 0xDD76, 0xCCF3, 0x72CB, 0x18C3, 0x0000, 0x0000, 0x0000, 
  0x0000, 0x0001, 0x0005, 0x0007, 0x0006, 0x1007, 0x1809, 0x0846, 0x1068, 0x1069, 0x1869, 0x1047, 
  0x0000, 0x41E9, 0x524A, 0x18E5, 0x31CA, 0x39CB, 0x3A0D, 0x3A4E, 0x424F, 0x426E, 0x4A90, 0x320C, 
  0x29CC, 0x4290, 0x218A, 0x10C6, 0x3A2E, 0x4A6F, 0x398A, 0x0000, 0x0001, 0x0005, 0x1066, 0x20E6, 
  0x3947, 0x93B3, 0x41AA, 0x18E6, 0xA455, 0xA495, 0xBCF6, 0x93F2, 0x0001, 0x2108, 0x314A, 0x18C7, 
  0x18A4, 0x0842, 0x51CB, 0x18C8, 0x2109, 0xBC93, 0xA433, 0xC517, 0xA454, 0x0002, 0x3188, 0x4A0B, 
  0x10A6, 0x3127, 0x41C9, 0x6A6D, 0x0001, 0x3988, 0xCD79, 0xB4B5, 0xC557, 0x3188, 0x0002, 0x1909, 
  0x0045, 0x0865, 0x5A0B, 0x9370, 0x3949, 0x5A2B, 0xA453, 0x6B2F, 0x0862, 0x0000, 0x2107, 0x0001, 
  0x18E7, 0x426D, 0x31CA, 0x2969, 0x2968, 0x31AB, 0x39EB, 0x424E, 0x4A8F, 0x424E, 0x3A0D, 0x39ED, 
  0x3A2D, 0x422D, 0x4A4E, 0x526E, 0x5AAF, 0x6AD0, 0x626F, 0x62D0, 0x8BB4, 0x6B10, 0x0026, 0x0007, 
  0x0005, 0x0004, 0x0003, 0x0003, 0x0004, 0x0003, 0x0003, 0x0003, 0x0002, 0x0002, 0x0002, 0x0002, 
  0x0002, 0x0001, 0x0001, 0x0000, 0x0000, 0x0000, 0x0000, 0x0000, 0x0000, 0x0000, 0x0001, 0x0003, 
  0x0023, 0x0824, 0x0024, 0x0024, 0x0844, 0x0845, 0x1086, 0x1087, 0x1087, 0x1088, 0x1067, 0x1066, 
  0x0866, 0x0846, 0x1066, 0x1086, 0x18E8, 0x2149, 0x0864, 0x0827, 0x1049, 0x1048, 0x1048, 0x1048, 
  0x1048, 0x186A, 0x1046, 0x0846, 0x0007, 0x0849, 0x108A, 0x10AA, 0x1089, 0x0868, 0x1068, 0x18A9, 
  0x20E9, 0x2909, 0x294A, 0x318C, 0x39CC, 0x5A8F, 0x1086, 0x0847, 0x1029, 0x1049, 0x0827, 0x0000, 
  0x0000, 0x0002, 0x0004, 0x318E, 0xBCF3, 0xAC4F, 0x83D1, 0x194B, 0x0885, 0x422B, 0xC557, 0xB4B4, 
  0xACB4, 0x4A2B, 0x2926, 0x9C31, 0x3168, 0x4A0A, 0x3189, 0x2106, 0x5A6B, 0x0843, 0x41A9, 0x8370, 
  0x18E6, 0x6B0E, 0xA473, 0x18E7, 0x72ED, 0xAC93, 0x3148, 0x3989, 0x5A8C, 0x20E6, 0x3989, 0x2948, 
  0x41EA, 0x41A8, 0x0866, 0x732F, 0x4A6C, 0x41CA, 0xCD97, 0x8BB2, 0x18A5, 0x5ACF, 0x8B6D, 0xE527, 
  0xFDEA, 0xFF2D, 0xE54E, 0x834F, 0x9BCC, 0xB491, 0x4A6F, 0x0001, 0x10A6, 0x21AB, 0x196A, 0x21CB, 
  0x18E6, 0x18A7, 0x0843, 0x0000, 0x0000, 0x0002, 0x0005, 0x0008, 0x100A, 0x0809, 0x0809, 0x0809, 
  0x0809, 0x1009, 0x1009, 0x104A, 0x1069, 0x0808, 0x0808, 0x0808, 0x0808, 0x0808, 0x1008, 0x0808, 
  0x0808, 0x0808, 0x0808, 0x0008, 0x0808, 0x0008, 0x1009, 0x1808, 0x0809, 0x0808, 0x0809, 0x0008, 
  0x0009, 0x51D5, 0x80D1, 0x4830, 0x4031, 0x482F, 0x406F, 0x206D, 0x3891, 0x6834, 0x8034, 0x402E, 
  0x0007, 0x0004, 0x0001, 0x0000, 0x0000, 0x0000, 0x0000, 0x0000, 0x49EA, 0x624D, 0x728F, 0x51CB, 
  0x622D, 0x82F1, 0x6A6E, 0x7AD1, 0x7A6D, 0xBC30, 0xABF0, 0xABF0, 0xA3F0, 0xA3D0, 0xCCF4, 0xC4D1, 
  0xCD12, 0x6AAB, 0x1882, 0x0000, 0x0000, 0x0000, 0x0000, 0x0000, 0x0000, 0x184C, 0x18B3, 0x0027, 
  0x0004, 0x3808, 0x580B, 0x0025, 0x1069, 0x1048, 0x1068, 0x1869, 0x0003, 0x0002, 0x7351, 0x6B30, 
  0x4A6F, 0x528F, 0x426E, 0x3A2E, 0x426E, 0x2148, 0x2149, 0x318E, 0x218F, 0x3A52, 0x0002, 0x0001, 
  0x08A7, 0x0002, 0x0000, 0x28E5, 0x4A0B, 0x0003, 0x3148, 0xB4B6, 0x8B92, 0xA474, 0xBCF6, 0x0843, 
  0x18C6, 0x5A8E, 0x318A, 0x28E8, 0x0000, 0x1886, 0x1887, 0x0000, 0x93D1, 0xA3F2, 0xBC74, 0xBCB6, 
  0x0004, 0x4A0B, 0x83B1, 0x3169, 0x3148, 0x18A5, 0x3948, 0x49EA, 0x0000, 0x6AAD, 0xC4F4, 0xD557, 
  0xAC53, 0x0823, 0x398A, 0x5A8F, 0x2109, 0x0002, 0x0824, 0x0025, 0x0864, 0x9C33, 0xD536, 0xD576, 
  0xCD57, 0x5A4C, 0x20E5, 0x0000, 0x0001, 0x0023, 0x0044, 0x296A, 0x3A4D, 0x31EA, 0x1906, 0x3A0C, 
  0x4A6E, 0x4A8F, 0x424E, 0x3A4D, 0x3A0D, 0x3A0D, 0x424E, 0x526E, 0x5A8F, 0x5AAF, 0x62AF, 0x6ACF, 
  0x7311, 0x7B32, 0x8372, 0x6ACE, 0x520A, 0x18C3, 0x1029, 0x2850, 0x204D, 0x182B, 0x102A, 0x0829, 
  0x0808, 0x0808, 0x0007, 0x0006, 0x0005, 0x0005, 0x0005, 0x0004, 0x0004, 0x0003, 0x0003, 0x0002, 
  0x0002, 0x0002, 0x0001, 0x0001, 0x0000, 0x0000, 0x0000, 0x0000, 0x0000, 0x0000, 0x0000, 0x0001, 
  0x0001, 0x0002, 0x0843, 0x0845, 0x1065, 0x1066, 0x0844, 0x0845, 0x0865, 0x0845, 0x1045, 0x1066, 
  0x0846, 0x0026, 0x0866, 0x0826, 0x1047, 0x1047, 0x1048, 0x1048, 0x1069, 0x20AB, 0x0844, 0x0024, 
  0x0825, 0x0001, 0x0004, 0x0001, 0x0003, 0x0807, 0x0807, 0x0007, 0x0006, 0x0006, 0x0006, 0x0006, 
  0x0006, 0x1068, 0x0805, 0x1048, 0x1049, 0x1048, 0x0001, 0x0000, 0x0001, 0x0003, 0x082A, 0x93F3, 
  0xB44E, 0x9C11, 0x5AD0, 0x0863, 0x0000, 0x0003, 0x1085, 0x41AA, 0x3169, 0x0002, 0x5A8C, 0x7B4F, 
  0x18C5, 0x9C32, 0x6ACD, 0x20E6, 0xA452, 0x5A6B, 0x18C5, 0x628D, 0x3968, 0x2927, 0x3189, 0x0865, 
  0x62CC, 0x49E9, 0x18E6, 0x9C52, 0x5A8C, 0x20E6, 0xAC92, 0x72ED, 0x2926, 0x93AF, 0x39A9, 0x0843, 
  0x41C8, 0x2106, 0x39C9, 0x10A5, 0x1907, 0x8C54, 0x7350, 0x49A8, 0x6209, 0x8ACB, 0x9B8F, 0x8B6C, 
  0xAC2E, 0x83F3, 0x0847, 0x0003, 0x218A, 0x196A, 0x21AA, 0x1927, 0x1066, 0x0825, 0x0000, 0x0001, 
  0x0001, 0x0003, 0x0006, 0x0809, 0x100A, 0x0809, 0x0809, 0x2009, 0x1009, 0x0809, 0x100A, 0x104A, 
  0x1048, 0x0808, 0x0007, 0x0007, 0x1008, 0x0807, 0x0807, 0x0807, 0x0007, 0x0007, 0x0007, 0x0007, 
  0x0007, 0x0008, 0x0808, 0x0808, 0x0808, 0x0808, 0x0808, 0x0008, 0x0007, 0x188B, 0x596F, 0x2334, 
  0x01AC, 0x2806, 0x5074, 0x2134, 0x1952, 0x384D, 0x0007, 0x0004, 0x0006, 0x0005, 0x0805, 0x0805, 
  0x0002, 0x0000, 0x0000, 0x0000, 0x0000, 0x0000, 0x3988, 0x7AF0, 0xA3D4, 0x8B31, 0x82F1, 0x7AF2, 
  0x726E, 0xB3F0, 0xABF0, 0xA3D0, 0xB411, 0xCCB2, 0xCCB2, 0x6289, 0x0821, 0x0000, 0x0000, 0x0000, 
  0x0001, 0x0001, 0x0003, 0x0806, 0x100A, 0x3916, 0x28CF, 0x0004, 0x0005, 0x1807, 0x2808, 0x0024, 
  0x1069, 0x1048, 0x1068, 0x1048, 0x1068, 0x0003, 0x39AB, 0x83D3, 0x422E, 0x4A2E, 0x4A4E, 0x422D, 
  0x4A8E, 0x10A4, 0x0000, 0x20C9, 0x0025, 0x0000, 0x1021, 0x298A, 0x0003, 0x3169, 0x8BB2, 0x9372, 
  0xC518, 0x8C33, 0x0042, 0x522B, 0x9C35, 0x62AF, 0x520C, 0x0000, 0x0000, 0x1086, 0x0002, 0x2109, 
  0x628D, 0x7B0F, 0xBCF6, 0x41CA, 0x3168, 0xC4D5, 0x8B50, 0x730E, 0x0842, 0x0000, 0x3969, 0x0864, 
  0x0001, 0x9BF2, 0xAC54, 0xC516, 0x6AEF, 0x0865, 0x7B90, 0x6B30, 0x5A4D, 0x0002, 0x0002, 0x0868, 
  0x18E9, 0x41EC, 0x5A6E, 0x8BB2, 0x39CA, 0x41AA, 0xA455, 0xA4B4, 0x9C13, 0x3129, 0x0001, 0x1928, 
  0x31CB, 0x39ED, 0x31CC, 0x296A, 0x1927, 0x1905, 0x39EB, 0x4A8F, 0x422D, 0x3A0D, 0x3A2D, 0x422D, 
  0x526E, 0x62AF, 0x6ACF, 0x6ACF, 0x6ACF, 0x6B10, 0x7311, 0x7B31, 0x6A8E, 0x520A, 0x2946, 0x10C5, 
  0x0065, 0x00A4, 0x1049, 0x3051, 0x284F, 0x284F, 0x284F, 0x282E, 0x202D, 0x202D, 0x202D, 0x182C, 
  0x180B, 0x182B, 0x102B, 0x102A, 0x102A, 0x0809, 0x0027, 0x0006, 0x0005, 0x0003, 0x0004, 0x0003, 
  0x0002, 0x0001, 0x0001, 0x0001, 0x0000, 0x0000, 0x0000, 0x0000, 0x0000, 0x0000, 0x0000, 0x0000, 
  0x0000, 0x0000, 0x0000, 0x0001, 0x0002, 0x0023, 0x0844, 0x0824, 0x0824, 0x0824, 0x0024, 0x0824, 
  0x0845, 0x0845, 0x0824, 0x0845, 0x0846, 0x1065, 0x0866, 0x0825, 0x0845, 0x0844, 0x0024, 0x0843, 
  0x0843, 0x1048, 0x0828, 0x1027, 0x1027, 0x0827, 0x1027, 0x0827, 0x0807, 0x1048, 0x0025, 0x0807, 
  0x184A, 0x0003, 0x0000, 0x0000, 0x0003, 0x0006, 0x7B72, 0xBCB1, 0xA430, 0x630F, 0x7392, 0x93F4, 
  0x6B32, 0x2949, 0x5A6C, 0x7B2F, 0x5A6C, 0x3148, 0x5A6D, 0x4A0A, 0x39CA, 0x4A6C, 0x1086, 0x2108, 
  0x5A6C, 0x0044, 0x2949, 0xAC53, 0x4168, 0x522C, 0xB4D5, 0x2906, 0x520A, 0xB4B5, 0x2927, 0x3987, 
  0x4A0A, 0x2927, 0x62AC, 0x20C7, 0x522B, 0x8371, 0x0065, 0x524B, 0xBCD3, 0x3988, 0x62CD, 0xAC95, 
  0x39CA, 0x3A2B, 0x6330, 0x52CF, 0x5310, 0x216D, 0x6AEE, 0xA3CC, 0xAC92, 0x31CE, 0x0001, 0x18E7, 
  0x218B, 0x218A, 0x1969, 0x1045, 0x1026, 0x0000, 0x0001, 0x0002, 0x0002, 0x0004, 0x0006, 0x0808, 
  0x0008, 0x0008, 0x0008, 0x2007, 0x1007, 0x0008, 0x0009, 0x1049, 0x1849, 0x0808, 0x0808, 0x0808, 
  0x0808, 0x0008, 0x0808, 0x0808, 0x0007, 0x0008, 0x1008, 0x1008, 0x0807, 0x1008, 0x0809, 0x0809, 
  0x1008, 0x1009, 0x1809, 0x0809, 0x0008, 0x0006, 0x1049, 0x1A93, 0x0292, 0x18AE, 0x4092, 0x48B6, 
  0x20CF, 0x0003, 0x0004, 0x0005, 0x0006, 0x0004, 0x182B, 0x2892, 0x0007, 0x0003, 0x0001, 0x0000, 
  0x0000, 0x0000, 0x0000, 0x0000, 0x3967, 0x72CF, 0x8B52, 0x9353, 0x620D, 0x9B6E, 0xC492, 0xC4B2, 
  0xAC0F, 0x72AA, 0x1882, 0x0000, 0x0001, 0x0001, 0x0000, 0x0002, 0x0003, 0x0003, 0x1007, 0x38F6, 
  0x395B, 0x28B1, 0x0005, 0x0005, 0x0806, 0x0807, 0x0805, 0x0824, 0x1088, 0x0004, 0x0807, 0x1049, 
  0x1048, 0x1047, 0x0001, 0x41CB, 0x7353, 0x420D, 0x4A4E, 0x4A4E, 0x4A8F, 0x2989, 0x0000, 0x0000, 
  0x3104, 0x5A09, 0x522C, 0x8BF5, 0x524E, 0x0865, 0x7B51, 0x9C35, 0x8372, 0x83B3, 0x0023, 0x0000, 
  0x20E8, 0x0004, 0x0004, 0x628C, 0x522B, 0xA474, 0x628D, 0x18A6, 0x9C13, 0xAC75, 0x9C34, 0x7B50, 
  0x0000, 0x20C6, 0x20C6, 0x0000, 0x3988, 0x8370, 0x9C33, 0xAC74, 0x28E6, 0x41A9, 0xA433, 0x7B50, 
  0x6ACE, 0x0002, 0x0025, 0x0027, 0x0005, 0x1908, 0x398B, 0x5AB0, 0x7372, 0x8393, 0x7B31, 0x8392, 
  0xA475, 0x28E8, 0x2929, 0x420D, 0x1088, 0x0004, 0x2949, 0x4AF0, 0x2169, 0x18C6, 0x20E6, 0x1907, 
  0x29AA, 0x424E, 0x426F, 0x422D, 0x424E, 0x4A6E, 0x5AAE, 0x62CF, 0x6AD0, 0x72F0, 0x7311, 0x7B51, 
  0x7B51, 0x6ACF, 0x41CA, 0x20E5, 0x0822, 0x0865, 0x0066, 0x18EA, 0x3190, 0x20CC, 0x180B, 0x302E, 
  0x282E, 0x282E, 0x282E, 0x282E, 0x282E, 0x280E, 0x280E, 0x280E, 0x280E, 0x282E, 0x302F, 0x3030, 
  0x3030, 0x302F, 0x282E, 0x200E, 0x180D, 0x100A, 0x0808, 0x0808, 0x0808, 0x0007, 0x0005, 0x0004, 
  0x0004, 0x0003, 0x0002, 0x0002, 0x0001, 0x0000, 0x0000, 0x0000, 0x0000, 0x0000, 0x0000, 0x0000, 
  0x0000, 0x0000, 0x0000, 0x0000, 0x0000, 0x0000, 0x0003, 0x0022, 0x0003, 0x0023, 0x0023, 0x0024, 
  0x0024, 0x0844, 0x1065, 0x0844, 0x0845, 0x1087, 0x1067, 0x1087, 0x1066, 0x0826, 0x0807, 0x0827, 
  0x1027, 0x1028, 0x1028, 0x1028, 0x0828, 0x1049, 0x0025, 0x0807, 0x0825, 0x0000, 0x0000, 0x0002, 
  0x0005, 0x4A0E, 0xB491, 0x8B6D, 0x7311, 0x2149, 0x31A9, 0x628F, 0x41EC, 0x4A90, 0xA4B7, 0xB4D6, 
  0x9C35, 0x8392, 0xB4D6, 0xB515, 0xBD36, 0x9C53, 0x9C12, 0x7B4F, 0x5A6C, 0x5A4C, 0x522C, 0x3989, 
  0x18C6, 0x4A0B, 0x3989, 0x0003, 0x5A8E, 0x730F, 0x2907, 0x9C12, 0x9C53, 0x18E7, 0x7B6F, 0x8B90, 
  0x18A6, 0x5A2A, 0x2885, 0x1007, 0x2908, 0x2128, 0x9370, 0x728C, 0x2148, 0x8454, 0x73D2, 0x7BF3, 
  0x5B51, 0x31EC, 0x8B8E, 0xB46F, 0x83F4, 0x0025, 0x0002, 0x218A, 0x198A, 0x218A, 0x1086, 0x1046, 
  0x0002, 0x0001, 0x0002, 0x0002, 0x0003, 0x0004, 0x0006, 0x0809, 0x0809, 0x1008, 0x1008, 0x1807, 
  0x1008, 0x1009, 0x102A, 0x186B, 0x6154, 0x5914, 0x50F4, 0x58F4, 0x40B2, 0x0009, 0x3090, 0x60F5, 
  0x5092, 0x40D1, 0x3912, 0x60D1, 0x4911, 0x6132, 0x70D4, 0x50F5, 0x4134, 0x4133, 0x3953, 0x58F2, 
  0x50D3, 0x38F4, 0x6891, 0xB894, 0xA0F5, 0x28D0, 0x086C, 0x6816, 0x5012, 0x0004, 0x182B, 0x4053, 
  0x4894, 0x204D, 0x100A, 0x3071, 0x284E, 0x1008, 0x0806, 0x1008, 0x0002, 0x0002, 0x0001, 0x0000, 
  0x0000, 0x0000, 0x2905, 0x6AAE, 0x724F, 0xC473, 0xAC30, 0x5A49, 0x1082, 0x0000, 0x0000, 0x0002, 
  0x0002, 0x0003, 0x0005, 0x0006, 0x0005, 0x0004, 0x0806, 0x2090, 0x1931, 0x286F, 0x6011, 0x6851, 
  0x48D0, 0x30F1, 0x28D3, 0x1046, 0x0002, 0x31A8, 0x2148, 0x0004, 0x1048, 0x1048, 0x0825, 0x0001, 
  0x62D0, 0x6B11, 0x41ED, 0x4A4E, 0x528F, 0x3A2D, 0x2148, 0x10C4, 0x4A0D, 0x93F5, 0x7353, 0x7373, 
  0x8372, 0x0002, 0x0000, 0x10C8, 0x0866, 0x1065, 0x3147, 0x2926, 0x6ACE, 0x6ACE, 0x0845, 0x7310, 
  0xB4D6, 0x9C54, 0x9C14, 0x0002, 0x0024, 0x526E, 0x0005, 0x0002, 0x41A9, 0x51EB, 0x93D1, 0x41C9, 
  0x2108, 0x9C54, 0xA474, 0x9C53, 0x5A4C, 0x0000, 0x214A, 0x0046, 0x0003, 0x18C6, 0x214A, 0x318C, 
  0x4A2E, 0x7331, 0x7352, 0x7331, 0x8351, 0x93B2, 0x93D3, 0x8391, 0x7330, 0x2949, 0x0003, 0x0026, 
  0x0866, 0x18E8, 0x31AA, 0x10C6, 0x1908, 0x29AB, 0x320C, 0x3A4E, 0x424F, 0x4A6E, 0x5AAF, 0x62D0, 
  0x6AF0, 0x6AD0, 0x6AD0, 0x7311, 0x8372, 0x7351, 0x62CF, 0x41CA, 0x20E5, 0x0884, 0x0045, 0x1087, 
  0x296C, 0x214A, 0x18E7, 0x0863, 0x2848, 0x78B3, 0x80F5, 0x78F3, 0x80F4, 0x8114, 0x8114, 0x80F4, 
  0x78F4, 0x78F3, 0x78F4, 0x78F3, 0x78F3, 0x78F3, 0x78F4, 0x78F4, 0x78F3, 0x70D3, 0x78D4, 0x78D4, 
  0x78D4, 0x78F4, 0x78F4, 0x78F3, 0x78F3, 0x70F3, 0x60D2, 0x384E, 0x304F, 0x282E, 0x200D, 0x100B, 
  0x0808, 0x0808, 0x1007, 0x1026, 0x0825, 0x0805, 0x0004, 0x0002, 0x0000, 0x0000, 0x0000, 0x0000, 
  0x0000, 0x0000, 0x0000, 0x0000, 0x0000, 0x0000, 0x0000, 0x0000, 0x0001, 0x0002, 0x0022, 0x0023, 
  0x0003, 0x0824, 0x0024, 0x0024, 0x0024, 0x0824, 0x0824, 0x0844, 0x0845, 0x0824, 0x0825, 0x0824, 
  0x0825, 0x1067, 0x1047, 0x0005, 0x0000, 0x0000, 0x0000, 0x0004, 0x18AA, 0xA411, 0x938C, 0x834C, 
  0x8B70, 0x6ACD, 0x5A29, 0x2127, 0x08EA, 0x08A8, 0x0887, 0x318B, 0x18E9, 0x210A, 0x41CC, 0x526E, 
  0x7350, 0x8BD2, 0x9C53, 0xBCF5, 0xBD16, 0xC535, 0xBCF4, 0xACD4, 0xACB3, 0x9BF1, 0x7B2E, 0x7B2F, 
  0x5A8E, 0x3969, 0x41CA, 0x5A6E, 0x18A6, 0x0843, 0x7B4E, 0x41E9, 0x4147, 0xFFF7, 0xFF32, 0xA44C, 
  0xC4F3, 0x20E8, 0x2926, 0x7B4E, 0x2968, 0x29AB, 0x4A8E, 0x424D, 0x29AC, 0x732E, 0xB42D, 0xA4B5, 
  0x29AD, 0x0000, 0x10C6, 0x21AB, 0x21AB, 0x10A5, 0x1045, 0x0003, 0x0000, 0x0002, 0x0005, 0x0006, 
  0x0005, 0x0807, 0x48B3, 0x5915, 0x6134, 0x6114, 0x4933, 0x3993, 0x5134, 0x60F5, 0x5114, 0x5155, 
  0x79B8, 0x7978, 0x7158, 0x7138, 0x6937, 0x4134, 0x4936, 0x3897, 0xA076, 0xE895, 0x4997, 0x5935, 
  0x5974, 0x4975, 0xA154, 0xD954, 0x5998, 0x41B8, 0x29D8, 0xD8F4, 0xF893, 0x4915, 0x5934, 0xB916, 
  0xC096, 0x80D5, 0x38D2, 0x6097, 0x6077, 0x0007, 0x202D, 0x5019, 0x58BB, 0x2091, 0x180B, 0x6033, 
  0x6054, 0x100A, 0x204D, 0x78BB, 0x5095, 0x1029, 0x0002, 0x0002, 0x0001, 0x0000, 0x0000, 0x0000, 
  0x3105, 0x626A, 0x1082, 0x0000, 0x0001, 0x0002, 0x0002, 0x0003, 0x0807, 0x200D, 0x180D, 0x0006, 
  0x0003, 0x0004, 0x0005, 0x0007, 0x002B, 0x80D7, 0xD83A, 0x78D6, 0x59B3, 0x8195, 0x70BA, 0x2026, 
  0x10C4, 0x2108, 0x39EA, 0x31AA, 0x0005, 0x1028, 0x1849, 0x0004, 0x0824, 0x7331, 0x5A8F, 0x422D, 
  0x526F, 0x4A4D, 0x3A4D, 0x2989, 0x0005, 0x29B0, 0x41ED, 0x0002, 0x0000, 0x0822, 0x3168, 0x2928, 
  0x0002, 0x62AE, 0xA454, 0xAC74, 0xAC74, 0xB4D6, 0x49EB, 0x0000, 0x420B, 0x2107, 0x0003, 0x18C4, 
  0x3987, 0x6AAE, 0x5A4C, 0x0002, 0x8351, 0xB4D6, 0xB494, 0xAC94, 0x0802, 0x10A6, 0x4A2D, 0x00A7, 
  0x0046, 0x0023, 0x18E9, 0x298B, 0x420C, 0x5A8F, 0x62D0, 0x6B10, 0x7330, 0x7B71, 0x8BB2, 0x93F3, 
  0x93F3, 0x7B51, 0x528E, 0x318B, 0x0887, 0x0026, 0x1087, 0x18E7, 0x0885, 0x1927, 0x1928, 0x2128, 
  0x3A2D, 0x426F, 0x422E, 0x526F, 0x62D0, 0x6AD0, 0x6B11, 0x6B11, 0x7311, 0x8373, 0x7B72, 0x6AEE, 
  0x41E9, 0x2105, 0x0024, 0x0025, 0x18C8, 0x212B, 0x296B, 0x2108, 0x10A5, 0x0021, 0x0000, 0x0000, 
  0x0000, 0x508C, 0xB178, 0xA177, 0xA177, 0xA177, 0xA177, 0xA157, 0xA156, 0xA156, 0xA156, 0xA156, 
  0xA156, 0xA156, 0xA156, 0xA156, 0x9956, 0x9936, 0x9916, 0x9916, 0x9936, 0x9936, 0x9936, 0x9936, 
  0x9936, 0x9916, 0x9937, 0x9937, 0x9917, 0x90F7, 0x80F5, 0x50B4, 0x6875, 0x7054, 0x6074, 0x4852, 
  0x3011, 0x3010, 0x380F, 0x300F, 0x202D, 0x0808, 0x0004, 0x0003, 0x0002, 0x0002, 0x0002, 0x0002, 
  0x0000, 0x0000, 0x0000, 0x0000, 0x0000, 0x0000, 0x0000, 0x0000, 0x0000, 0x0000, 0x0000, 0x0001, 
  0x0002, 0x0003, 0x0023, 0x0024, 0x0024, 0x0024, 0x0024, 0x0024, 0x0003, 0x0823, 0x0846, 0x0002, 
  0x0000, 0x0000, 0x0003, 0x0008, 0x836F, 0xA3EE, 0x938C, 0x9BCD, 0x9BCD, 0xA42F, 0xC4B1, 0x7B50, 
  0x112C, 0x0047, 0x0003, 0x0003, 0x0005, 0x0004, 0x0003, 0x0004, 0x0026, 0x10C9, 0x190B, 0x31AD, 
  0x422F, 0x5290, 0x6311, 0x7B92, 0x9413, 0xACB5, 0xBCF5, 0xC536, 0xBCF5, 0xBCF5, 0xAC94, 0x8BB1, 
  0x8370, 0x8390, 0x732E, 0x0005, 0x20A4, 0xEE0D, 0xFF2D, 0xFFED, 0xC4AD, 0x0006, 0x7390, 0xBDB7, 
  0x3A0B, 0x31CA, 0x94B5, 0x31EC, 0x39A9, 0xB42E, 0xB46F, 0x5AF0, 0x0002, 0x0843, 0x216A, 0x198A, 
  0x1928, 0x1085, 0x0845, 0x0000, 0x0001, 0x0004, 0x0008, 0x0008, 0x0005, 0x0808, 0x60D9, 0x997A, 
  0x99B9, 0x819A, 0x8979, 0x6198, 0x5998, 0x7919, 0x6938, 0x7198, 0x38CF, 0x308F, 0x306E, 0x306E, 
  0x286E, 0x30F1, 0x186D, 0x000B, 0x482C, 0x902C, 0x288D, 0x186D, 0x286D, 0x084D, 0x40CB, 0x98C9, 
  0x408D, 0x288D, 0x188D, 0xA06A, 0xD808, 0x8870, 0x4175, 0x6177, 0x78D6, 0x486F, 0x40D0, 0x38D0, 
  0x3890, 0x0806, 0x406B, 0xA9D8, 0x50F5, 0x000A, 0x280B, 0x6815, 0x5835, 0x182B, 0x0808, 0x4893, 
  0x50D4, 0x102B, 0x0005, 0x0004, 0x0001, 0x0001, 0x0001, 0x0000, 0x0000, 0x0000, 0x0000, 0x0001, 
  0x0001, 0x0003, 0x0004, 0x0008, 0x180C, 0x280D, 0x100A, 0x0806, 0x1007, 0x0006, 0x0004, 0x0008, 
  0x30F1, 0x78D6, 0x7052, 0x188E, 0x28CE, 0x68AF, 0x6830, 0x1047, 0x2147, 0x41EC, 0x0023, 0x3A0B, 
  0x31CB, 0x0826, 0x1048, 0x1089, 0x0002, 0x18A6, 0x83D4, 0x528F, 0x4A2D, 0x528F, 0x422D, 0x2147, 
  0x0824, 0x0004, 0x0001, 0x3987, 0x626C, 0x93D2, 0xAC96, 0xB4F7, 0x39CB, 0x1064, 0x8B91, 0x6AEE, 
  0x49EA, 0x20E7, 0x1064, 0x2105, 0x28A4, 0x5A0B, 0x18A5, 0x10A5, 0xA474, 0xAC52, 0xBCF6, 0x730F, 
  0x1044, 0x7311, 0x41ED, 0x2949, 0x0002, 0x0002, 0x10C9, 0x1909, 0x420D, 0x62CF, 0x6ACF, 0x7331, 
  0x7311, 0x7B31, 0x7B50, 0x8BB1, 0x93F2, 0x8BF2, 0x7B71, 0x5A8F, 0x398C, 0x18E9, 0x0847, 0x0004, 
  0x0845, 0x10A7, 0x2949, 0x2148, 0x298A, 0x31CB, 0x426E, 0x52B0, 0x5AAF, 0x5AB0, 0x6AD0, 0x6AD0, 
  0x6AD0, 0x7311, 0x7B72, 0x8392, 0x62CF, 0x49E9, 0x2905, 0x0043, 0x0045, 0x1087, 0x294B, 0x318C, 
  0x294A, 0x10A5, 0x0000, 0x0000, 0x0000, 0x0000, 0x0000, 0x0000, 0x0000, 0x0806, 0x8134, 0x9136, 
  0x8934, 0x8935, 0x8934, 0x8134, 0x8914, 0x8914, 0x8114, 0x8114, 0x8114, 0x8114, 0x8114, 0x8114, 
  0x8114, 0x8114, 0x8114, 0x8113, 0x78F3, 0x78F3, 0x78F4, 0x7914, 0x78F4, 0x78D4, 0x78F4, 0x78F4, 
  0x9135, 0xA937, 0xB114, 0x7954, 0xA178, 0xB157, 0xA157, 0x8156, 0x68F4, 0x60D3, 0x78D5, 0x6094, 
  0x4853, 0x5093, 0x304F, 0x180C, 0x202D, 0x1008, 0x0004, 0x0005, 0x0005, 0x0004, 0x0003, 0x0002, 
  0x0001, 0x0001, 0x0001, 0x0001, 0x0000, 0x0000, 0x0000, 0x0000, 0x0000, 0x0000, 0x0000, 0x0000, 
  0x0000, 0x0001, 0x0001, 0x0002, 0x0003, 0x0003, 0x0002, 0x0000, 0x0000, 0x0002, 0x0005, 0x5A4D, 
  0xAC2D, 0x8B6C, 0x938C, 0x938E, 0x93AD, 0x93AD, 0x938C, 0x8B6E, 0x7B4F, 0x732F, 0x730F, 0x524D, 
  0x420D, 0x316B, 0x212A, 0x18E9, 0x0026, 0x0005, 0x0005, 0x0004, 0x0004, 0x0006, 0x0007, 0x0068, 
  0x10C9, 0x210B, 0x39AC, 0x524D, 0x526E, 0x62AF, 0x7310, 0x7B71, 0x93D2, 0xAC95, 0x7B73, 0x29CE, 
  0x9413, 0x9B8F, 0x92EB, 0x930C, 0x41A9, 0x298A, 0x3A2C, 0x29CA, 0x0085, 0x1948, 0x426D, 0x4ACE, 
  0x9BEE, 0xA3EC, 0x9C93, 0x10C9, 0x0001, 0x18E8, 0x21AB, 0x2149, 0x1086, 0x1046, 0x0002, 0x0001, 
  0x0001, 0x0004, 0x0007, 0x0007, 0x0005, 0x0007, 0x3850, 0x60B2, 0x50D2, 0x38F2, 0x60D3, 0x6872, 
  0x206F, 0x3070, 0x3070, 0x38B0, 0x0847, 0x0007, 0x0006, 0x0006, 0x0006, 0x0006, 0x0005, 0x0006, 
  0x0006, 0x0006, 0x0006, 0x0007, 0x0008, 0x0007, 0x0006, 0x0006, 0x0006, 0x0806, 0x0002, 0x0005, 
  0x584D, 0x80B4, 0x6156, 0x6116, 0x304E, 0x0005, 0x0006, 0x0006, 0x0006, 0x0005, 0x696C, 0xFC94, 
  0xDB93, 0x48AB, 0x0006, 0x0009, 0x0809, 0x0808, 0x0006, 0x0004, 0x0005, 0x0808, 0x0807, 0x0006, 
  0x0007, 0x0005, 0x0004, 0x0002, 0x0001, 0x0002, 0x0001, 0x0002, 0x0004, 0x0006, 0x0007, 0x0007, 
  0x0007, 0x0806, 0x0004, 0x282E, 0x787A, 0x182A, 0x0003, 0x0808, 0x182B, 0x080A, 0x0809, 0x1009, 
  0x080A, 0x080A, 0x0809, 0x0027, 0x0023, 0x39AB, 0x420D, 0x0024, 0x0885, 0x1046, 0x1067, 0x1068, 
  0x1066, 0x0002, 0x398A, 0x83D4, 0x4A2E, 0x4A4E, 0x528F, 0x31CB, 0x2168, 0x10A5, 0x1086, 0x8BD4, 
  0xB4D7, 0xA476, 0x7310, 0x522C, 0x2106, 0x0000, 0x0002, 0x0801, 0x1863, 0x41CA, 0x0000, 0x72EF, 
  0xBC74, 0xAC35, 0xA476, 0x18A6, 0x2107, 0x7350, 0x41ED, 0x2949, 0x0000, 0x0007, 0x0006, 0x0045, 
  0x39AB, 0x524D, 0x6AF0, 0x7B72, 0x8351, 0x8372, 0x8372, 0x7B50, 0x8392, 0x93F3, 0x93F3, 0x8392, 
  0x6ACF, 0x420D, 0x20E9, 0x0007, 0x0004, 0x0825, 0x0845, 0x1085, 0x10A6, 0x2149, 0x2128, 0x29AB, 
  0x4A6F, 0x528F, 0x5ACF, 0x6B11, 0x6B11, 0x6AF1, 0x6AF1, 0x7331, 0x7B52, 0x62AE, 0x41C9, 0x2926, 
  0x0864, 0x0043, 0x0866, 0x212B, 0x296C, 0x3149, 0x10A5, 0x0842, 0x0000, 0x0000, 0x0000, 0x0000, 
  0x0000, 0x0000, 0x0002, 0x0004, 0x0006, 0x0809, 0x182C, 0x284E, 0x282D, 0x282D, 0x282D, 0x282D, 
  0x282D, 0x282D, 0x282D, 0x282D, 0x282D, 0x282D, 0x282D, 0x282D, 0x282C, 0x282D, 0x284D, 0x284D, 
  0x282D, 0x202C, 0x202C, 0x202C, 0x202D, 0x282C, 0x280D, 0x180C, 0x388E, 0xA9B7, 0xB136, 0x8932, 
  0x306E, 0x304E, 0x306E, 0x306E, 0x306F, 0x306E, 0x386F, 0x284D, 0x202C, 0x386F, 0x304F, 0x200E, 
  0x3050, 0x202D, 0x100B, 0x100B, 0x100B, 0x100A, 0x1009, 0x0809, 0x0808, 0x0007, 0x0006, 0x0005, 
  0x0003, 0x0003, 0x0002, 0x0001, 0x0000, 0x0000, 0x0000, 0x0000, 0x0000, 0x0000, 0x0000, 0x0000, 
  0x0000, 0x0000, 0x0000, 0x0000, 0x0001, 0x0004, 0x524F, 0xBCD2, 0xA40D, 0x9BCD, 0x938C, 0x936C, 
  0x938D, 0x8B8C, 0x8B6C, 0x93AD, 0xA3CC, 0xA3CD, 0xA3EE, 0xA3EE, 0x9BCE, 0x93AE, 0x93B0, 0x8B8F, 
  0x7B4F, 0x62CF, 0x5A6E, 0x41EC, 0x318B, 0x20EA, 0x1089, 0x0026, 0x0005, 0x0004, 0x0004, 0x0004, 
  0x0006, 0x0007, 0x0848, 0x10A9, 0x210A, 0x296C, 0x0048, 0x39CD, 0x9414, 0x7B93, 0x9435, 0x31AD, 
  0x0045, 0x8BF1, 0x62EE, 0x4A8E, 0x83F3, 0x62EF, 0x0888, 0x5AAD, 0xAC0D, 0xACB2, 0x52D1, 0x0003, 
  0x0824, 0x216A, 0x298B, 0x1086, 0x1045, 0x0003, 0x0002, 0x0002, 0x0002, 0x0004, 0x0006, 0x0005, 
  0x0005, 0x0004, 0x0006, 0x0008, 0x0007, 0x0007, 0x0808, 0x1008, 0x0007, 0x0007, 0x0007, 0x0848, 
  0x1069, 0x0808, 0x0008, 0x0008, 0x0808, 0x0807, 0x0007, 0x0007, 0x0808, 0x0008, 0x0008, 0x0808, 
  0x0808, 0x0808, 0x0807, 0x0008, 0x0007, 0x0004, 0x204A, 0x58F4, 0x6917, 0x6916, 0x50D2, 0x204B, 
  0x0007, 0x0007, 0x0807, 0x1009, 0x1009, 0x0809, 0x1829, 0x4928, 0xD3B3, 0xAA73, 0x0007, 0x38EC, 
  0x0007, 0x0006, 0x0808, 0x1009, 0x0007, 0x0007, 0x180A, 0x5834, 0x4813, 0x1009, 0x0006, 0x0007, 
  0x0005, 0x0004, 0x0003, 0x0004, 0x0006, 0x0004, 0x0003, 0x0004, 0x0004, 0x0006, 0x0004, 0x182A, 
  0x3030, 0x100A, 0x1008, 0x180B, 0x180B, 0x100A, 0x100B, 0x180B, 0x180B, 0x100B, 0x180B, 0x1009, 
  0x0003, 0x0004, 0x2929, 0x524D, 0x18A5, 0x0006, 0x1067, 0x1046, 0x0847, 0x1046, 0x0000, 0x4A2C, 
  0x8394, 0x4A0D, 0x526F, 0x4A6E, 0x2989, 0x2167, 0x0001, 0x192B, 0x41ED, 0x1065, 0x0001, 0x0802, 
  0x3947, 0x522A, 0x0002, 0x624C, 0x8B70, 0xACD7, 0x62AE, 0x0002, 0x6ACF, 0x7352, 0x6AB0, 0x20C6, 
  0x0001, 0x0888, 0x0006, 0x0887, 0x2929, 0x398B, 0x41ED, 0x62AF, 0x7B72, 0x8371, 0x8371, 0x8351, 
  0x8371, 0x8BB2, 0x93D2, 0x93F3, 0x7B71, 0x5A6E, 0x39AB, 0x20E9, 0x0827, 0x0005, 0x0005, 0x0825, 
  0x1084, 0x10C6, 0x1948, 0x21AB, 0x29CB, 0x3A0D, 0x4A6F, 0x62D0, 0x62D0, 0x6AD0, 0x6AD0, 0x6AF1, 
  0x7352, 0x7B73, 0x62CF, 0x41CA, 0x2907, 0x0844, 0x0024, 0x1087, 0x212A, 0x296B, 0x2108, 0x1084, 
  0x0001, 0x0000, 0x0000, 0x0000, 0x0000, 0x0000, 0x0002, 0x0002, 0x0003, 0x0006, 0x0827, 0x180B, 
  0x200D, 0x202D, 0x180C, 0x180C, 0x180C, 0x102C, 0x100C, 0x180C, 0x180C, 0x100C, 0x100C, 0x100C, 
  0x100C, 0x180C, 0x100C, 0x100C, 0x100B, 0x100C, 0x180C, 0x180C, 0x180C, 0x100C, 0x100C, 0x180C, 
  0x100C, 0x100B, 0x100C, 0x102C, 0x100B, 0x60F1, 0xB998, 0x9975, 0x100C, 0x080C, 0x102C, 0x100B, 
  0x100B, 0x180B, 0x100B, 0x100B, 0x180B, 0x100B, 0x182B, 0x180C, 0x182C, 0x202E, 0x280E, 0x280E, 
  0x280E, 0x280E, 0x280E, 0x280E, 0x280E, 0x202E, 0x202D, 0x182B, 0x180A, 0x1029, 0x1009, 0x0807, 
  0x0005, 0x0004, 0x0003, 0x0002, 0x0002, 0x0001, 0x0002, 0x0001, 0x0000, 0x0000, 0x0000, 0x0000, 
  0x0004, 0x0007, 0x6B31, 0x83D2, 0x7BB0, 0x8BF1, 0x93F1, 0x9C11, 0xA430, 0xA410, 0xA410, 0xA3EE, 
  0xA3CD, 0xA3CD, 0x9BAC, 0x938B, 0x936A, 0x9B6A, 0x9B8B, 0xA3AB, 0xA3ED, 0xA40E, 0xA40F, 0xA40F, 
  0x9BF0, 0x93AF, 0x8B8F, 0x732F, 0x62CF, 0x528D, 0x420C, 0x318B, 0x292B, 0x10C9, 0x0869, 0x0028, 
  0x0007, 0x0006, 0x0004, 0x0005, 0x0005, 0x0066, 0x296B, 0x20E9, 0x10C6, 0x10C7, 0x0886, 0x0885, 
  0x420A, 0x5A6D, 0x4A2E, 0x93AE, 0xA3ED, 0x83F3, 0x0046, 0x0002, 0x18E8, 0x29CC, 0x1907, 0x1065, 
  0x0023, 0x0002, 0x0003, 0x0004, 0x0004, 0x0827, 0x0006, 0x0005, 0x0005, 0x282A, 0x2009, 0x0007, 
  0x180B, 0x180A, 0x0008, 0x0809, 0x080A, 0x0809, 0x0809, 0x1049, 0x1069, 0x0808, 0x0808, 0x0008, 
  0x0808, 0x0007, 0x1807, 0x1008, 0x0008, 0x0008, 0x0008, 0x0808, 0x0808, 0x0808, 0x0808, 0x0007, 
  0x0006, 0x204C, 0x7938, 0x7979, 0x6916, 0x50F2, 0x1008, 0x0006, 0x0808, 0x0808, 0x0807, 0x100B, 
  0x180B, 0x180B, 0x0009, 0x0004, 0x1827, 0x20A9, 0x3069, 0xD3D3, 0xBB31, 0x40A8, 0x0006, 0x080C, 
  0x3011, 0x1009, 0x1829, 0x5833, 0x4810, 0x1808, 0x0005, 0x0808, 0x0807, 0x0005, 0x280E, 0x3812, 
  0x084C, 0x088B, 0x304E, 0x382E, 0x282D, 0x0826, 0x0004, 0x0004, 0x0008, 0x180A, 0x280E, 0x300E, 
  0x180B, 0x400B, 0x400B, 0x080A, 0x400C, 0x802D, 0x300C, 0x100A, 0x0003, 0x0023, 0x0006, 0x2928, 
  0x41EC, 0x0847, 0x0826, 0x1047, 0x0825, 0x0847, 0x0845, 0x0001, 0x6B10, 0x7351, 0x420D, 0x52AF, 
  0x424E, 0x2147, 0x1082, 0x0023, 0x0002, 0x10A6, 0x62CE, 0x8B90, 0xA494, 0xBD17, 0x628E, 0x20E7, 
  0x7351, 0x7B52, 0x6B0F, 0x0000, 0x0005, 0x0068, 0x0004, 0x1085, 0x18C5, 0x2109, 0x62CF, 0x7B51, 
  0x7B52, 0x7B51, 0x7B51, 0x8371, 0x8371, 0x8371, 0x93B2, 0x93B2, 0x93D3, 0x7B72, 0x62D0, 0x41CC, 
  0x210A, 0x0026, 0x0004, 0x0005, 0x1066, 0x0864, 0x0885, 0x08C6, 0x21AA, 0x29EB, 0x3A6E, 0x4AAF, 
  0x5AD0, 0x5ACF, 0x62AF, 0x62D0, 0x6AF1, 0x7B32, 0x7312, 0x6AF0, 0x4A0B, 0x3147, 0x0864, 0x0025, 
  0x0887, 0x214B, 0x316B, 0x2107, 0x10A5, 0x0000, 0x0000, 0x0000, 0x0000, 0x0000, 0x0000, 0x0001, 
  0x0003, 0x0004, 0x0004, 0x0807, 0x100A, 0x282F, 0x202E, 0x202D, 0x282E, 0x202D, 0x202C, 0x200D, 
  0x202D, 0x202C, 0x202C, 0x202D, 0x202C, 0x200C, 0x200C, 0x200C, 0x200C, 0x200C, 0x200C, 0x200C, 
  0x182C, 0x182C, 0x202C, 0x202C, 0x202C, 0x202C, 0x182C, 0x200C, 0x182D, 0x200C, 0x182C, 0x202D, 
  0x080A, 0x388F, 0xB9D8, 0xA977, 0x406E, 0x100B, 0x202D, 0x202C, 0x180C, 0x182C, 0x182B, 0x182C, 
  0x182C, 0x180C, 0x182C, 0x180C, 0x180D, 0x202D, 0x200D, 0x200D, 0x280D, 0x280D, 0x280E, 0x280E, 
  0x280E, 0x280E, 0x280E, 0x280E, 0x280E, 0x280E, 0x202E, 0x202D, 0x180C, 0x180C, 0x180B, 0x180A, 
  0x100A, 0x1009, 0x0808, 0x1028, 0x286B, 0x204A, 0x1828, 0x0006, 0x0008, 0x1009, 0x196A, 0x21AA, 
  0x29AC, 0x29ED, 0x31ED, 0x428E, 0x52AF, 0x5ACE, 0x6B0F, 0x8391, 0x8BB1, 0x93F1, 0x9C11, 0xA431, 
  0xA410, 0xAC2F, 0xA40E, 0xA3ED, 0xA3AC, 0x9BAB, 0x9B8B, 0x938B, 0x93AB, 0x9BAC, 0x9BAC, 0x9BAC, 
  0x9BCD, 0x93CD, 0x9BEE, 0x93CE, 0x8BAE, 0x838E, 0x7B6F, 0x730F, 0x5AAF, 0x4A2E, 0x39EC, 0x318C, 
  0x10EA, 0x0046, 0x0004, 0x318B, 0x6311, 0x4A4F, 0x422E, 0x214A, 0x0084, 0x10E6, 0x834F, 0x9B8B, 
  0xA491, 0x3A2E, 0x0002, 0x1066, 0x298C, 0x1908, 0x1065, 0x1044, 0x0000, 0x0001, 0x0004, 0x0006, 
  0x0005, 0x1029, 0x0806, 0x0005, 0x0005, 0x482D, 0x302C, 0x0008, 0x282D, 0x200B, 0x0809, 0x100A, 
  0x100A, 0x0809, 0x0809, 0x106A, 0x1049, 0x0008, 0x0808, 0x0008, 0x0008, 0x0807, 0x2008, 0x1808, 
  0x0008, 0x0008, 0x0007, 0x0807, 0x1007, 0x0806, 0x0005, 0x0808, 0x204C, 0x60F5, 0x8139, 0x58F4, 
  0x1829, 0x0007, 0x0008, 0x100A, 0x1009, 0x180B, 0x100A, 0x100A, 0x100A, 0x1009, 0x100A, 0x100A, 
  0x0007, 0x0005, 0x1028, 0x5149, 0xE351, 0x796C, 0x0004, 0x384B, 0x5014, 0x100B, 0x0006, 0x0007, 
  0x0809, 0x1009, 0x0006, 0x0008, 0x0807, 0x0005, 0x28B4, 0x585C, 0x38D7, 0x4136, 0x6898, 0x781A, 
  0x6836, 0x0003, 0x0828, 0x40D1, 0x284E, 0x100C, 0x200C, 0x200C, 0x100B, 0x580C, 0x600C, 0x000B, 
  0x482B, 0x882D, 0x280C, 0x0809, 0x0002, 0x0000, 0x0023, 0x0827, 0x18C8, 0x294B, 0x1048, 0x0826, 
  0x1068, 0x1047, 0x1888, 0x0023, 0x0023, 0x7371, 0x62D0, 0x420E, 0x5AB1, 0x4A2D, 0x2969, 0x1085, 
  0x0000, 0x39AC, 0x6B54, 0x7352, 0x62F0, 0x41AC, 0x2909, 0x0002, 0x0887, 0x0006, 0x0003, 0x0000, 
  0x1085, 0x3949, 0x622C, 0x8B92, 0xAC74, 0x41A9, 0x7310, 0xA434, 0x83B1, 0x8B91, 0x8BD2, 0x93F2, 
  0x93D2, 0x93D2, 0x7B51, 0x524E, 0x318C, 0x210B, 0x0868, 0x0004, 0x0005, 0x0846, 0x18A7, 0x10A6, 
  0x1928, 0x2149, 0x29AB, 0x424E, 0x52B0, 0x62F1, 0x62F0, 0x62B0, 0x62D0, 0x62D0, 0x6AF1, 0x7311, 
  0x6AF0, 0x41EB, 0x2107, 0x1063, 0x0045, 0x0887, 0x214C, 0x294B, 0x2129, 0x1084, 0x0821, 0x0000, 
  0x0000, 0x0001, 0x0001, 0x0001, 0x0001, 0x0001, 0x0001, 0x0807, 0x382E, 0x504F, 0x102B, 0x186E, 
  0x202E, 0x2850, 0x282E, 0x202C, 0x204D, 0x204C, 0x202C, 0x200D, 0x202C, 0x202C, 0x200C, 0x202C, 
  0x202C, 0x202C, 0x202C, 0x182C, 0x182C, 0x182C, 0x182C, 0x182C, 0x180C, 0x180C, 0x182C, 0x182C, 
  0x202C, 0x182C, 0x180C, 0x200C, 0x182C, 0x182C, 0x182C, 0x200C, 0x182C, 0x180C, 0x8134, 0xB978, 
  0x9135, 0x100B, 0x180C, 0x202C, 0x182C, 0x182C, 0x182B, 0x180B, 0x182B, 0x180C, 0x200C, 0x200C, 
  0x180C, 0x202D, 0x200D, 0x200D, 0x280D, 0x280E, 0x280E, 0x200D, 0x200D, 0x200D, 0x200D, 0x200E, 
  0x200D, 0x200E, 0x200D, 0x200D, 0x200D, 0x200E, 0x200E, 0x200E, 0x200E, 0x200E, 0x180D, 0x282E, 
  0x6115, 0x6916, 0x6936, 0x3070, 0x180C, 0x200D, 0x29AB, 0x1967, 0x18E6, 0x10C6, 0x194A, 0x0885, 
  0x10E7, 0x216A, 0x192A, 0x196B, 0x29AC, 0x31ED, 0x422D, 0x4A8E, 0x5AD0, 0x6B11, 0x8371, 0x93D2, 
  0x93D2, 0x93F1, 0xA451, 0xAC50, 0xAC50, 0xA40F, 0x9BED, 0x9BAB, 0x938B, 0x8B6A, 0x8B4A, 0x934A, 
  0x936A, 0x938B, 0x9BAC, 0xA3EC, 0xA40D, 0x9C0F, 0x9C10, 0x93D0, 0x8BB0, 0x7B90, 0x6AEF, 0x834F, 
  0x8BAF, 0x836F, 0x836F, 0x8BB0, 0x8BF0, 0x8BEF, 0x9B6C, 0xA3AC, 0x8433, 0x0866, 0x0003, 0x2109, 
  0x296A, 0x1086, 0x1087, 0x0001, 0x0000, 0x0001, 0x0004, 0x0006, 0x0006, 0x0006, 0x0005, 0x0003, 
  0x0006, 0x0808, 0x0809, 0x0809, 0x0808, 0x0809, 0x0809, 0x0809, 0x1009, 0x0808, 0x0809, 0x1049, 
  0x1069, 0x0008, 0x0808, 0x0008, 0x0008, 0x0007, 0x0808, 0x0808, 0x0008, 0x0807, 0x0007, 0x0807, 
  0x0006, 0x0004, 0x2808, 0x78F2, 0x7917, 0x815A, 0x60F5, 0x102A, 0x0005, 0x0006, 0x0808, 0x0808, 
  0x0808, 0x200B, 0x182B, 0x0808, 0x0808, 0x0808, 0x100A, 0x200D, 0x0809, 0x0807, 0x0808, 0x0007, 
  0x0807, 0x0808, 0x2008, 0xD372, 0xA2B0, 0x2069, 0x0006, 0x0007, 0x1810, 0x182B, 0x0008, 0x202F, 
  0x0807, 0x0005, 0x0972, 0x40F9, 0x6056, 0x5095, 0x5855, 0x6057, 0x4053, 0x0068, 0x5955, 0x58B3, 
  0x100A, 0x180B, 0x180B, 0x180B, 0x180C, 0x200B, 0x180B, 0x180B, 0x180B, 0x080A, 0x080A, 0x1008, 
  0x0002, 0x0000, 0x0000, 0x0022, 0x1066, 0x18E8, 0x292A, 0x1066, 0x1048, 0x1068, 0x1067, 0x1066, 
  0x0002, 0x20E7, 0x8BD4, 0x526F, 0x4A2E, 0x5AB0, 0x31AB, 0x2169, 0x0002, 0x0845, 0x314B, 0x20EA, 
  0x1047, 0x0004, 0x0003, 0x0823, 0x0863, 0x20C6, 0x5A6C, 0x72EE, 0xA412, 0xBCD4, 0xC4F6, 0xA433, 
  0x93F3, 0x3168, 0x1047, 0x9BF5, 0xA453, 0x9413, 0x8BD2, 0x6B30, 0x526E, 0x316B, 0x18C9, 0x0006, 
  0x0004, 0x0003, 0x0824, 0x1085, 0x10A5, 0x18E7, 0x2128, 0x298B, 0x31EC, 0x5290, 0x62F1, 0x6AF1, 
  0x62D0, 0x6AF1, 0x62D1, 0x6B12, 0x6B11, 0x6AF0, 0x4A2B, 0x2926, 0x1084, 0x0004, 0x0866, 0x18EA, 
  0x294C, 0x212A, 0x18C6, 0x0021, 0x0000, 0x0000, 0x0000, 0x0001, 0x0001, 0x0001, 0x0001, 0x0002, 
  0x0805, 0x0807, 0x0006, 0x5091, 0xA198, 0x9135, 0x182E, 0x1870, 0x202E, 0x202C, 0x182C, 0x202C, 
  0x182C, 0x182C, 0x202C, 0x182C, 0x180C, 0x202C, 0x202C, 0x182C, 0x202C, 0x202C, 0x182C, 0x182C, 
  0x182C, 0x182C, 0x182C, 0x182C, 0x182C, 0x180C, 0x180C, 0x182C, 0x182C, 0x182C, 0x180C, 0x182C, 
  0x182C, 0x180C, 0x182C, 0x180C, 0x202D, 0x080B, 0x7933, 0xB958, 0x9136, 0x282D, 0x180C, 0x180C, 
  0x200C, 0x182C, 0x184D, 0x180B, 0x200D, 0x182D, 0x180C, 0x180B, 0x180D, 0x200D, 0x200D, 0x200D, 
  0x200D, 0x280D, 0x200E, 0x200E, 0x200D, 0x200D, 0x200D, 0x200D, 0x200D, 0x180D, 0x200D, 0x200D, 
  0x200D, 0x180D, 0x180C, 0x180C, 0x180C, 0x180D, 0x200D, 0x100B, 0x4071, 0x7137, 0x6916, 0x48B1, 
  0x200D, 0x200E, 0x31AC, 0x10E5, 0x0822, 0x1883, 0x10C7, 0x0001, 0x0863, 0x1928, 0x29AC, 0x218B, 
  0x196A, 0x196A, 0x116A, 0x114A, 0x1129, 0x114A, 0x214B, 0x29AC, 0x31CD, 0x422E, 0x5290, 0x62D0, 
  0x6B10, 0x7350, 0x8370, 0x93B1, 0x9C11, 0xA451, 0xA410, 0xA40F, 0xA3EF, 0xA3ED, 0xA38C, 0x9B8C, 
  0x9B8C, 0x938B, 0x938B, 0x9B8B, 0x9B8B, 0x9BAB, 0x9BAC, 0x9B8B, 0x936C, 0x938B, 0x938D, 0x93AD, 
  0x9BCD, 0x9BAD, 0x936B, 0xA473, 0x39ED, 0x0001, 0x1046, 0x298B, 0x18A7, 0x1065, 0x0023, 0x0000, 
  0x0001, 0x0003, 0x0003, 0x0004, 0x0007, 0x0008, 0x184F, 0x204C, 0x0005, 0x0007, 0x0808, 0x0808, 
  0x0809, 0x0809, 0x0809, 0x1009, 0x180A, 0x0809, 0x0809, 0x104A, 0x1048, 0x0008, 0x0008, 0x0808, 
  0x0008, 0x0808, 0x0808, 0x0008, 0x0808, 0x0007, 0x0006, 0x0006, 0x0004, 0x308D, 0x8115, 0xA0D6, 
  0x7937, 0x48D2, 0x102A, 0x0006, 0x0808, 0x0807, 0x0007, 0x0007, 0x0808, 0x1009, 0x100A, 0x100A, 
  0x100A, 0x100A, 0x0809, 0x0808, 0x100A, 0x200B, 0x1009, 0x0808, 0x080B, 0x080A, 0x1009, 0x596C, 
  0xEC12, 0x8A0C, 0x1007, 0x38AE, 0x000E, 0x0008, 0x202B, 0x5875, 0x0807, 0x0005, 0x10CD, 0x384E, 
  0x6812, 0x6836, 0x5075, 0x2155, 0x2172, 0x61B5, 0x6156, 0x100D, 0x084D, 0x180B, 0x180C, 0x184D, 
  0x180C, 0x180C, 0x200C, 0x180B, 0x100B, 0x480B, 0x380B, 0x100A, 0x0003, 0x0002, 0x0001, 0x0000, 
  0x0002, 0x0865, 0x18C7, 0x2928, 0x18A9, 0x0826, 0x1067, 0x0826, 0x0867, 0x0002, 0x41AB, 0x83B3, 
  0x422D, 0x4A4F, 0x5AB0, 0x298A, 0x10A5, 0x0864, 0x1065, 0x0002, 0x0803, 0x0845, 0x210A, 0x20E7, 
  0x8B8E, 0xAC72, 0xC514, 0xC515, 0xA474, 0x7B50, 0x524E, 0x316C, 0x20EB, 0x0864, 0x0001, 0x312C, 
  0x6AAF, 0x49ED, 0x290A, 0x0847, 0x0005, 0x0002, 0x0844, 0x0844, 0x1065, 0x2107, 0x10E6, 0x2189, 
  0x2169, 0x3A2D, 0x4A6E, 0x528F, 0x5AB0, 0x5AB0, 0x5A8F, 0x62B0, 0x6B12, 0x6B11, 0x62CF, 0x39CB, 
  0x2127, 0x1084, 0x0824, 0x1087, 0x18CA, 0x212B, 0x20E8, 0x18A5, 0x0842, 0x0000, 0x0000, 0x0001, 
  0x0001, 0x0001, 0x0001, 0x0002, 0x0004, 0x0005, 0x1008, 0x100A, 0x102D, 0x180D, 0x100B, 0x60F3, 
  0x81F8, 0x6914, 0x182D, 0x182D, 0x182C, 0x202D, 0x202C, 0x202C, 0x182C, 0x202C, 0x202C, 0x182C, 
  0x182C, 0x182C, 0x182C, 0x202C, 0x202C, 0x182C, 0x182C, 0x182C, 0x182C, 0x182C, 0x182C, 0x182C, 
  0x182C, 0x182C, 0x182C, 0x182C, 0x182C, 0x182C, 0x202C, 0x202C, 0x182C, 0x180C, 0x202C, 0x182C, 
  0x182C, 0x180C, 0x306E, 0x8914, 0xA157, 0x6912, 0x100B, 0x180C, 0x182C, 0x182C, 0x182C, 0x180B, 
  0x180C, 0x202D, 0x180C, 0x180C, 0x200D, 0x200D, 0x200D, 0x280D, 0x200D, 0x200D, 0x280D, 0x200D, 
  0x200D, 0x200D, 0x200D, 0x180D, 0x200D, 0x180D, 0x180D, 0x180D, 0x182D, 0x180D, 0x180D, 0x200C, 
  0x180C, 0x180C, 0x200D, 0x100C, 0x202C, 0x58F3, 0x6916, 0x5914, 0x200D, 0x180D, 0x298B, 0x29EA, 
  0x1908, 0x2148, 0x218A, 0x08A5, 0x10C6, 0x1929, 0x21AB, 0x218B, 0x218B, 0x218B, 0x21AB, 0x218B, 
  0x218B, 0x198A, 0x198A, 0x196B, 0x196A, 0x194A, 0x194A, 0x112A, 0x112A, 0x194B, 0x298C, 0x31CD, 
  0x4A4E, 0x62F0, 0x6B11, 0x7351, 0x7B72, 0x7B51, 0x8B91, 0x8BD1, 0x93D1, 0x93D1, 0x938F, 0x8B6E, 
  0x938E, 0x938D, 0x830A, 0x7AC9, 0x82EA, 0x8B2B, 0x936B, 0x936B, 0x936C, 0x936C, 0xA430, 0x7392, 
  0x0005, 0x0002, 0x294A, 0x1908, 0x1085, 0x0822, 0x0000, 0x0000, 0x0002, 0x0003, 0x0002, 0x0002, 
  0x0004, 0x082B, 0x7138, 0xA95B, 0x58D1, 0x0006, 0x0006, 0x0808, 0x0009, 0x0009, 0x080A, 0x0809, 
  0x0809, 0x0809, 0x0808, 0x104A, 0x1049, 0x0808, 0x0008, 0x0007, 0x0807, 0x0808, 0x0008, 0x0008, 
  0x0008, 0x2806, 0x6807, 0x1006, 0x40AD, 0x7958, 0x8138, 0x9957, 0x388E, 0x0005, 0x0006, 0x0808, 
  0x0808, 0x0807, 0x0808, 0x0808, 0x0007, 0x0007, 0x1009, 0x180B, 0x180B, 0x180B, 0x100A, 0x0007, 
  0x100A, 0x202D, 0x1009, 0x0808, 0x282D, 0x282E, 0x0809, 0x0007, 0x388A, 0x2088, 0x30A9, 0xE437, 
  0x8A90, 0x2068, 0x0809, 0x282D, 0x0006, 0x0006, 0x302D, 0x5810, 0x6033, 0x5857, 0x2955, 0x39B3, 
  0x8115, 0xA178, 0x286E, 0x080C, 0x186E, 0x180B, 0x102D, 0x1090, 0x180C, 0x202D, 0x202C, 0x180C, 
  0x100C, 0x480C, 0x480D, 0x200A, 0x0004, 0x0002, 0x0002, 0x0001, 0x0000, 0x0001, 0x0864, 0x18C7, 
  0x3149, 0x18C7, 0x0848, 0x0004, 0x0825, 0x1067, 0x0001, 0x524D, 0x7B92, 0x420D, 0x5ACF, 0x526F, 
  0x216A, 0x2949, 0x0864, 0x0021, 0x0042, 0x29CA, 0x424D, 0x0045, 0x522D, 0xC515, 0xAC53, 0x730F, 
  0x296B, 0x0888, 0x0026, 0x0004, 0x0002, 0x0023, 0x0000, 0x0005, 0x0848, 0x0005, 0x0004, 0x0824, 
  0x0845, 0x1084, 0x10A5, 0x2169, 0x29CB, 0x3A2D, 0x426E, 0x4A6E, 0x5AF0, 0x62F0, 0x528F, 0x4A2E, 
  0x4A4F, 0x5290, 0x5AD1, 0x528E, 0x420B, 0x2108, 0x0864, 0x0004, 0x0025, 0x18CA, 0x214C, 0x2949, 
  0x1084, 0x0842, 0x0000, 0x0000, 0x0000, 0x0000, 0x0001, 0x0001, 0x0002, 0x0003, 0x0006, 0x0808, 
  0x202D, 0x280D, 0x200D, 0x182E, 0x184F, 0x180C, 0x100A, 0x5912, 0x8976, 0x70D3, 0x182C, 0x182C, 
  0x202D, 0x204D, 0x282D, 0x202C, 0x182C, 0x202C, 0x202C, 0x182C, 0x182C, 0x182C, 0x182C, 0x202C, 
  0x202C, 0x202C, 0x182C, 0x182C, 0x182C, 0x182C, 0x182C, 0x182C, 0x182C, 0x182C, 0x182C, 0x182C, 
  0x182C, 0x182C, 0x182C, 0x182C, 0x180C, 0x182C, 0x180C, 0x182C, 0x182C, 0x182C, 0x080B, 0x7113, 
  0xA977, 0x6912, 0x080A, 0x180C, 0x182C, 0x182C, 0x180C, 0x182C, 0x202D, 0x180C, 0x200C, 0x202D, 
  0x202D, 0x200D, 0x200D, 0x282D, 0x280D, 0x280D, 0x200D, 0x280D, 0x280D, 0x200D, 0x180D, 0x200D, 
  0x200D, 0x180D, 0x182D, 0x182C, 0x182C, 0x180C, 0x180C, 0x180C, 0x180C, 0x180C, 0x180B, 0x182C, 
  0x080A, 0x406F, 0x7976, 0x5175, 0x40F1, 0x100C, 0x1088, 0x1948, 0x2149, 0x2149, 0x2148, 0x2126, 
  0x31AA, 0x29CB, 0x21AB, 0x29CB, 0x29AC, 0x29CC, 0x21CC, 0x21CC, 0x29AC, 0x21AB, 0x218B, 0x29AB, 
  0x218B, 0x21AB, 0x218B, 0x218A, 0x218B, 0x196A, 0x196A, 0x196A, 0x1129, 0x1109, 0x1129, 0x1949, 
  0x196A, 0x196B, 0x29CD, 0x3A0D, 0x3A2E, 0x4A6E, 0x52AF, 0x5AAF, 0x62D0, 0x7B92, 0x9413, 0x732E, 
  0x834F, 0x7B2F, 0x72CD, 0x830D, 0x830B, 0x934B, 0xACF5, 0x31AC, 0x0000, 0x10C7, 0x298B, 0x1085, 
  0x1084, 0x0000, 0x0000, 0x0004, 0x0003, 0x0003, 0x1809, 0x0806, 0x0003, 0x282D, 0xC179, 0xD19A, 
  0xB1DB, 0x6134, 0x0007, 0x0006, 0x180A, 0x200A, 0x0809, 0x100A, 0x0809, 0x0809, 0x0809, 0x104A, 
  0x1049, 0x0007, 0x0808, 0x0807, 0x0007, 0x0007, 0x0008, 0x0008, 0x0008, 0x2805, 0x98CC, 0x4195, 
  0x6157, 0x8138, 0x6914, 0x208B, 0x0006, 0x0007, 0x0808, 0x0807, 0x0008, 0x0008, 0x0008, 0x0807, 
  0x0808, 0x0808, 0x0808, 0x0808, 0x1009, 0x100A, 0x180A, 0x180B, 0x1009, 0x0808, 0x180B, 0x180A, 
  0x100A, 0x1009, 0x200B, 0x100A, 0x0007, 0x0007, 0x0826, 0x722B, 0xF4B3, 0xA290, 0x0005, 0x0004, 
  0x0005, 0x0006, 0x3893, 0x6098, 0x50B6, 0x2155, 0x0273, 0x7133, 0xB0B8, 0x5090, 0x0008, 0x1009, 
  0x100A, 0x180A, 0x180C, 0x182F, 0x180B, 0x180B, 0x180B, 0x180B, 0x300C, 0x302C, 0x200C, 0x282B, 
  0x0003, 0x0002, 0x0003, 0x0002, 0x0001, 0x0000, 0x0000, 0x0845, 0x18C8, 0x20E7, 0x18A9, 0x0006, 
  0x0004, 0x1069, 0x0005, 0x0003, 0x7310, 0x7332, 0x39ED, 0x52AF, 0x422D, 0x29AB, 0x0063, 0x2128, 
  0x29CB, 0x31E9, 0x1082, 0x0000, 0x1046, 0x6AAF, 0x398C, 0x1069, 0x0004, 0x0002, 0x0003, 0x0863, 
  0x2148, 0x422D, 0x2969, 0x0864, 0x1085, 0x18C7, 0x18E7, 0x10C6, 0x2149, 0x31CC, 0x3A0E, 0x424E, 
  0x52B0, 0x5AB0, 0x5AD0, 0x526F, 0x4A4E, 0x4A4F, 0x424F, 0x5290, 0x4A2E, 0x39EB, 0x2106, 0x0843, 
  0x0003, 0x0846, 0x18CA, 0x292B, 0x210A, 0x18C6, 0x0862, 0x0000, 0x0000, 0x0000, 0x0000, 0x0000, 
  0x0001, 0x0001, 0x0003, 0x0004, 0x102A, 0x282E, 0x182C, 0x202D, 0x304F, 0x202D, 0x180C, 0x200D, 
  0x284F, 0x180C, 0x100A, 0x3993, 0x4296, 0x7113, 0x200C, 0x180C, 0x182C, 0x182C, 0x182D, 0x202C, 
  0x182C, 0x182C, 0x182C, 0x182C, 0x182C, 0x182C, 0x182C, 0x202C, 0x202C, 0x202C, 0x182C, 0x182C, 
  0x182C, 0x182C, 0x202C, 0x202C, 0x182C, 0x182C, 0x182C, 0x182C, 0x182C, 0x182C, 0x182C, 0x182C, 
  0x182C, 0x180C, 0x182C, 0x180C, 0x202C, 0x182C, 0x080A, 0x50AF, 0xB197, 0x9956, 0x386E, 0x100B, 
  0x180C, 0x180C, 0x182D, 0x182C, 0x180C, 0x180C, 0x200D, 0x280D, 0x200D, 0x200D, 0x280D, 0x200D, 
  0x280D, 0x200D, 0x202D, 0x280D, 0x202D, 0x204E, 0x182E, 0x200D, 0x200D, 0x200D, 0x180C, 0x182C, 
  0x182C, 0x182D, 0x182C, 0x180C, 0x100B, 0x182C, 0x180B, 0x100A, 0x180B, 0x100A, 0x7113, 0x81D8, 
  0x6955, 0x4871, 0x304E, 0x1025, 0x0041, 0x0843, 0x1064, 0x18C6, 0x18C7, 0x1907, 0x1906, 0x1927, 
  0x2148, 0x2128, 0x2169, 0x1969, 0x1949, 0x21AB, 0x29CC, 0x29CC, 0x29CC, 0x29CC, 0x29AC, 0x298B, 
  0x21AB, 0x218B, 0x218B, 0x218A, 0x218B, 0x216A, 0x218A, 0x216A, 0x196A, 0x198B, 0x198A, 0x198A, 
  0x198A, 0x196A, 0x196A, 0x196A, 0x114A, 0x29AB, 0x83D3, 0x8BF4, 0x9C55, 0x9C35, 0x9434, 0x9C54, 
  0x9C53, 0xB4D5, 0x7BD3, 0x0024, 0x0002, 0x2169, 0x18E6, 0x1085, 0x0001, 0x0000, 0x0001, 0x0006, 
  0x0004, 0x0005, 0x200C, 0x0808, 0x0006, 0x280C, 0x280B, 0x80F4, 0xA1BA, 0x99DB, 0x7155, 0x1029, 
  0x1808, 0x480A, 0x1809, 0x0809, 0x0809, 0x0809, 0x0809, 0x104A, 0x1049, 0x0007, 0x0007, 0x0007, 
  0x0007, 0x0007, 0x0808, 0x0007, 0x0006, 0x182A, 0x5933, 0x59B9, 0x6158, 0x60F3, 0x206B, 0x0005, 
  0x0006, 0x0808, 0x0808, 0x0007, 0x0808, 0x0808, 0x0008, 0x0808, 0x0008, 0x0008, 0x0808, 0x0808, 
  0x0808, 0x0808, 0x1009, 0x100A, 0x0809, 0x0808, 0x180C, 0x180C, 0x0008, 0x0008, 0x200B, 0x100A, 
  0x0007, 0x1009, 0x0809, 0x0006, 0x2869, 0x71EF, 0x1006, 0x490A, 0x512A, 0x0005, 0x2873, 0x58F9, 
  0x48D5, 0x3174, 0x19F3, 0x80F5, 0x6852, 0x0009, 0x080A, 0x180A, 0x180A, 0x180B, 0x180A, 0x180B, 
  0x180A, 0x100B, 0x100B, 0x080A, 0x602E, 0x782E, 0x080A, 0x180B, 0x0004, 0x0004, 0x0005, 0x0004, 
  0x0003, 0x0001, 0x0001, 0x0000, 0x0045, 0x1046, 0x20C8, 0x18C7, 0x0846, 0x0006, 0x0846, 0x0004, 
  0x1065, 0x7352, 0x526F, 0x3A0D, 0x52B0, 0x422D, 0x10A6, 0x0022, 0x0042, 0x0000, 0x0884, 0x2948, 
  0x0824, 0x1028, 0x0007, 0x1889, 0x18E7, 0x2948, 0x31EC, 0x52D0, 0x52B0, 0x39EC, 0x31AC, 0x10E6, 
  0x1907, 0x298A, 0x39EB, 0x39EC, 0x4A6F, 0x4A6F, 0x52AF, 0x4A8F, 0x422D, 0x422E, 0x422E, 0x4A6E, 
  0x52B0, 0x5ACF, 0x3A0A, 0x2106, 0x0843, 0x0003, 0x0825, 0x18AA, 0x290C, 0x2109, 0x20E7, 0x0822, 
  0x0001, 0x0000, 0x0000, 0x0000, 0x0000, 0x0000, 0x0000, 0x0001, 0x0004, 0x0807, 0x100A, 0x102B, 
  0x202E, 0x302F, 0x202D, 0x202C, 0x182D, 0x182C, 0x182C, 0x182C, 0x180D, 0x180C, 0x180B, 0x39B4, 
  0x42B7, 0x7913, 0x200C, 0x180C, 0x202D, 0x180C, 0x202D, 0x182C, 0x182C, 0x182C, 0x182C, 0x182C, 
  0x182C, 0x182C, 0x182C, 0x202C, 0x182C, 0x182C, 0x182C, 0x182C, 0x182C, 0x182C, 0x182C, 0x182C, 
  0x182C, 0x182C, 0x182C, 0x182C, 0x182C, 0x182C, 0x182C, 0x182C, 0x182C, 0x182C, 0x202C, 0x182C, 
  0x182C, 0x202C, 0x080A, 0x38AE, 0xA9B7, 0xB998, 0x488F, 0x000A, 0x202C, 0x182C, 0x180D, 0x180C, 
  0x180C, 0x202D, 0x202D, 0x200D, 0x200D, 0x200D, 0x200D, 0x200D, 0x200D, 0x200D, 0x200D, 0x200D, 
  0x182D, 0x186E, 0x184E, 0x180D, 0x200C, 0x200C, 0x180C, 0x200C, 0x180C, 0x180C, 0x182C, 0x180B, 
  0x100A, 0x182B, 0x182C, 0x1009, 0x180B, 0x0009, 0x58AF, 0xA1B9, 0x9159, 0xA159, 0x384D, 0x0001, 
  0x0000, 0x0000, 0x0021, 0x0042, 0x0823, 0x0843, 0x0022, 0x0864, 0x18C6, 0x10A5, 0x10A5, 0x18E6, 
  0x1906, 0x1907, 0x1906, 0x1906, 0x1927, 0x1928, 0x216A, 0x29CC, 0x29CB, 0x29CB, 0x29CC, 0x29CB, 
  0x29AB, 0x21AB, 0x218B, 0x218B, 0x21AB, 0x218B, 0x21AB, 0x21AB, 0x21AB, 0x21AB, 0x21AB, 0x21CB, 
  0x218B, 0x21AB, 0x2949, 0x2949, 0x3A2D, 0x52AF, 0x6310, 0x6B50, 0x6B91, 0x7BF5, 0x2108, 0x0000, 
  0x2129, 0x2969, 0x1085, 0x0022, 0x0000, 0x0000, 0x0002, 0x0004, 0x0004, 0x0005, 0x0005, 0x0006, 
  0x0807, 0x0006, 0x0005, 0x0007, 0x50F2, 0x91FA, 0xA1FB, 0x5113, 0x0008, 0x0006, 0x0809, 0x0809, 
  0x0809, 0x0809, 0x0809, 0x1069, 0x1048, 0x0008, 0x0808, 0x0007, 0x0008, 0x0807, 0x0006, 0x0808, 
  0x3890, 0x60F6, 0x6937, 0x7978, 0x48D1, 0x0006, 0x0006, 0x0808, 0x0807, 0x0808, 0x0008, 0x0007, 
  0x0808, 0x0808, 0x0807, 0x0808, 0x0808, 0x0808, 0x0008, 0x0008, 0x0008, 0x0008, 0x0808, 0x0807, 
  0x180A, 0x180B, 0x100A, 0x180B, 0x180B, 0x100A, 0x1009, 0x100A, 0x100A, 0x100A, 0x180A, 0x100A, 
  0x0008, 0x0008, 0x0006, 0x71AB, 0xEC93, 0x724C, 0x4134, 0x2092, 0x5092, 0x68B5, 0x78D5, 0x78B3, 
  0x100A, 0x1009, 0x080A, 0x380B, 0x780C, 0x200A, 0x080A, 0x100A, 0x100B, 0x280D, 0x300D, 0x100B, 
  0x380C, 0x480D, 0x180B, 0x100A, 0x0004, 0x0807, 0x1007, 0x0003, 0x0004, 0x0004, 0x0003, 0x0001, 
  0x0000, 0x0023, 0x1087, 0x2108, 0x2109, 0x0845, 0x0004, 0x1069, 0x0002, 0x18C7, 0x7B92, 0x4A6E, 
  0x420E, 0x4A6F, 0x31AB, 0x18E6, 0x2929, 0x29AB, 0x31ED, 0x29AA, 0x318A, 0x2109, 0x292B, 0x3169, 
  0x420B, 0x52F0, 0x4AAF, 0x2989, 0x18E6, 0x18E7, 0x2108, 0x31CB, 0x3A0D, 0x4A6F, 0x426E, 0x4A8F, 
  0x3A0D, 0x422D, 0x422D, 0x422E, 0x4A6F, 0x4A90, 0x4A6E, 0x3A0B, 0x2947, 0x10A5, 0x0044, 0x0024, 
  0x18C8, 0x210A, 0x20E9, 0x1086, 0x0842, 0x0000, 0x0000, 0x0000, 0x0000, 0x0000, 0x0001, 0x0002, 
  0x0002, 0x0806, 0x102A, 0x0808, 0x100B, 0x2051, 0x204E, 0x202D, 0x180D, 0x180D, 0x182C, 0x202B, 
  0x180C, 0x202E, 0x202D, 0x182B, 0x182C, 0x182C, 0x100B, 0x5913, 0xA938, 0x9893, 0x100B, 0x180C, 
  0x180C, 0x200C, 0x200C, 0x202C, 0x182C, 0x182C, 0x182C, 0x182C, 0x182C, 0x182C, 0x182C, 0x202C, 
  0x182C, 0x182C, 0x182C, 0x182C, 0x182C, 0x182C, 0x182C, 0x182C, 0x182C, 0x182C, 0x182C, 0x182C, 
  0x182C, 0x182C, 0x182C, 0x182C, 0x182C, 0x202C, 0x182C, 0x182C, 0x202C, 0x182C, 0x182C, 0x100B, 
  0x8975, 0xB999, 0x7113, 0x180C, 0x180C, 0x182C, 0x182C, 0x180C, 0x200C, 0x200D, 0x200D, 0x200D, 
  0x200D, 0x200D, 0x200D, 0x200D, 0x200C, 0x280D, 0x200C, 0x202D, 0x182C, 0x184D, 0x182D, 0x180C, 
  0x180B, 0x180B, 0x180C, 0x200C, 0x180C, 0x100B, 0x100B, 0x180B, 0x180B, 0x180B, 0x180B, 0x100A, 
  0x100A, 0x182B, 0x100A, 0x68D4, 0xA15A, 0x58D0, 0x0000, 0x0000, 0x0001, 0x0001, 0x0000, 0x0000, 
  0x0000, 0x0000, 0x0000, 0x0000, 0x0000, 0x0021, 0x0022, 0x0863, 0x10A5, 0x0863, 0x0843, 0x1084, 
  0x18A5, 0x18C5, 0x10A4, 0x18E6, 0x2148, 0x2169, 0x2148, 0x2148, 0x1949, 0x1969, 0x21AB, 0x29CB, 
  0x29CB, 0x29EC, 0x29EC, 0x29CC, 0x29CC, 0x29CC, 0x29CB, 0x29CB, 0x21CB, 0x29AB, 0x10E8, 0x08EA, 
  0x0002, 0x0043, 0x0045, 0x0886, 0x10E7, 0x29AB, 0x0886, 0x0824, 0x2147, 0x18C6, 0x0824, 0x0000, 
  0x0000, 0x0002, 0x0004, 0x0005, 0x0005, 0x0005, 0x0007, 0x0007, 0x0007, 0x0807, 0x0808, 0x0006, 
  0x0007, 0x40F0, 0x7977, 0x8999, 0x58F5, 0x3890, 0x0009, 0x0007, 0x0809, 0x0809, 0x0808, 0x1049, 
  0x1048, 0x0008, 0x0007, 0x0008, 0x0007, 0x0005, 0x0007, 0x50D2, 0x8159, 0x7138, 0x6935, 0x388E, 
  0x0007, 0x0006, 0x0007, 0x0807, 0x0007, 0x0807, 0x0808, 0x0008, 0x0808, 0x0808, 0x0808, 0x0008, 
  0x0807, 0x0808, 0x0008, 0x0008, 0x0008, 0x0808, 0x0808, 0x0008, 0x1009, 0x102A, 0x0808, 0x0809, 
  0x180B, 0x180B, 0x0008, 0x1009, 0x180B, 0x100B, 0x100A, 0x180A, 0x180B, 0x0809, 0x0807, 0x1006, 
  0x598A, 0xB2ED, 0x490E, 0x484F, 0x98F5, 0x9918, 0x90D6, 0x200B, 0x0808, 0x280B, 0x100B, 0x380B, 
  0x800C, 0x180A, 0x100A, 0x180A, 0x080B, 0x400D, 0x480D, 0x180B, 0x180B, 0x200B, 0x282C, 0x202B, 
  0x0004, 0x0806, 0x1007, 0x0002, 0x0004, 0x0005, 0x0004, 0x0002, 0x0000, 0x0000, 0x0022, 0x18C8, 
  0x2129, 0x2128, 0x1067, 0x0006, 0x0026, 0x0003, 0x396A, 0x6B11, 0x4A4F, 0x4A6E, 0x3A2D, 0x2989, 
  0x3149, 0x2128, 0x2128, 0x2106, 0x2127, 0x39EB, 0x2148, 0x2948, 0x1907, 0x2148, 0x1907, 0x18C6, 
  0x316A, 0x422E, 0x4A8E, 0x4A8F, 0x422E, 0x39ED, 0x3A0C, 0x3A0D, 0x3A0D, 0x422E, 0x4A90, 0x4A8F, 
  0x39EB, 0x2127, 0x0864, 0x0025, 0x0025, 0x18A9, 0x20CA, 0x210A, 0x1084, 0x0843, 0x0000, 0x0000, 
  0x0000, 0x0000, 0x0001, 0x0001, 0x0002, 0x0003, 0x0005, 0x0809, 0x1009, 0x182D, 0x2893, 0x184E, 
  0x180D, 0x1870, 0x184D, 0x180B, 0x282E, 0x282F, 0x180C, 0x180C, 0x202D, 0x204F, 0x182D, 0x182C, 
  0x202D, 0x204C, 0x180B, 0x5913, 0x7977, 0x80B2, 0x180B, 0x180B, 0x182C, 0x200C, 0x180C, 0x182C, 
  0x182C, 0x182C, 0x182C, 0x180C, 0x180B, 0x180B, 0x182C, 0x182C, 0x180C, 0x182C, 0x182C, 0x182C, 
  0x182C, 0x182C, 0x182C, 0x182C, 0x182C, 0x182C, 0x182C, 0x182C, 0x182C, 0x182C, 0x182C, 0x182C, 
  0x182C, 0x182C, 0x180B, 0x182C, 0x182C, 0x182C, 0x180C, 0x100B, 0x7113, 0xC199, 0xC1D9, 0x284E, 
  0x080B, 0x180C, 0x182C, 0x180C, 0x200C, 0x200D, 0x200D, 0x200D, 0x200D, 0x200D, 0x200D, 0x200D, 
  0x200D, 0x200C, 0x180C, 0x202D, 0x182C, 0x180C, 0x180C, 0x182C, 0x202C, 0x180C, 0x180B, 0x180B, 
  0x180B, 0x180B, 0x180B, 0x180B, 0x100B, 0x100A, 0x100A, 0x100A, 0x180B, 0x182C, 0x0009, 0x60F2, 
  0x9938, 0x1049, 0x186A, 0x100B, 0x100A, 0x0808, 0x0006, 0x0004, 0x0002, 0x0002, 0x0001, 0x0001, 
  0x0000, 0x0000, 0x0000, 0x0000, 0x0000, 0x0000, 0x0000, 0x0001, 0x0022, 0x0863, 0x0022, 0x0002, 
  0x1063, 0x18C5, 0x18E6, 0x1907, 0x1907, 0x1927, 0x1928, 0x1927, 0x1927, 0x1927, 0x1927, 0x2168, 
  0x218A, 0x218A, 0x29CB, 0x29EB, 0x29ED, 0x320C, 0x1908, 0x088A, 0x0002, 0x0003, 0x0003, 0x0005, 
  0x0003, 0x2189, 0x214B, 0x0005, 0x1083, 0x1065, 0x0000, 0x0000, 0x0002, 0x0003, 0x0808, 0x1009, 
  0x0004, 0x0008, 0x3010, 0x1009, 0x0006, 0x200B, 0x300B, 0x0007, 0x0007, 0x0004, 0x286D, 0x8178, 
  0x8178, 0x8199, 0x48D1, 0x0007, 0x0007, 0x0809, 0x0809, 0x104A, 0x1048, 0x0808, 0x0808, 0x0006, 
  0x0006, 0x102A, 0x50B3, 0x7117, 0x7117, 0x5914, 0x204B, 0x0005, 0x0006, 0x0808, 0x0807, 0x0808, 
  0x0008, 0x0007, 0x0007, 0x0007, 0x0008, 0x0808, 0x0008, 0x0808, 0x0008, 0x0008, 0x0808, 0x0808, 
  0x0808, 0x0808, 0x0808, 0x0808, 0x0808, 0x0808, 0x0807, 0x0006, 0x1009, 0x200C, 0x1009, 0x0808, 
  0x100A, 0x100A, 0x0808, 0x100A, 0x180C, 0x0809, 0x0808, 0x0809, 0x0005, 0x0005, 0x384E, 0x9915, 
  0x6937, 0x88F7, 0x6870, 0x0808, 0x1009, 0x100A, 0x080A, 0x100A, 0x180A, 0x100A, 0x180A, 0x180A, 
  0x180B, 0x200B, 0x200A, 0x180A, 0x100B, 0x200B, 0x200B, 0x200C, 0x0004, 0x0003, 0x0003, 0x0004, 
  0x0004, 0x0003, 0x0003, 0x0003, 0x0002, 0x0001, 0x0000, 0x0002, 0x18A8, 0x2129, 0x2909, 0x0866, 
  0x0005, 0x0846, 0x0003, 0x4A2C, 0x420B, 0x1908, 0x2969, 0x2948, 0x2948, 0x31EB, 0x420D, 0x5290, 
  0x2928, 0x10A4, 0x2128, 0x298A, 0x29AA, 0x39CC, 0x422D, 0x4A6F, 0x526F, 0x422D, 0x3A0D, 0x3A0D, 
  0x3A0D, 0x3A0D, 0x422E, 0x4A6F, 0x4A8F, 0x422D, 0x2969, 0x10A5, 0x0002, 0x0025, 0x1088, 0x18CA, 
  0x20EA, 0x18A6, 0x0842, 0x0000, 0x0000, 0x0000, 0x0000, 0x0000, 0x0000, 0x0001, 0x0002, 0x0003, 
  0x0006, 0x180B, 0x180C, 0x180D, 0x200D, 0x180C, 0x182E, 0x182D, 0x180C, 0x182C, 0x182B, 0x180C, 
  0x180D, 0x182C, 0x180C, 0x182B, 0x182C, 0x182C, 0x180C, 0x182C, 0x180C, 0x182C, 0x180A, 0x5113, 
  0x3175, 0x79B6, 0x58D0, 0x0809, 0x180C, 0x180B, 0x182C, 0x182C, 0x182C, 0x182C, 0x182C, 0x180B, 
  0x180B, 0x180B, 0x180B, 0x180B, 0x180B, 0x180B, 0x180B, 0x180B, 0x180B, 0x182B, 0x182B, 0x182B, 
  0x182B, 0x182B, 0x180B, 0x182B, 0x180B, 0x180B, 0x180B, 0x180B, 0x180B, 0x180B, 0x180B, 0x182B, 
  0x180B, 0x182C, 0x180C, 0x100B, 0x302D, 0xA9D9, 0x7257, 0x206E, 0x180B, 0x180C, 0x180C, 0x200C, 
  0x200D, 0x200D, 0x200D, 0x200D, 0x200D, 0x200D, 0x200D, 0x200C, 0x200D, 0x200C, 0x182C, 0x180C, 
  0x180C, 0x200C, 0x200C, 0x180C, 0x182C, 0x182C, 0x180C, 0x100B, 0x180B, 0x202D, 0x202C, 0x180B, 
  0x100A, 0x1009, 0x0809, 0x100A, 0x180A, 0x180A, 0x080A, 0x282C, 0xA116, 0x5135, 0x38F7, 0x4054, 
  0x280F, 0x3031, 0x2831, 0x202F, 0x182C, 0x182B, 0x102A, 0x0807, 0x0004, 0x0003, 0x0002, 0x0000, 
  0x0000, 0x0000, 0x0000, 0x0000, 0x0000, 0x0000, 0x0000, 0x0000, 0x0000, 0x0000, 0x0001, 0x0022, 
  0x0844, 0x0864, 0x0843, 0x0843, 0x0844, 0x0844, 0x0843, 0x0864, 0x10C6, 0x18C6, 0x18C6, 0x10C7, 
  0x18C6, 0x2148, 0x31EB, 0x318A, 0x29AB, 0x214A, 0x1909, 0x10A8, 0x0886, 0x29CB, 0x214B, 0x0827, 
  0x1086, 0x0001, 0x0000, 0x0000, 0x0003, 0x0004, 0x0005, 0x0006, 0x0005, 0x0007, 0x180B, 0x0808, 
  0x0007, 0x0809, 0x1009, 0x0007, 0x0007, 0x0006, 0x0005, 0x28AD, 0x7997, 0x7978, 0x8178, 0x5113, 
  0x0808, 0x0007, 0x0809, 0x104A, 0x1068, 0x0808, 0x0006, 0x0005, 0x286C, 0x6936, 0x7117, 0x7116, 
  0x40D0, 0x0007, 0x0006, 0x0008, 0x0807, 0x0007, 0x0007, 0x0007, 0x0007, 0x0007, 0x0007, 0x0008, 
  0x0007, 0x0008, 0x0008, 0x0808, 0x0808, 0x0808, 0x0808, 0x0808, 0x0808, 0x0808, 0x0008, 0x0008, 
  0x0809, 0x0808, 0x0808, 0x0807, 0x1009, 0x180B, 0x1009, 0x1009, 0x180B, 0x180B, 0x180A, 0x180B, 
  0x200C, 0x180B, 0x100A, 0x200C, 0x0007, 0x100A, 0x70F5, 0x7934, 0x6956, 0x50B1, 0x1009, 0x1009, 
  0x100A, 0x180A, 0x280B, 0x200A, 0x100A, 0x180A, 0x180B, 0x100B, 0x180B, 0x100C, 0x100C, 0x180B, 
  0x200B, 0x180B, 0x180C, 0x180C, 0x0005, 0x0003, 0x0004, 0x0004, 0x0004, 0x0005, 0x0004, 0x0004, 
  0x0004, 0x0003, 0x0005, 0x0005, 0x0003, 0x0885, 0x18E8, 0x2908, 0x1067, 0x0828, 0x0827, 0x0824, 
  0x4A2B, 0x420D, 0x3A0D, 0x4A4E, 0x4A4E, 0x420D, 0x420D, 0x420E, 0x4A4E, 0x2949, 0x31CB, 0x422E, 
  0x4A8F, 0x5AB0, 0x4A4F, 0x422E, 0x3A0D, 0x3A0D, 0x3A0D, 0x3A0E, 0x424F, 0x426F, 0x422E, 0x31EA, 
  0x18E6, 0x0864, 0x0003, 0x0826, 0x20EC, 0x20EA, 0x18C7, 0x0863, 0x0001, 0x0000, 0x0000, 0x0000, 
  0x0000, 0x0001, 0x0001, 0x0002, 0x0004, 0x0006, 0x0807, 0x100A, 0x180B, 0x202D, 0x200E, 0x182D, 
  0x182C, 0x182C, 0x180B, 0x182B, 0x180C, 0x182B, 0x182C, 0x180C, 0x180C, 0x180B, 0x180C, 0x180C, 
  0x180B, 0x180B, 0x182B, 0x182C, 0x180B, 0x180C, 0x080B, 0x6112, 0x7913, 0x89F7, 0x5932, 0x0809, 
  0x182C, 0x180B, 0x180B, 0x180C, 0x180B, 0x182B, 0x182B, 0x182B, 0x182B, 0x182C, 0x182B, 0x182B, 
  0x182B, 0x182B, 0x182B, 0x182B, 0x182B, 0x182B, 0x182B, 0x182B, 0x182B, 0x182B, 0x182B, 0x182B, 
  0x182B, 0x182B, 0x182B, 0x182B, 0x182C, 0x182B, 0x180C, 0x180B, 0x180B, 0x180C, 0x200C, 0x100B, 
  0x302D, 0x6236, 0x4A96, 0x7115, 0x100B, 0x180C, 0x180C, 0x200D, 0x200D, 0x200D, 0x200D, 0x200D, 
  0x200D, 0x200D, 0x180D, 0x180C, 0x200C, 0x200C, 0x182C, 0x182C, 0x182C, 0x180C, 0x182C, 0x182B, 
  0x100A, 0x180C, 0x200C, 0x182C, 0x182B, 0x180C, 0x202C, 0x180A, 0x100A, 0x1009, 0x100A, 0x180C, 
  0x100B, 0x1009, 0x180B, 0x0809, 0x5871, 0xB97A, 0x80D4, 0x5892, 0x180C, 0x180C, 0x202E, 0x2830, 
  0x3011, 0x3011, 0x3031, 0x3050, 0x284F, 0x202E, 0x200D, 0x200C, 0x180B, 0x0807, 0x0004, 0x0003, 
  0x0001, 0x0001, 0x0001, 0x0001, 0x0000, 0x0000, 0x0000, 0x0000, 0x0000, 0x0000, 0x0000, 0x0000, 
  0x0001, 0x0001, 0x0002, 0x0002, 0x0823, 0x0823, 0x0003, 0x0824, 0x0824, 0x08A6, 0x21AA, 0x29EB, 
  0x3A4D, 0x426E, 0x424D, 0x3A2C, 0x322C, 0x324D, 0x296A, 0x1007, 0x0022, 0x0000, 0x0001, 0x0805, 
  0x0005, 0x0003, 0x1004, 0x2046, 0x0006, 0x0007, 0x0006, 0x0007, 0x0008, 0x0007, 0x0007, 0x0007, 
  0x0807, 0x1007, 0x0807, 0x0006, 0x184B, 0x6995, 0x8998, 0x91BA, 0x5913, 0x082A, 0x0006, 0x0848, 
  0x1048, 0x0006, 0x0006, 0x40AF, 0x6936, 0x7117, 0x7978, 0x38B0, 0x0006, 0x0006, 0x0007, 0x0807, 
  0x0807, 0x0007, 0x0007, 0x0007, 0x0007, 0x0007, 0x0007, 0x0008, 0x0008, 0x0008, 0x0008, 0x0008, 
  0x0808, 0x0808, 0x0808, 0x0008, 0x0008, 0x0808, 0x0808, 0x0808, 0x0008, 0x0808, 0x0808, 0x0808, 
  0x0808, 0x0008, 0x1009, 0x180A, 0x100A, 0x100A, 0x100A, 0x180A, 0x1009, 0x180B, 0x180B, 0x100A, 
  0x100A, 0x68D3, 0x7936, 0x8156, 0x9114, 0x302C, 0x080A, 0x300B, 0x280A, 0x582C, 0x802D, 0x4009, 
  0x200A, 0x100A, 0x102B, 0x102C, 0x180B, 0x180B, 0x100B, 0x300B, 0x600C, 0x180B, 0x180C, 0x180B, 
  0x0004, 0x0005, 0x0006, 0x0004, 0x0004, 0x0008, 0x0005, 0x0004, 0x0006, 0x0027, 0x000A, 0x0008, 
  0x0004, 0x0000, 0x0864, 0x18C7, 0x2929, 0x20C8, 0x0827, 0x0002, 0x3149, 0x7332, 0x420E, 0x3A0D, 
  0x420D, 0x3A0D, 0x3A0D, 0x3A0D, 0x3A0D, 0x4A4E, 0x4A6F, 0x4A4E, 0x422D, 0x39ED, 0x3A0D, 0x3A0D, 
  0x3A0E, 0x424F, 0x424E, 0x3A4D, 0x39CB, 0x2127, 0x1084, 0x0004, 0x0846, 0x1068, 0x18E9, 0x18A8, 
  0x1085, 0x0002, 0x0000, 0x0000, 0x0001, 0x0001, 0x0001, 0x0001, 0x0003, 0x0004, 0x0006, 0x082A, 
  0x100B, 0x180C, 0x182D, 0x204F, 0x182D, 0x182B, 0x282E, 0x202D, 0x102C, 0x202F, 0x202E, 0x102B, 
  0x182D, 0x204E, 0x182C, 0x180B, 0x182B, 0x182C, 0x180C, 0x180B, 0x180C, 0x180C, 0x182C, 0x180B, 
  0x182B, 0x180C, 0x000A, 0x68AE, 0xF850, 0xA156, 0x3911, 0x0809, 0x180B, 0x180B, 0x180B, 0x180B, 
  0x182B, 0x182B, 0x182B, 0x182B, 0x182C, 0x182B, 0x182B, 0x182B, 0x182B, 0x182B, 0x182B, 0x182B, 
  0x182B, 0x182B, 0x182B, 0x182B, 0x182B, 0x182B, 0x182B, 0x182B, 0x182B, 0x182B, 0x182B, 0x182B, 
  0x182B, 0x182B, 0x180B, 0x182B, 0x180B, 0x180B, 0x180B, 0x180B, 0x202C, 0x6174, 0xA998, 0x78D4, 
  0x000A, 0x180C, 0x180C, 0x200D, 0x200D, 0x200C, 0x200C, 0x280D, 0x200C, 0x180C, 0x180C, 0x180C, 
  0x180C, 0x200D, 0x182C, 0x182C, 0x202C, 0x180B, 0x182C, 0x182C, 0x100A, 0x180B, 0x182C, 0x180B, 
  0x100A, 0x180A, 0x200C, 0x100A, 0x100A, 0x180C, 0x100B, 0x180C, 0x180C, 0x180A, 0x180B, 0x080A, 
  0x100C, 0xC0F6, 0xD177, 0x6A37, 0x50F2, 0x100A, 0x180B, 0x200D, 0x3010, 0x200D, 0x180C, 0x282F, 
  0x2810, 0x280F, 0x3051, 0x3853, 0x3832, 0x3031, 0x202F, 0x202D, 0x204C, 0x182B, 0x102A, 0x1009, 
  0x1007, 0x0005, 0x0002, 0x0002, 0x0001, 0x0000, 0x0000, 0x0000, 0x0001, 0x0001, 0x0001, 0x0000, 
  0x0000, 0x0000, 0x0000, 0x0001, 0x0000, 0x0001, 0x0001, 0x0022, 0x0843, 0x0884, 0x18A6, 0x18C7, 
  0x18E8, 0x18E7, 0x18C8, 0x0004, 0x0000, 0x0001, 0x0004, 0x100A, 0x0006, 0x0002, 0x784B, 0x784B, 
  0x0005, 0x0007, 0x1009, 0x0007, 0x0028, 0x1809, 0x1009, 0x0007, 0x1008, 0x2009, 0x0808, 0x0808, 
  0x0006, 0x0028, 0x5133, 0x8999, 0x7958, 0x6976, 0x288D, 0x1049, 0x0847, 0x102A, 0x50D1, 0x7136, 
  0x7137, 0x6115, 0x38CF, 0x0007, 0x0007, 0x0007, 0x0008, 0x0808, 0x0808, 0x0007, 0x0007, 0x0007, 
  0x0007, 0x0007, 0x0007, 0x0007, 0x0008, 0x0008, 0x0008, 0x0008, 0x0008, 0x0008, 0x0008, 0x0008, 
  0x0808, 0x0808, 0x0808, 0x1008, 0x0008, 0x0008, 0x0808, 0x0808, 0x0008, 0x0008, 0x0808, 0x0808, 
  0x0807, 0x0809, 0x100A, 0x180B, 0x0808, 0x0809, 0x100B, 0x100A, 0x5892, 0x8117, 0x7936, 0x7935, 
  0x202D, 0x100B, 0x180B, 0x280B, 0x200A, 0x502D, 0x604D, 0x2009, 0x180A, 0x180A, 0x100A, 0x180B, 
  0x180B, 0x080A, 0x000A, 0x280B, 0x400B, 0x180A, 0x200B, 0x200B, 0x0004, 0x0004, 0x0005, 0x0004, 
  0x0005, 0x0006, 0x0004, 0x0003, 0x0005, 0x180B, 0x180D, 0x0006, 0x0004, 0x0001, 0x0000, 0x0844, 
  0x18A8, 0x3169, 0x318A, 0x0843, 0x0003, 0x39AC, 0x7331, 0x39CC, 0x41ED, 0x39ED, 0x41ED, 0x41ED, 
  0x41EC, 0x39EC, 0x39EC, 0x39ED, 0x3A0D, 0x39ED, 0x422E, 0x4A6F, 0x426E, 0x31CB, 0x18E6, 0x0884, 
  0x0024, 0x0846, 0x1087, 0x20C9, 0x18A7, 0x1085, 0x0021, 0x0000, 0x0000, 0x0000, 0x0002, 0x0001, 
  0x0001, 0x0003, 0x0004, 0x0004, 0x0809, 0x100B, 0x100B, 0x102E, 0x102E, 0x180B, 0x182E, 0x184F, 
  0x180C, 0x180C, 0x280D, 0x180C, 0x182C, 0x200D, 0x202D, 0x180C, 0x180C, 0x204D, 0x182C, 0x180B, 
  0x182C, 0x182C, 0x180B, 0x180B, 0x182C, 0x182C, 0x180B, 0x180B, 0x180B, 0x180C, 0x080B, 0x282B, 
  0xA133, 0x8997, 0x48D1, 0x0809, 0x180B, 0x180B, 0x180B, 0x180B, 0x180B, 0x180B, 0x182B, 0x182B, 
  0x182B, 0x180B, 0x180B, 0x180B, 0x180B, 0x180B, 0x180B, 0x180B, 0x180B, 0x180B, 0x180B, 0x180B, 
  0x180B, 0x180B, 0x180B, 0x180B, 0x180B, 0x180B, 0x180B, 0x180B, 0x180B, 0x180B, 0x180B, 0x180B, 
  0x180B, 0x180B, 0x180B, 0x180B, 0x000A, 0x384E, 0xC1B9, 0x9936, 0x5070, 0x180C, 0x180C, 0x180C, 
  0x200C, 0x202D, 0x200D, 0x200C, 0x180D, 0x180C, 0x180C, 0x200C, 0x200C, 0x180C, 0x180C, 0x182C, 
  0x180C, 0x180B, 0x200C, 0x180C, 0x180D, 0x202D, 0x180B, 0x100A, 0x100A, 0x100A, 0x180B, 0x100A, 
  0x100A, 0x180B, 0x100A, 0x180A, 0x180B, 0x180B, 0x180B, 0x180B, 0x0809, 0x48AF, 0x62B8, 0x3A76, 
  0x9137, 0x200C, 0x100A, 0x200C, 0x280E, 0x200D, 0x180C, 0x280E, 0x200D, 0x100B, 0x102C, 0x102D, 
  0x180D, 0x200E, 0x2830, 0x3050, 0x3050, 0x3872, 0x3851, 0x4052, 0x4051, 0x3850, 0x304F, 0x304E, 
  0x284D, 0x204B, 0x1028, 0x0806, 0x0004, 0x0003, 0x0002, 0x0002, 0x0002, 0x0002, 0x0001, 0x0000, 
  0x0001, 0x0000, 0x0000, 0x0000, 0x0000, 0x0000, 0x0000, 0x0000, 0x0000, 0x0000, 0x0002, 0x0002, 
  0x0001, 0x0003, 0x0006, 0x0006, 0x0005, 0x0005, 0x4029, 0x3808, 0x0006, 0x0007, 0x0007, 0x0007, 
  0x0807, 0x0808, 0x0808, 0x0007, 0x0007, 0x0808, 0x0808, 0x0808, 0x0808, 0x0006, 0x0007, 0x5112, 
  0x8178, 0x7137, 0x81BA, 0x40EF, 0x30AC, 0x6935, 0x6936, 0x7136, 0x6115, 0x102A, 0x0004, 0x0007, 
  0x0007, 0x0008, 0x0008, 0x0008, 0x0008, 0x0808, 0x0007, 0x0007, 0x0007, 0x0007, 0x0007, 0x0007, 
  0x0008, 0x0008, 0x0008, 0x0008, 0x0007, 0x0008, 0x0808, 0x0808, 0x0808, 0x0808, 0x0808, 0x0808, 
  0x0808, 0x0008, 0x0808, 0x0008, 0x0008, 0x0808, 0x0808, 0x0007, 0x0808, 0x100A, 0x180B, 0x200C, 
  0x180B, 0x100A, 0x0009, 0x304D, 0x8918, 0x70D5, 0x8937, 0x406F, 0x080A, 0x180B, 0x200B, 0x100B, 
  0x180B, 0x280C, 0x280C, 0x100B, 0x100B, 0x180B, 0x100A, 0x100A, 0x100A, 0x402B, 0x400B, 0x080A, 
  0x080B, 0x200A, 0x280B, 0x180B, 0x0005, 0x0003, 0x0005, 0x0004, 0x0004, 0x0003, 0x0004, 0x0004, 
  0x0002, 0x180C, 0x280F, 0x100B, 0x0006, 0x0002, 0x0001, 0x0000, 0x0022, 0x1088, 0x318B, 0x2967, 
  0x0005, 0x0007, 0x524D, 0x5AB0, 0x39CC, 0x3A0D, 0x3A0D, 0x39ED, 0x39ED, 0x31EC, 0x31CC, 0x39ED, 
  0x424F, 0x5290, 0x39EC, 0x2968, 0x10A4, 0x0004, 0x0867, 0x10A9, 0x18CA, 0x18C8, 0x1084, 0x0041, 
  0x0000, 0x0000, 0x0000, 0x0000, 0x0001, 0x0001, 0x0002, 0x0003, 0x0005, 0x0808, 0x100B, 0x080B, 
  0x100D, 0x180C, 0x180C, 0x180C, 0x180C, 0x180B, 0x180C, 0x180C, 0x182C, 0x180C, 0x180C, 0x180B, 
  0x182B, 0x180C, 0x180C, 0x200C, 0x200C, 0x180C, 0x180C, 0x180C, 0x180C, 0x180C, 0x180C, 0x180C, 
  0x180B, 0x182C, 0x180C, 0x180C, 0x180C, 0x180C, 0x100B, 0x302C, 0x4A55, 0x5A58, 0x6091, 0x0808, 
  0x180B, 0x180B, 0x180B, 0x180C, 0x180B, 0x180B, 0x180B, 0x180B, 0x180B, 0x180B, 0x180C, 0x180C, 
  0x180B, 0x180B, 0x180B, 0x180B, 0x180B, 0x180B, 0x180B, 0x180B, 0x180B, 0x180B, 0x180B, 0x180B, 
  0x180B, 0x180B, 0x180B, 0x180B, 0x180B, 0x180B, 0x180B, 0x180B, 0x180B, 0x180B, 0x180B, 0x180B, 
  0x100B, 0x284C, 0x7133, 0x91B6, 0x8934, 0x100B, 0x180C, 0x180C, 0x180D, 0x182D, 0x202C, 0x180C, 
  0x180C, 0x182C, 0x200C, 0x200C, 0x200C, 0x180D, 0x180C, 0x200D, 0x180C, 0x180C, 0x202C, 0x182C, 
  0x202D, 0x204D, 0x204D, 0x182C, 0x100A, 0x100A, 0x100A, 0x100A, 0x100A, 0x100B, 0x100B, 0x100B, 
  0x180B, 0x102A, 0x100A, 0x180B, 0x100A, 0x186B, 0x61D4, 0xA956, 0xC118, 0x60F2, 0x0009, 0x100B, 
  0x100A, 0x180C, 0x200C, 0x180B, 0x180B, 0x200C, 0x100B, 0x082C, 0x180C, 0x180C, 0x100B, 0x180B, 
  0x180B, 0x100A, 0x180B, 0x180C, 0x200D, 0x182D, 0x282E, 0x282F, 0x282F, 0x3030, 0x3052, 0x3051, 
  0x2830, 0x3050, 0x302F, 0x182C, 0x0006, 0x0005, 0x0002, 0x0000, 0x0000, 0x0001, 0x0000, 0x0000, 
  0x0001, 0x0000, 0x0000, 0x0000, 0x0000, 0x0000, 0x0000, 0x0000, 0x0003, 0x0006, 0x0006, 0x0003, 
  0x0005, 0x0006, 0x0005, 0x0005, 0x0807, 0x0007, 0x1008, 0x0808, 0x0007, 0x0807, 0x0807, 0x0808, 
  0x0807, 0x0007, 0x0808, 0x0808, 0x0808, 0x0808, 0x0006, 0x0006, 0x5133, 0x8199, 0x7158, 0x6174, 
  0x6975, 0x6956, 0x7156, 0x6114, 0x1029, 0x0006, 0x0007, 0x0007, 0x0807, 0x0807, 0x0008, 0x0008, 
  0x0007, 0x0007, 0x0007, 0x0007, 0x0007, 0x0007, 0x0007, 0x0007, 0x0007, 0x0007, 0x0008, 0x0008, 
  0x0808, 0x0808, 0x0808, 0x0807, 0x0007, 0x0808, 0x0008, 0x0008, 0x0808, 0x0808, 0x0008, 0x0808, 
  0x0808, 0x0808, 0x0808, 0x0008, 0x0008, 0x0809, 0x0809, 0x180B, 0x180B, 0x0809, 0x200B, 0x68B3, 
  0x7116, 0x78F6, 0x5871, 0x100A, 0x100B, 0x180B, 0x180B, 0x180B, 0x180B, 0x200C, 0x180C, 0x180B, 
  0x100B, 0x100B, 0x180C, 0x200C, 0x080B, 0x784D, 0x802C, 0x100B, 0x100C, 0x180B, 0x180C, 0x180B, 
  0x0004, 0x0005, 0x0006, 0x0004, 0x0004, 0x0006, 0x0004, 0x0002, 0x086A, 0x1090, 0x182E, 0x202E, 
  0x0007, 0x0004, 0x0003, 0x0002, 0x0000, 0x0002, 0x1089, 0x1086, 0x1046, 0x0828, 0x1066, 0x7311, 
  0x422E, 0x31AC, 0x39CC, 0x4A2E, 0x4A4F, 0x5290, 0x62D0, 0x5ACF, 0x39EB, 0x18E6, 0x0844, 0x0044, 
  0x10A7, 0x212B, 0x212A, 0x10A5, 0x0862, 0x0000, 0x0000, 0x0000, 0x0000, 0x0001, 0x0001, 0x0002, 
  0x0003, 0x0005, 0x0006, 0x0809, 0x180D, 0x180C, 0x200C, 0x104F, 0x084E, 0x180B, 0x102C, 0x102C, 
  0x180B, 0x180B, 0x182D, 0x184E, 0x182C, 0x182D, 0x104E, 0x100C, 0x102B, 0x182D, 0x180C, 0x200C, 
  0x200C, 0x180C, 0x180C, 0x180C, 0x180C, 0x180C, 0x180C, 0x180C, 0x180C, 0x180C, 0x180C, 0x180C, 
  0x180C, 0x180C, 0x100B, 0x382D, 0x51D4, 0x1A35, 0x48B0, 0x0809, 0x180B, 0x180B, 0x180B, 0x180B, 
  0x180C, 0x180C, 0x180B, 0x182C, 0x182C, 0x182C, 0x180C, 0x180C, 0x182C, 0x182C, 0x180B, 0x180B, 
  0x180B, 0x180B, 0x180B, 0x180B, 0x180B, 0x180B, 0x180B, 0x180B, 0x180B, 0x180B, 0x180B, 0x180B, 
  0x182B, 0x180B, 0x180C, 0x180C, 0x180C, 0x180C, 0x180C, 0x180C, 0x200C, 0x080A, 0x200D, 0x7175, 
  0x7175, 0x486F, 0x100C, 0x180C, 0x182C, 0x100B, 0x180C, 0x200D, 0x182C, 0x200C, 0x200C, 0x200C, 
  0x200C, 0x200C, 0x182C, 0x202C, 0x202D, 0x182C, 0x180B, 0x100A, 0x182B, 0x182C, 0x202C, 0x204D, 
  0x180B, 0x100A, 0x180A, 0x100A, 0x180B, 0x180B, 0x180B, 0x180B, 0x100B, 0x180B, 0x180D, 0x180B, 
  0x180B, 0x0009, 0x380E, 0xA118, 0x89F8, 0x9176, 0x000A, 0x180B, 0x280D, 0x200C, 0x180C, 0x280E, 
  0x200D, 0x080A, 0x302F, 0x4030, 0x180C, 0x180C, 0x3030, 0x200E, 0x180B, 0x280E, 0x282E, 0x100A, 
  0x180C, 0x200E, 0x080A, 0x0808, 0x180C, 0x100A, 0x0809, 0x200D, 0x300F, 0x182D, 0x202F, 0x2831, 
  0x6095, 0x58B6, 0x4073, 0x3850, 0x182B, 0x182A, 0x1828, 0x0806, 0x0004, 0x0003, 0x0002, 0x0002, 
  0x0002, 0x0002, 0x0003, 0x0002, 0x0006, 0x0007, 0x0005, 0x302D, 0x180A, 0x0005, 0x0809, 0x180B, 
  0x0006, 0x0808, 0x282B, 0x1809, 0x0007, 0x1008, 0x0808, 0x0808, 0x0808, 0x0808, 0x0808, 0x0808, 
  0x0808, 0x0808, 0x0008, 0x0006, 0x0006, 0x38AF, 0x6936, 0x7977, 0x7176, 0x7136, 0x48D1, 0x0808, 
  0x0005, 0x0007, 0x0008, 0x0007, 0x0807, 0x0807, 0x0007, 0x0007, 0x0007, 0x0007, 0x0007, 0x0007, 
  0x0007, 0x0007, 0x0007, 0x0007, 0x0007, 0x0007, 0x0007, 0x0007, 0x0008, 0x0008, 0x0007, 0x0007, 
  0x0007, 0x0007, 0x0008, 0x0008, 0x0808, 0x0808, 0x0807, 0x0808, 0x0808, 0x0808, 0x0808, 0x0808, 
  0x0008, 0x0808, 0x0007, 0x0809, 0x0008, 0x1809, 0x80D3, 0x80F5, 0x7116, 0x78F6, 0x180B, 0x080A, 
  0x180B, 0x180B, 0x182C, 0x180B, 0x180B, 0x180B, 0x100C, 0x180C, 0x100B, 0x100B, 0x180C, 0x282E, 
  0x180C, 0x180A, 0x180A, 0x180B, 0x100B, 0x100B, 0x180D, 0x180C, 0x0004, 0x0004, 0x0806, 0x0004, 
  0x0006, 0x0008, 0x0005, 0x0002, 0x3070, 0x30F4, 0x30D1, 0x204C, 0x0004, 0x0007, 0x0004, 0x0003, 
  0x0002, 0x0000, 0x0022, 0x0845, 0x1068, 0x1869, 0x0005, 0x49CD, 0x7B93, 0x62D0, 0x62D0, 0x522C, 
  0x524B, 0x39A8, 0x41A8, 0x20E5, 0x1064, 0x1067, 0x18A9, 0x18E9, 0x18C7, 0x0863, 0x0000, 0x0000, 
  0x0000, 0x0001, 0x0000, 0x0001, 0x0002, 0x0003, 0x0004, 0x0007, 0x0809, 0x100B, 0x180C, 0x100C, 
  0x180D, 0x180D, 0x180C, 0x104E, 0x106D, 0x180B, 0x084D, 0x084E, 0x180C, 0x200B, 0x184E, 0x18AF, 
  0x180C, 0x184D, 0x1090, 0x102D, 0x180B, 0x282D, 0x200D, 0x100C, 0x180C, 0x180B, 0x180B, 0x180B, 
  0x180B, 0x180B, 0x180C, 0x180C, 0x180C, 0x180C, 0x180C, 0x180C, 0x180C, 0x182B, 0x100B, 0x304D, 
  0x7194, 0x39D4, 0x38D0, 0x100A, 0x180B, 0x180B, 0x180B, 0x180B, 0x180B, 0x180B, 0x180B, 0x180B, 
  0x180B, 0x180B, 0x180B, 0x180B, 0x182C, 0x180C, 0x180C, 0x180B, 0x180B, 0x180B, 0x180B, 0x180B, 
  0x180B, 0x180B, 0x180B, 0x180C, 0x180C, 0x180B, 0x180B, 0x180B, 0x180B, 0x180B, 0x180B, 0x180B, 
  0x180B, 0x180C, 0x180C, 0x180C, 0x200D, 0x080B, 0x4850, 0x8176, 0x81B7, 0x6914, 0x080B, 0x200C, 
  0x100A, 0x100A, 0x180C, 0x180C, 0x182C, 0x200C, 0x200C, 0x180C, 0x200C, 0x200C, 0x202C, 0x202D, 
  0x200C, 0x202C, 0x180B, 0x100A, 0x100A, 0x182C, 0x180C, 0x180B, 0x100B, 0x100A, 0x180B, 0x100A, 
  0x180B, 0x180A, 0x100A, 0x180A, 0x100A, 0x200C, 0x280E, 0x100B, 0x100A, 0x180B, 0x200D, 0x5134, 
  0x4297, 0x8936, 0x382D, 0x080A, 0x200D, 0x182C, 0x100C, 0x3030, 0x280E, 0x0808, 0x5830, 0x6833, 
  0x100C, 0x180C, 0x4032, 0x282E, 0x100A, 0x3030, 0x3030, 0x100A, 0x200E, 0x3831, 0x100A, 0x0809, 
  0x300F, 0x100B, 0x0007, 0x180B, 0x300E, 0x0007, 0x0007, 0x280C, 0x484E, 0x8938, 0x90FA, 0x8958, 
  0x9935, 0x182F, 0x3053, 0x3892, 0x284F, 0x202E, 0x202E, 0x202D, 0x182C, 0x100A, 0x0008, 0x0007, 
  0x0007, 0x0005, 0x204E, 0x6053, 0x200A, 0x0006, 0x100A, 0x202D, 0x0007, 0x0808, 0x1009, 0x0808, 
  0x0007, 0x0808, 0x0808, 0x0008, 0x0008, 0x0008, 0x0807, 0x0008, 0x0808, 0x0808, 0x0008, 0x0008, 
  0x0006, 0x0004, 0x284C, 0x7996, 0x7177, 0x308E, 0x0006, 0x0006, 0x0007, 0x0007, 0x0007, 0x0007, 
  0x0007, 0x0007, 0x0007, 0x0007, 0x0007, 0x0007, 0x0007, 0x0007, 0x0007, 0x0007, 0x0007, 0x0007, 
  0x0007, 0x0007, 0x0007, 0x0007, 0x0008, 0x0008, 0x0008, 0x0007, 0x0007, 0x0007, 0x0008, 0x0808, 
  0x0008, 0x0008, 0x0808, 0x0808, 0x0008, 0x0008, 0x0808, 0x0808, 0x0808, 0x0008, 0x0808, 0x0008, 
  0x0005, 0x40AF, 0x71D5, 0x6194, 0x7915, 0x386E, 0x080A, 0x180B, 0x180B, 0x180B, 0x180B, 0x180B, 
  0x180B, 0x180B, 0x180B, 0x100B, 0x100B, 0x180B, 0x180B, 0x100B, 0x180B, 0x100B, 0x100B, 0x100B, 
  0x180B, 0x180B, 0x200C, 0x200D, 0x0808, 0x0004, 0x0003, 0x0004, 0x0005, 0x0006, 0x0001, 0x1849, 
  0x9814, 0x5851, 0x28D2, 0x0828, 0x0003, 0x0006, 0x0004, 0x0003, 0x0003, 0x0002, 0x0000, 0x0000, 
  0x0845, 0x1068, 0x0007, 0x28C8, 0x72EF, 0x3168, 0x3168, 0x0864, 0x1085, 0x0846, 0x0867, 0x10C8, 
  0x212A, 0x18C7, 0x0843, 0x0000, 0x0000, 0x0000, 0x0000, 0x0000, 0x0001, 0x0001, 0x0804, 0x1807, 
  0x0807, 0x0009, 0x080B, 0x100B, 0x180C, 0x180C, 0x180C, 0x180C, 0x100C, 0x100B, 0x180C, 0x180C, 
  0x180B, 0x180B, 0x100C, 0x100C, 0x100C, 0x180C, 0x182C, 0x182D, 0x180C, 0x180D, 0x182D, 0x180C, 
  0x182C, 0x202D, 0x200C, 0x180C, 0x180C, 0x180C, 0x180C, 0x180C, 0x180C, 0x180C, 0x180C, 0x180C, 
  0x180C, 0x180C, 0x180C, 0x180C, 0x180C, 0x180C, 0x100B, 0x204D, 0x8955, 0xB198, 0x58D1, 0x080A, 
  0x180C, 0x180B, 0x180B, 0x180B, 0x180C, 0x180C, 0x180C, 0x180C, 0x180C, 0x180B, 0x180C, 0x180C, 
  0x180C, 0x180B, 0x180B, 0x180B, 0x180B, 0x180B, 0x180B, 0x180B, 0x180B, 0x180B, 0x180B, 0x180B, 
  0x180B, 0x180B, 0x180B, 0x180B, 0x180C, 0x180B, 0x180B, 0x180B, 0x180B, 0x180C, 0x180C, 0x180C, 
  0x200D, 0x180D, 0x180D, 0x58F1, 0x99D7, 0x7134, 0x202C, 0x100C, 0x180C, 0x180C, 0x182D, 0x100B, 
  0x100B, 0x200C, 0x200C, 0x180C, 0x180C, 0x200C, 0x202C, 0x182C, 0x202D, 0x200D, 0x200C, 0x100A, 
  0x100A, 0x202D, 0x202D, 0x100A, 0x100A, 0x100A, 0x100B, 0x100A, 0x100A, 0x100A, 0x0009, 0x0009, 
  0x100A, 0x100A, 0x100A, 0x100A, 0x100B, 0x100B, 0x080A, 0x280C, 0x4275, 0xA1F8, 0xC813, 0x000A, 
  0x100B, 0x100B, 0x180B, 0x180C, 0x080C, 0x782B, 0x782D, 0x102D, 0x180C, 0x182C, 0x102C, 0x182C, 
  0x180C, 0x102D, 0x180C, 0x180C, 0x180B, 0x180B, 0x100B, 0x100A, 0x100A, 0x0809, 0x0809, 0x1009, 
  0x1009, 0x0808, 0x0808, 0x1009, 0x0005, 0x304A, 0x7956, 0x3275, 0x79D6, 0x508E, 0x0006, 0x102A, 
  0x100A, 0x102B, 0x280F, 0x282E, 0x204D, 0x202E, 0x202D, 0x284E, 0x206E, 0x204F, 0x3050, 0x1009, 
  0x0007, 0x0007, 0x0007, 0x0007, 0x0807, 0x0007, 0x0007, 0x0807, 0x0807, 0x0008, 0x0008, 0x0008, 
  0x0008, 0x0008, 0x0807, 0x0808, 0x0008, 0x0007, 0x0007, 0x0808, 0x0808, 0x0007, 0x0005, 0x30AD, 
  0x28AC, 0x0005, 0x0007, 0x0008, 0x0807, 0x0007, 0x0007, 0x0007, 0x0007, 0x0007, 0x0007, 0x0007, 
  0x0007, 0x0007, 0x0007, 0x0007, 0x0007, 0x0007, 0x0007, 0x0007, 0x0007, 0x0007, 0x0007, 0x0007, 
  0x0008, 0x0008, 0x0008, 0x0008, 0x0007, 0x0007, 0x0007, 0x0007, 0x0007, 0x0008, 0x0808, 0x0008, 
  0x0008, 0x0008, 0x0808, 0x0808, 0x0808, 0x0008, 0x0808, 0x0006, 0x284C, 0x6956, 0x4994, 0x7197, 
  0x58B1, 0x0008, 0x100B, 0x180B, 0x180B, 0x180B, 0x180B, 0x180B, 0x180B, 0x180B, 0x180B, 0x180B, 
  0x100C, 0x180B, 0x180B, 0x100B, 0x180B, 0x100B, 0x100B, 0x180B, 0x180B, 0x180B, 0x180B, 0x180C, 
  0x200D, 0x1009, 0x0004, 0x0004, 0x0005, 0x0006, 0x0002, 0x286D, 0xA035, 0x6011, 0x004E, 0x0003, 
  0x0003, 0x0004, 0x0004, 0x0005, 0x0005, 0x0004, 0x0003, 0x0001, 0x0000, 0x0823, 0x1068, 0x2089, 
  0x1087, 0x0006, 0x1089, 0x18E9, 0x212A, 0x210A, 0x18C7, 0x1084, 0x0021, 0x0000, 0x0000, 0x0000, 
  0x0000, 0x0000, 0x0001, 0x0003, 0x0004, 0x0028, 0x300F, 0x5031, 0x200C, 0x000A, 0x100C, 0x100C, 
  0x180B, 0x100B, 0x180C, 0x180B, 0x180C, 0x100C, 0x100C, 0x180C, 0x180C, 0x200D, 0x180B, 0x180D, 
  0x180D, 0x180B, 0x182C, 0x180D, 0x180C, 0x180C, 0x180C, 0x180C, 0x182C, 0x180C, 0x180C, 0x180C, 
  0x180C, 0x180C, 0x180C, 0x180C, 0x182C, 0x180C, 0x180C, 0x182C, 0x182C, 0x180C, 0x200C, 0x180C, 
  0x200C, 0x180C, 0x100B, 0x204D, 0x9136, 0xC179, 0x60D2, 0x080A, 0x180C, 0x182C, 0x180B, 0x180C, 
  0x180C, 0x200C, 0x200C, 0x200C, 0x200C, 0x200C, 0x200C, 0x200C, 0x180C, 0x180C, 0x180C, 0x180C, 
  0x180C, 0x182C, 0x180C, 0x182C, 0x182C, 0x180C, 0x182C, 0x180C, 0x180C, 0x180C, 0x180C, 0x182C, 
  0x180C, 0x180C, 0x180C, 0x200C, 0x180C, 0x180C, 0x180C, 0x180C, 0x180C, 0x280E, 0x000B, 0x408F, 
  0xA9B8, 0xA9F8, 0x48B0, 0x080B, 0x202E, 0x180D, 0x100A, 0x080A, 0x100A, 0x180C, 0x180D, 0x180C, 
  0x182C, 0x180C, 0x200C, 0x200C, 0x202D, 0x200D, 0x202D, 0x180B, 0x100A, 0x202C, 0x200C, 0x100A, 
  0x100A, 0x100B, 0x100B, 0x100A, 0x100B, 0x080A, 0x404A, 0x302A, 0x080A, 0x1009, 0x100A, 0x100B, 
  0x180B, 0x100A, 0x0009, 0x1008, 0x5952, 0x4256, 0xB1D8, 0x48AE, 0x0008, 0x100A, 0x100A, 0x182B, 
  0x102C, 0x480C, 0x400B, 0x082B, 0x182C, 0x200D, 0x280D, 0x200C, 0x180C, 0x180C, 0x180C, 0x180C, 
  0x100A, 0x0809, 0x100A, 0x100A, 0x0008, 0x0809, 0x1009, 0x0008, 0x0007, 0x1009, 0x0008, 0x0006, 
  0x0006, 0x0004, 0x4912, 0x5238, 0x41D7, 0xB0F8, 0x600A, 0x0006, 0x0006, 0x0005, 0x0005, 0x0005, 
  0x0004, 0x0806, 0x1008, 0x1009, 0x182B, 0x184D, 0x0808, 0x0006, 0x0007, 0x0807, 0x1807, 0x0808, 
  0x0007, 0x0007, 0x0008, 0x0808, 0x0807, 0x0008, 0x0807, 0x0807, 0x0808, 0x0808, 0x0007, 0x0007, 
  0x0008, 0x0008, 0x0008, 0x0808, 0x0008, 0x0008, 0x0007, 0x0848, 0x0846, 0x0007, 0x0007, 0x0007, 
  0x0007, 0x0007, 0x0007, 0x0007, 0x0007, 0x0007, 0x0007, 0x0007, 0x0007, 0x0807, 0x0807, 0x0007, 
  0x0007, 0x0007, 0x0007, 0x0007, 0x0007, 0x0007, 0x0007, 0x0007, 0x0807, 0x0808, 0x0008, 0x0008, 
  0x0007, 0x0007, 0x0007, 0x0807, 0x0807, 0x0807, 0x0007, 0x0007, 0x0008, 0x0808, 0x0808, 0x0808, 
  0x0808, 0x0808, 0x0006, 0x0808, 0x58F4, 0x6115, 0x6116, 0x60F5, 0x1809, 0x0808, 0x180A, 0x200B, 
  0x180B, 0x100A, 0x202C, 0x204D, 0x182C, 0x180B, 0x180B, 0x200C, 0x180C, 0x180B, 0x100B, 0x180C, 
  0x180B, 0x180B, 0x180B, 0x100B, 0x180B, 0x280B, 0x100A, 0x000A, 0x200C, 0x200C, 0x180B, 0x0006, 
  0x0004, 0x0004, 0x0808, 0x3093, 0x5052, 0x4833, 0x0008, 0x0002, 0x0005, 0x0004, 0x0003, 0x0006, 
  0x0809, 0x0005, 0x0004, 0x0004, 0x0001, 0x0000, 0x0003, 0x290A, 0x398C, 0x1066, 0x1085, 0x0864, 
  0x0821, 0x0020, 0x0000, 0x0000, 0x0000, 0x0001, 0x0002, 0x0002, 0x0002, 0x0003, 0x0005, 0x0006, 
  0x0006, 0x184D, 0x4894, 0x5053, 0x100B, 0x0809, 0x080A, 0x100A, 0x100A, 0x100B, 0x100B, 0x100B, 
  0x100B, 0x102C, 0x100B, 0x100A, 0x180C, 0x180D, 0x100A, 0x100C, 0x100C, 0x100A, 0x102C, 0x102D, 
  0x100C, 0x100C, 0x180C, 0x180C, 0x180B, 0x180B, 0x180C, 0x180B, 0x180B, 0x180B, 0x180C, 0x180C, 
  0x180C, 0x180C, 0x180C, 0x182C, 0x182C, 0x182C, 0x180B, 0x180B, 0x180C, 0x180C, 0x100B, 0x202D, 
  0x78F4, 0x9136, 0x50B1, 0x080A, 0x180B, 0x180B, 0x182C, 0x180C, 0x180B, 0x200C, 0x202C, 0x200C, 
  0x200C, 0x200C, 0x200C, 0x200C, 0x200C, 0x180C, 0x200C, 0x180C, 0x180C, 0x180B, 0x180B, 0x180B, 
  0x180C, 0x180B, 0x180B, 0x180B, 0x180B, 0x180C, 0x180C, 0x180C, 0x180C, 0x180C, 0x180C, 0x180C, 
  0x180C, 0x180C, 0x180B, 0x180B, 0x180C, 0x180D, 0x080A, 0x406E, 0x8135, 0x8956, 0x50B0, 0x080A, 
  0x180C, 0x100A, 0x0808, 0x0809, 0x0809, 0x100A, 0x180C, 0x180C, 0x180C, 0x180C, 0x200D, 0x202D, 
  0x182C, 0x180B, 0x202C, 0x180B, 0x100A, 0x180B, 0x182C, 0x182B, 0x100B, 0x100C, 0x100B, 0x100B, 
  0x100B, 0x0809, 0xD0CF, 0x786C, 0x0009, 0x0809, 0x280E, 0x180C, 0x080A, 0x180C, 0x180E, 0x0008, 
  0x402D, 0x7218, 0x3AD7, 0x8956, 0x200B, 0x1009, 0x100A, 0x200B, 0x200B, 0x080B, 0x100C, 0x200C, 
  0x100B, 0x200D, 0x6033, 0x300E, 0x0809, 0x4031, 0x4832, 0x080A, 0x200D, 0x3010, 0x100A, 0x1009, 
  0x300E, 0x180A, 0x0007, 0x100A, 0x200D, 0x0008, 0x0808, 0x100A, 0x1008, 0x0006, 0x0007, 0x6954, 
  0x6977, 0x6177, 0x98D6, 0x180A, 0x0005, 0x0807, 0x1008, 0x0807, 0x0005, 0x380A, 0x504C, 0x0005, 
  0x0006, 0x0006, 0x0006, 0x0007, 0x0007, 0x0007, 0x2008, 0x1008, 0x0008, 0x0807, 0x0007, 0x0007, 
  0x0007, 0x0807, 0x0807, 0x0807, 0x0007, 0x0007, 0x0008, 0x0007, 0x0808, 0x0007, 0x0808, 0x0808, 
  0x0008, 0x0008, 0x0808, 0x0848, 0x1048, 0x0007, 0x0007, 0x0007, 0x0007, 0x0007, 0x0007, 0x0007, 
  0x0007, 0x0007, 0x0007, 0x0007, 0x0007, 0x0007, 0x0007, 0x0007, 0x0007, 0x0007, 0x0007, 0x0007, 
  0x0007, 0x0007, 0x0007, 0x0007, 0x0008, 0x0008, 0x0008, 0x0007, 0x0007, 0x0007, 0x0807, 0x0807, 
  0x0007, 0x0007, 0x0007, 0x0807, 0x0008, 0x0808, 0x0807, 0x0008, 0x0008, 0x0007, 0x0807, 0x50D2, 
  0x6916, 0x60F5, 0x6936, 0x184B, 0x0006, 0x0808, 0x1009, 0x180A, 0x180B, 0x180A, 0x180B, 0x202D, 
  0x180C, 0x180B, 0x180A, 0x200B, 0x180C, 0x100B, 0x180B, 0x180A, 0x180B, 0x180B, 0x100B, 0x100B, 
  0x100B, 0x180A, 0x584A, 0x684B, 0x180A, 0x180B, 0x180C, 0x200A, 0x0006, 0x0003, 0x284E, 0x4095, 
  0x2872, 0x204E, 0x0004, 0x0005, 0x0809, 0x0005, 0x0004, 0x0005, 0x0006, 0x0005, 0x0006, 0x0006, 
  0x0003, 0x0000, 0x0000, 0x1083, 0x18C4, 0x0000, 0x0000, 0x0000, 0x0000, 0x0000, 0x0001, 0x0001, 
  0x0001, 0x0002, 0x0003, 0x0004, 0x0005, 0x0006, 0x0006, 0x0005, 0x0006, 0x180A, 0x282C, 0x100A, 
  0x0807, 0x0007, 0x0808, 0x0808, 0x0808, 0x0808, 0x0808, 0x0808, 0x0808, 0x0809, 0x0809, 0x0808, 
  0x0809, 0x0808, 0x1008, 0x1008, 0x1008, 0x0808, 0x0808, 0x0808, 0x0808, 0x100A, 0x1009, 0x1009, 
  0x1009, 0x1008, 0x1008, 0x1009, 0x1009, 0x1009, 0x1009, 0x1809, 0x1009, 0x1009, 0x1009, 0x1809, 
  0x1809, 0x1009, 0x1009, 0x1009, 0x1009, 0x1009, 0x1009, 0x180A, 0x482F, 0x4830, 0x282C, 0x1008, 
  0x1009, 0x1809, 0x1009, 0x1809, 0x100A, 0x1809, 0x180A, 0x180A, 0x1009, 0x180A, 0x180A, 0x1009, 
  0x1009, 0x1009, 0x1009, 0x180A, 0x1009, 0x1009, 0x1009, 0x1009, 0x1009, 0x1009, 0x1009, 0x1009, 
  0x1009, 0x1009, 0x1009, 0x1009, 0x1009, 0x1009, 0x1009, 0x1008, 0x1009, 0x1009, 0x1009, 0x1008, 
  0x1008, 0x1009, 0x1008, 0x1008, 0x302B, 0x402E, 0x382D, 0x1809, 0x1007, 0x1008, 0x1008, 0x0808, 
  0x1008, 0x0807, 0x100A, 0x180A, 0x100A, 0x180B, 0x200C, 0x202D, 0x202C, 0x100A, 0x182C, 0x180B, 
  0x100A, 0x100A, 0x182B, 0x104B, 0x100B, 0x180B, 0x100B, 0x080A, 0x100A, 0x100A, 0x504B, 0x302A, 
  0x0809, 0x100A, 0x300F, 0x200C, 0x0809, 0x200C, 0x280F, 0x0008, 0x182A, 0x8935, 0x69D7, 0x91DA, 
  0x50B1, 0x0007, 0x180B, 0x180B, 0x100A, 0x100B, 0x180C, 0x200D, 0x180C, 0x200D, 0x282F, 0x200D, 
  0x100A, 0x380F, 0x3831, 0x080A, 0x200D, 0x4011, 0x100A, 0x080A, 0x3810, 0x180C, 0x0007, 0x180B, 
  0x280E, 0x0007, 0x0808, 0x282E, 0x100A, 0x0006, 0x2007, 0x406D, 0x81D8, 0x29B5, 0x59B8, 0x4890, 
  0x0003, 0x0808, 0x280C, 0x0808, 0x0006, 0x1008, 0x182A, 0x0008, 0x0007, 0x0807, 0x0807, 0x0007, 
  0x0008, 0x0008, 0x0008, 0x0008, 0x0007, 0x0007, 0x0007, 0x0007, 0x0007, 0x0007, 0x0007, 0x0007, 
  0x0007, 0x0007, 0x0007, 0x0007, 0x0008, 0x0008, 0x0008, 0x0008, 0x0008, 0x0008, 0x0008, 0x1049, 
  0x1048, 0x0007, 0x0007, 0x0007, 0x0007, 0x0007, 0x0007, 0x0007, 0x0007, 0x0007, 0x0007, 0x0007, 
  0x0007, 0x0007, 0x0007, 0x0007, 0x0007, 0x0007, 0x0007, 0x0007, 0x0007, 0x0007, 0x0007, 0x0007, 
  0x0007, 0x0007, 0x0007, 0x0007, 0x0007, 0x0007, 0x0007, 0x0007, 0x0007, 0x0007, 0x0008, 0x0007, 
  0x0007, 0x0008, 0x0008, 0x0008, 0x0007, 0x0006, 0x40B0, 0x7137, 0x58F4, 0x7136, 0x308E, 0x0006, 
  0x0007, 0x0008, 0x0007, 0x0808, 0x1009, 0x180B, 0x200C, 0x180C, 0x180B, 0x180B, 0x180B, 0x180B, 
  0x180B, 0x180B, 0x100A, 0x100A, 0x100B, 0x100B, 0x100B, 0x100A, 0x100B, 0x0008, 0xA8CC, 0xE0ED, 
  0x0809, 0x180B, 0x180C, 0x200B, 0x0809, 0x0006, 0x3070, 0x2852, 0x30B2, 0x0827, 0x0003, 0x0806, 
  0x0807, 0x0005, 0x0005, 0x0004, 0x0005, 0x0005, 0x0006, 0x0006, 0x0004, 0x0003, 0x0000, 0x0000, 
  0x0000, 0x0000, 0x0001, 0x0001, 0x0001, 0x0001, 0x0002, 0x0003, 0x0004, 0x0005, 0x0005, 0x0006, 
  0x0006, 0x0006, 0x0005, 0x0004, 0x0006, 0x1009, 0x1009, 0x0808, 0x0006, 0x0007, 0x0007, 0x0007, 
  0x0008, 0x0008, 0x0808, 0x0807, 0x0008, 0x0808, 0x0808, 0x0807, 0x0807, 0x0007, 0x0807, 0x0807, 
  0x0807, 0x0808, 0x0807, 0x0807, 0x0807, 0x0808, 0x0808, 0x0807, 0x0808, 0x1008, 0x0808, 0x0808, 
  0x0808, 0x1008, 0x1008, 0x0808, 0x1008, 0x1008, 0x1008, 0x1008, 0x1008, 0x1009, 0x1008, 0x1008, 
  0x1008, 0x1008, 0x0808, 0x1008, 0x280B, 0x300C, 0x200A, 0x0808, 0x1008, 0x1008, 0x1008, 0x1009, 
  0x1009, 0x1008, 0x1009, 0x1009, 0x1009, 0x1009, 0x1008, 0x1009, 0x1008, 0x1009, 0x1008, 0x1009, 
  0x1008, 0x1009, 0x1008, 0x1008, 0x1009, 0x1008, 0x1008, 0x1008, 0x0808, 0x1008, 0x1008, 0x1008, 
  0x0808, 0x1008, 0x1008, 0x1008, 0x0808, 0x1008, 0x0807, 0x1007, 0x1007, 0x1008, 0x1008, 0x0807, 
  0x1809, 0x200A, 0x200A, 0x1008, 0x0807, 0x0807, 0x1007, 0x0807, 0x0807, 0x0807, 0x1008, 0x1009, 
  0x1009, 0x100A, 0x100A, 0x202D, 0x284D, 0x202C, 0x204C, 0x182B, 0x100A, 0x100A, 0x100A, 0x100A, 
  0x100A, 0x180B, 0x100A, 0x080A, 0x1009, 0x180A, 0x0009, 0x000A, 0x100A, 0x100A, 0x180B, 0x100B, 
  0x100B, 0x100A, 0x180B, 0x100A, 0x0006, 0x50B0, 0xD1FC, 0x89D7, 0x79B7, 0x206C, 0x0009, 0x102A, 
  0x100A, 0x0809, 0x100B, 0x200D, 0x180D, 0x180D, 0x180C, 0x180D, 0x202E, 0x180C, 0x100B, 0x100C, 
  0x180C, 0x180C, 0x180B, 0x100B, 0x180B, 0x080A, 0x0809, 0x1009, 0x0809, 0x0008, 0x0808, 0x100A, 
  0x0808, 0x0007, 0x480B, 0x500C, 0x30F0, 0x59D6, 0x5936, 0x6916, 0x286C, 0x0005, 0x0808, 0x0007, 
  0x0807, 0x0007, 0x0008, 0x0008, 0x0008, 0x0008, 0x0807, 0x0007, 0x0008, 0x0007, 0x0007, 0x0007, 
  0x0007, 0x0007, 0x0007, 0x0007, 0x0007, 0x0007, 0x0007, 0x0007, 0x0007, 0x0007, 0x0007, 0x0007, 
  0x0007, 0x0008, 0x0008, 0x0008, 0x0008, 0x0008, 0x0008, 0x1049, 0x0848, 0x0008, 0x0007, 0x0007, 
  0x0007, 0x0007, 0x0007, 0x0007, 0x0007, 0x0007, 0x0007, 0x0007, 0x0007, 0x0007, 0x0007, 0x0007, 
  0x0007, 0x0007, 0x0007, 0x0007, 0x0007, 0x0007, 0x0007, 0x0007, 0x0007, 0x0007, 0x0007, 0x0007, 
  0x0007, 0x0007, 0x0007, 0x0007, 0x0807, 0x0008, 0x0008, 0x0007, 0x0007, 0x0007, 0x0008, 0x0807, 
  0x0004, 0x206C, 0x6956, 0x58D4, 0x7136, 0x6133, 0x0007, 0x0007, 0x0008, 0x0008, 0x0808, 0x0007, 
  0x0007, 0x0808, 0x100B, 0x180C, 0x180B, 0x180B, 0x100B, 0x180B, 0x180B, 0x180B, 0x100A, 0x100A, 
  0x100A, 0x180B, 0x100A, 0x0807, 0x0808, 0x0007, 0x4849, 0x6049, 0x0009, 0x586E, 0x502D, 0x080A, 
  0x380B, 0x80F2, 0x6155, 0x30D2, 0x206D, 0x0806, 0x0005, 0x0005, 0x0005, 0x0005, 0x0005, 0x0005, 
  0x0005, 0x0005, 0x0004, 0x0006, 0x0007, 0x0006, 0x0002, 0x0001, 0x0000, 0x0001, 0x0002, 0x0002, 
  0x0005, 0x0005, 0x0006, 0x0008, 0x0007, 0x0006, 0x0006, 0x0005, 0x0005, 0x0000, 0x0001, 0x0000, 
  0x0001, 0x0005, 0x0006, 0x0001, 0x0002, 0x0002, 0x0002, 0x0002, 0x0006, 0x0006, 0x0002, 0x0004, 
  0x0008, 0x0808, 0x0808, 0x0007, 0x0003, 0x0003, 0x0002, 0x0003, 0x0002, 0x0005, 0x0808, 0x0006, 
  0x0003, 0x0003, 0x0003, 0x0004, 0x0006, 0x0003, 0x0003, 0x0004, 0x0004, 0x0004, 0x0003, 0x0007, 
  0x1008, 0x1008, 0x1008, 0x1008, 0x0007, 0x0004, 0x0005, 0x1008, 0x0006, 0x0003, 0x0005, 0x1008, 
  0x1009, 0x0006, 0x0004, 0x0004, 0x0004, 0x0007, 0x1009, 0x0007, 0x0003, 0x0006, 0x1009, 0x0007, 
  0x0004, 0x0006, 0x1009, 0x0004, 0x0004, 0x0004, 0x0004, 0x0006, 0x1009, 0x1008, 0x0808, 0x1008, 
  0x1008, 0x1008, 0x0006, 0x0002, 0x0003, 0x0003, 0x0003, 0x0807, 0x1008, 0x1008, 0x0006, 0x0003, 
  0x0004, 0x0003, 0x0005, 0x1008, 0x0807, 0x0003, 0x0002, 0x0003, 0x0003, 0x0003, 0x0003, 0x0003, 
  0x0806, 0x1007, 0x0807, 0x0004, 0x0002, 0x0007, 0x0808, 0x0807, 0x1008, 0x1009, 0x1009, 0x182B, 
  0x180C, 0x180B, 0x182C, 0x100A, 0x1009, 0x100A, 0x100A, 0x100A, 0x100A, 0x100A, 0x100A, 0x100A, 
  0x100A, 0x100A, 0x100A, 0x100A, 0x100A, 0x100A, 0x080A, 0x1009, 0x100B, 0x080A, 0x0809, 0x1009, 
  0x0808, 0x204B, 0x9155, 0x79D7, 0x927A, 0x58F2, 0x0008, 0x100A, 0x100A, 0x100A, 0x0809, 0x100C, 
  0x200E, 0x200D, 0x200C, 0x200E, 0x2830, 0x180C, 0x100B, 0x180B, 0x100B, 0x102A, 0x100B, 0x100B, 
  0x080A, 0x0809, 0x0809, 0x0808, 0x0008, 0x0008, 0x0808, 0x0007, 0x0008, 0x0008, 0x2009, 0x1808, 
  0x0006, 0x5934, 0x7137, 0x6116, 0x7178, 0x184A, 0x0006, 0x0808, 0x0007, 0x0008, 0x0008, 0x0008, 
  0x0007, 0x0008, 0x0008, 0x0008, 0x0007, 0x0007, 0x0007, 0x0007, 0x0007, 0x0007, 0x0008, 0x0008, 
  0x0007, 0x0007, 0x0007, 0x0007, 0x0007, 0x0007, 0x0007, 0x0007, 0x0007, 0x0007, 0x0007, 0x0007, 
  0x0007, 0x0007, 0x0008, 0x1049, 0x0848, 0x0007, 0x0007, 0x0007, 0x0007, 0x0007, 0x0007, 0x0007, 
  0x0007, 0x0807, 0x0007, 0x0007, 0x0007, 0x0007, 0x0007, 0x0007, 0x0007, 0x0007, 0x0007, 0x0007, 
  0x0007, 0x0007, 0x0007, 0x0007, 0x0007, 0x0007, 0x0007, 0x0007, 0x0007, 0x0007, 0x0007, 0x0007, 
  0x0007, 0x0007, 0x0008, 0x0007, 0x0007, 0x0007, 0x0007, 0x0006, 0x0007, 0x50F2, 0x6115, 0x6114, 
  0x6935, 0x184B, 0x0006, 0x0808, 0x0808, 0x0008, 0x0807, 0x0808, 0x0007, 0x0007, 0x0008, 0x100A, 
  0x180B, 0x180B, 0x180B, 0x200B, 0x180B, 0x180B, 0x180A, 0x180A, 0x180B, 0x200B, 0x100A, 0x0806, 
  0x0006, 0x0807, 0x0007, 0x0008, 0x0808, 0x404B, 0x382C, 0x0809, 0x600B, 0xB9B8, 0x71F9, 0x5975, 
  0x1008, 0x0004, 0x0006, 0x0006, 0x0005, 0x0006, 0x0006, 0x0007, 0x0007, 0x0007, 0x0007, 0x0009, 
  0x000A, 0x0009, 0x0007, 0x0004, 0x0001, 0x0002, 0x0006, 0x0007, 0x0009, 0x0009, 0x0809, 0x080A, 
  0x0009, 0x0006, 0x0005, 0x0003, 0x0003, 0x6B2E, 0x6B6E, 0x6B6E, 0x7390, 0x314A, 0x1067, 0x738F, 
  0x6B4F, 0x6B4E, 0x734F, 0x7370, 0x18A8, 0x18E9, 0x8412, 0x4A0C, 0x0006, 0x0807, 0x0007, 0x20EA, 
  0x83F2, 0x6B4F, 0x6B0E, 0x6B2F, 0x7390, 0x41AB, 0x0004, 0x0847, 0x7350, 0x734F, 0x736F, 0x62AE, 
  0x1868, 0x6B2E, 0x7B90, 0x734F, 0x734F, 0x734F, 0x83B0, 0x28C9, 0x0006, 0x0807, 0x1007, 0x0807, 
  0x28CA, 0x7BB1, 0x5A6D, 0x0006, 0x41AC, 0x83F2, 0x5A6E, 0x0807, 0x0006, 0x49ED, 0x7B6F, 0x7B4F, 
  0x7350, 0x2069, 0x0005, 0x396B, 0x8C12, 0x522D, 0x0006, 0x28EA, 0x7BB1, 0x522D, 0x0006, 0x62EF, 
  0x7370, 0x734F, 0x7B91, 0x418B, 0x0006, 0x1008, 0x1008, 0x1008, 0x1008, 0x0806, 0x290A, 0x7390, 
  0x736F, 0x736F, 0x6B0F, 0x0006, 0x0006, 0x0005, 0x28E9, 0x7370, 0x732F, 0x7370, 0x520D, 0x0005, 
  0x0007, 0x62AE, 0x7BB0, 0x734F, 0x732F, 0x732F, 0x7B6F, 0x7B8F, 0x1047, 0x0006, 0x0806, 0x522C, 
  0x732F, 0x20A9, 0x0006, 0x0807, 0x0808, 0x1009, 0x1009, 0x100A, 0x100A, 0x1009, 0x100A, 0x100A, 
  0x100A, 0x100A, 0x100A, 0x100A, 0x100A, 0x100A, 0x100A, 0x100A, 0x100A, 0x1009, 0x100A, 0x100A, 
  0x1809, 0x100A, 0x100A, 0x100A, 0x1008, 0x1009, 0x0008, 0x0008, 0x180A, 0x0007, 0x280B, 0x5A76, 
  0x5236, 0x78F5, 0x0809, 0x0809, 0x100A, 0x100A, 0x1009, 0x0809, 0x100B, 0x200D, 0x200D, 0x200D, 
  0x180D, 0x100B, 0x180B, 0x180B, 0x100B, 0x180B, 0x180B, 0x100A, 0x0809, 0x0808, 0x0008, 0x0008, 
  0x1008, 0x0808, 0x0808, 0x0808, 0x0008, 0x0808, 0x0007, 0x0006, 0x0007, 0x100B, 0x60F5, 0x6116, 
  0x6937, 0x48D2, 0x0805, 0x1808, 0x0007, 0x0008, 0x0008, 0x0807, 0x0807, 0x0808, 0x0008, 0x0008, 
  0x0007, 0x0007, 0x0007, 0x0007, 0x0007, 0x0007, 0x0008, 0x0008, 0x0007, 0x0007, 0x0007, 0x0007, 
  0x0007, 0x0007, 0x0007, 0x0007, 0x0007, 0x0008, 0x0008, 0x0008, 0x0008, 0x0008, 0x0008, 0x1049, 
  0x0848, 0x0008, 0x0007, 0x0007, 0x0007, 0x0007, 0x0007, 0x0007, 0x0007, 0x0807, 0x0007, 0x0007, 
  0x0007, 0x0007, 0x0007, 0x0007, 0x0007, 0x0007, 0x0007, 0x0007, 0x0007, 0x0007, 0x0007, 0x0007, 
  0x0007, 0x0007, 0x0007, 0x0007, 0x0007, 0x0007, 0x0007, 0x0007, 0x0007, 0x0008, 0x0007, 0x0808, 
  0x0007, 0x0808, 0x0006, 0x0006, 0x40D2, 0x6136, 0x58F3, 0x6956, 0x286C, 0x0006, 0x0808, 0x0808, 
  0x0808, 0x0008, 0x0007, 0x0007, 0x0008, 0x0008, 0x0008, 0x0008, 0x1009, 0x100A, 0x180B, 0x180B, 
  0x180B, 0x180B, 0x0808, 0x1009, 0x180A, 0x0808, 0x0808, 0x0806, 0x1007, 0x1008, 0x1008, 0x1009, 
  0x1009, 0x0009, 0x0009, 0x0807, 0x606E, 0xA177, 0x89F9, 0x7954, 0x1008, 0x0006, 0x0006, 0x0007, 
  0x0008, 0x0008, 0x0008, 0x000A, 0x0009, 0x0009, 0x0009, 0x0009, 0x0008, 0x0809, 0x080A, 0x0008, 
  0x0006, 0x0006, 0x0009, 0x0009, 0x0009, 0x0809, 0x0009, 0x0009, 0x0007, 0x0005, 0x0004, 0x0003, 
  0x39CA, 0xFFFF, 0xFFFF, 0xFFFF, 0xFFFF, 0x9492, 0x18A7, 0xFFFF, 0xFFFF, 0xFFFF, 0xFFFF, 0xFFFF, 
  0x4A4C, 0x39CB, 0xFFFF, 0xB556, 0x0003, 0x0808, 0x0004, 0x4A0C, 0xFFFF, 0xFFFF, 0xFFFF, 0xFFFF, 
  0xFFFF, 0xA4B3, 0x0000, 0x5A6C, 0xFFFF, 0xFFFF, 0xFFFF, 0xFFFF, 0x292A, 0xFFFF, 0xFFFF, 0xFFFE, 
  0xFFFD, 0xFFFF, 0xFFFF, 0x520D, 0x0004, 0x1008, 0x1007, 0x0004, 0x49EC, 0xFFFF, 0xEEFA, 0x0001, 
  0x9412, 0xFFFF, 0xCDF8, 0x0006, 0x0827, 0xCE37, 0xFFFF, 0xFFFF, 0xFFFF, 0x730E, 0x0000, 0x7B90, 
  0xFFFF, 0xB556, 0x0001, 0x5A4E, 0xFFFF, 0xCE16, 0x0003, 0xF75A, 0xFFFF, 0xFFFF, 0xFFFF, 0xBD95, 
  0x0004, 0x1008, 0x1007, 0x1007, 0x1008, 0x0004, 0x6AEF, 0xFFFF, 0xFFFF, 0xFFFF, 0xFFFF, 0x2909, 
  0x0006, 0x0003, 0x9452, 0xFFFF, 0xFFFF, 0xFFFF, 0xE6D9, 0x0846, 0x0004, 0xEF1A, 0xFFFF, 0xFFFF, 
  0xFFFE, 0xFFFD, 0xFFFF, 0xFFFF, 0x2908, 0x0004, 0x0004, 0xDE97, 0xFFFF, 0x41AB, 0x0004, 0x0807, 
  0x1008, 0x1009, 0x1009, 0x1009, 0x1009, 0x1009, 0x1009, 0x100A, 0x100A, 0x100A, 0x100A, 0x100A, 
  0x100A, 0x100A, 0x100A, 0x100A, 0x1009, 0x100A, 0x100A, 0x100A, 0x1009, 0x1009, 0x0809, 0x1009, 
  0x382A, 0x1809, 0x3829, 0x382A, 0x0809, 0x0808, 0x100A, 0x6133, 0x6996, 0x6975, 0x406F, 0x0809, 
  0x100A, 0x1009, 0x1009, 0x1009, 0x1009, 0x180B, 0x200D, 0x200D, 0x180B, 0x100B, 0x100C, 0x180C, 
  0x180B, 0x180B, 0x100A, 0x0808, 0x0808, 0x0808, 0x1008, 0x1008, 0x0808, 0x0808, 0x0008, 0x0008, 
  0x0809, 0x0008, 0x0808, 0x1008, 0x0007, 0x0005, 0x38B0, 0x7158, 0x6115, 0x5936, 0x206B, 0x0005, 
  0x0008, 0x0008, 0x0008, 0x0808, 0x0007, 0x0008, 0x0008, 0x0808, 0x0007, 0x0007, 0x0007, 0x0007, 
  0x0007, 0x0007, 0x0007, 0x0008, 0x0007, 0x0007, 0x0007, 0x0007, 0x0007, 0x0007, 0x0007, 0x0007, 
  0x0007, 0x0008, 0x0008, 0x0008, 0x0008, 0x0008, 0x0008, 0x1049, 0x0849, 0x0008, 0x0008, 0x0007, 
  0x0007, 0x0007, 0x0007, 0x0007, 0x0007, 0x0807, 0x0007, 0x0007, 0x0007, 0x0007, 0x0007, 0x0007, 
  0x0007, 0x0007, 0x0007, 0x0007, 0x0007, 0x0007, 0x0007, 0x0007, 0x0007, 0x0007, 0x0007, 0x0007, 
  0x0007, 0x0007, 0x0007, 0x0007, 0x0007, 0x0008, 0x0008, 0x0008, 0x0008, 0x0007, 0x0005, 0x306D, 
  0x6936, 0x58F4, 0x6955, 0x40F1, 0x0007, 0x0007, 0x0808, 0x0808, 0x0008, 0x0808, 0x0008, 0x0008, 
  0x0007, 0x0007, 0x0808, 0x0008, 0x0008, 0x0809, 0x1009, 0x100A, 0x180A, 0x180B, 0x180A, 0x180B, 
  0x100A, 0x0006, 0x0006, 0x0006, 0x0807, 0x0807, 0x0808, 0x0809, 0x1009, 0x1008, 0x0808, 0x0008, 
  0x59B5, 0x7176, 0x9978, 0x68D2, 0x0808, 0x100A, 0x0808, 0x0008, 0x0008, 0x0809, 0x080A, 0x0009, 
  0x0808, 0x0809, 0x0009, 0x0009, 0x0009, 0x0809, 0x0809, 0x0009, 0x0009, 0x0009, 0x0009, 0x0009, 
  0x0009, 0x0008, 0x0008, 0x0808, 0x0007, 0x0005, 0x0003, 0x2948, 0xFFFD, 0xEF39, 0x9492, 0x9C92, 
  0xAD15, 0x41EB, 0x2949, 0xFFFD, 0xEEF8, 0x9CD3, 0xA4F4, 0xAD56, 0x20E8, 0x420B, 0xFFFF, 0x9493, 
  0x0004, 0x0008, 0x0005, 0x39CB, 0xFFFE, 0xEF18, 0x94B2, 0x9CD3, 0xA534, 0x3169, 0x41CC, 0xF7BE, 
  0xD6B7, 0x9CD2, 0xAD14, 0x9493, 0x18A8, 0x8C32, 0xB554, 0xFFBA, 0xFFBA, 0xB575, 0xAD35, 0x30EB, 
  0x0006, 0x1008, 0x1008, 0x0005, 0x41CA, 0xFFFF, 0xD637, 0x0002, 0x7B6F, 0xFFFF, 0xA4B3, 0x0006, 
  0xE6FA, 0xFF99, 0xAD34, 0xA4F4, 0xEF3A, 0xF79C, 0x1046, 0x4A4C, 0xFFFF, 0x9C93, 0x0002, 0x4A0C, 
  0xFFFE, 0xB555, 0x0003, 0xDEB8, 0xFFFB, 0xB534, 0xCDF6, 0xFFFD, 0xAD35, 0x0005, 0x1008, 0x1008, 
  0x1808, 0x0004, 0x628D, 0xFFFE, 0xE6F9, 0xAD13, 0xEF19, 0xEF9D, 0x314A, 0x49CB, 0xFFFF, 0xD677, 
  0x9C71, 0xAD14, 0xFFFD, 0xC5B6, 0x0003, 0xD657, 0xFFFD, 0xBD75, 0xF719, 0xFFBA, 0xB554, 0xEF19, 
  0xDEDB, 0x310A, 0x0002, 0xC5D5, 0xFFFF, 0x418A, 0x0004, 0x1007, 0x1008, 0x1009, 0x1009, 0x1009, 
  0x100A, 0x100A, 0x100A, 0x1009, 0x100A, 0x100A, 0x100A, 0x100A, 0x100A, 0x100A, 0x100A, 0x100A, 
  0x100A, 0x100A, 0x1009, 0x100A, 0x100A, 0x100A, 0x1009, 0x1009, 0x302A, 0x1008, 0x784B, 0x684B, 
  0x0009, 0x100A, 0x0007, 0x404E, 0x7976, 0x51B4, 0x6154, 0x100A, 0x100A, 0x100A, 0x100A, 0x100A, 
  0x100A, 0x0809, 0x180B, 0x180D, 0x180B, 0x180B, 0x180B, 0x180B, 0x180B, 0x100B, 0x0809, 0x0808, 
  0x0808, 0x0008, 0x2808, 0x3808, 0x0008, 0x0008, 0x2007, 0x1008, 0x0008, 0x0008, 0x1008, 0x1809, 
  0x0808, 0x0007, 0x0828, 0x50F3, 0x6116, 0x6136, 0x6956, 0x104A, 0x0006, 0x0808, 0x0008, 0x0008, 
  0x0007, 0x0008, 0x0007, 0x0008, 0x0007, 0x0007, 0x0007, 0x0007, 0x0007, 0x0007, 0x0007, 0x0008, 
  0x0007, 0x0007, 0x0007, 0x0007, 0x0007, 0x0007, 0x0008, 0x0008, 0x0007, 0x0008, 0x0008, 0x0008, 
  0x0008, 0x0008, 0x0008, 0x1049, 0x0848, 0x0007, 0x0007, 0x0007, 0x0007, 0x0007, 0x0007, 0x0007, 
  0x0007, 0x0007, 0x0007, 0x0007, 0x0007, 0x0007, 0x0007, 0x0007, 0x0007, 0x0007, 0x0007, 0x0007, 
  0x0007, 0x0007, 0x0007, 0x0007, 0x0007, 0x0007, 0x0007, 0x0007, 0x0007, 0x0007, 0x0007, 0x0007, 
  0x0008, 0x0008, 0x0007, 0x0008, 0x0008, 0x0005, 0x204B, 0x6114, 0x5914, 0x6115, 0x50F2, 0x0008, 
  0x0007, 0x0808, 0x0808, 0x0808, 0x0008, 0x0807, 0x0008, 0x0008, 0x0007, 0x0807, 0x0808, 0x0808, 
  0x0808, 0x0808, 0x0808, 0x0808, 0x0808, 0x180A, 0x180B, 0x180A, 0x0808, 0x0006, 0x0806, 0x0006, 
  0x1006, 0x2807, 0x0008, 0x0008, 0x1829, 0xA06C, 0x4009, 0x084B, 0x2A15, 0x39B5, 0x68B4, 0x200B, 
  0x180A, 0x180B, 0x180B, 0x1009, 0x0008, 0x0008, 0x0009, 0x0009, 0x0809, 0x0009, 0x0008, 0x0008, 
  0x0008, 0x0809, 0x0808, 0x0008, 0x0008, 0x0008, 0x0008, 0x0008, 0x0009, 0x0008, 0x0009, 0x0008, 
  0x0007, 0x0006, 0x0002, 0x2968, 0xFFFF, 0xC5D5, 0x0000, 0x0000, 0x0001, 0x0003, 0x4A4C, 0xFFFF, 
  0xA4F3, 0x0000, 0x0000, 0x0000, 0x0003, 0x62EE, 0xFFFF, 0x9493, 0x0005, 0x0008, 0x0005, 0x41CB, 
  0xFFFF, 0xBD74, 0x0000, 0x0000, 0x0000, 0x0003, 0x734F, 0xFFFF, 0x83D0, 0x0000, 0x0004, 0x0004, 
  0x0807, 0x0003, 0x0004, 0xFFBB, 0xFFBA, 0x0004, 0x0004, 0x1007, 0x1808, 0x1008, 0x1008, 0x0005, 
  0x49CB, 0xFFFF, 0xD5F6, 0x0000, 0x62AD, 0xFFFF, 0xACD3, 0x0006, 0xFFFE, 0xF759, 0x0004, 0x0001, 
  0xAD14, 0xFFFF, 0x20A8, 0x420B, 0xFFFF, 0x9C93, 0x0002, 0x49EC, 0xFFFF, 0xB535, 0x0003, 0xEF19, 
  0xFFFC, 0x0002, 0x1047, 0xFFFF, 0xE6B8, 0x0005, 0x1008, 0x1808, 0x1808, 0x0004, 0x62AD, 0xFFFF, 
  0x9432, 0x0000, 0xBD75, 0xFFFF, 0x41A9, 0x5A6D, 0xFFFF, 0x730E, 0x0000, 0x0004, 0xFFFE, 0xE6D9, 
  0x0002, 0xDE78, 0xFFFD, 0x0004, 0xCDB6, 0xFFBB, 0x0001, 0xA4B2, 0xFFFF, 0x49CC, 0x0001, 0xC5B6, 
  0xFFFF, 0x398B, 0x0005, 0x1007, 0x1008, 0x1009, 0x1009, 0x1009, 0x100A, 0x100A, 0x100A, 0x100A, 
  0x100A, 0x100A, 0x100A, 0x100A, 0x100A, 0x100A, 0x180A, 0x100A, 0x1009, 0x100A, 0x180A, 0x100A, 
  0x100A, 0x100A, 0x100A, 0x1009, 0x0809, 0x1009, 0x2829, 0x2009, 0x1009, 0x1009, 0x0809, 0x0809, 
  0x7135, 0x7996, 0x7156, 0x386F, 0x0008, 0x180A, 0x100A, 0x100A, 0x100A, 0x080A, 0x100A, 0x180B, 
  0x180C, 0x180B, 0x180B, 0x200C, 0x180B, 0x0808, 0x0808, 0x0808, 0x0808, 0x0008, 0x1008, 0x1008, 
  0x0008, 0x0008, 0x1807, 0x1008, 0x0008, 0x0808, 0x0008, 0x0008, 0x0008, 0x0008, 0x0006, 0x100A, 
  0x6135, 0x5915, 0x6957, 0x40D1, 0x0006, 0x0007, 0x0008, 0x0008, 0x0008, 0x0008, 0x0008, 0x0008, 
  0x0008, 0x0008, 0x0007, 0x0007, 0x0007, 0x0007, 0x0007, 0x0007, 0x0008, 0x0007, 0x0007, 0x0007, 
  0x0007, 0x0007, 0x0007, 0x0007, 0x0007, 0x0008, 0x0008, 0x0008, 0x0008, 0x0008, 0x0008, 0x1049, 
  0x0848, 0x0007, 0x0007, 0x0007, 0x0007, 0x0007, 0x0007, 0x0007, 0x0007, 0x0006, 0x0007, 0x0007, 
  0x0007, 0x0007, 0x0007, 0x0007, 0x0007, 0x0007, 0x0007, 0x0007, 0x0007, 0x0007, 0x0007, 0x0007, 
  0x0007, 0x0007, 0x0007, 0x0007, 0x0007, 0x0007, 0x0007, 0x0007, 0x0007, 0x0007, 0x0007, 0x0007, 
  0x0006, 0x0808, 0x58F4, 0x6116, 0x58F4, 0x6114, 0x0829, 0x0005, 0x0807, 0x0008, 0x0808, 0x0007, 
  0x0008, 0x0007, 0x0007, 0x0007, 0x0008, 0x0007, 0x0007, 0x0808, 0x0808, 0x0808, 0x0808, 0x0008, 
  0x0007, 0x0809, 0x0007, 0x0007, 0x0006, 0x0006, 0x0006, 0x0006, 0x1007, 0x2007, 0x1808, 0x2008, 
  0x1007, 0x684A, 0x506E, 0x5975, 0x5996, 0x7137, 0x386E, 0x0006, 0x1809, 0x180A, 0x180B, 0x200B, 
  0x100B, 0x0008, 0x0007, 0x0008, 0x0008, 0x0009, 0x0008, 0x0008, 0x0008, 0x0008, 0x0008, 0x0008, 
  0x0008, 0x0007, 0x0008, 0x0008, 0x0008, 0x0008, 0x0008, 0x0008, 0x0007, 0x0005, 0x0002, 0x31A9, 
  0xFFFF, 0xF779, 0xACF3, 0xB597, 0x3149, 0x0000, 0x524D, 0xFFFE, 0xE6F8, 0x9471, 0xA4D4, 0x62CF, 
  0x0002, 0x5ACE, 0xFFFF, 0x9CB4, 0x0004, 0x0808, 0x0005, 0x39AB, 0xFFFD, 0xEEF9, 0x9451, 0xA4D4, 
  0x734F, 0x0001, 0x6AEE, 0xFFFF, 0x9432, 0x0003, 0x0808, 0x0808, 0x1007, 0x0007, 0x1008, 0xFFDB, 
  0xFF9B, 0x1007, 0x0007, 0x1008, 0x1808, 0x1008, 0x1008, 0x0006, 0x398B, 0xFFFF, 0xE698, 0x3987, 
  0xA4D3, 0xFFFF, 0x9C52, 0x0005, 0xFFFD, 0xF759, 0x0807, 0x0004, 0xB575, 0xFFFF, 0x20C8, 0x420B, 
  0xFFFF, 0x9C93, 0x0001, 0x4A0D, 0xFFFF, 0xB554, 0x0003, 0xE6F8, 0xFFFD, 0x316A, 0x6AEE, 0xFFFF, 
  0xD698, 0x0005, 0x1008, 0x1808, 0x1809, 0x0004, 0x62AE, 0xFFFF, 0xBD95, 0x3187, 0xDE77, 0xFFFF, 
  0x41A9, 0x4A0B, 0xFFFF, 0x8390, 0x0001, 0x1867, 0xFFFE, 0xD658, 0x0002, 0xD698, 0xFFFD, 0x1006, 
  0xC5D6, 0xFFBB, 0x0002, 0xACF2, 0xFFFF, 0x418B, 0x0001, 0xC5D6, 0xFFFF, 0x418A, 0x0004, 0x0807, 
  0x0808, 0x0808, 0x1009, 0x1009, 0x1009, 0x1009, 0x1009, 0x100A, 0x1009, 0x100A, 0x100A, 0x100A, 
  0x100A, 0x100A, 0x100A, 0x1009, 0x1009, 0x100A, 0x100A, 0x1009, 0x1009, 0x1009, 0x100A, 0x1009, 
  0x1009, 0x1009, 0x0809, 0x0809, 0x100A, 0x1009, 0x1009, 0x0008, 0x388F, 0x6934, 0x9137, 0x8136, 
  0x102A, 0x0008, 0x1009, 0x1009, 0x080A, 0x100A, 0x0809, 0x100A, 0x180B, 0x180C, 0x180C, 0x100A, 
  0x0809, 0x0008, 0x0008, 0x0808, 0x0808, 0x0808, 0x0008, 0x0008, 0x0808, 0x0008, 0x0007, 0x0008, 
  0x0008, 0x0007, 0x0007, 0x0008, 0x0008, 0x0008, 0x0007, 0x0007, 0x40F1, 0x5914, 0x58F5, 0x6936, 
  0x182B, 0x0005, 0x0008, 0x0008, 0x0007, 0x0008, 0x0007, 0x0007, 0x0007, 0x0007, 0x0007, 0x0007, 
  0x0007, 0x0007, 0x0007, 0x0007, 0x0007, 0x0007, 0x0007, 0x0007, 0x0007, 0x0007, 0x0007, 0x0007, 
  0x0007, 0x0007, 0x0007, 0x0007, 0x0007, 0x0007, 0x0008, 0x0849, 0x0847, 0x0006, 0x0006, 0x0006, 
  0x0006, 0x0006, 0x0006, 0x0006, 0x0006, 0x0006, 0x0006, 0x0006, 0x0006, 0x0006, 0x0006, 0x0006, 
  0x0006, 0x0006, 0x0006, 0x0006, 0x0006, 0x0006, 0x0006, 0x0006, 0x0006, 0x0006, 0x0006, 0x0006, 
  0x0006, 0x0006, 0x0006, 0x0006, 0x0006, 0x0006, 0x0007, 0x0005, 0x0007, 0x5913, 0x6936, 0x58F5, 
  0x6935, 0x308F, 0x0004, 0x0006, 0x0006, 0x0007, 0x0007, 0x0006, 0x0006, 0x0006, 0x0006, 0x0006, 
  0x0007, 0x0007, 0x0007, 0x0006, 0x0007, 0x0007, 0x0007, 0x0007, 0x0006, 0x0006, 0x0006, 0x0006, 
  0x0006, 0x0005, 0x0005, 0x0005, 0x0005, 0x0004, 0x5008, 0xA80B, 0x0804, 0x0001, 0x40AF, 0x81D9, 
  0x7136, 0x6874, 0x0006, 0x0006, 0x0807, 0x1009, 0x1809, 0x1009, 0x1009, 0x1009, 0x0007, 0x0006, 
  0x0007, 0x0007, 0x0007, 0x0007, 0x0007, 0x0007, 0x0007, 0x0007, 0x0007, 0x0007, 0x0007, 0x0007, 
  0x0007, 0x0007, 0x0007, 0x0007, 0x0006, 0x0005, 0x0004, 0x18C7, 0xB575, 0xFFFF, 0xFFFF, 0xFFFF, 
  0xC5F6, 0x2106, 0x398B, 0xFFFC, 0xFFFC, 0xFFFF, 0xFFFF, 0xDE99, 0x0000, 0x5ACE, 0xFFFF, 0x9CB4, 
  0x0003, 0x0807, 0x0004, 0x41AB, 0xFFFB, 0xFFFC, 0xFFFF, 0xFFFF, 0xEF1B, 0x0000, 0x62EE, 0xFFFF, 
  0x9432, 0x0004, 0x0808, 0x1008, 0x0808, 0x0007, 0x1028, 0xFFBB, 0xFFBA, 0x1028, 0x0007, 0x1009, 
  0x1008, 0x1008, 0x1008, 0x0808, 0x0005, 0x6AEE, 0xFFFF, 0xFFFC, 0xFFFF, 0xE6B8, 0x0843, 0x1888, 
  0xFFFD, 0xF77A, 0x1828, 0x0004, 0xB575, 0xFFFF, 0x28C8, 0x420B, 0xFFFF, 0x9CB3, 0x0001, 0x520C, 
  0xFFFF, 0xB556, 0x0004, 0xDE98, 0xFFFC, 0xFFFB, 0xFFFC, 0xFFFD, 0xC5B7, 0x0006, 0x1008, 0x1008, 
  0x1808, 0x0005, 0x62AE, 0xFFFE, 0xFFFA, 0xFFFC, 0xFFFB, 0xFFFE, 0x3148, 0x522B, 0xFFFF, 0x8390, 
  0x0001, 0x1887, 0xFFFE, 0xD657, 0x0002, 0xD678, 0xFFFD, 0x1806, 0xCDD6, 0xFFBB, 0x0002, 0xACF3, 
  0xFFFF, 0x41AB, 0x0001, 0xE6B8, 0xFFFF, 0x41CB, 0x0004, 0x0807, 0x0808, 0x0807, 0x0807, 0x0808, 
  0x1008, 0x1009, 0x0808, 0x1009, 0x0809, 0x0809, 0x0809, 0x1009, 0x0809, 0x1009, 0x1009, 0x0809, 
  0x0808, 0x0808, 0x0809, 0x1009, 0x1009, 0x0809, 0x1009, 0x0809, 0x0808, 0x1009, 0x0808, 0x0808, 
  0x1008, 0x0808, 0x0808, 0x0808, 0x0007, 0x40AE, 0x8197, 0x81D8, 0x58D1, 0x0007, 0x0809, 0x0809, 
  0x0809, 0x0808, 0x0808, 0x0808, 0x0808, 0x1009, 0x1009, 0x0007, 0x0007, 0x0007, 0x0007, 0x0007, 
  0x0007, 0x0007, 0x0007, 0x0007, 0x0007, 0x0007, 0x0007, 0x0007, 0x0007, 0x0007, 0x0007, 0x0007, 
  0x0007, 0x0007, 0x0006, 0x0006, 0x0007, 0x48F2, 0x5915, 0x6115, 0x50F2, 0x206B, 0x0006, 0x0006, 
  0x0006, 0x0006, 0x0007, 0x0006, 0x0006, 0x0006, 0x0006, 0x0006, 0x0006, 0x0006, 0x0006, 0x0006, 
  0x0006, 0x0006, 0x0006, 0x0006, 0x0006, 0x0006, 0x0006, 0x0006, 0x0006, 0x0006, 0x0007, 0x0007, 
  0x0007, 0x0007, 0x0007, 0x0847, 0x30AE, 0x40D1, 0x388F, 0x388F, 0x388F, 0x388F, 0x388F, 0x308F, 
  0x388F, 0x388F, 0x308F, 0x308F, 0x308F, 0x308F, 0x308F, 0x308F, 0x388F, 0x308F, 0x308F, 0x308F, 
  0x308F, 0x308F, 0x308F, 0x308F, 0x308F, 0x308F, 0x308F, 0x308F, 0x308F, 0x308F, 0x306F, 0x304E, 
  0x40D0, 0x5111, 0x48F1, 0x40F0, 0x50F3, 0x7156, 0x5914, 0x60F4, 0x6115, 0x48B1, 0x38B0, 0x40D1, 
  0x40D1, 0x40D0, 0x40D0, 0x40B0, 0x40D0, 0x40B0, 0x40B0, 0x40B0, 0x40B0, 0x40B0, 0x40B0, 0x40B0, 
  0x40D0, 0x40D1, 0x40D1, 0x40B1, 0x3890, 0x388F, 0x308F, 0x308F, 0x3090, 0x38B0, 0x38B0, 0x38AF, 
  0x30CF, 0x30AF, 0x60B1, 0x70D2, 0x40CF, 0x40AF, 0x5132, 0x41F4, 0x6915, 0x7094, 0x48CF, 0x58D0, 
  0x50D0, 0x58F0, 0x5111, 0x40F1, 0x50D1, 0x50D2, 0x40F2, 0x38B0, 0x206E, 0x204D, 0x206D, 0x286D, 
  0x286E, 0x308F, 0x3090, 0x308F, 0x308F, 0x306F, 0x306F, 0x308F, 0x308F, 0x3090, 0x286F, 0x204D, 
  0x182B, 0x1009, 0x1008, 0x0004, 0x0002, 0x6B4F, 0x734D, 0xC5D5, 0xFFFF, 0x8BF2, 0x18A7, 0xFFFE, 
  0xD676, 0x5AAC, 0x6AEF, 0x41AB, 0x0003, 0x6ACE, 0xFFFF, 0xA473, 0x0002, 0x0806, 0x0003, 0x49CB, 
  0xFFFE, 0xDE77, 0x5AAC, 0x6B0F, 0x41AB, 0x0001, 0x72EE, 0xFFFF, 0x9431, 0x0002, 0x0806, 0x1007, 
  0x1807, 0x1007, 0x2028, 0xFFBB, 0xFF9B, 0x2028, 0x1007, 0x2008, 0x2008, 0x1807, 0x1807, 0x2008, 
  0x1006, 0x0806, 0xC5B5, 0xFFFE, 0xDE78, 0x41A9, 0x0002, 0x38C9, 0xFFFD, 0xF75A, 0x2008, 0x0004, 
  0xBD55, 0xFFFF, 0x30E8, 0x51EB, 0xFFFF, 0x9C73, 0x0000, 0x51CC, 0xFFFF, 0xBD35, 0x0004, 0xDE77, 
  0xFFFB, 0xFFFB, 0xFFFE, 0xC554, 0x1005, 0x1808, 0x2007, 0x2008, 0x2008, 0x0005, 0x72CE, 0xFFFD, 
  0xFFFB, 0xFFFC, 0xFFFC, 0x59CC, 0x0001, 0x834F, 0xFFFF, 0x8B70, 0x0002, 0x2047, 0xFFFE, 0xD658, 
  0x0003, 0xDE78, 0xFFFD, 0x1806, 0xE699, 0xFFFF, 0x0003, 0xACF3, 0xFFFF, 0x51AB, 0x0002, 0x7AEF, 
  0x9454, 0x28A9, 0x0806, 0x1808, 0x202B, 0x284C, 0x306D, 0x388F, 0x3890, 0x48B1, 0x48B1, 0x40B1, 
  0x48D1, 0x48D1, 0x48B1, 0x48B1, 0x48B1, 0x50B2, 0x50B1, 0x50B1, 0x4891, 0x48B1, 0x40B1, 0x48B1, 
  0x48B1, 0x48D1, 0x48D1, 0x48B1, 0x48D1, 0x48D1, 0x48D1, 0x48B1, 0x50D1, 0x50D1, 0x48F1, 0x50D2, 
  0x48D1, 0x70D3, 0x6135, 0x3994, 0x7155, 0x50B1, 0x50B1, 0x50D1, 0x48D1, 0x48D2, 0x48F1, 0x48F1, 
  0x40D1, 0x40B0, 0x40B0, 0x38B0, 0x40B0, 0x40B1, 0x40B1, 0x40B1, 0x40B1, 0x38B0, 0x38B0, 0x38B0, 
  0x38B0, 0x38B0, 0x38B0, 0x38B0, 0x38B0, 0x38B0, 0x38B0, 0x38B0, 0x3890, 0x38B0, 0x38B0, 0x38B0, 
  0x388F, 0x50F3, 0x5114, 0x50F3, 0x6935, 0x6155, 0x38CF, 0x48D1, 0x48D1, 0x308F, 0x308F, 0x308F, 
  0x308F, 0x308F, 0x308F, 0x308F, 0x308F, 0x308F, 0x308F, 0x308F, 0x308F, 0x308F, 0x308F, 0x308F, 
  0x308F, 0x308F, 0x308F, 0x388F, 0x38B0, 0x38B0, 0x38B0, 0x38B0, 0x3890, 0x3890, 0x38B0, 0x38D0, 
  0x4912, 0x7138, 0x58F5, 0x58F5, 0x58F5, 0x58F5, 0x58F5, 0x58F5, 0x60F5, 0x58D5, 0x50D4, 0x50D4, 
  0x50F5, 0x50D4, 0x50D4, 0x58D5, 0x58D5, 0x58D5, 0x50D5, 0x50D4, 0x50F4, 0x50D4, 0x50D4, 0x50D4, 
  0x50D4, 0x50D4, 0x50D4, 0x48D4, 0x50D4, 0x50D4, 0x50B4, 0x4894, 0x58D4, 0x7157, 0x7958, 0x7157, 
  0x7136, 0x6115, 0x60F4, 0x6114, 0x60D4, 0x6116, 0x6937, 0x6937, 0x6937, 0x6957, 0x6936, 0x6936, 
  0x6936, 0x6136, 0x6936, 0x6136, 0x6116, 0x6116, 0x6116, 0x6916, 0x6916, 0x6916, 0x6916, 0x6916, 
  0x68F6, 0x58F5, 0x50D5, 0x58D6, 0x58D5, 0x60D6, 0x60F7, 0x68D6, 0x6117, 0x68F7, 0x5136, 0x3196, 
  0x5198, 0x78F6, 0x7955, 0x59B4, 0x7114, 0x60F5, 0x6198, 0x8916, 0x8136, 0xA195, 0x61D6, 0x4996, 
  0x8137, 0x7937, 0x6937, 0x6917, 0x58D5, 0x48B3, 0x4092, 0x40B3, 0x48D4, 0x48D4, 0x50B4, 0x50B5, 
  0x48B4, 0x48B4, 0x48B5, 0x48B4, 0x48B4, 0x48B5, 0x48B4, 0x3871, 0x302F, 0x200B, 0x1008, 0x0005, 
  0x0004, 0x0001, 0x0000, 0x8C10, 0xFFFF, 0x8C11, 0x20A7, 0xFFFF, 0xACF3, 0x0000, 0x0001, 0x0003, 
  0x0003, 0x72CE, 0xFFFF, 0xACB4, 0x0003, 0x2006, 0x0003, 0x51AB, 0xFFFF, 0xBD75, 0x0000, 0x0001, 
  0x0004, 0x0003, 0x8B30, 0xFFFF, 0xA492, 0x0003, 0x2006, 0x2807, 0x2807, 0x1806, 0x2828, 0xFFBC, 
  0xFF9B, 0x2827, 0x1806, 0x2808, 0x2807, 0x2808, 0x2807, 0x2807, 0x3008, 0x0003, 0x620C, 0xFFFF, 
  0x9BF0, 0x0001, 0x1806, 0x40C9, 0xFFFF, 0xFFBA, 0x3006, 0x0002, 0xC554, 0xFFFF, 0x40C9, 0x622C, 
  0xFFFF, 0xA472, 0x0000, 0x59CB, 0xFFFF, 0xD5B6, 0x1005, 0xE698, 0xFFFC, 0xF719, 0xFFDC, 0xCDB5, 
  0x2005, 0x2807, 0x2807, 0x2807, 0x2808, 0x0804, 0x72CE, 0xFFFE, 0xFFBA, 0xFF59, 0xFFFB, 0x6A2D, 
  0x0001, 0x9B70, 0xFFFF, 0x93B0, 0x0001, 0x3046, 0xFFFF, 0xEEDA, 0x0803, 0xE678, 0xFFFD, 0x2867, 
  0x8350, 0xB4F4, 0x0804, 0xB514, 0xFFFF, 0x59AB, 0x0804, 0x0804, 0x0802, 0x0806, 0x1808, 0x2009, 
  0x282C, 0x386F, 0x4092, 0x48D4, 0x50F5, 0x6937, 0x6116, 0x6116, 0x7136, 0x7117, 0x7117, 0x7116, 
  0x7117, 0x7117, 0x7117, 0x78F7, 0x70F6, 0x6916, 0x6116, 0x6116, 0x6916, 0x6916, 0x6916, 0x6916, 
  0x6916, 0x7116, 0x6937, 0x6937, 0x7136, 0x7136, 0x7157, 0x7157, 0x7937, 0x80F6, 0x68F5, 0x4154, 
  0x5135, 0x7115, 0x8137, 0x7956, 0x7136, 0x6957, 0x5176, 0x5935, 0x5916, 0x60F6, 0x6115, 0x60F6, 
  0x60F6, 0x60F6, 0x6916, 0x68F6, 0x60F6, 0x58F6, 0x5916, 0x5916, 0x58F6, 0x6116, 0x6116, 0x60F6, 
  0x60F6, 0x6116, 0x6116, 0x58F5, 0x60F5, 0x5915, 0x58F5, 0x60F6, 0x60F5, 0x58D4, 0x50F4, 0x5113, 
  0x58F3, 0x6115, 0x6936, 0x7978, 0x7978, 0x58D5, 0x50D5, 0x50B4, 0x50D4, 0x50D4, 0x50D5, 0x50D5, 
  0x50D4, 0x50D4, 0x50D5, 0x50D5, 0x50D4, 0x50D5, 0x50F5, 0x50F5, 0x50D5, 0x50F5, 0x58F5, 0x58F5, 
  0x58D5, 0x58F5, 0x58F5, 0x58F5, 0x58F5, 0x58D5, 0x58F6, 0x6114, 0x48F2, 0x6917, 0x58F5, 0x58F5, 
  0x58F4, 0x58F5, 0x58D4, 0x58F5, 0x58F5, 0x58D4, 0x50D4, 0x50D4, 0x50D4, 0x50D4, 0x50D4, 0x50D4, 
  0x50D4, 0x50D4, 0x50D4, 0x50D4, 0x50D4, 0x50D3, 0x48D3, 0x48D3, 0x48D3, 0x48D3, 0x48D3, 0x48D3, 
  0x48D3, 0x48B3, 0x48B3, 0x48B3, 0x48B3, 0x50D3, 0x5913, 0x6154, 0x5934, 0x6114, 0x6915, 0x6916, 
  0x6916, 0x6116, 0x6915, 0x6936, 0x6136, 0x6135, 0x6916, 0x6936, 0x6136, 0x6135, 0x6115, 0x6115, 
  0x6115, 0x6115, 0x6115, 0x6115, 0x6115, 0x6115, 0x6115, 0x6915, 0x60F5, 0x58F5, 0x50F5, 0x50D5, 
  0x58D5, 0x58D5, 0x60D5, 0x60D5, 0x68D5, 0x60F5, 0x6116, 0x5135, 0x4914, 0x60F4, 0x5934, 0x6955, 
  0x7135, 0x5934, 0x4956, 0x6916, 0x7135, 0x8195, 0x6195, 0x5176, 0x7116, 0x7116, 0x7116, 0x7916, 
  0x7937, 0x6916, 0x58F5, 0x48D4, 0x48D4, 0x48D4, 0x48B4, 0x48B4, 0x48B4, 0x48B4, 0x48B4, 0x48B4, 
  0x48B3, 0x48B4, 0x4093, 0x3871, 0x302D, 0x200B, 0x0006, 0x2928, 0xEF3A, 0xE71A, 0xE6B8, 0xFFBB, 
  0xFFDD, 0x62AD, 0x3108, 0xFFFE, 0xFFBA, 0xDEB8, 0xE6F9, 0xEF1B, 0x3108, 0x4A0B, 0xFFFF, 0xFFBB, 
  0xE6B8, 0xEF1A, 0xA451, 0x414A, 0xFFFD, 0xFFDB, 0xE6B8, 0xEED9, 0xEF3C, 0x622C, 0x3929, 0xEF3B, 
  0xFFBC, 0xE698, 0xEF19, 0xE678, 0x3048, 0x1005, 0x2848, 0xFFFC, 0xFFFC, 0x2827, 0x1806, 0x2808, 
  0x2007, 0x2807, 0x2008, 0x2008, 0x2808, 0x0004, 0x72EE, 0xFFFF, 0xA492, 0x0004, 0x1007, 0x3088, 
  0xDE79, 0xFFFC, 0xDE58, 0xD616, 0xFFDB, 0xF77C, 0x3088, 0x496B, 0xF79D, 0xF77B, 0xD616, 0xEEF8, 
  0xFFFE, 0xAC53, 0x1005, 0xF75A, 0xFFFD, 0x2887, 0x72CD, 0xFFFF, 0xDDF7, 0x1006, 0x2007, 0x2808, 
  0x3008, 0x0804, 0x72CF, 0xFFFF, 0xBD55, 0x1885, 0xE6B8, 0xFFFF, 0x518B, 0x518A, 0xFFDD, 0xFF7B, 
  0xDE57, 0xE698, 0xFFFD, 0xB4F5, 0x0004, 0xE6D8, 0xFFFE, 0x3909, 0x0003, 0x0004, 0x0004, 0xC5B5, 
  0xFFFF, 0x59CC, 0x0001, 0xBD74, 0xF79E, 0x416A, 0x0005, 0x2009, 0x282C, 0x304F, 0x4071, 0x48B3, 
  0x50D4, 0x60F6, 0x60F6, 0x6115, 0x6916, 0x6916, 0x6916, 0x6916, 0x6916, 0x7116, 0x70F6, 0x70F6, 
  0x68F5, 0x6115, 0x6115, 0x60F5, 0x68F5, 0x6115, 0x6116, 0x6916, 0x6916, 0x6916, 0x6916, 0x6916, 
  0x6915, 0x6915, 0x6916, 0x6916, 0x7115, 0x7116, 0x7136, 0x6115, 0x5114, 0x6114, 0x384E, 0x48B1, 
  0x7957, 0x6116, 0x48F4, 0x58F5, 0x58F5, 0x60F5, 0x58F5, 0x60F5, 0x60F5, 0x60F5, 0x60F6, 0x60F6, 
  0x60F5, 0x58F5, 0x58F5, 0x5915, 0x58F5, 0x58F5, 0x58F5, 0x58F5, 0x58F5, 0x58F5, 0x58F5, 0x58F5, 
  0x58F5, 0x58D5, 0x58F4, 0x58D5, 0x58F5, 0x6115, 0x6115, 0x58F4, 0x58D4, 0x58F4, 0x6115, 0x48D2, 
  0x3891, 0x58D5, 0x50D4, 0x50B4, 0x50D4, 0x50D4, 0x48D4, 0x50D3, 0x50D3, 0x50D4, 0x50D4, 0x50D4, 
  0x50D3, 0x50D3, 0x50F4, 0x50F4, 0x50F4, 0x50F4, 0x50F4, 0x50D4, 0x50D4, 0x58F4, 0x58D4, 0x50D4, 
  0x50D4, 0x58D4, 0x58D5, 0x5914, 0x208C, 0x286D, 0x204C, 0x204C, 0x204C, 0x204C, 0x204C, 0x204C, 
  0x204C, 0x204C, 0x204C, 0x204C, 0x204C, 0x204C, 0x184C, 0x204C, 0x204C, 0x204C, 0x184C, 0x184B, 
  0x184B, 0x184B, 0x184B, 0x184B, 0x184B, 0x184B, 0x184B, 0x184B, 0x184B, 0x184B, 0x184B, 0x184C, 
  0x184B, 0x0807, 0x38AE, 0x6195, 0x5153, 0x6956, 0x50D2, 0x204B, 0x206D, 0x206C, 0x286C, 0x286D, 
  0x206D, 0x206D, 0x286C, 0x206C, 0x206C, 0x206C, 0x204C, 0x204C, 0x204C, 0x204C, 0x204C, 0x204C, 
  0x286C, 0x284C, 0x286C, 0x286C, 0x284C, 0x204C, 0x204C, 0x204C, 0x204C, 0x204C, 0x206C, 0x204C, 
  0x286C, 0x284D, 0x284D, 0x202C, 0x386F, 0x60D5, 0x5936, 0x48D2, 0x204B, 0x284C, 0x284D, 0x286D, 
  0x286D, 0x286D, 0x306D, 0x306D, 0x284D, 0x306D, 0x306D, 0x304E, 0x306D, 0x306E, 0x306E, 0x284D, 
  0x284D, 0x204C, 0x184C, 0x184C, 0x204C, 0x204C, 0x202C, 0x202C, 0x202C, 0x202C, 0x182C, 0x182A, 
  0x1029, 0x1008, 0x0003, 0x3149, 0xFFFF, 0xFFFF, 0xFFFF, 0xFFFF, 0x9450, 0x0000, 0x522C, 0xFFFF, 
  0xFFFD, 0xFFFE, 0xFFFF, 0xFFFF, 0x41CB, 0x41AA, 0xFFFF, 0xFFFD, 0xFFFE, 0xFFFF, 0xDE77, 0x414A, 
  0xFFFE, 0xFFFE, 0xFFFF, 0xFFFE, 0xFFFF, 0x9C11, 0x0000, 0x834F, 0xFFFF, 0xFFFF, 0xFFFF, 0xFFFD, 
  0x3088, 0x0805, 0x3048, 0xFFFD, 0xFFDC, 0x2008, 0x1807, 0x2008, 0x2007, 0x2008, 0x2008, 0x2008, 
  0x2808, 0x0004, 0x7B0F, 0xFFFF, 0xACB3, 0x0003, 0x2007, 0x1807, 0x1806, 0xEEF9, 0xFFFF, 0xFFFE, 
  0xFFFF, 0x7B0F, 0x0005, 0x0005, 0x7B2E, 0xFFFF, 0xFFFF, 0xFFFF, 0xE678, 0x1005, 0x1806, 0xFFDC, 
  0xFFFF, 0x0004, 0x496B, 0xFFFF, 0xDE78, 0x1005, 0x2008, 0x2807, 0x2808, 0x0005, 0x7B0F, 0xFFFF, 
  0xACD4, 0x0001, 0xDE58, 0xFFFF, 0x730F, 0x0001, 0x9C12, 0xFFFF, 0xFFFE, 0xFFFF, 0xCDD6, 0x0805, 
  0x0806, 0xF75B, 0xFFFF, 0x38E9, 0x0005, 0x1807, 0x0004, 0xC5B6, 0xFFFF, 0x59ED, 0x0001, 0xDE77, 
  0xFFFF, 0x49CC, 0x0004, 0x1007, 0x1009, 0x180A, 0x202B, 0x204C, 0x284D, 0x304E, 0x304E, 0x304E, 
  0x304E, 0x304E, 0x304E, 0x304E, 0x384E, 0x384E, 0x384E, 0x384E, 0x304E, 0x304E, 0x306E, 0x304E, 
  0x304E, 0x304E, 0x304E, 0x304E, 0x304E, 0x304E, 0x384E, 0x384E, 0x304E, 0x304E, 0x304E, 0x304E, 
  0x386E, 0x304D, 0x306E, 0x6114, 0x60F5, 0x6115, 0x306E, 0x100A, 0x306D, 0x282D, 0x282D, 0x304D, 
  0x284D, 0x284D, 0x284D, 0x284D, 0x284D, 0x284D, 0x284D, 0x284D, 0x286D, 0x284C, 0x206C, 0x204C, 
  0x284C, 0x204C, 0x206C, 0x284C, 0x204C, 0x206C, 0x284C, 0x204C, 0x284C, 0x204C, 0x284C, 0x204C, 
  0x206C, 0x204C, 0x184B, 0x48D2, 0x6115, 0x50D3, 0x6115, 0x48D2, 0x100B, 0x104B, 0x202C, 0x204C, 
  0x204C, 0x204C, 0x204C, 0x204C, 0x204C, 0x204C, 0x204C, 0x204C, 0x184B, 0x184B, 0x184B, 0x204C, 
  0x204C, 0x204C, 0x204C, 0x204B, 0x204B, 0x204C, 0x204C, 0x204C, 0x204C, 0x204C, 0x204D, 0x288C, 
  0x0848, 0x0007, 0x0007, 0x0007, 0x0007, 0x0006, 0x0006, 0x0007, 0x0007, 0x0007, 0x0007, 0x0007, 
  0x0007, 0x0007, 0x0007, 0x0007, 0x0007, 0x0007, 0x0007, 0x0007, 0x0007, 0x0007, 0x0007, 0x0006, 
  0x0007, 0x0007, 0x0007, 0x0007, 0x0007, 0x0007, 0x0007, 0x0007, 0x0005, 0x184B, 0x6976, 0x6156, 
  0x6156, 0x5914, 0x0809, 0x0005, 0x0007, 0x0007, 0x0007, 0x0007, 0x0007, 0x0007, 0x0006, 0x0006, 
  0x0006, 0x0006, 0x0007, 0x0007, 0x0007, 0x0007, 0x0007, 0x0007, 0x0007, 0x0007, 0x0007, 0x0007, 
  0x0007, 0x0007, 0x0006, 0x0006, 0x0006, 0x0007, 0x0007, 0x0007, 0x0007, 0x0007, 0x0007, 0x080A, 
  0x50F4, 0x6117, 0x6918, 0x48D2, 0x0006, 0x0008, 0x0808, 0x0808, 0x0808, 0x0009, 0x0808, 0x0808, 
  0x0808, 0x0808, 0x0808, 0x0808, 0x0809, 0x0809, 0x0809, 0x1009, 0x1009, 0x0809, 0x0808, 0x0808, 
  0x0008, 0x0007, 0x0007, 0x0008, 0x0008, 0x0008, 0x0008, 0x0007, 0x0007, 0x0007, 0x0006, 0x1047, 
  0x39AB, 0x418B, 0x396B, 0x39AB, 0x1868, 0x0806, 0x1869, 0x49CC, 0x49AC, 0x418C, 0x418B, 0x49AC, 
  0x1848, 0x1848, 0x51CD, 0x41AC, 0x418C, 0x498C, 0x310B, 0x1829, 0x416C, 0x49AC, 0x49AD, 0x49AC, 
  0x49AC, 0x288A, 0x1007, 0x308A, 0x59CD, 0x518D, 0x498D, 0x496C, 0x2809, 0x1808, 0x2009, 0x496C, 
  0x494C, 0x2009, 0x1807, 0x2008, 0x2008, 0x2008, 0x2008, 0x2008, 0x2008, 0x1808, 0x308A, 0x59ED, 
  0x38EB, 0x1807, 0x2008, 0x1808, 0x1007, 0x492B, 0x518D, 0x516C, 0x516D, 0x2829, 0x1807, 0x1808, 
  0x2029, 0x59AD, 0x51AD, 0x51CD, 0x38EB, 0x1007, 0x2808, 0x51AD, 0x59EE, 0x2009, 0x3049, 0x59CD, 
  0x410B, 0x2008, 0x2808, 0x2809, 0x2809, 0x2009, 0x388B, 0x6230, 0x410C, 0x1809, 0x492C, 0x59EE, 
  0x308A, 0x1807, 0x306A, 0x51CE, 0x518D, 0x51AD, 0x30AB, 0x1007, 0x1808, 0x518D, 0x59EE, 0x1808, 
  0x1007, 0x1008, 0x1007, 0x312A, 0x4A0D, 0x204A, 0x1007, 0x310A, 0x498D, 0x1849, 0x0807, 0x0807, 
  0x0807, 0x0007, 0x0807, 0x0808, 0x0809, 0x1009, 0x1009, 0x1009, 0x1009, 0x0809, 0x1009, 0x1009, 
  0x1009, 0x1009, 0x1009, 0x1009, 0x1009, 0x1009, 0x1009, 0x1009, 0x1009, 0x0809, 0x1009, 0x0809, 
  0x1009, 0x1009, 0x1009, 0x0809, 0x0809, 0x1009, 0x0809, 0x0809, 0x0809, 0x0809, 0x0008, 0x40B1, 
  0x7138, 0x6917, 0x6957, 0x100A, 0x0006, 0x0808, 0x0808, 0x0808, 0x0808, 0x0808, 0x0808, 0x0808, 
  0x0808, 0x0808, 0x0808, 0x0008, 0x0007, 0x0007, 0x0007, 0x0007, 0x0007, 0x0007, 0x0007, 0x0007, 
  0x0007, 0x0007, 0x0007, 0x0007, 0x0007, 0x0007, 0x0007, 0x0007, 0x0007, 0x0007, 0x0006, 0x102B, 
  0x6115, 0x6116, 0x58F5, 0x6938, 0x40D1, 0x0006, 0x0006, 0x0006, 0x0006, 0x0007, 0x0007, 0x0007, 
  0x0007, 0x0007, 0x0007, 0x0006, 0x0007, 0x0007, 0x0007, 0x0007, 0x0006, 0x0006, 0x0006, 0x0006, 
  0x0007, 0x0007, 0x0007, 0x0007, 0x0007, 0x0007, 0x0008, 0x0848, 0x0007, 0x0007, 0x0007, 0x0007, 
  0x0007, 0x0007, 0x0007, 0x0007, 0x0007, 0x0007, 0x0007, 0x0007, 0x0007, 0x0007, 0x0007, 0x0007, 
  0x0007, 0x0007, 0x0007, 0x0007, 0x0007, 0x0007, 0x0007, 0x0007, 0x0007, 0x0007, 0x0007, 0x0007, 
  0x0007, 0x0007, 0x0007, 0x0007, 0x288C, 0x6996, 0x6956, 0x6114, 0x6955, 0x184B, 0x0005, 0x0807, 
  0x0008, 0x0007, 0x0007, 0x0007, 0x0007, 0x0007, 0x0007, 0x0807, 0x0807, 0x0007, 0x0007, 0x0007, 
  0x0007, 0x0007, 0x0007, 0x0007, 0x0007, 0x0007, 0x0007, 0x0007, 0x0007, 0x0007, 0x0007, 0x0807, 
  0x0007, 0x0007, 0x0807, 0x0007, 0x0007, 0x0008, 0x0808, 0x40D0, 0x6115, 0x58F4, 0x6136, 0x48D1, 
  0x0807, 0x1009, 0x1008, 0x1008, 0x1009, 0x1008, 0x1008, 0x1009, 0x0808, 0x1008, 0x1008, 0x1009, 
  0x1009, 0x1009, 0x1009, 0x1009, 0x1009, 0x1009, 0x1009, 0x1009, 0x0808, 0x0808, 0x0008, 0x0008, 
  0x0808, 0x0808, 0x0808, 0x0808, 0x0807, 0x0006, 0x0807, 0x0006, 0x0004, 0x0006, 0x0006, 0x0006, 
  0x0808, 0x204A, 0x1829, 0x0007, 0x0808, 0x0808, 0x0808, 0x0007, 0x202A, 0x2029, 0x0807, 0x0808, 
  0x0808, 0x0808, 0x1008, 0x202A, 0x0807, 0x0807, 0x0808, 0x0808, 0x0808, 0x1809, 0x304C, 0x2009, 
  0x0807, 0x0808, 0x0808, 0x1009, 0x284B, 0x306B, 0x304B, 0x0808, 0x0807, 0x286A, 0x284A, 0x284B, 
  0x284A, 0x284A, 0x284B, 0x284B, 0x284B, 0x304B, 0x2009, 0x0806, 0x1809, 0x286B, 0x286A, 0x286A, 
  0x306A, 0x1009, 0x1008, 0x1008, 0x1008, 0x200A, 0x304B, 0x304A, 0x2009, 0x0807, 0x1008, 0x1008, 
  0x1808, 0x386B, 0x388B, 0x1007, 0x0807, 0x306A, 0x282A, 0x1007, 0x1809, 0x386B, 0x306B, 0x306B, 
  0x306B, 0x386B, 0x280A, 0x1008, 0x200B, 0x386C, 0x1809, 0x1009, 0x282B, 0x386C, 0x280A, 0x1809, 
  0x1809, 0x1809, 0x200A, 0x388B, 0x306A, 0x1008, 0x0808, 0x206A, 0x306B, 0x308B, 0x284A, 0x0807, 
  0x0005, 0x1809, 0x202A, 0x0808, 0x0007, 0x1809, 0x1008, 0x0006, 0x0807, 0x0807, 0x0808, 0x0809, 
  0x1009, 0x100A, 0x100A, 0x1809, 0x1809, 0x1809, 0x1809, 0x1809, 0x1809, 0x1809, 0x1809, 0x1009, 
  0x1809, 0x1809, 0x1809, 0x1809, 0x1009, 0x1809, 0x1809, 0x1009, 0x1009, 0x1009, 0x1009, 0x1009, 
  0x1809, 0x1009, 0x1009, 0x100A, 0x1009, 0x1009, 0x0007, 0x308E, 0x6956, 0x6114, 0x6955, 0x40CF, 
  0x0007, 0x1008, 0x1009, 0x1009, 0x1008, 0x1008, 0x1008, 0x1008, 0x1008, 0x0808, 0x0808, 0x0808, 
  0x0807, 0x0807, 0x0807, 0x0808, 0x0808, 0x0808, 0x0807, 0x0807, 0x0807, 0x0807, 0x0808, 0x0808, 
  0x0807, 0x0008, 0x0807, 0x0808, 0x0807, 0x0008, 0x0807, 0x0005, 0x206C, 0x5913, 0x5913, 0x58F4, 
  0x6155, 0x288D, 0x0005, 0x0007, 0x0007, 0x0007, 0x0007, 0x0008, 0x0008, 0x0007, 0x0007, 0x0007, 
  0x0007, 0x0007, 0x0007, 0x0007, 0x0007, 0x0007, 0x0007, 0x0007, 0x0007, 0x0008, 0x0007, 0x0008, 
  0x0008, 0x0808, 0x0007, 0x0008, 0x18C3, 0x0862, 0x0862, 0x1062, 0x0862, 0x0862, 0x0862, 0x0862, 
  0x0862, 0x0862, 0x0862, 0x0862, 0x0862, 0x0862, 0x0862, 0x0862, 0x0862, 0x0862, 0x0862, 0x0862, 
  0x0862, 0x0862, 0x0862, 0x0862, 0x0862, 0x0862, 0x0862, 0x0862, 0x0862, 0x0862, 0x0862, 0x0862, 
  0x20A4, 0x20A4, 0x1883, 0x1884, 0x1884, 0x0862, 0x0861, 0x0862, 0x0862, 0x0863, 0x0862, 0x0862, 
  0x0862, 0x0862, 0x0862, 0x0862, 0x0862, 0x0862, 0x0862, 0x0862, 0x0862, 0x0862, 0x0862, 0x0862, 
  0x0862, 0x0862, 0x0862, 0x0862, 0x0862, 0x0862, 0x0862, 0x0862, 0x0862, 0x0862, 0x0862, 0x0862, 
  0x0862, 0x0862, 0x0862, 0x18A4, 0x1884, 0x1083, 0x1884, 0x1883, 0x0862, 0x0862, 0x0862, 0x1062, 
  0x0863, 0x0862, 0x1062, 0x0862, 0x0862, 0x0862, 0x0862, 0x0862, 0x1062, 0x0862, 0x0863, 0x0863, 
  0x1062, 0x1062, 0x0862, 0x0862, 0x1062, 0x0862, 0x0862, 0x0862, 0x0862, 0x0862, 0x0862, 0x0862, 
  0x0862, 0x0862, 0x0862, 0x1062, 0x1062, 0x1083, 0x1063, 0x1083, 0x1083, 0x1083, 0x1883, 0x1883, 
  0x18A3, 0x18A3, 0x18A3, 0x1883, 0x1883, 0x18A3, 0x1883, 0x18A3, 0x1883, 0x10A4, 0x18A3, 0x10A3, 
  0x18A3, 0x1883, 0x1884, 0x1883, 0x1883, 0x10A3, 0x1883, 0x10A3, 0x1883, 0x1083, 0x10A3, 0x10A3, 
  0x1883, 0x10A3, 0x18A4, 0x10A3, 0x1083, 0x1083, 0x1883, 0x1083, 0x1084, 0x10A3, 0x1083, 0x1884, 
  0x1883, 0x10A3, 0x1083, 0x1083, 0x1083, 0x10A3, 0x10A3, 0x18A3, 0x18A3, 0x18A3, 0x1883, 0x18A3, 
  0x18A4, 0x18A3, 0x1883, 0x1083, 0x1083, 0x1883, 0x1083, 0x1883, 0x1883, 0x18A3, 0x18A3, 0x18A3, 
  0x1883, 0x10A3, 0x18A3, 0x18A3, 0x18A3, 0x18A3, 0x10A3, 0x10A3, 0x18A4, 0x18A3, 0x10A3, 0x18A4, 
  0x18A3, 0x10A3, 0x18A3, 0x10A3, 0x18A3, 0x18A4, 0x18A3, 0x18A3, 0x18A4, 0x1883, 0x18A3, 0x18A3, 
  0x1884, 0x18A3, 0x18A3, 0x18A4, 0x18A4, 0x18A4, 0x10A3, 0x1083, 0x1063, 0x1083, 0x1083, 0x1083, 
  0x1083, 0x1083, 0x1083, 0x0862, 0x0862, 0x0862, 0x0862, 0x0862, 0x0862, 0x1063, 0x0862, 0x0862, 
  0x0862, 0x1062, 0x1062, 0x0862, 0x1062, 0x0862, 0x0862, 0x1042, 0x0862, 0x0862, 0x1062, 0x1062, 
  0x1062, 0x1062, 0x0862, 0x0862, 0x0862, 0x0862, 0x1062, 0x1063, 0x0862, 0x0862, 0x0863, 0x1042, 
  0x1063, 0x1062, 0x1062, 0x1083, 0x18A4, 0x1883, 0x1884, 0x18A4, 0x0862, 0x1062, 0x0862, 0x0862, 
  0x0862, 0x0863, 0x1063, 0x1062, 0x0862, 0x0862, 0x0862, 0x0862, 0x0862, 0x0862, 0x0862, 0x0862, 
  0x0862, 0x0862, 0x0862, 0x0862, 0x0862, 0x0862, 0x0862, 0x0862, 0x0862, 0x1062, 0x0862, 0x0862, 
  0x0863, 0x1062, 0x1062, 0x0862, 0x0861, 0x1083, 0x1884, 0x1883, 0x1883, 0x1083, 0x0862, 0x0842, 
  0x0862, 0x0862, 0x0862, 0x0862, 0x0862, 0x0862, 0x0862, 0x0862, 0x0862, 0x0862, 0x0862, 0x0862, 
  0x0862, 0x0862, 0x0862, 0x0862, 0x0862, 0x0862, 0x0862, 0x0862, 0x0862, 0x0862, 0x0862, 0x18A3
};
